  0
SECTION
  2
HEADER
  9
$ANGBASE
  50
0.0
  9
$ANGDIR
  70
1
  9
$MEASUREMENT
  70
0
  0
ENDSEC
  0
SECTION
  2
TABLES
  0
TABLE
  2
LTYPE
  70
4
  0
LTYPE
  5
40F
  2
CONTINUOUS
  70
0
  3
Solid line
  72
65
  73
0
  40
0.0
  0
LTYPE
  5
410
  2
DASHDOT
 70
0
  3
Dash Dot ____ _ ____ _
 72
65
 73
4
 40
2.0
 49
1.25
 49
-0.25
 49
0.25
 49
-0.25
  0
LTYPE
  5
411
  2
DASHED
 70
0
  3
Dashed __ __ __ __ __
 72
65
 73
2
 40
0.75
 49
0.5
 49
-0.25
  0
LTYPE
  5
43B
  2
DOTTED
 70
0
  3
Dotted .  .  .  .
 72
65
 73
2
 40
0.2
 49
0.0
 49
-0.2
  0
ENDTAB
  0
TABLE
  2
STYLE
  70
4
  0
STYLE
  2
KICAD
  70
0
  40
0
  41
1
  42
1
  50
0
  71
0
  3
isocp.shx
  0
STYLE
  2
KICADB
  70
0
  40
0
  41
1
  42
1
  50
0
  71
0
  3
isocp.shx
  0
STYLE
  2
KICADI
  70
0
  40
0
  41
1
  42
1
  50
15
  71
0
  3
isocp.shx
  0
STYLE
  2
KICADBI
  70
0
  40
0
  41
1
  42
1
  50
15
  71
0
  3
isocp.shx
  0
ENDTAB
  0
TABLE
  2
LAYER
  70
1
  0
LAYER
  2
BLACK
  70
0
  62
7
  6
CONTINUOUS
  0
ENDTAB
  0
ENDSEC
  0
SECTION
  2
ENTITIES
0
LINE
8
BLACK
6
CONTINUOUS
10
0.6336637401574803
20
1.1385399606299211
11
0.6376245669291338
21
1.1362531889763778
0
LINE
8
BLACK
6
CONTINUOUS
10
0.6376245669291338
20
1.1362531889763778
11
0.6408585433070866
21
1.1330192125984251
0
LINE
8
BLACK
6
CONTINUOUS
10
0.6408585433070866
20
1.1330192125984251
11
0.6431453149606299
21
1.1290583858267715
0
LINE
8
BLACK
6
CONTINUOUS
10
0.6431453149606299
20
1.1290583858267715
11
0.6433594094488189
21
1.128259409448819
0
LINE
8
BLACK
6
CONTINUOUS
10
0.6433594094488189
20
1.128259409448819
11
0.6571461023622047
21
1.128259409448819
0
LINE
8
BLACK
6
CONTINUOUS
10
0.6571461023622047
20
1.128259409448819
11
0.6582982283464567
21
1.1281459448818898
0
LINE
8
BLACK
6
CONTINUOUS
10
0.6582982283464567
20
1.1281459448818898
11
0.6588435826771654
21
1.1279200393700788
0
LINE
8
BLACK
6
CONTINUOUS
10
0.6588435826771654
20
1.1279200393700788
11
0.6604270078740158
21
1.1272641732283464
0
LINE
8
BLACK
6
CONTINUOUS
10
0.6604270078740158
20
1.1272641732283464
11
0.6613219291338582
21
1.1265297244094488
0
LINE
8
BLACK
6
CONTINUOUS
10
0.6613219291338582
20
1.1265297244094488
11
0.6873516535433071
21
1.1005
0
LINE
8
BLACK
6
CONTINUOUS
10
0.6873516535433071
20
1.1005
11
0.734
21
1.1005
0
LINE
8
BLACK
6
CONTINUOUS
10
0.734
20
1.1005
11
0.734
21
1.0654999999999999
0
LINE
8
BLACK
6
CONTINUOUS
10
0.734
20
1.0654999999999999
11
0.7173425196850394
21
1.0654999999999999
0
LINE
8
BLACK
6
CONTINUOUS
10
0.7173425196850394
20
1.0654999999999999
11
0.7173425196850394
21
1.0449999999999999
0
LINE
8
BLACK
6
CONTINUOUS
10
0.7173425196850394
20
1.0449999999999999
11
0.735
21
1.0449999999999999
0
LINE
8
BLACK
6
CONTINUOUS
10
0.735
20
1.0449999999999999
11
0.735
21
1.01
0
LINE
8
BLACK
6
CONTINUOUS
10
0.735
20
1.01
11
0.6799999999999999
21
1.01
0
LINE
8
BLACK
6
CONTINUOUS
10
0.6799999999999999
20
1.01
11
0.6799999999999999
21
1.0449999999999999
0
LINE
8
BLACK
6
CONTINUOUS
10
0.6799999999999999
20
1.0449999999999999
11
0.6976574803149607
21
1.0449999999999999
0
LINE
8
BLACK
6
CONTINUOUS
10
0.6976574803149607
20
1.0449999999999999
11
0.6976574803149607
21
1.0654999999999999
0
LINE
8
BLACK
6
CONTINUOUS
10
0.6976574803149607
20
1.0654999999999999
11
0.6789999999999999
21
1.0654999999999999
0
LINE
8
BLACK
6
CONTINUOUS
10
0.6789999999999999
20
1.0654999999999999
11
0.6789999999999999
21
1.0921483464566928
0
LINE
8
BLACK
6
CONTINUOUS
10
0.6789999999999999
20
1.0921483464566928
11
0.6546999606299212
21
1.1164483858267715
0
LINE
8
BLACK
6
CONTINUOUS
10
0.6546999606299212
20
1.1164483858267715
11
0.6433594094488189
21
1.1164483858267715
0
LINE
8
BLACK
6
CONTINUOUS
10
0.6433594094488189
20
1.1164483858267715
11
0.6431453149606299
21
1.115649409448819
0
LINE
8
BLACK
6
CONTINUOUS
10
0.6431453149606299
20
1.115649409448819
11
0.6408585433070866
21
1.1116885826771654
0
LINE
8
BLACK
6
CONTINUOUS
10
0.6408585433070866
20
1.1116885826771654
11
0.6376245669291338
21
1.1084546062992127
0
LINE
8
BLACK
6
CONTINUOUS
10
0.6376245669291338
20
1.1084546062992127
11
0.6336637401574803
21
1.1061678346456694
0
LINE
8
BLACK
6
CONTINUOUS
10
0.6336637401574803
20
1.1061678346456694
11
0.6292460236220472
21
1.104984094488189
0
LINE
8
BLACK
6
CONTINUOUS
10
0.6292460236220472
20
1.104984094488189
11
0.6246724803149606
21
1.104984094488189
0
LINE
8
BLACK
6
CONTINUOUS
10
0.6246724803149606
20
1.104984094488189
11
0.6202547637795276
21
1.1061678346456694
0
LINE
8
BLACK
6
CONTINUOUS
10
0.6202547637795276
20
1.1061678346456694
11
0.6195383858267717
21
1.1065813779527558
0
LINE
8
BLACK
6
CONTINUOUS
10
0.6195383858267717
20
1.1065813779527558
11
0.6136179527559055
21
1.1006609448818898
0
LINE
8
BLACK
6
CONTINUOUS
10
0.6136179527559055
20
1.1006609448818898
11
0.6136154330708661
21
1.100657874015748
0
LINE
8
BLACK
6
CONTINUOUS
10
0.6136154330708661
20
1.100657874015748
11
0.5855909448818898
21
1.0726333858267716
0
LINE
8
BLACK
6
CONTINUOUS
10
0.5855909448818898
20
1.0726333858267716
11
0.5855909448818898
21
0.8927607086614173
0
LINE
8
BLACK
6
CONTINUOUS
10
0.5855909448818898
20
0.8927607086614173
11
0.638351653543307
21
0.84
0
LINE
8
BLACK
6
CONTINUOUS
10
0.638351653543307
20
0.84
11
0.6899999999999999
21
0.84
0
LINE
8
BLACK
6
CONTINUOUS
10
0.6899999999999999
20
0.84
11
0.6899999999999999
21
0.78
0
LINE
8
BLACK
6
CONTINUOUS
10
0.6899999999999999
20
0.78
11
0.6659055118110236
21
0.78
0
LINE
8
BLACK
6
CONTINUOUS
10
0.6659055118110236
20
0.78
11
0.6659055118110236
21
0.74
0
LINE
8
BLACK
6
CONTINUOUS
10
0.6659055118110236
20
0.74
11
0.6899999999999999
21
0.74
0
LINE
8
BLACK
6
CONTINUOUS
10
0.6899999999999999
20
0.74
11
0.6899999999999999
21
0.6799999999999999
0
LINE
8
BLACK
6
CONTINUOUS
10
0.6899999999999999
20
0.6799999999999999
11
0.6659055118110236
21
0.6799999999999999
0
LINE
8
BLACK
6
CONTINUOUS
10
0.6659055118110236
20
0.6799999999999999
11
0.6659055118110236
21
0.6470841732283464
0
LINE
8
BLACK
6
CONTINUOUS
10
0.6659055118110236
20
0.6470841732283464
11
0.7041758267716536
21
0.6088138582677165
0
LINE
8
BLACK
6
CONTINUOUS
10
0.7041758267716536
20
0.6088138582677165
11
0.7049102755905512
21
0.607918937007874
0
LINE
8
BLACK
6
CONTINUOUS
10
0.7049102755905512
20
0.607918937007874
11
0.7052269291338582
21
0.6071544094488189
0
LINE
8
BLACK
6
CONTINUOUS
10
0.7052269291338582
20
0.6071544094488189
11
0.7057920472440945
21
0.605790157480315
0
LINE
8
BLACK
6
CONTINUOUS
10
0.7057920472440945
20
0.605790157480315
11
0.7059055118110236
21
0.604638031496063
0
LINE
8
BLACK
6
CONTINUOUS
10
0.7059055118110236
20
0.604638031496063
11
0.7059055118110236
21
0.3547915354330708
0
LINE
8
BLACK
6
CONTINUOUS
10
0.7059055118110236
20
0.3547915354330708
11
0.7074285433070866
21
0.3544886220472441
0
LINE
8
BLACK
6
CONTINUOUS
10
0.7074285433070866
20
0.3544886220472441
11
0.7120633070866141
21
0.3525688582677165
0
LINE
8
BLACK
6
CONTINUOUS
10
0.7120633070866141
20
0.3525688582677165
11
0.7162344881889764
21
0.3497817716535433
0
LINE
8
BLACK
6
CONTINUOUS
10
0.7162344881889764
20
0.3497817716535433
11
0.7197817716535433
21
0.3462344881889764
0
LINE
8
BLACK
6
CONTINUOUS
10
0.7197817716535433
20
0.3462344881889764
11
0.7225688582677166
21
0.3420633070866141
0
LINE
8
BLACK
6
CONTINUOUS
10
0.7225688582677166
20
0.3420633070866141
11
0.7244886220472441
21
0.3374285433070866
0
LINE
8
BLACK
6
CONTINUOUS
10
0.7244886220472441
20
0.3374285433070866
11
0.7254673228346457
21
0.3325083070866142
0
LINE
8
BLACK
6
CONTINUOUS
10
0.7254673228346457
20
0.3325083070866142
11
0.7254673228346457
21
0.3274916929133858
0
LINE
8
BLACK
6
CONTINUOUS
10
0.7254673228346457
20
0.3274916929133858
11
0.7244886220472441
21
0.3225714566929134
0
LINE
8
BLACK
6
CONTINUOUS
10
0.7244886220472441
20
0.3225714566929134
11
0.7225688582677166
21
0.3179366929133858
0
LINE
8
BLACK
6
CONTINUOUS
10
0.7225688582677166
20
0.3179366929133858
11
0.7197817716535433
21
0.3137655118110236
0
LINE
8
BLACK
6
CONTINUOUS
10
0.7197817716535433
20
0.3137655118110236
11
0.7162344881889764
21
0.3102182283464567
0
LINE
8
BLACK
6
CONTINUOUS
10
0.7162344881889764
20
0.3102182283464567
11
0.7120633070866141
21
0.3074311417322835
0
LINE
8
BLACK
6
CONTINUOUS
10
0.7120633070866141
20
0.3074311417322835
11
0.7074285433070866
21
0.3055113779527559
0
LINE
8
BLACK
6
CONTINUOUS
10
0.7074285433070866
20
0.3055113779527559
11
0.7025083070866142
21
0.3045326771653543
0
LINE
8
BLACK
6
CONTINUOUS
10
0.7025083070866142
20
0.3045326771653543
11
0.6974916929133859
21
0.3045326771653543
0
LINE
8
BLACK
6
CONTINUOUS
10
0.6974916929133859
20
0.3045326771653543
11
0.6925714566929134
21
0.3055113779527559
0
LINE
8
BLACK
6
CONTINUOUS
10
0.6925714566929134
20
0.3055113779527559
11
0.6879366929133858
21
0.3074311417322835
0
LINE
8
BLACK
6
CONTINUOUS
10
0.6879366929133858
20
0.3074311417322835
11
0.6837655118110236
21
0.3102182283464567
0
LINE
8
BLACK
6
CONTINUOUS
10
0.6837655118110236
20
0.3102182283464567
11
0.6802182283464567
21
0.3137655118110236
0
LINE
8
BLACK
6
CONTINUOUS
10
0.6802182283464567
20
0.3137655118110236
11
0.6774311417322835
21
0.3179366929133858
0
LINE
8
BLACK
6
CONTINUOUS
10
0.6774311417322835
20
0.3179366929133858
11
0.6755113779527558
21
0.3225714566929134
0
LINE
8
BLACK
6
CONTINUOUS
10
0.6755113779527558
20
0.3225714566929134
11
0.6745326771653544
21
0.3274916929133858
0
LINE
8
BLACK
6
CONTINUOUS
10
0.6745326771653544
20
0.3274916929133858
11
0.6745326771653544
21
0.3325083070866142
0
LINE
8
BLACK
6
CONTINUOUS
10
0.6745326771653544
20
0.3325083070866142
11
0.6755113779527558
21
0.3374285433070866
0
LINE
8
BLACK
6
CONTINUOUS
10
0.6755113779527558
20
0.3374285433070866
11
0.6774311417322835
21
0.3420633070866141
0
LINE
8
BLACK
6
CONTINUOUS
10
0.6774311417322835
20
0.3420633070866141
11
0.6802182283464567
21
0.3462344881889764
0
LINE
8
BLACK
6
CONTINUOUS
10
0.6802182283464567
20
0.3462344881889764
11
0.6837655118110236
21
0.3497817716535433
0
LINE
8
BLACK
6
CONTINUOUS
10
0.6837655118110236
20
0.3497817716535433
11
0.6879366929133858
21
0.3525688582677165
0
LINE
8
BLACK
6
CONTINUOUS
10
0.6879366929133858
20
0.3525688582677165
11
0.6925714566929134
21
0.3544886220472441
0
LINE
8
BLACK
6
CONTINUOUS
10
0.6925714566929134
20
0.3544886220472441
11
0.6940944881889763
21
0.3547915354330708
0
LINE
8
BLACK
6
CONTINUOUS
10
0.6940944881889763
20
0.3547915354330708
11
0.6940944881889763
21
0.6021918897637795
0
LINE
8
BLACK
6
CONTINUOUS
10
0.6940944881889763
20
0.6021918897637795
11
0.6558241732283464
21
0.6404622047244094
0
LINE
8
BLACK
6
CONTINUOUS
10
0.6558241732283464
20
0.6404622047244094
11
0.6550897244094488
21
0.641357125984252
0
LINE
8
BLACK
6
CONTINUOUS
10
0.6550897244094488
20
0.641357125984252
11
0.6542079527559055
21
0.6434859448818897
0
LINE
8
BLACK
6
CONTINUOUS
10
0.6542079527559055
20
0.6434859448818897
11
0.6540944881889763
21
0.644638031496063
0
LINE
8
BLACK
6
CONTINUOUS
10
0.6540944881889763
20
0.644638031496063
11
0.6540944881889763
21
0.6799999999999999
0
LINE
8
BLACK
6
CONTINUOUS
10
0.6540944881889763
20
0.6799999999999999
11
0.63
21
0.6799999999999999
0
LINE
8
BLACK
6
CONTINUOUS
10
0.63
20
0.6799999999999999
11
0.63
21
0.74
0
LINE
8
BLACK
6
CONTINUOUS
10
0.63
20
0.74
11
0.6540944881889763
21
0.74
0
LINE
8
BLACK
6
CONTINUOUS
10
0.6540944881889763
20
0.74
11
0.6540944881889763
21
0.78
0
LINE
8
BLACK
6
CONTINUOUS
10
0.6540944881889763
20
0.78
11
0.63
21
0.78
0
LINE
8
BLACK
6
CONTINUOUS
10
0.63
20
0.78
11
0.63
21
0.8316483464566929
0
LINE
8
BLACK
6
CONTINUOUS
10
0.63
20
0.8316483464566929
11
0.5755096062992126
21
0.8861387401574803
0
LINE
8
BLACK
6
CONTINUOUS
10
0.5755096062992126
20
0.8861387401574803
11
0.5747751574803149
21
0.8870336614173228
0
LINE
8
BLACK
6
CONTINUOUS
10
0.5747751574803149
20
0.8870336614173228
11
0.5738933858267716
21
0.8891624803149606
0
LINE
8
BLACK
6
CONTINUOUS
10
0.5738933858267716
20
0.8891624803149606
11
0.5737799212598425
21
0.8903145669291338
0
LINE
8
BLACK
6
CONTINUOUS
10
0.5737799212598425
20
0.8903145669291338
11
0.5737799212598425
21
1.075079527559055
0
LINE
8
BLACK
6
CONTINUOUS
10
0.5737799212598425
20
1.075079527559055
11
0.5738933858267716
21
1.076231653543307
0
LINE
8
BLACK
6
CONTINUOUS
10
0.5738933858267716
20
1.076231653543307
11
0.574355748031496
21
1.0773478740157481
0
LINE
8
BLACK
6
CONTINUOUS
10
0.574355748031496
20
1.0773478740157481
11
0.5747751574803149
21
1.078360433070866
0
LINE
8
BLACK
6
CONTINUOUS
10
0.5747751574803149
20
1.078360433070866
11
0.5755096062992126
21
1.0792553543307086
0
LINE
8
BLACK
6
CONTINUOUS
10
0.5755096062992126
20
1.0792553543307086
11
0.6052612204724409
21
1.109006968503937
0
LINE
8
BLACK
6
CONTINUOUS
10
0.6052612204724409
20
1.109006968503937
11
0.6052637795275591
21
1.1090100787401576
0
LINE
8
BLACK
6
CONTINUOUS
10
0.6052637795275591
20
1.1090100787401576
11
0.6111867322834645
21
1.114933031496063
0
LINE
8
BLACK
6
CONTINUOUS
10
0.6111867322834645
20
1.114933031496063
11
0.6107731889763779
21
1.115649409448819
0
LINE
8
BLACK
6
CONTINUOUS
10
0.6107731889763779
20
1.115649409448819
11
0.6095894488188977
21
1.1200671259842518
0
LINE
8
BLACK
6
CONTINUOUS
10
0.6095894488188977
20
1.1200671259842518
11
0.6095894488188977
21
1.1246406692913387
0
LINE
8
BLACK
6
CONTINUOUS
10
0.6095894488188977
20
1.1246406692913387
11
0.6107731889763779
21
1.1290583858267715
0
LINE
8
BLACK
6
CONTINUOUS
10
0.6107731889763779
20
1.1290583858267715
11
0.6130599606299213
21
1.1330192125984251
0
LINE
8
BLACK
6
CONTINUOUS
10
0.6130599606299213
20
1.1330192125984251
11
0.616293937007874
21
1.1362531889763778
0
LINE
8
BLACK
6
CONTINUOUS
10
0.616293937007874
20
1.1362531889763778
11
0.6202547637795276
21
1.1385399606299211
0
LINE
8
BLACK
6
CONTINUOUS
10
0.6202547637795276
20
1.1385399606299211
11
0.6246724803149606
21
1.1397237007874015
0
LINE
8
BLACK
6
CONTINUOUS
10
0.6246724803149606
20
1.1397237007874015
11
0.6292460236220472
21
1.1397237007874015
0
LINE
8
BLACK
6
CONTINUOUS
10
0.6292460236220472
20
1.1397237007874015
11
0.6336637401574803
21
1.1385399606299211
0
LINE
8
BLACK
6
CONTINUOUS
10
0.9435
20
1.0609999999999999
11
0.9258425196850394
21
1.0609999999999999
0
LINE
8
BLACK
6
CONTINUOUS
10
0.9258425196850394
20
1.0609999999999999
11
0.9258425196850394
21
1.024
0
LINE
8
BLACK
6
CONTINUOUS
10
0.9258425196850394
20
1.024
11
0.9435
21
1.024
0
LINE
8
BLACK
6
CONTINUOUS
10
0.9435
20
1.024
11
0.9435
21
0.989
0
LINE
8
BLACK
6
CONTINUOUS
10
0.9435
20
0.989
11
0.8885
21
0.989
0
LINE
8
BLACK
6
CONTINUOUS
10
0.8885
20
0.989
11
0.8885
21
1.024
0
LINE
8
BLACK
6
CONTINUOUS
10
0.8885
20
1.024
11
0.9061574803149606
21
1.024
0
LINE
8
BLACK
6
CONTINUOUS
10
0.9061574803149606
20
1.024
11
0.9061574803149606
21
1.0609999999999999
0
LINE
8
BLACK
6
CONTINUOUS
10
0.9061574803149606
20
1.0609999999999999
11
0.8885
21
1.0609999999999999
0
LINE
8
BLACK
6
CONTINUOUS
10
0.8885
20
1.0609999999999999
11
0.8885
21
1.0725944881889764
0
LINE
8
BLACK
6
CONTINUOUS
10
0.8885
20
1.0725944881889764
11
0.8784461417322834
21
1.0725944881889764
0
LINE
8
BLACK
6
CONTINUOUS
10
0.8784461417322834
20
1.0725944881889764
11
0.8593725984251969
21
1.0535209448818896
0
LINE
8
BLACK
6
CONTINUOUS
10
0.8593725984251969
20
1.0535209448818896
11
0.8604321653543306
21
1.0516857480314961
0
LINE
8
BLACK
6
CONTINUOUS
10
0.8604321653543306
20
1.0516857480314961
11
0.861615905511811
21
1.047268031496063
0
LINE
8
BLACK
6
CONTINUOUS
10
0.861615905511811
20
1.047268031496063
11
0.861615905511811
21
1.0426944881889764
0
LINE
8
BLACK
6
CONTINUOUS
10
0.861615905511811
20
1.0426944881889764
11
0.8604321653543306
21
1.0382767716535433
0
LINE
8
BLACK
6
CONTINUOUS
10
0.8604321653543306
20
1.0382767716535433
11
0.8581453937007874
21
1.0343159448818897
0
LINE
8
BLACK
6
CONTINUOUS
10
0.8581453937007874
20
1.0343159448818897
11
0.8549114173228346
21
1.031081968503937
0
LINE
8
BLACK
6
CONTINUOUS
10
0.8549114173228346
20
1.031081968503937
11
0.8509505905511811
21
1.0287951968503937
0
LINE
8
BLACK
6
CONTINUOUS
10
0.8509505905511811
20
1.0287951968503937
11
0.8484055118110236
21
1.0281132283464567
0
LINE
8
BLACK
6
CONTINUOUS
10
0.8484055118110236
20
1.0281132283464567
11
0.8484055118110236
21
0.84
0
LINE
8
BLACK
6
CONTINUOUS
10
0.8484055118110236
20
0.84
11
0.89
21
0.84
0
LINE
8
BLACK
6
CONTINUOUS
10
0.89
20
0.84
11
0.89
21
0.78
0
LINE
8
BLACK
6
CONTINUOUS
10
0.89
20
0.78
11
0.8659055118110236
21
0.78
0
LINE
8
BLACK
6
CONTINUOUS
10
0.8659055118110236
20
0.78
11
0.8659055118110236
21
0.74
0
LINE
8
BLACK
6
CONTINUOUS
10
0.8659055118110236
20
0.74
11
0.89
21
0.74
0
LINE
8
BLACK
6
CONTINUOUS
10
0.89
20
0.74
11
0.89
21
0.6799999999999999
0
LINE
8
BLACK
6
CONTINUOUS
10
0.89
20
0.6799999999999999
11
0.8383516535433071
21
0.6799999999999999
0
LINE
8
BLACK
6
CONTINUOUS
10
0.8383516535433071
20
0.6799999999999999
11
0.7794871653543307
21
0.6211355118110236
0
LINE
8
BLACK
6
CONTINUOUS
10
0.7794871653543307
20
0.6211355118110236
11
0.7673227952755906
21
0.6089711417322835
0
LINE
8
BLACK
6
CONTINUOUS
10
0.7673227952755906
20
0.6089711417322835
11
0.7673227952755906
21
0.4391391732283464
0
LINE
8
BLACK
6
CONTINUOUS
10
0.7673227952755906
20
0.4391391732283464
11
0.7833097244094488
21
0.4231522440944882
0
LINE
8
BLACK
6
CONTINUOUS
10
0.7833097244094488
20
0.4231522440944882
11
0.7840441732283464
21
0.4222573228346457
0
LINE
8
BLACK
6
CONTINUOUS
10
0.7840441732283464
20
0.4222573228346457
11
0.7849259448818897
21
0.4201285039370078
0
LINE
8
BLACK
6
CONTINUOUS
10
0.7849259448818897
20
0.4201285039370078
11
0.7849259448818897
21
0.4178243307086614
0
LINE
8
BLACK
6
CONTINUOUS
10
0.7849259448818897
20
0.4178243307086614
11
0.784055157480315
21
0.4157220078740158
0
LINE
8
BLACK
6
CONTINUOUS
10
0.784055157480315
20
0.4157220078740158
11
0.784055157480315
21
0.3807045275590551
0
LINE
8
BLACK
6
CONTINUOUS
10
0.784055157480315
20
0.3807045275590551
11
0.7907620866141732
21
0.3739975984251969
0
LINE
8
BLACK
6
CONTINUOUS
10
0.7907620866141732
20
0.3739975984251969
11
0.7967236614173229
21
0.3739975984251969
0
LINE
8
BLACK
6
CONTINUOUS
10
0.7967236614173229
20
0.3739975984251969
11
0.7976837401574803
21
0.373903031496063
0
LINE
8
BLACK
6
CONTINUOUS
10
0.7976837401574803
20
0.373903031496063
11
0.7976837795275591
21
0.373903031496063
0
LINE
8
BLACK
6
CONTINUOUS
10
0.7976837795275591
20
0.373903031496063
11
0.7981263779527559
21
0.3737196850393701
0
LINE
8
BLACK
6
CONTINUOUS
10
0.7981263779527559
20
0.3737196850393701
11
0.7994577559055118
21
0.3731682283464567
0
LINE
8
BLACK
6
CONTINUOUS
10
0.7994577559055118
20
0.3731682283464567
11
0.7994579527559055
21
0.3731679921259842
0
LINE
8
BLACK
6
CONTINUOUS
10
0.7994579527559055
20
0.3731679921259842
11
0.8002035039370079
21
0.3725561811023622
0
LINE
8
BLACK
6
CONTINUOUS
10
0.8002035039370079
20
0.3725561811023622
11
0.8122479527559054
21
0.3605117716535433
0
LINE
8
BLACK
6
CONTINUOUS
10
0.8122479527559054
20
0.3605117716535433
11
0.8342520078740158
21
0.3605117716535433
0
LINE
8
BLACK
6
CONTINUOUS
10
0.8342520078740158
20
0.3605117716535433
11
0.8352120866141732
21
0.3604172047244095
0
LINE
8
BLACK
6
CONTINUOUS
10
0.8352120866141732
20
0.3604172047244095
11
0.835212125984252
21
0.3604172047244095
0
LINE
8
BLACK
6
CONTINUOUS
10
0.835212125984252
20
0.3604172047244095
11
0.8357316929133858
21
0.360201968503937
0
LINE
8
BLACK
6
CONTINUOUS
10
0.8357316929133858
20
0.360201968503937
11
0.8369861023622047
21
0.3596824015748031
0
LINE
8
BLACK
6
CONTINUOUS
10
0.8369861023622047
20
0.3596824015748031
11
0.8369862992125984
21
0.3596821653543307
0
LINE
8
BLACK
6
CONTINUOUS
10
0.8369862992125984
20
0.3596821653543307
11
0.8377318503937008
21
0.3590703543307087
0
LINE
8
BLACK
6
CONTINUOUS
10
0.8377318503937008
20
0.3590703543307087
11
0.845653622047244
21
0.3511485826771654
0
LINE
8
BLACK
6
CONTINUOUS
10
0.845653622047244
20
0.3511485826771654
11
0.8477792125984251
21
0.3525688582677165
0
LINE
8
BLACK
6
CONTINUOUS
10
0.8477792125984251
20
0.3525688582677165
11
0.8524139763779527
21
0.3544886220472441
0
LINE
8
BLACK
6
CONTINUOUS
10
0.8524139763779527
20
0.3544886220472441
11
0.8573342125984251
21
0.3554673228346457
0
LINE
8
BLACK
6
CONTINUOUS
10
0.8573342125984251
20
0.3554673228346457
11
0.8623508267716535
21
0.3554673228346457
0
LINE
8
BLACK
6
CONTINUOUS
10
0.8623508267716535
20
0.3554673228346457
11
0.867271062992126
21
0.3544886220472441
0
LINE
8
BLACK
6
CONTINUOUS
10
0.867271062992126
20
0.3544886220472441
11
0.8719058267716535
21
0.3525688582677165
0
LINE
8
BLACK
6
CONTINUOUS
10
0.8719058267716535
20
0.3525688582677165
11
0.8760770078740158
21
0.3497817716535433
0
LINE
8
BLACK
6
CONTINUOUS
10
0.8760770078740158
20
0.3497817716535433
11
0.8796242913385827
21
0.3462344881889764
0
LINE
8
BLACK
6
CONTINUOUS
10
0.8796242913385827
20
0.3462344881889764
11
0.8824113779527559
21
0.3420633070866141
0
LINE
8
BLACK
6
CONTINUOUS
10
0.8824113779527559
20
0.3420633070866141
11
0.8843311417322834
21
0.3374285433070866
0
LINE
8
BLACK
6
CONTINUOUS
10
0.8843311417322834
20
0.3374285433070866
11
0.885309842519685
21
0.3325083070866142
0
LINE
8
BLACK
6
CONTINUOUS
10
0.885309842519685
20
0.3325083070866142
11
0.885309842519685
21
0.3274916929133858
0
LINE
8
BLACK
6
CONTINUOUS
10
0.885309842519685
20
0.3274916929133858
11
0.8843311417322834
21
0.3225714566929134
0
LINE
8
BLACK
6
CONTINUOUS
10
0.8843311417322834
20
0.3225714566929134
11
0.8824113779527559
21
0.3179366929133858
0
LINE
8
BLACK
6
CONTINUOUS
10
0.8824113779527559
20
0.3179366929133858
11
0.8796242913385827
21
0.3137655118110236
0
LINE
8
BLACK
6
CONTINUOUS
10
0.8796242913385827
20
0.3137655118110236
11
0.8760770078740158
21
0.3102182283464567
0
LINE
8
BLACK
6
CONTINUOUS
10
0.8760770078740158
20
0.3102182283464567
11
0.8719058267716535
21
0.3074311417322835
0
LINE
8
BLACK
6
CONTINUOUS
10
0.8719058267716535
20
0.3074311417322835
11
0.867271062992126
21
0.3055113779527559
0
LINE
8
BLACK
6
CONTINUOUS
10
0.867271062992126
20
0.3055113779527559
11
0.8623508267716535
21
0.3045326771653543
0
LINE
8
BLACK
6
CONTINUOUS
10
0.8623508267716535
20
0.3045326771653543
11
0.8573342125984251
21
0.3045326771653543
0
LINE
8
BLACK
6
CONTINUOUS
10
0.8573342125984251
20
0.3045326771653543
11
0.8524139763779527
21
0.3055113779527559
0
LINE
8
BLACK
6
CONTINUOUS
10
0.8524139763779527
20
0.3055113779527559
11
0.8477792125984251
21
0.3074311417322835
0
LINE
8
BLACK
6
CONTINUOUS
10
0.8477792125984251
20
0.3074311417322835
11
0.843608031496063
21
0.3102182283464567
0
LINE
8
BLACK
6
CONTINUOUS
10
0.843608031496063
20
0.3102182283464567
11
0.840060748031496
21
0.3137655118110236
0
LINE
8
BLACK
6
CONTINUOUS
10
0.840060748031496
20
0.3137655118110236
11
0.8372736614173228
21
0.3179366929133858
0
LINE
8
BLACK
6
CONTINUOUS
10
0.8372736614173228
20
0.3179366929133858
11
0.8353538976377952
21
0.3225714566929134
0
LINE
8
BLACK
6
CONTINUOUS
10
0.8353538976377952
20
0.3225714566929134
11
0.8343751968503936
21
0.3274916929133858
0
LINE
8
BLACK
6
CONTINUOUS
10
0.8343751968503936
20
0.3274916929133858
11
0.8343751968503936
21
0.3325083070866142
0
LINE
8
BLACK
6
CONTINUOUS
10
0.8343751968503936
20
0.3325083070866142
11
0.8353538976377952
21
0.3374285433070866
0
LINE
8
BLACK
6
CONTINUOUS
10
0.8353538976377952
20
0.3374285433070866
11
0.8372736614173228
21
0.3420633070866141
0
LINE
8
BLACK
6
CONTINUOUS
10
0.8372736614173228
20
0.3420633070866141
11
0.8386938976377952
21
0.3441888582677165
0
LINE
8
BLACK
6
CONTINUOUS
10
0.8386938976377952
20
0.3441888582677165
11
0.8322135826771654
21
0.3506692519685039
0
LINE
8
BLACK
6
CONTINUOUS
10
0.8322135826771654
20
0.3506692519685039
11
0.8102094881889763
21
0.3506692519685039
0
LINE
8
BLACK
6
CONTINUOUS
10
0.8102094881889763
20
0.3506692519685039
11
0.8092494094488188
21
0.3507638188976378
0
LINE
8
BLACK
6
CONTINUOUS
10
0.8092494094488188
20
0.3507638188976378
11
0.8074753937007874
21
0.3514986220472441
0
LINE
8
BLACK
6
CONTINUOUS
10
0.8074753937007874
20
0.3514986220472441
11
0.8067296456692913
21
0.3521106299212599
0
LINE
8
BLACK
6
CONTINUOUS
10
0.8067296456692913
20
0.3521106299212599
11
0.7946852362204724
21
0.3641550787401575
0
LINE
8
BLACK
6
CONTINUOUS
10
0.7946852362204724
20
0.3641550787401575
11
0.7887236614173229
21
0.3641550787401575
0
LINE
8
BLACK
6
CONTINUOUS
10
0.7887236614173229
20
0.3641550787401575
11
0.7877635826771653
21
0.3642496456692914
0
LINE
8
BLACK
6
CONTINUOUS
10
0.7877635826771653
20
0.3642496456692914
11
0.7877635433070866
21
0.3642496456692914
0
LINE
8
BLACK
6
CONTINUOUS
10
0.7877635433070866
20
0.3642496456692914
11
0.787243937007874
21
0.364464842519685
0
LINE
8
BLACK
6
CONTINUOUS
10
0.787243937007874
20
0.364464842519685
11
0.7859895669291338
21
0.3649844488188976
0
LINE
8
BLACK
6
CONTINUOUS
10
0.7859895669291338
20
0.3649844488188976
11
0.7859893307086614
21
0.3649846456692913
0
LINE
8
BLACK
6
CONTINUOUS
10
0.7859893307086614
20
0.3649846456692913
11
0.7852438188976377
21
0.3655964960629921
0
LINE
8
BLACK
6
CONTINUOUS
10
0.7852438188976377
20
0.3655964960629921
11
0.7756540551181103
21
0.3751862598425197
0
LINE
8
BLACK
6
CONTINUOUS
10
0.7756540551181103
20
0.3751862598425197
11
0.7750422047244094
21
0.3759317716535433
0
LINE
8
BLACK
6
CONTINUOUS
10
0.7750422047244094
20
0.3759317716535433
11
0.7750420078740158
21
0.3759320078740158
0
LINE
8
BLACK
6
CONTINUOUS
10
0.7750420078740158
20
0.3759320078740158
11
0.7743967322834645
21
0.3774898818897638
0
LINE
8
BLACK
6
CONTINUOUS
10
0.7743967322834645
20
0.3774898818897638
11
0.7743072047244094
21
0.3777059842519685
0
LINE
8
BLACK
6
CONTINUOUS
10
0.7743072047244094
20
0.3777059842519685
11
0.7743072047244094
21
0.3777060236220472
0
LINE
8
BLACK
6
CONTINUOUS
10
0.7743072047244094
20
0.3777060236220472
11
0.7742126377952756
21
0.3786661023622047
0
LINE
8
BLACK
6
CONTINUOUS
10
0.7742126377952756
20
0.3786661023622047
11
0.7742126377952756
21
0.4155460236220472
0
LINE
8
BLACK
6
CONTINUOUS
10
0.7742126377952756
20
0.4155460236220472
11
0.7572414566929133
21
0.4325172047244095
0
LINE
8
BLACK
6
CONTINUOUS
10
0.7572414566929133
20
0.4325172047244095
11
0.7565070078740157
21
0.4334121259842519
0
LINE
8
BLACK
6
CONTINUOUS
10
0.7565070078740157
20
0.4334121259842519
11
0.755904842519685
21
0.4348658661417323
0
LINE
8
BLACK
6
CONTINUOUS
10
0.755904842519685
20
0.4348658661417323
11
0.7556252362204724
21
0.435540905511811
0
LINE
8
BLACK
6
CONTINUOUS
10
0.7556252362204724
20
0.435540905511811
11
0.7555117716535433
21
0.436693031496063
0
LINE
8
BLACK
6
CONTINUOUS
10
0.7555117716535433
20
0.436693031496063
11
0.7555117716535433
21
0.6114172834645669
0
LINE
8
BLACK
6
CONTINUOUS
10
0.7555117716535433
20
0.6114172834645669
11
0.7556252362204724
21
0.6125694094488189
0
LINE
8
BLACK
6
CONTINUOUS
10
0.7556252362204724
20
0.6125694094488189
11
0.7564281496062992
21
0.6145077952755905
0
LINE
8
BLACK
6
CONTINUOUS
10
0.7564281496062992
20
0.6145077952755905
11
0.7565070078740157
21
0.614698188976378
0
LINE
8
BLACK
6
CONTINUOUS
10
0.7565070078740157
20
0.614698188976378
11
0.7572414566929133
21
0.6155931102362204
0
LINE
8
BLACK
6
CONTINUOUS
10
0.7572414566929133
20
0.6155931102362204
11
0.7711355118110236
21
0.6294871653543307
0
LINE
8
BLACK
6
CONTINUOUS
10
0.7711355118110236
20
0.6294871653543307
11
0.83
21
0.6883516535433071
0
LINE
8
BLACK
6
CONTINUOUS
10
0.83
20
0.6883516535433071
11
0.83
21
0.74
0
LINE
8
BLACK
6
CONTINUOUS
10
0.83
20
0.74
11
0.8540944881889764
21
0.74
0
LINE
8
BLACK
6
CONTINUOUS
10
0.8540944881889764
20
0.74
11
0.8540944881889764
21
0.78
0
LINE
8
BLACK
6
CONTINUOUS
10
0.8540944881889764
20
0.78
11
0.83
21
0.78
0
LINE
8
BLACK
6
CONTINUOUS
10
0.83
20
0.78
11
0.83
21
0.84
0
LINE
8
BLACK
6
CONTINUOUS
10
0.83
20
0.84
11
0.8365944881889763
21
0.84
0
LINE
8
BLACK
6
CONTINUOUS
10
0.8365944881889763
20
0.84
11
0.8365944881889763
21
1.0293420078740156
0
LINE
8
BLACK
6
CONTINUOUS
10
0.8365944881889763
20
1.0293420078740156
11
0.8335807874015748
21
1.031081968503937
0
LINE
8
BLACK
6
CONTINUOUS
10
0.8335807874015748
20
1.031081968503937
11
0.8303468110236221
21
1.0343159448818897
0
LINE
8
BLACK
6
CONTINUOUS
10
0.8303468110236221
20
1.0343159448818897
11
0.8280600393700788
21
1.0382767716535433
0
LINE
8
BLACK
6
CONTINUOUS
10
0.8280600393700788
20
1.0382767716535433
11
0.8268762992125984
21
1.0426944881889764
0
LINE
8
BLACK
6
CONTINUOUS
10
0.8268762992125984
20
1.0426944881889764
11
0.8268762992125984
21
1.047268031496063
0
LINE
8
BLACK
6
CONTINUOUS
10
0.8268762992125984
20
1.047268031496063
11
0.8280600393700788
21
1.0516857480314961
0
LINE
8
BLACK
6
CONTINUOUS
10
0.8280600393700788
20
1.0516857480314961
11
0.8303468110236221
21
1.0556465748031496
0
LINE
8
BLACK
6
CONTINUOUS
10
0.8303468110236221
20
1.0556465748031496
11
0.8335807874015748
21
1.0588805511811024
0
LINE
8
BLACK
6
CONTINUOUS
10
0.8335807874015748
20
1.0588805511811024
11
0.8375416141732284
21
1.0611673228346457
0
LINE
8
BLACK
6
CONTINUOUS
10
0.8375416141732284
20
1.0611673228346457
11
0.8419593307086614
21
1.062351062992126
0
LINE
8
BLACK
6
CONTINUOUS
10
0.8419593307086614
20
1.062351062992126
11
0.8465328740157481
21
1.062351062992126
0
LINE
8
BLACK
6
CONTINUOUS
10
0.8465328740157481
20
1.062351062992126
11
0.850449842519685
21
1.0613014960629921
0
LINE
8
BLACK
6
CONTINUOUS
10
0.850449842519685
20
1.0613014960629921
11
0.8718241732283465
21
1.0826758267716534
0
LINE
8
BLACK
6
CONTINUOUS
10
0.8718241732283465
20
1.0826758267716534
11
0.8727190551181102
21
1.0834102755905513
0
LINE
8
BLACK
6
CONTINUOUS
10
0.8727190551181102
20
1.0834102755905513
11
0.8736008267716535
21
1.083775472440945
0
LINE
8
BLACK
6
CONTINUOUS
10
0.8736008267716535
20
1.083775472440945
11
0.874847874015748
21
1.0842920472440944
0
LINE
8
BLACK
6
CONTINUOUS
10
0.874847874015748
20
1.0842920472440944
11
0.876
21
1.0844055118110236
0
LINE
8
BLACK
6
CONTINUOUS
10
0.876
20
1.0844055118110236
11
0.8885
21
1.0844055118110236
0
LINE
8
BLACK
6
CONTINUOUS
10
0.8885
20
1.0844055118110236
11
0.8885
21
1.0960000000000001
0
LINE
8
BLACK
6
CONTINUOUS
10
0.8885
20
1.0960000000000001
11
0.9435
21
1.0960000000000001
0
LINE
8
BLACK
6
CONTINUOUS
10
0.9435
20
1.0960000000000001
11
0.9435
21
1.0609999999999999
0
LINE
8
BLACK
6
CONTINUOUS
10
0.7344999999999999
20
1.2050000000000001
11
0.7163425196850394
21
1.2050000000000001
0
LINE
8
BLACK
6
CONTINUOUS
10
0.7163425196850394
20
1.2050000000000001
11
0.7163425196850394
21
1.1755
0
LINE
8
BLACK
6
CONTINUOUS
10
0.7163425196850394
20
1.1755
11
0.734
21
1.1755
0
LINE
8
BLACK
6
CONTINUOUS
10
0.734
20
1.1755
11
0.734
21
1.1405000000000001
0
LINE
8
BLACK
6
CONTINUOUS
10
0.734
20
1.1405000000000001
11
0.6789999999999999
21
1.1405000000000001
0
LINE
8
BLACK
6
CONTINUOUS
10
0.6789999999999999
20
1.1405000000000001
11
0.6789999999999999
21
1.1520944881889763
0
LINE
8
BLACK
6
CONTINUOUS
10
0.6789999999999999
20
1.1520944881889763
11
0.6704926377952756
21
1.1520944881889763
0
LINE
8
BLACK
6
CONTINUOUS
10
0.6704926377952756
20
1.1520944881889763
11
0.6688992913385826
21
1.14933468503937
0
LINE
8
BLACK
6
CONTINUOUS
10
0.6688992913385826
20
1.14933468503937
11
0.6656653149606299
21
1.1461007086614172
0
LINE
8
BLACK
6
CONTINUOUS
10
0.6656653149606299
20
1.1461007086614172
11
0.6617044881889763
21
1.1438139370078739
0
LINE
8
BLACK
6
CONTINUOUS
10
0.6617044881889763
20
1.1438139370078739
11
0.6572867716535433
21
1.1426301968503936
0
LINE
8
BLACK
6
CONTINUOUS
10
0.6572867716535433
20
1.1426301968503936
11
0.6527132283464567
21
1.1426301968503936
0
LINE
8
BLACK
6
CONTINUOUS
10
0.6527132283464567
20
1.1426301968503936
11
0.6482955118110236
21
1.1438139370078739
0
LINE
8
BLACK
6
CONTINUOUS
10
0.6482955118110236
20
1.1438139370078739
11
0.6443346850393701
21
1.1461007086614172
0
LINE
8
BLACK
6
CONTINUOUS
10
0.6443346850393701
20
1.1461007086614172
11
0.6411007086614173
21
1.14933468503937
0
LINE
8
BLACK
6
CONTINUOUS
10
0.6411007086614173
20
1.14933468503937
11
0.638813937007874
21
1.1532955118110235
0
LINE
8
BLACK
6
CONTINUOUS
10
0.638813937007874
20
1.1532955118110235
11
0.638599842519685
21
1.1540944881889763
0
LINE
8
BLACK
6
CONTINUOUS
10
0.638599842519685
20
1.1540944881889763
11
0.6207285826771654
21
1.1540944881889763
0
LINE
8
BLACK
6
CONTINUOUS
10
0.6207285826771654
20
1.1540944881889763
11
0.5876720472440945
21
1.1210379527559056
0
LINE
8
BLACK
6
CONTINUOUS
10
0.5876720472440945
20
1.1210379527559056
11
0.5876720472440945
21
1.105
0
LINE
8
BLACK
6
CONTINUOUS
10
0.5876720472440945
20
1.105
11
0.5875585826771653
21
1.103847874015748
0
LINE
8
BLACK
6
CONTINUOUS
10
0.5875585826771653
20
1.103847874015748
11
0.5873878346456692
21
1.1034357086614173
0
LINE
8
BLACK
6
CONTINUOUS
10
0.5873878346456692
20
1.1034357086614173
11
0.586676811023622
21
1.1017190551181102
0
LINE
8
BLACK
6
CONTINUOUS
10
0.586676811023622
20
1.1017190551181102
11
0.5859423622047244
21
1.1008241732283464
0
LINE
8
BLACK
6
CONTINUOUS
10
0.5859423622047244
20
1.1008241732283464
11
0.5659055118110236
21
1.0807873228346456
0
LINE
8
BLACK
6
CONTINUOUS
10
0.5659055118110236
20
1.0807873228346456
11
0.5659055118110236
21
0.84
0
LINE
8
BLACK
6
CONTINUOUS
10
0.5659055118110236
20
0.84
11
0.59
21
0.84
0
LINE
8
BLACK
6
CONTINUOUS
10
0.59
20
0.84
11
0.59
21
0.78
0
LINE
8
BLACK
6
CONTINUOUS
10
0.59
20
0.78
11
0.5659055118110236
21
0.78
0
LINE
8
BLACK
6
CONTINUOUS
10
0.5659055118110236
20
0.78
11
0.5659055118110236
21
0.74
0
LINE
8
BLACK
6
CONTINUOUS
10
0.5659055118110236
20
0.74
11
0.59
21
0.74
0
LINE
8
BLACK
6
CONTINUOUS
10
0.59
20
0.74
11
0.59
21
0.6883516535433071
0
LINE
8
BLACK
6
CONTINUOUS
10
0.59
20
0.6883516535433071
11
0.6392964960629921
21
0.6390551574803149
0
LINE
8
BLACK
6
CONTINUOUS
10
0.6392964960629921
20
0.6390551574803149
11
0.6408661811023622
21
0.6390551574803149
0
LINE
8
BLACK
6
CONTINUOUS
10
0.6408661811023622
20
0.6390551574803149
11
0.6420183070866141
21
0.6389416929133858
0
LINE
8
BLACK
6
CONTINUOUS
10
0.6420183070866141
20
0.6389416929133858
11
0.6429000787401574
21
0.6385764173228347
0
LINE
8
BLACK
6
CONTINUOUS
10
0.6429000787401574
20
0.6385764173228347
11
0.6441470866141732
21
0.6380599212598425
0
LINE
8
BLACK
6
CONTINUOUS
10
0.6441470866141732
20
0.6380599212598425
11
0.6450420078740158
21
0.6373254724409448
0
LINE
8
BLACK
6
CONTINUOUS
10
0.6450420078740158
20
0.6373254724409448
11
0.6825223228346456
21
0.599845157480315
0
LINE
8
BLACK
6
CONTINUOUS
10
0.6825223228346456
20
0.599845157480315
11
0.6832567716535433
21
0.5989502755905511
0
LINE
8
BLACK
6
CONTINUOUS
10
0.6832567716535433
20
0.5989502755905511
11
0.6838308267716535
21
0.5975642913385827
0
LINE
8
BLACK
6
CONTINUOUS
10
0.6838308267716535
20
0.5975642913385827
11
0.6841385433070866
21
0.5968214566929134
0
LINE
8
BLACK
6
CONTINUOUS
10
0.6841385433070866
20
0.5968214566929134
11
0.6842520078740157
21
0.5956693307086613
0
LINE
8
BLACK
6
CONTINUOUS
10
0.6842520078740157
20
0.5956693307086613
11
0.6842520078740157
21
0.4185827165354331
0
LINE
8
BLACK
6
CONTINUOUS
10
0.6842520078740157
20
0.4185827165354331
11
0.6841385433070866
21
0.4174305905511811
0
LINE
8
BLACK
6
CONTINUOUS
10
0.6841385433070866
20
0.4174305905511811
11
0.6839185433070866
21
0.4168994488188976
0
LINE
8
BLACK
6
CONTINUOUS
10
0.6839185433070866
20
0.4168994488188976
11
0.6832567716535433
21
0.415301811023622
0
LINE
8
BLACK
6
CONTINUOUS
10
0.6832567716535433
20
0.415301811023622
11
0.6825223228346456
21
0.4144068897637795
0
LINE
8
BLACK
6
CONTINUOUS
10
0.6825223228346456
20
0.4144068897637795
11
0.6815486220472441
21
0.4134331889763779
0
LINE
8
BLACK
6
CONTINUOUS
10
0.6815486220472441
20
0.4134331889763779
11
0.6824113779527559
21
0.4121420472440945
0
LINE
8
BLACK
6
CONTINUOUS
10
0.6824113779527559
20
0.4121420472440945
11
0.6843311417322835
21
0.4075072834645669
0
LINE
8
BLACK
6
CONTINUOUS
10
0.6843311417322835
20
0.4075072834645669
11
0.6853098425196851
21
0.4025870472440945
0
LINE
8
BLACK
6
CONTINUOUS
10
0.6853098425196851
20
0.4025870472440945
11
0.6853098425196851
21
0.3975704330708661
0
LINE
8
BLACK
6
CONTINUOUS
10
0.6853098425196851
20
0.3975704330708661
11
0.6843311417322835
21
0.3926501968503937
0
LINE
8
BLACK
6
CONTINUOUS
10
0.6843311417322835
20
0.3926501968503937
11
0.6824113779527559
21
0.3880154330708661
0
LINE
8
BLACK
6
CONTINUOUS
10
0.6824113779527559
20
0.3880154330708661
11
0.6796242913385827
21
0.3838442519685039
0
LINE
8
BLACK
6
CONTINUOUS
10
0.6796242913385827
20
0.3838442519685039
11
0.6760770078740157
21
0.380296968503937
0
LINE
8
BLACK
6
CONTINUOUS
10
0.6760770078740157
20
0.380296968503937
11
0.6719058267716536
21
0.3775098818897638
0
LINE
8
BLACK
6
CONTINUOUS
10
0.6719058267716536
20
0.3775098818897638
11
0.667271062992126
21
0.3755901181102362
0
LINE
8
BLACK
6
CONTINUOUS
10
0.667271062992126
20
0.3755901181102362
11
0.6623508267716536
21
0.3746114173228347
0
LINE
8
BLACK
6
CONTINUOUS
10
0.6623508267716536
20
0.3746114173228347
11
0.6573342125984252
21
0.3746114173228347
0
LINE
8
BLACK
6
CONTINUOUS
10
0.6573342125984252
20
0.3746114173228347
11
0.6524139763779527
21
0.3755901181102362
0
LINE
8
BLACK
6
CONTINUOUS
10
0.6524139763779527
20
0.3755901181102362
11
0.6477792125984252
21
0.3775098818897638
0
LINE
8
BLACK
6
CONTINUOUS
10
0.6477792125984252
20
0.3775098818897638
11
0.6436080314960629
21
0.380296968503937
0
LINE
8
BLACK
6
CONTINUOUS
10
0.6436080314960629
20
0.380296968503937
11
0.640060748031496
21
0.3838442519685039
0
LINE
8
BLACK
6
CONTINUOUS
10
0.640060748031496
20
0.3838442519685039
11
0.6372736614173228
21
0.3880154330708661
0
LINE
8
BLACK
6
CONTINUOUS
10
0.6372736614173228
20
0.3880154330708661
11
0.6353538976377953
21
0.3926501968503937
0
LINE
8
BLACK
6
CONTINUOUS
10
0.6353538976377953
20
0.3926501968503937
11
0.6343751968503937
21
0.3975704330708661
0
LINE
8
BLACK
6
CONTINUOUS
10
0.6343751968503937
20
0.3975704330708661
11
0.6343751968503937
21
0.4025870472440945
0
LINE
8
BLACK
6
CONTINUOUS
10
0.6343751968503937
20
0.4025870472440945
11
0.6353538976377953
21
0.4075072834645669
0
LINE
8
BLACK
6
CONTINUOUS
10
0.6353538976377953
20
0.4075072834645669
11
0.6372736614173228
21
0.4121420472440945
0
LINE
8
BLACK
6
CONTINUOUS
10
0.6372736614173228
20
0.4121420472440945
11
0.640060748031496
21
0.4163132283464567
0
LINE
8
BLACK
6
CONTINUOUS
10
0.640060748031496
20
0.4163132283464567
11
0.6436080314960629
21
0.4198605118110236
0
LINE
8
BLACK
6
CONTINUOUS
10
0.6436080314960629
20
0.4198605118110236
11
0.6477792125984252
21
0.4226475984251968
0
LINE
8
BLACK
6
CONTINUOUS
10
0.6477792125984252
20
0.4226475984251968
11
0.6524139763779527
21
0.4245673622047244
0
LINE
8
BLACK
6
CONTINUOUS
10
0.6524139763779527
20
0.4245673622047244
11
0.6573342125984252
21
0.425546062992126
0
LINE
8
BLACK
6
CONTINUOUS
10
0.6573342125984252
20
0.425546062992126
11
0.6623508267716536
21
0.425546062992126
0
LINE
8
BLACK
6
CONTINUOUS
10
0.6623508267716536
20
0.425546062992126
11
0.667271062992126
21
0.4245673622047244
0
LINE
8
BLACK
6
CONTINUOUS
10
0.667271062992126
20
0.4245673622047244
11
0.6719058267716536
21
0.4226475984251968
0
LINE
8
BLACK
6
CONTINUOUS
10
0.6719058267716536
20
0.4226475984251968
11
0.6724409842519685
21
0.42229
0
LINE
8
BLACK
6
CONTINUOUS
10
0.6724409842519685
20
0.42229
11
0.6724409842519685
21
0.5932231889763779
0
LINE
8
BLACK
6
CONTINUOUS
10
0.6724409842519685
20
0.5932231889763779
11
0.6384200393700787
21
0.6272441338582677
0
LINE
8
BLACK
6
CONTINUOUS
10
0.6384200393700787
20
0.6272441338582677
11
0.6368503543307087
21
0.6272441338582677
0
LINE
8
BLACK
6
CONTINUOUS
10
0.6368503543307087
20
0.6272441338582677
11
0.6356982283464567
21
0.6273575984251968
0
LINE
8
BLACK
6
CONTINUOUS
10
0.6356982283464567
20
0.6273575984251968
11
0.6344511811023622
21
0.6278741338582677
0
LINE
8
BLACK
6
CONTINUOUS
10
0.6344511811023622
20
0.6278741338582677
11
0.6335694094488189
21
0.6282393700787401
0
LINE
8
BLACK
6
CONTINUOUS
10
0.6335694094488189
20
0.6282393700787401
11
0.6326745275590551
21
0.6289738188976378
0
LINE
8
BLACK
6
CONTINUOUS
10
0.6326745275590551
20
0.6289738188976378
11
0.5816483464566929
21
0.6799999999999999
0
LINE
8
BLACK
6
CONTINUOUS
10
0.5816483464566929
20
0.6799999999999999
11
0.53
21
0.6799999999999999
0
LINE
8
BLACK
6
CONTINUOUS
10
0.53
20
0.6799999999999999
11
0.53
21
0.74
0
LINE
8
BLACK
6
CONTINUOUS
10
0.53
20
0.74
11
0.5540944881889763
21
0.74
0
LINE
8
BLACK
6
CONTINUOUS
10
0.5540944881889763
20
0.74
11
0.5540944881889763
21
0.78
0
LINE
8
BLACK
6
CONTINUOUS
10
0.5540944881889763
20
0.78
11
0.53
21
0.78
0
LINE
8
BLACK
6
CONTINUOUS
10
0.53
20
0.78
11
0.53
21
0.84
0
LINE
8
BLACK
6
CONTINUOUS
10
0.53
20
0.84
11
0.5540944881889763
21
0.84
0
LINE
8
BLACK
6
CONTINUOUS
10
0.5540944881889763
20
0.84
11
0.5540944881889763
21
1.083233464566929
0
LINE
8
BLACK
6
CONTINUOUS
10
0.5540944881889763
20
1.083233464566929
11
0.5542079527559055
21
1.084385590551181
0
LINE
8
BLACK
6
CONTINUOUS
10
0.5542079527559055
20
1.084385590551181
11
0.5549537401574803
21
1.0861860629921261
0
LINE
8
BLACK
6
CONTINUOUS
10
0.5549537401574803
20
1.0861860629921261
11
0.5550897244094488
21
1.0865143700787401
0
LINE
8
BLACK
6
CONTINUOUS
10
0.5550897244094488
20
1.0865143700787401
11
0.5558241732283464
21
1.0874092913385827
0
LINE
8
BLACK
6
CONTINUOUS
10
0.5558241732283464
20
1.0874092913385827
11
0.5758610236220473
21
1.1074461417322834
0
LINE
8
BLACK
6
CONTINUOUS
10
0.5758610236220473
20
1.1074461417322834
11
0.5758610236220473
21
1.123484094488189
0
LINE
8
BLACK
6
CONTINUOUS
10
0.5758610236220473
20
1.123484094488189
11
0.5759744881889763
21
1.1246362204724409
0
LINE
8
BLACK
6
CONTINUOUS
10
0.5759744881889763
20
1.1246362204724409
11
0.5765709448818898
21
1.1260761811023621
0
LINE
8
BLACK
6
CONTINUOUS
10
0.5765709448818898
20
1.1260761811023621
11
0.5768562598425196
21
1.126765
0
LINE
8
BLACK
6
CONTINUOUS
10
0.5768562598425196
20
1.126765
11
0.5775907086614173
21
1.1276599212598426
0
LINE
8
BLACK
6
CONTINUOUS
10
0.5775907086614173
20
1.1276599212598426
11
0.6141066141732283
21
1.1641758267716535
0
LINE
8
BLACK
6
CONTINUOUS
10
0.6141066141732283
20
1.1641758267716535
11
0.6150015354330709
21
1.1649102755905512
0
LINE
8
BLACK
6
CONTINUOUS
10
0.6150015354330709
20
1.1649102755905512
11
0.6162485433070866
21
1.1654267716535434
0
LINE
8
BLACK
6
CONTINUOUS
10
0.6162485433070866
20
1.1654267716535434
11
0.6171303149606299
21
1.1657920472440944
0
LINE
8
BLACK
6
CONTINUOUS
10
0.6171303149606299
20
1.1657920472440944
11
0.6182824409448818
21
1.1659055118110235
0
LINE
8
BLACK
6
CONTINUOUS
10
0.6182824409448818
20
1.1659055118110235
11
0.638599842519685
21
1.1659055118110235
0
LINE
8
BLACK
6
CONTINUOUS
10
0.638599842519685
20
1.1659055118110235
11
0.638813937007874
21
1.1667044881889763
0
LINE
8
BLACK
6
CONTINUOUS
10
0.638813937007874
20
1.1667044881889763
11
0.6411007086614173
21
1.1706653149606299
0
LINE
8
BLACK
6
CONTINUOUS
10
0.6411007086614173
20
1.1706653149606299
11
0.6443346850393701
21
1.1738992913385826
0
LINE
8
BLACK
6
CONTINUOUS
10
0.6443346850393701
20
1.1738992913385826
11
0.6482955118110236
21
1.1761860629921259
0
LINE
8
BLACK
6
CONTINUOUS
10
0.6482955118110236
20
1.1761860629921259
11
0.6527132283464567
21
1.1773698031496063
0
LINE
8
BLACK
6
CONTINUOUS
10
0.6527132283464567
20
1.1773698031496063
11
0.6572867716535433
21
1.1773698031496063
0
LINE
8
BLACK
6
CONTINUOUS
10
0.6572867716535433
20
1.1773698031496063
11
0.6617044881889763
21
1.1761860629921259
0
LINE
8
BLACK
6
CONTINUOUS
10
0.6617044881889763
20
1.1761860629921259
11
0.6656653149606299
21
1.1738992913385826
0
LINE
8
BLACK
6
CONTINUOUS
10
0.6656653149606299
20
1.1738992913385826
11
0.6688992913385826
21
1.1706653149606299
0
LINE
8
BLACK
6
CONTINUOUS
10
0.6688992913385826
20
1.1706653149606299
11
0.671186062992126
21
1.1667044881889763
0
LINE
8
BLACK
6
CONTINUOUS
10
0.671186062992126
20
1.1667044881889763
11
0.6719360629921259
21
1.1639055118110235
0
LINE
8
BLACK
6
CONTINUOUS
10
0.6719360629921259
20
1.1639055118110235
11
0.6789999999999999
21
1.1639055118110235
0
LINE
8
BLACK
6
CONTINUOUS
10
0.6789999999999999
20
1.1639055118110235
11
0.6789999999999999
21
1.1755
0
LINE
8
BLACK
6
CONTINUOUS
10
0.6789999999999999
20
1.1755
11
0.6966574803149607
21
1.1755
0
LINE
8
BLACK
6
CONTINUOUS
10
0.6966574803149607
20
1.1755
11
0.6966574803149607
21
1.2050000000000001
0
LINE
8
BLACK
6
CONTINUOUS
10
0.6966574803149607
20
1.2050000000000001
11
0.6795
21
1.2050000000000001
0
LINE
8
BLACK
6
CONTINUOUS
10
0.6795
20
1.2050000000000001
11
0.6795
21
1.24
0
LINE
8
BLACK
6
CONTINUOUS
10
0.6795
20
1.24
11
0.7344999999999999
21
1.24
0
LINE
8
BLACK
6
CONTINUOUS
10
0.7344999999999999
20
1.24
11
0.7344999999999999
21
1.2050000000000001
0
LINE
8
BLACK
6
CONTINUOUS
10
0.9435
20
1.196
11
0.9258425196850394
21
1.196
0
LINE
8
BLACK
6
CONTINUOUS
10
0.9258425196850394
20
1.196
11
0.9258425196850394
21
1.171
0
LINE
8
BLACK
6
CONTINUOUS
10
0.9258425196850394
20
1.171
11
0.9435
21
1.171
0
LINE
8
BLACK
6
CONTINUOUS
10
0.9435
20
1.171
11
0.9435
21
1.1359999999999999
0
LINE
8
BLACK
6
CONTINUOUS
10
0.9435
20
1.1359999999999999
11
0.9201911811023622
21
1.1359999999999999
0
LINE
8
BLACK
6
CONTINUOUS
10
0.9201911811023622
20
1.1359999999999999
11
0.9192809448818897
21
1.1350897637795276
0
LINE
8
BLACK
6
CONTINUOUS
10
0.9192809448818897
20
1.1350897637795276
11
0.917152125984252
21
1.1342079527559055
0
LINE
8
BLACK
6
CONTINUOUS
10
0.917152125984252
20
1.1342079527559055
11
0.9159999999999999
21
1.1340944881889763
0
LINE
8
BLACK
6
CONTINUOUS
10
0.9159999999999999
20
1.1340944881889763
11
0.8974461417322834
21
1.1340944881889763
0
LINE
8
BLACK
6
CONTINUOUS
10
0.8974461417322834
20
1.1340944881889763
11
0.8147784251968504
21
1.0514267716535433
0
LINE
8
BLACK
6
CONTINUOUS
10
0.8147784251968504
20
1.0514267716535433
11
0.8147784251968504
21
1.0362594094488189
0
LINE
8
BLACK
6
CONTINUOUS
10
0.8147784251968504
20
1.0362594094488189
11
0.815066811023622
21
1.0355632283464566
0
LINE
8
BLACK
6
CONTINUOUS
10
0.815066811023622
20
1.0355632283464566
11
0.8151946062992126
21
1.0352546062992125
0
LINE
8
BLACK
6
CONTINUOUS
10
0.8151946062992126
20
1.0352546062992125
11
0.8165323228346456
21
1.0348961811023623
0
LINE
8
BLACK
6
CONTINUOUS
10
0.8165323228346456
20
1.0348961811023623
11
0.8204931496062992
21
1.032609409448819
0
LINE
8
BLACK
6
CONTINUOUS
10
0.8204931496062992
20
1.032609409448819
11
0.8237271259842519
21
1.0293754330708662
0
LINE
8
BLACK
6
CONTINUOUS
10
0.8237271259842519
20
1.0293754330708662
11
0.8260138976377952
21
1.0254146062992127
0
LINE
8
BLACK
6
CONTINUOUS
10
0.8260138976377952
20
1.0254146062992127
11
0.8271976377952756
21
1.0209968897637796
0
LINE
8
BLACK
6
CONTINUOUS
10
0.8271976377952756
20
1.0209968897637796
11
0.8271976377952756
21
1.016423346456693
0
LINE
8
BLACK
6
CONTINUOUS
10
0.8271976377952756
20
1.016423346456693
11
0.8260138976377952
21
1.0120056299212599
0
LINE
8
BLACK
6
CONTINUOUS
10
0.8260138976377952
20
1.0120056299212599
11
0.8237271259842519
21
1.0080448031496063
0
LINE
8
BLACK
6
CONTINUOUS
10
0.8237271259842519
20
1.0080448031496063
11
0.8204931496062992
21
1.0048108267716536
0
LINE
8
BLACK
6
CONTINUOUS
10
0.8204931496062992
20
1.0048108267716536
11
0.8165323228346456
21
1.0025240551181103
0
LINE
8
BLACK
6
CONTINUOUS
10
0.8165323228346456
20
1.0025240551181103
11
0.8134055118110236
21
1.0016861811023621
0
LINE
8
BLACK
6
CONTINUOUS
10
0.8134055118110236
20
1.0016861811023621
11
0.8134055118110236
21
0.8574999999999999
0
LINE
8
BLACK
6
CONTINUOUS
10
0.8134055118110236
20
0.8574999999999999
11
0.8132920472440944
21
0.856347874015748
0
LINE
8
BLACK
6
CONTINUOUS
10
0.8132920472440944
20
0.856347874015748
11
0.813002874015748
21
0.8556497637795275
0
LINE
8
BLACK
6
CONTINUOUS
10
0.813002874015748
20
0.8556497637795275
11
0.8124102755905511
21
0.854219094488189
0
LINE
8
BLACK
6
CONTINUOUS
10
0.8124102755905511
20
0.854219094488189
11
0.8116758267716535
21
0.8533241732283464
0
LINE
8
BLACK
6
CONTINUOUS
10
0.8116758267716535
20
0.8533241732283464
11
0.79
21
0.8316483464566929
0
LINE
8
BLACK
6
CONTINUOUS
10
0.79
20
0.8316483464566929
11
0.79
21
0.78
0
LINE
8
BLACK
6
CONTINUOUS
10
0.79
20
0.78
11
0.7659055118110236
21
0.78
0
LINE
8
BLACK
6
CONTINUOUS
10
0.7659055118110236
20
0.78
11
0.7659055118110236
21
0.74
0
LINE
8
BLACK
6
CONTINUOUS
10
0.7659055118110236
20
0.74
11
0.79
21
0.74
0
LINE
8
BLACK
6
CONTINUOUS
10
0.79
20
0.74
11
0.79
21
0.6799999999999999
0
LINE
8
BLACK
6
CONTINUOUS
10
0.79
20
0.6799999999999999
11
0.7659055118110236
21
0.6799999999999999
0
LINE
8
BLACK
6
CONTINUOUS
10
0.7659055118110236
20
0.6799999999999999
11
0.7659055118110236
21
0.640622716535433
0
LINE
8
BLACK
6
CONTINUOUS
10
0.7659055118110236
20
0.640622716535433
11
0.7657920472440944
21
0.6394706299212598
0
LINE
8
BLACK
6
CONTINUOUS
10
0.7657920472440944
20
0.6394706299212598
11
0.7649102755905511
21
0.6373418110236221
0
LINE
8
BLACK
6
CONTINUOUS
10
0.7649102755905511
20
0.6373418110236221
11
0.7641758267716535
21
0.6364468897637795
0
LINE
8
BLACK
6
CONTINUOUS
10
0.7641758267716535
20
0.6364468897637795
11
0.7456692913385826
21
0.6179403543307086
0
LINE
8
BLACK
6
CONTINUOUS
10
0.7456692913385826
20
0.6179403543307086
11
0.7456692913385826
21
0.4248702755905512
0
LINE
8
BLACK
6
CONTINUOUS
10
0.7456692913385826
20
0.4248702755905512
11
0.7471923228346457
21
0.4245673622047244
0
LINE
8
BLACK
6
CONTINUOUS
10
0.7471923228346457
20
0.4245673622047244
11
0.7518270866141732
21
0.4226475984251968
0
LINE
8
BLACK
6
CONTINUOUS
10
0.7518270866141732
20
0.4226475984251968
11
0.7559982677165354
21
0.4198605118110236
0
LINE
8
BLACK
6
CONTINUOUS
10
0.7559982677165354
20
0.4198605118110236
11
0.7595455511811023
21
0.4163132283464567
0
LINE
8
BLACK
6
CONTINUOUS
10
0.7595455511811023
20
0.4163132283464567
11
0.7623326377952756
21
0.4121420472440945
0
LINE
8
BLACK
6
CONTINUOUS
10
0.7623326377952756
20
0.4121420472440945
11
0.7642524015748031
21
0.4075072834645669
0
LINE
8
BLACK
6
CONTINUOUS
10
0.7642524015748031
20
0.4075072834645669
11
0.7652311023622047
21
0.4025870472440945
0
LINE
8
BLACK
6
CONTINUOUS
10
0.7652311023622047
20
0.4025870472440945
11
0.7652311023622047
21
0.3975704330708661
0
LINE
8
BLACK
6
CONTINUOUS
10
0.7652311023622047
20
0.3975704330708661
11
0.7642524015748031
21
0.3926501968503937
0
LINE
8
BLACK
6
CONTINUOUS
10
0.7642524015748031
20
0.3926501968503937
11
0.7623326377952756
21
0.3880154330708661
0
LINE
8
BLACK
6
CONTINUOUS
10
0.7623326377952756
20
0.3880154330708661
11
0.7595455511811023
21
0.3838442519685039
0
LINE
8
BLACK
6
CONTINUOUS
10
0.7595455511811023
20
0.3838442519685039
11
0.7559982677165354
21
0.380296968503937
0
LINE
8
BLACK
6
CONTINUOUS
10
0.7559982677165354
20
0.380296968503937
11
0.7518270866141732
21
0.3775098818897638
0
LINE
8
BLACK
6
CONTINUOUS
10
0.7518270866141732
20
0.3775098818897638
11
0.7471923228346457
21
0.3755901181102362
0
LINE
8
BLACK
6
CONTINUOUS
10
0.7471923228346457
20
0.3755901181102362
11
0.7422720866141732
21
0.3746114173228347
0
LINE
8
BLACK
6
CONTINUOUS
10
0.7422720866141732
20
0.3746114173228347
11
0.7372554724409449
21
0.3746114173228347
0
LINE
8
BLACK
6
CONTINUOUS
10
0.7372554724409449
20
0.3746114173228347
11
0.7323352362204725
21
0.3755901181102362
0
LINE
8
BLACK
6
CONTINUOUS
10
0.7323352362204725
20
0.3755901181102362
11
0.7277004724409448
21
0.3775098818897638
0
LINE
8
BLACK
6
CONTINUOUS
10
0.7277004724409448
20
0.3775098818897638
11
0.7235292913385827
21
0.380296968503937
0
LINE
8
BLACK
6
CONTINUOUS
10
0.7235292913385827
20
0.380296968503937
11
0.7199820078740158
21
0.3838442519685039
0
LINE
8
BLACK
6
CONTINUOUS
10
0.7199820078740158
20
0.3838442519685039
11
0.7171949212598425
21
0.3880154330708661
0
LINE
8
BLACK
6
CONTINUOUS
10
0.7171949212598425
20
0.3880154330708661
11
0.7152751574803149
21
0.3926501968503937
0
LINE
8
BLACK
6
CONTINUOUS
10
0.7152751574803149
20
0.3926501968503937
11
0.7142964566929134
21
0.3975704330708661
0
LINE
8
BLACK
6
CONTINUOUS
10
0.7142964566929134
20
0.3975704330708661
11
0.7142964566929134
21
0.4025870472440945
0
LINE
8
BLACK
6
CONTINUOUS
10
0.7142964566929134
20
0.4025870472440945
11
0.7152751574803149
21
0.4075072834645669
0
LINE
8
BLACK
6
CONTINUOUS
10
0.7152751574803149
20
0.4075072834645669
11
0.7171949212598425
21
0.4121420472440945
0
LINE
8
BLACK
6
CONTINUOUS
10
0.7171949212598425
20
0.4121420472440945
11
0.7199820078740158
21
0.4163132283464567
0
LINE
8
BLACK
6
CONTINUOUS
10
0.7199820078740158
20
0.4163132283464567
11
0.7235292913385827
21
0.4198605118110236
0
LINE
8
BLACK
6
CONTINUOUS
10
0.7235292913385827
20
0.4198605118110236
11
0.7277004724409448
21
0.4226475984251968
0
LINE
8
BLACK
6
CONTINUOUS
10
0.7277004724409448
20
0.4226475984251968
11
0.7323352362204725
21
0.4245673622047244
0
LINE
8
BLACK
6
CONTINUOUS
10
0.7323352362204725
20
0.4245673622047244
11
0.7338582677165354
21
0.4248702755905512
0
LINE
8
BLACK
6
CONTINUOUS
10
0.7338582677165354
20
0.4248702755905512
11
0.7338582677165354
21
0.6203864960629921
0
LINE
8
BLACK
6
CONTINUOUS
10
0.7338582677165354
20
0.6203864960629921
11
0.7339717322834646
21
0.6215386220472441
0
LINE
8
BLACK
6
CONTINUOUS
10
0.7339717322834646
20
0.6215386220472441
11
0.7345790551181102
21
0.6230048031496063
0
LINE
8
BLACK
6
CONTINUOUS
10
0.7345790551181102
20
0.6230048031496063
11
0.7348535039370079
21
0.6236674015748032
0
LINE
8
BLACK
6
CONTINUOUS
10
0.7348535039370079
20
0.6236674015748032
11
0.7355879527559055
21
0.6245623228346456
0
LINE
8
BLACK
6
CONTINUOUS
10
0.7355879527559055
20
0.6245623228346456
11
0.7540944881889764
21
0.6430688582677165
0
LINE
8
BLACK
6
CONTINUOUS
10
0.7540944881889764
20
0.6430688582677165
11
0.7540944881889764
21
0.6799999999999999
0
LINE
8
BLACK
6
CONTINUOUS
10
0.7540944881889764
20
0.6799999999999999
11
0.73
21
0.6799999999999999
0
LINE
8
BLACK
6
CONTINUOUS
10
0.73
20
0.6799999999999999
11
0.73
21
0.74
0
LINE
8
BLACK
6
CONTINUOUS
10
0.73
20
0.74
11
0.7540944881889764
21
0.74
0
LINE
8
BLACK
6
CONTINUOUS
10
0.7540944881889764
20
0.74
11
0.7540944881889764
21
0.78
0
LINE
8
BLACK
6
CONTINUOUS
10
0.7540944881889764
20
0.78
11
0.73
21
0.78
0
LINE
8
BLACK
6
CONTINUOUS
10
0.73
20
0.78
11
0.73
21
0.84
0
LINE
8
BLACK
6
CONTINUOUS
10
0.73
20
0.84
11
0.7816483464566929
21
0.84
0
LINE
8
BLACK
6
CONTINUOUS
10
0.7816483464566929
20
0.84
11
0.8015944881889764
21
0.8599461417322835
0
LINE
8
BLACK
6
CONTINUOUS
10
0.8015944881889764
20
0.8599461417322835
11
0.8015944881889764
21
1.0034067322834646
0
LINE
8
BLACK
6
CONTINUOUS
10
0.8015944881889764
20
1.0034067322834646
11
0.7991625196850394
21
1.0048108267716536
0
LINE
8
BLACK
6
CONTINUOUS
10
0.7991625196850394
20
1.0048108267716536
11
0.7959285433070866
21
1.0080448031496063
0
LINE
8
BLACK
6
CONTINUOUS
10
0.7959285433070866
20
1.0080448031496063
11
0.7936417716535433
21
1.0120056299212599
0
LINE
8
BLACK
6
CONTINUOUS
10
0.7936417716535433
20
1.0120056299212599
11
0.792458031496063
21
1.016423346456693
0
LINE
8
BLACK
6
CONTINUOUS
10
0.792458031496063
20
1.016423346456693
11
0.792458031496063
21
1.0209968897637796
0
LINE
8
BLACK
6
CONTINUOUS
10
0.792458031496063
20
1.0209968897637796
11
0.7936417716535433
21
1.0254146062992127
0
LINE
8
BLACK
6
CONTINUOUS
10
0.7936417716535433
20
1.0254146062992127
11
0.7959285433070866
21
1.0293754330708662
0
LINE
8
BLACK
6
CONTINUOUS
10
0.7959285433070866
20
1.0293754330708662
11
0.7991625196850394
21
1.032609409448819
0
LINE
8
BLACK
6
CONTINUOUS
10
0.7991625196850394
20
1.032609409448819
11
0.8029674015748032
21
1.0348061417322834
0
LINE
8
BLACK
6
CONTINUOUS
10
0.8029674015748032
20
1.0348061417322834
11
0.8029674015748032
21
1.0538729133858267
0
LINE
8
BLACK
6
CONTINUOUS
10
0.8029674015748032
20
1.0538729133858267
11
0.8030808661417322
21
1.0550250393700786
0
LINE
8
BLACK
6
CONTINUOUS
10
0.8030808661417322
20
1.0550250393700786
11
0.8037201968503936
21
1.0565685039370079
0
LINE
8
BLACK
6
CONTINUOUS
10
0.8037201968503936
20
1.0565685039370079
11
0.8039626377952755
21
1.0571538188976377
0
LINE
8
BLACK
6
CONTINUOUS
10
0.8039626377952755
20
1.0571538188976377
11
0.8046970866141732
21
1.0580487401574803
0
LINE
8
BLACK
6
CONTINUOUS
10
0.8046970866141732
20
1.0580487401574803
11
0.8885
21
1.141851653543307
0
LINE
8
BLACK
6
CONTINUOUS
10
0.8885
20
1.141851653543307
11
0.8885
21
1.171
0
LINE
8
BLACK
6
CONTINUOUS
10
0.8885
20
1.171
11
0.9061574803149606
21
1.171
0
LINE
8
BLACK
6
CONTINUOUS
10
0.9061574803149606
20
1.171
11
0.9061574803149606
21
1.196
0
LINE
8
BLACK
6
CONTINUOUS
10
0.9061574803149606
20
1.196
11
0.8885
21
1.196
0
LINE
8
BLACK
6
CONTINUOUS
10
0.8885
20
1.196
11
0.8885
21
1.2309999999999999
0
LINE
8
BLACK
6
CONTINUOUS
10
0.8885
20
1.2309999999999999
11
0.9435
21
1.2309999999999999
0
LINE
8
BLACK
6
CONTINUOUS
10
0.9435
20
1.2309999999999999
11
0.9435
21
1.196
0
LINE
8
BLACK
6
CONTINUOUS
10
0.8271135826771653
20
0.4245673622047244
11
0.8317483464566929
21
0.4226475984251968
0
LINE
8
BLACK
6
CONTINUOUS
10
0.8317483464566929
20
0.4226475984251968
11
0.8359195275590551
21
0.4198605118110236
0
LINE
8
BLACK
6
CONTINUOUS
10
0.8359195275590551
20
0.4198605118110236
11
0.839466811023622
21
0.4163132283464567
0
LINE
8
BLACK
6
CONTINUOUS
10
0.839466811023622
20
0.4163132283464567
11
0.8422538976377952
21
0.4121420472440945
0
LINE
8
BLACK
6
CONTINUOUS
10
0.8422538976377952
20
0.4121420472440945
11
0.8441736614173229
21
0.4075072834645669
0
LINE
8
BLACK
6
CONTINUOUS
10
0.8441736614173229
20
0.4075072834645669
11
0.8451523622047243
21
0.4025870472440945
0
LINE
8
BLACK
6
CONTINUOUS
10
0.8451523622047243
20
0.4025870472440945
11
0.8451523622047243
21
0.3975704330708661
0
LINE
8
BLACK
6
CONTINUOUS
10
0.8451523622047243
20
0.3975704330708661
11
0.8441736614173229
21
0.3926501968503937
0
LINE
8
BLACK
6
CONTINUOUS
10
0.8441736614173229
20
0.3926501968503937
11
0.8422538976377952
21
0.3880154330708661
0
LINE
8
BLACK
6
CONTINUOUS
10
0.8422538976377952
20
0.3880154330708661
11
0.839466811023622
21
0.3838442519685039
0
LINE
8
BLACK
6
CONTINUOUS
10
0.839466811023622
20
0.3838442519685039
11
0.8359195275590551
21
0.380296968503937
0
LINE
8
BLACK
6
CONTINUOUS
10
0.8359195275590551
20
0.380296968503937
11
0.8317483464566929
21
0.3775098818897638
0
LINE
8
BLACK
6
CONTINUOUS
10
0.8317483464566929
20
0.3775098818897638
11
0.8271135826771653
21
0.3755901181102362
0
LINE
8
BLACK
6
CONTINUOUS
10
0.8271135826771653
20
0.3755901181102362
11
0.8221933464566928
21
0.3746114173228347
0
LINE
8
BLACK
6
CONTINUOUS
10
0.8221933464566928
20
0.3746114173228347
11
0.8171767322834645
21
0.3746114173228347
0
LINE
8
BLACK
6
CONTINUOUS
10
0.8171767322834645
20
0.3746114173228347
11
0.8122564960629921
21
0.3755901181102362
0
LINE
8
BLACK
6
CONTINUOUS
10
0.8122564960629921
20
0.3755901181102362
11
0.8076217322834646
21
0.3775098818897638
0
LINE
8
BLACK
6
CONTINUOUS
10
0.8076217322834646
20
0.3775098818897638
11
0.8034505511811023
21
0.380296968503937
0
LINE
8
BLACK
6
CONTINUOUS
10
0.8034505511811023
20
0.380296968503937
11
0.7999032677165354
21
0.3838442519685039
0
LINE
8
BLACK
6
CONTINUOUS
10
0.7999032677165354
20
0.3838442519685039
11
0.7971161811023622
21
0.3880154330708661
0
LINE
8
BLACK
6
CONTINUOUS
10
0.7971161811023622
20
0.3880154330708661
11
0.7951964173228346
21
0.3926501968503937
0
LINE
8
BLACK
6
CONTINUOUS
10
0.7951964173228346
20
0.3926501968503937
11
0.794217716535433
21
0.3975704330708661
0
LINE
8
BLACK
6
CONTINUOUS
10
0.794217716535433
20
0.3975704330708661
11
0.794217716535433
21
0.4025870472440945
0
LINE
8
BLACK
6
CONTINUOUS
10
0.794217716535433
20
0.4025870472440945
11
0.7951964173228346
21
0.4075072834645669
0
LINE
8
BLACK
6
CONTINUOUS
10
0.7951964173228346
20
0.4075072834645669
11
0.7971161811023622
21
0.4121420472440945
0
LINE
8
BLACK
6
CONTINUOUS
10
0.7971161811023622
20
0.4121420472440945
11
0.7999032677165354
21
0.4163132283464567
0
LINE
8
BLACK
6
CONTINUOUS
10
0.7999032677165354
20
0.4163132283464567
11
0.8034505511811023
21
0.4198605118110236
0
LINE
8
BLACK
6
CONTINUOUS
10
0.8034505511811023
20
0.4198605118110236
11
0.8076217322834646
21
0.4226475984251968
0
LINE
8
BLACK
6
CONTINUOUS
10
0.8076217322834646
20
0.4226475984251968
11
0.8122564960629921
21
0.4245673622047244
0
LINE
8
BLACK
6
CONTINUOUS
10
0.8122564960629921
20
0.4245673622047244
11
0.8171767322834645
21
0.425546062992126
0
LINE
8
BLACK
6
CONTINUOUS
10
0.8171767322834645
20
0.425546062992126
11
0.8221933464566928
21
0.425546062992126
0
LINE
8
BLACK
6
CONTINUOUS
10
0.8221933464566928
20
0.425546062992126
11
0.8271135826771653
21
0.4245673622047244
0
LINE
8
BLACK
6
CONTINUOUS
10
0.4505044881889764
20
0.698586062992126
11
0.4544653149606299
21
0.6962992913385827
0
LINE
8
BLACK
6
CONTINUOUS
10
0.4544653149606299
20
0.6962992913385827
11
0.4576992913385827
21
0.69306531496063
0
LINE
8
BLACK
6
CONTINUOUS
10
0.4576992913385827
20
0.69306531496063
11
0.459986062992126
21
0.6891044881889764
0
LINE
8
BLACK
6
CONTINUOUS
10
0.459986062992126
20
0.6891044881889764
11
0.4611698031496063
21
0.6846867716535433
0
LINE
8
BLACK
6
CONTINUOUS
10
0.4611698031496063
20
0.6846867716535433
11
0.4611698031496063
21
0.6801132283464567
0
LINE
8
BLACK
6
CONTINUOUS
10
0.4611698031496063
20
0.6801132283464567
11
0.459986062992126
21
0.6756955118110236
0
LINE
8
BLACK
6
CONTINUOUS
10
0.459986062992126
20
0.6756955118110236
11
0.4576992913385827
21
0.6717346850393701
0
LINE
8
BLACK
6
CONTINUOUS
10
0.4576992913385827
20
0.6717346850393701
11
0.4544653149606299
21
0.6685007086614173
0
LINE
8
BLACK
6
CONTINUOUS
10
0.4544653149606299
20
0.6685007086614173
11
0.4536425196850394
21
0.6680256692913386
0
LINE
8
BLACK
6
CONTINUOUS
10
0.4536425196850394
20
0.6680256692913386
11
0.4536425196850394
21
0.6656966929133858
0
LINE
8
BLACK
6
CONTINUOUS
10
0.4536425196850394
20
0.6656966929133858
11
0.4536425196850394
21
0.4971736220472441
0
LINE
8
BLACK
6
CONTINUOUS
10
0.4536425196850394
20
0.4971736220472441
11
0.4831586614173228
21
0.4676574803149606
0
LINE
8
BLACK
6
CONTINUOUS
10
0.4831586614173228
20
0.4676574803149606
11
0.536238031496063
21
0.4676574803149606
0
LINE
8
BLACK
6
CONTINUOUS
10
0.536238031496063
20
0.4676574803149606
11
0.5599999999999999
21
0.4914194094488189
0
LINE
8
BLACK
6
CONTINUOUS
10
0.5599999999999999
20
0.4914194094488189
11
0.5599999999999999
21
0.5325
0
LINE
8
BLACK
6
CONTINUOUS
10
0.5599999999999999
20
0.5325
11
0.595
21
0.5325
0
LINE
8
BLACK
6
CONTINUOUS
10
0.595
20
0.5325
11
0.595
21
0.4923425196850393
0
LINE
8
BLACK
6
CONTINUOUS
10
0.595
20
0.4923425196850393
11
0.5956256692913385
21
0.4923425196850393
0
LINE
8
BLACK
6
CONTINUOUS
10
0.5956256692913385
20
0.4923425196850393
11
0.5961007086614173
21
0.4931653149606299
0
LINE
8
BLACK
6
CONTINUOUS
10
0.5961007086614173
20
0.4931653149606299
11
0.59933468503937
21
0.4963992913385827
0
LINE
8
BLACK
6
CONTINUOUS
10
0.59933468503937
20
0.4963992913385827
11
0.6032955118110236
21
0.498686062992126
0
LINE
8
BLACK
6
CONTINUOUS
10
0.6032955118110236
20
0.498686062992126
11
0.6077132283464567
21
0.4998698031496063
0
LINE
8
BLACK
6
CONTINUOUS
10
0.6077132283464567
20
0.4998698031496063
11
0.6122867716535433
21
0.4998698031496063
0
LINE
8
BLACK
6
CONTINUOUS
10
0.6122867716535433
20
0.4998698031496063
11
0.6167044881889764
21
0.498686062992126
0
LINE
8
BLACK
6
CONTINUOUS
10
0.6167044881889764
20
0.498686062992126
11
0.6206653149606299
21
0.4963992913385827
0
LINE
8
BLACK
6
CONTINUOUS
10
0.6206653149606299
20
0.4963992913385827
11
0.6238992913385827
21
0.4931653149606299
0
LINE
8
BLACK
6
CONTINUOUS
10
0.6238992913385827
20
0.4931653149606299
11
0.626186062992126
21
0.4892044881889764
0
LINE
8
BLACK
6
CONTINUOUS
10
0.626186062992126
20
0.4892044881889764
11
0.6273698031496063
21
0.4847867716535433
0
LINE
8
BLACK
6
CONTINUOUS
10
0.6273698031496063
20
0.4847867716535433
11
0.6273698031496063
21
0.4802132283464567
0
LINE
8
BLACK
6
CONTINUOUS
10
0.6273698031496063
20
0.4802132283464567
11
0.626186062992126
21
0.4757955118110236
0
LINE
8
BLACK
6
CONTINUOUS
10
0.626186062992126
20
0.4757955118110236
11
0.6238992913385827
21
0.4718346850393701
0
LINE
8
BLACK
6
CONTINUOUS
10
0.6238992913385827
20
0.4718346850393701
11
0.6206653149606299
21
0.4686007086614173
0
LINE
8
BLACK
6
CONTINUOUS
10
0.6206653149606299
20
0.4686007086614173
11
0.6167044881889764
21
0.466313937007874
0
LINE
8
BLACK
6
CONTINUOUS
10
0.6167044881889764
20
0.466313937007874
11
0.6122867716535433
21
0.4651301968503937
0
LINE
8
BLACK
6
CONTINUOUS
10
0.6122867716535433
20
0.4651301968503937
11
0.6077132283464567
21
0.4651301968503937
0
LINE
8
BLACK
6
CONTINUOUS
10
0.6077132283464567
20
0.4651301968503937
11
0.6032955118110236
21
0.466313937007874
0
LINE
8
BLACK
6
CONTINUOUS
10
0.6032955118110236
20
0.466313937007874
11
0.59933468503937
21
0.4686007086614173
0
LINE
8
BLACK
6
CONTINUOUS
10
0.59933468503937
20
0.4686007086614173
11
0.5961007086614173
21
0.4718346850393701
0
LINE
8
BLACK
6
CONTINUOUS
10
0.5961007086614173
20
0.4718346850393701
11
0.5956256692913385
21
0.4726574803149606
0
LINE
8
BLACK
6
CONTINUOUS
10
0.5956256692913385
20
0.4726574803149606
11
0.5932966929133858
21
0.4726574803149606
0
LINE
8
BLACK
6
CONTINUOUS
10
0.5932966929133858
20
0.4726574803149606
11
0.59
21
0.4726574803149606
0
LINE
8
BLACK
6
CONTINUOUS
10
0.59
20
0.4726574803149606
11
0.5880798031496063
21
0.4728466141732283
0
LINE
8
BLACK
6
CONTINUOUS
10
0.5880798031496063
20
0.4728466141732283
11
0.5866101968503937
21
0.4734553149606299
0
LINE
8
BLACK
6
CONTINUOUS
10
0.5866101968503937
20
0.4734553149606299
11
0.5845318110236221
21
0.4743162204724409
0
LINE
8
BLACK
6
CONTINUOUS
10
0.5845318110236221
20
0.4743162204724409
11
0.5830402755905512
21
0.4755402755905512
0
LINE
8
BLACK
6
CONTINUOUS
10
0.5830402755905512
20
0.4755402755905512
11
0.5810805511811024
21
0.4775
0
LINE
8
BLACK
6
CONTINUOUS
10
0.5810805511811024
20
0.4775
11
0.5739194094488189
21
0.4775
0
LINE
8
BLACK
6
CONTINUOUS
10
0.5739194094488189
20
0.4775
11
0.54727468503937
21
0.4508552362204724
0
LINE
8
BLACK
6
CONTINUOUS
10
0.54727468503937
20
0.4508552362204724
11
0.5457833464566929
21
0.4496313779527559
0
LINE
8
BLACK
6
CONTINUOUS
10
0.5457833464566929
20
0.4496313779527559
11
0.5457831889763779
21
0.4496312204724409
0
LINE
8
BLACK
6
CONTINUOUS
10
0.5457831889763779
20
0.4496312204724409
11
0.5422351574803149
21
0.4481615748031496
0
LINE
8
BLACK
6
CONTINUOUS
10
0.5422351574803149
20
0.4481615748031496
11
0.5403149606299212
21
0.4479724409448819
0
LINE
8
BLACK
6
CONTINUOUS
10
0.5403149606299212
20
0.4479724409448819
11
0.4790817322834646
21
0.4479724409448819
0
LINE
8
BLACK
6
CONTINUOUS
10
0.4790817322834646
20
0.4479724409448819
11
0.4771615354330709
21
0.4481615748031496
0
LINE
8
BLACK
6
CONTINUOUS
10
0.4771615354330709
20
0.4481615748031496
11
0.4736135039370079
21
0.4496312204724409
0
LINE
8
BLACK
6
CONTINUOUS
10
0.4736135039370079
20
0.4496312204724409
11
0.4736133070866141
21
0.4496313779527559
0
LINE
8
BLACK
6
CONTINUOUS
10
0.4736133070866141
20
0.4496313779527559
11
0.4721220078740158
21
0.4508552362204724
0
LINE
8
BLACK
6
CONTINUOUS
10
0.4721220078740158
20
0.4508552362204724
11
0.4368402755905512
21
0.486136968503937
0
LINE
8
BLACK
6
CONTINUOUS
10
0.4368402755905512
20
0.486136968503937
11
0.4356164173228346
21
0.4876282677165354
0
LINE
8
BLACK
6
CONTINUOUS
10
0.4356164173228346
20
0.4876282677165354
11
0.4356162598425197
21
0.4876284645669291
0
LINE
8
BLACK
6
CONTINUOUS
10
0.4356162598425197
20
0.4876284645669291
11
0.4341466141732284
21
0.4911764960629921
0
LINE
8
BLACK
6
CONTINUOUS
10
0.4341466141732284
20
0.4911764960629921
11
0.4339574803149606
21
0.4930966929133858
0
LINE
8
BLACK
6
CONTINUOUS
10
0.4339574803149606
20
0.4930966929133858
11
0.4339574803149606
21
0.6656966929133858
0
LINE
8
BLACK
6
CONTINUOUS
10
0.4339574803149606
20
0.6656966929133858
11
0.4339574803149606
21
0.6680256692913386
0
LINE
8
BLACK
6
CONTINUOUS
10
0.4339574803149606
20
0.6680256692913386
11
0.4331346850393701
21
0.6685007086614173
0
LINE
8
BLACK
6
CONTINUOUS
10
0.4331346850393701
20
0.6685007086614173
11
0.4299007086614173
21
0.6717346850393701
0
LINE
8
BLACK
6
CONTINUOUS
10
0.4299007086614173
20
0.6717346850393701
11
0.427613937007874
21
0.6756955118110236
0
LINE
8
BLACK
6
CONTINUOUS
10
0.427613937007874
20
0.6756955118110236
11
0.4264301968503937
21
0.6801132283464567
0
LINE
8
BLACK
6
CONTINUOUS
10
0.4264301968503937
20
0.6801132283464567
11
0.4264301968503937
21
0.6846867716535433
0
LINE
8
BLACK
6
CONTINUOUS
10
0.4264301968503937
20
0.6846867716535433
11
0.427613937007874
21
0.6891044881889764
0
LINE
8
BLACK
6
CONTINUOUS
10
0.427613937007874
20
0.6891044881889764
11
0.4299007086614173
21
0.69306531496063
0
LINE
8
BLACK
6
CONTINUOUS
10
0.4299007086614173
20
0.69306531496063
11
0.4331346850393701
21
0.6962992913385827
0
LINE
8
BLACK
6
CONTINUOUS
10
0.4331346850393701
20
0.6962992913385827
11
0.4370955118110236
21
0.698586062992126
0
LINE
8
BLACK
6
CONTINUOUS
10
0.4370955118110236
20
0.698586062992126
11
0.4415132283464567
21
0.6997698031496062
0
LINE
8
BLACK
6
CONTINUOUS
10
0.4415132283464567
20
0.6997698031496062
11
0.4460867716535433
21
0.6997698031496062
0
LINE
8
BLACK
6
CONTINUOUS
10
0.4460867716535433
20
0.6997698031496062
11
0.4505044881889764
21
0.698586062992126
0
LINE
8
BLACK
6
CONTINUOUS
10
0.5384926771653543
20
0.6180986220472441
11
0.5438404724409449
21
0.6158835039370079
0
LINE
8
BLACK
6
CONTINUOUS
10
0.5438404724409449
20
0.6158835039370079
11
0.5486533464566929
21
0.6126676377952756
0
LINE
8
BLACK
6
CONTINUOUS
10
0.5486533464566929
20
0.6126676377952756
11
0.5527463779527559
21
0.6085746062992126
0
LINE
8
BLACK
6
CONTINUOUS
10
0.5527463779527559
20
0.6085746062992126
11
0.5559622440944881
21
0.6037617322834645
0
LINE
8
BLACK
6
CONTINUOUS
10
0.5559622440944881
20
0.6037617322834645
11
0.5581773622047244
21
0.598413937007874
0
LINE
8
BLACK
6
CONTINUOUS
10
0.5581773622047244
20
0.598413937007874
11
0.5593066535433071
21
0.5927367322834646
0
LINE
8
BLACK
6
CONTINUOUS
10
0.5593066535433071
20
0.5927367322834646
11
0.5593066535433071
21
0.5869483070866142
0
LINE
8
BLACK
6
CONTINUOUS
10
0.5593066535433071
20
0.5869483070866142
11
0.5581773622047244
21
0.5812711023622047
0
LINE
8
BLACK
6
CONTINUOUS
10
0.5581773622047244
20
0.5812711023622047
11
0.5559622440944881
21
0.5759233070866142
0
LINE
8
BLACK
6
CONTINUOUS
10
0.5559622440944881
20
0.5759233070866142
11
0.5527463779527559
21
0.5711104330708662
0
LINE
8
BLACK
6
CONTINUOUS
10
0.5527463779527559
20
0.5711104330708662
11
0.5486533464566929
21
0.5670174015748032
0
LINE
8
BLACK
6
CONTINUOUS
10
0.5486533464566929
20
0.5670174015748032
11
0.5438404724409449
21
0.5638015354330709
0
LINE
8
BLACK
6
CONTINUOUS
10
0.5438404724409449
20
0.5638015354330709
11
0.5384926771653543
21
0.5615864173228347
0
LINE
8
BLACK
6
CONTINUOUS
10
0.5384926771653543
20
0.5615864173228347
11
0.5328154724409448
21
0.5604571259842519
0
LINE
8
BLACK
6
CONTINUOUS
10
0.5328154724409448
20
0.5604571259842519
11
0.5270270472440944
21
0.5604571259842519
0
LINE
8
BLACK
6
CONTINUOUS
10
0.5270270472440944
20
0.5604571259842519
11
0.5213498425196851
21
0.5615864173228347
0
LINE
8
BLACK
6
CONTINUOUS
10
0.5213498425196851
20
0.5615864173228347
11
0.517273188976378
21
0.563275
0
LINE
8
BLACK
6
CONTINUOUS
10
0.517273188976378
20
0.563275
11
0.5123425196850394
21
0.5583443307086614
0
LINE
8
BLACK
6
CONTINUOUS
10
0.5123425196850394
20
0.5583443307086614
11
0.5123425196850394
21
0.5325
0
LINE
8
BLACK
6
CONTINUOUS
10
0.5123425196850394
20
0.5325
11
0.52
21
0.5325
0
LINE
8
BLACK
6
CONTINUOUS
10
0.52
20
0.5325
11
0.52
21
0.4775
0
LINE
8
BLACK
6
CONTINUOUS
10
0.52
20
0.4775
11
0.485
21
0.4775
0
LINE
8
BLACK
6
CONTINUOUS
10
0.485
20
0.4775
11
0.485
21
0.5325
0
LINE
8
BLACK
6
CONTINUOUS
10
0.485
20
0.5325
11
0.4926574803149606
21
0.5325
0
LINE
8
BLACK
6
CONTINUOUS
10
0.4926574803149606
20
0.5325
11
0.4926574803149606
21
0.5624212598425197
0
LINE
8
BLACK
6
CONTINUOUS
10
0.4926574803149606
20
0.5624212598425197
11
0.4928466141732283
21
0.5643414566929134
0
LINE
8
BLACK
6
CONTINUOUS
10
0.4928466141732283
20
0.5643414566929134
11
0.4943162598425197
21
0.5678894881889763
0
LINE
8
BLACK
6
CONTINUOUS
10
0.4943162598425197
20
0.5678894881889763
11
0.4943164173228347
21
0.5678896456692913
0
LINE
8
BLACK
6
CONTINUOUS
10
0.4943164173228347
20
0.5678896456692913
11
0.4955402755905512
21
0.5693809842519685
0
LINE
8
BLACK
6
CONTINUOUS
10
0.4955402755905512
20
0.5693809842519685
11
0.5033537401574804
21
0.5771944488188976
0
LINE
8
BLACK
6
CONTINUOUS
10
0.5033537401574804
20
0.5771944488188976
11
0.5016651574803149
21
0.5812711023622047
0
LINE
8
BLACK
6
CONTINUOUS
10
0.5016651574803149
20
0.5812711023622047
11
0.5005358661417323
21
0.5869483070866142
0
LINE
8
BLACK
6
CONTINUOUS
10
0.5005358661417323
20
0.5869483070866142
11
0.5005358661417323
21
0.5927367322834646
0
LINE
8
BLACK
6
CONTINUOUS
10
0.5005358661417323
20
0.5927367322834646
11
0.5016651574803149
21
0.598413937007874
0
LINE
8
BLACK
6
CONTINUOUS
10
0.5016651574803149
20
0.598413937007874
11
0.5038802755905512
21
0.6037617322834645
0
LINE
8
BLACK
6
CONTINUOUS
10
0.5038802755905512
20
0.6037617322834645
11
0.5070961417322835
21
0.6085746062992126
0
LINE
8
BLACK
6
CONTINUOUS
10
0.5070961417322835
20
0.6085746062992126
11
0.5111891732283464
21
0.6126676377952756
0
LINE
8
BLACK
6
CONTINUOUS
10
0.5111891732283464
20
0.6126676377952756
11
0.5160020472440945
21
0.6158835039370079
0
LINE
8
BLACK
6
CONTINUOUS
10
0.5160020472440945
20
0.6158835039370079
11
0.5213498425196851
21
0.6180986220472441
0
LINE
8
BLACK
6
CONTINUOUS
10
0.5213498425196851
20
0.6180986220472441
11
0.5270270472440944
21
0.6192279133858267
0
LINE
8
BLACK
6
CONTINUOUS
10
0.5270270472440944
20
0.6192279133858267
11
0.5328154724409448
21
0.6192279133858267
0
LINE
8
BLACK
6
CONTINUOUS
10
0.5328154724409448
20
0.6192279133858267
11
0.5384926771653543
21
0.6180986220472441
0
LINE
8
BLACK
6
CONTINUOUS
10
0.175
20
0.5527165354330709
11
0.215
21
0.5527165354330709
0
LINE
8
BLACK
6
CONTINUOUS
10
0.215
20
0.5527165354330709
11
0.215
21
0.5649999999999999
0
LINE
8
BLACK
6
CONTINUOUS
10
0.215
20
0.5649999999999999
11
0.275
21
0.5649999999999999
0
LINE
8
BLACK
6
CONTINUOUS
10
0.275
20
0.5649999999999999
11
0.275
21
0.5527165354330709
0
LINE
8
BLACK
6
CONTINUOUS
10
0.275
20
0.5527165354330709
11
0.3875
21
0.5527165354330709
0
LINE
8
BLACK
6
CONTINUOUS
10
0.3875
20
0.5527165354330709
11
0.3898124803149606
21
0.5525649606299212
0
LINE
8
BLACK
6
CONTINUOUS
10
0.3898124803149606
20
0.5525649606299212
11
0.3900549212598425
21
0.5525
0
LINE
8
BLACK
6
CONTINUOUS
10
0.3900549212598425
20
0.5525
11
0.415
21
0.5525
0
LINE
8
BLACK
6
CONTINUOUS
10
0.415
20
0.5525
11
0.415
21
0.5175
0
LINE
8
BLACK
6
CONTINUOUS
10
0.415
20
0.5175
11
0.3900549212598425
21
0.5175
0
LINE
8
BLACK
6
CONTINUOUS
10
0.3900549212598425
20
0.5175
11
0.3898124803149606
21
0.5174350393700787
0
LINE
8
BLACK
6
CONTINUOUS
10
0.3898124803149606
20
0.5174350393700787
11
0.3875
21
0.5172834645669291
0
LINE
8
BLACK
6
CONTINUOUS
10
0.3875
20
0.5172834645669291
11
0.275
21
0.5172834645669291
0
LINE
8
BLACK
6
CONTINUOUS
10
0.275
20
0.5172834645669291
11
0.275
21
0.505
0
LINE
8
BLACK
6
CONTINUOUS
10
0.275
20
0.505
11
0.215
21
0.505
0
LINE
8
BLACK
6
CONTINUOUS
10
0.215
20
0.505
11
0.215
21
0.5172834645669291
0
LINE
8
BLACK
6
CONTINUOUS
10
0.215
20
0.5172834645669291
11
0.175
21
0.5172834645669291
0
LINE
8
BLACK
6
CONTINUOUS
10
0.175
20
0.5172834645669291
11
0.175
21
0.505
0
LINE
8
BLACK
6
CONTINUOUS
10
0.175
20
0.505
11
0.115
21
0.505
0
LINE
8
BLACK
6
CONTINUOUS
10
0.115
20
0.505
11
0.115
21
0.5649999999999999
0
LINE
8
BLACK
6
CONTINUOUS
10
0.115
20
0.5649999999999999
11
0.175
21
0.5649999999999999
0
LINE
8
BLACK
6
CONTINUOUS
10
0.175
20
0.5649999999999999
11
0.175
21
0.5527165354330709
0
LINE
8
BLACK
6
CONTINUOUS
10
0.1775
20
1.4003740157480316
11
0.2175
21
1.4003740157480316
0
LINE
8
BLACK
6
CONTINUOUS
10
0.2175
20
1.4003740157480316
11
0.2175
21
1.4224999999999999
0
LINE
8
BLACK
6
CONTINUOUS
10
0.2175
20
1.4224999999999999
11
0.2775
21
1.4224999999999999
0
LINE
8
BLACK
6
CONTINUOUS
10
0.2775
20
1.4224999999999999
11
0.2775
21
1.3625
0
LINE
8
BLACK
6
CONTINUOUS
10
0.2775
20
1.3625
11
0.2553740157480315
21
1.3625
0
LINE
8
BLACK
6
CONTINUOUS
10
0.2553740157480315
20
1.3625
11
0.2553740157480315
21
1.1777588188976378
0
LINE
8
BLACK
6
CONTINUOUS
10
0.2553740157480315
20
1.1777588188976378
11
0.255222716535433
21
1.1762226771653543
0
LINE
8
BLACK
6
CONTINUOUS
10
0.255222716535433
20
1.1762226771653543
11
0.2540470078740157
21
1.1733842519685038
0
LINE
8
BLACK
6
CONTINUOUS
10
0.2540470078740157
20
1.1733842519685038
11
0.2530677559055118
21
1.1721910629921259
0
LINE
8
BLACK
6
CONTINUOUS
10
0.2530677559055118
20
1.1721910629921259
11
0.231399842519685
21
1.1505231496062991
0
LINE
8
BLACK
6
CONTINUOUS
10
0.231399842519685
20
1.1505231496062991
11
0.3405677952755906
21
1.0413552362204723
0
LINE
8
BLACK
6
CONTINUOUS
10
0.3405677952755906
20
1.0413552362204723
11
0.3415470078740158
21
1.0401620472440944
0
LINE
8
BLACK
6
CONTINUOUS
10
0.3415470078740158
20
1.0401620472440944
11
0.3427227165354331
21
1.0373236220472442
0
LINE
8
BLACK
6
CONTINUOUS
10
0.3427227165354331
20
1.0373236220472442
11
0.3428740157480315
21
1.0357874803149607
0
LINE
8
BLACK
6
CONTINUOUS
10
0.3428740157480315
20
1.0357874803149607
11
0.3428740157480315
21
0.8574149606299213
0
LINE
8
BLACK
6
CONTINUOUS
10
0.3428740157480315
20
0.8574149606299213
11
0.3791669291338582
21
0.8211220866141732
0
LINE
8
BLACK
6
CONTINUOUS
10
0.3791669291338582
20
0.8211220866141732
11
0.4275984645669291
21
0.8211220866141732
0
LINE
8
BLACK
6
CONTINUOUS
10
0.4275984645669291
20
0.8211220866141732
11
0.4291346062992126
21
0.8209707874015748
0
LINE
8
BLACK
6
CONTINUOUS
10
0.4291346062992126
20
0.8209707874015748
11
0.431973031496063
21
0.8197950787401574
0
LINE
8
BLACK
6
CONTINUOUS
10
0.431973031496063
20
0.8197950787401574
11
0.4331662204724409
21
0.8188158267716535
0
LINE
8
BLACK
6
CONTINUOUS
10
0.4331662204724409
20
0.8188158267716535
11
0.4705677559055118
21
0.7814143307086614
0
LINE
8
BLACK
6
CONTINUOUS
10
0.4705677559055118
20
0.7814143307086614
11
0.4715470078740157
21
0.7802211023622047
0
LINE
8
BLACK
6
CONTINUOUS
10
0.4715470078740157
20
0.7802211023622047
11
0.4727227165354331
21
0.7773826771653544
0
LINE
8
BLACK
6
CONTINUOUS
10
0.4727227165354331
20
0.7773826771653544
11
0.4728740157480315
21
0.7758465354330708
0
LINE
8
BLACK
6
CONTINUOUS
10
0.4728740157480315
20
0.7758465354330708
11
0.4728740157480315
21
0.7199149606299212
0
LINE
8
BLACK
6
CONTINUOUS
10
0.4728740157480315
20
0.7199149606299212
11
0.5515206692913386
21
0.6412683070866142
0
LINE
8
BLACK
6
CONTINUOUS
10
0.5515206692913386
20
0.6412683070866142
11
0.576526968503937
21
0.6412683070866142
0
LINE
8
BLACK
6
CONTINUOUS
10
0.576526968503937
20
0.6412683070866142
11
0.5780631102362205
21
0.6411170078740157
0
LINE
8
BLACK
6
CONTINUOUS
10
0.5780631102362205
20
0.6411170078740157
11
0.5809015354330709
21
0.6399412992125985
0
LINE
8
BLACK
6
CONTINUOUS
10
0.5809015354330709
20
0.6399412992125985
11
0.5820947244094488
21
0.6389620472440944
0
LINE
8
BLACK
6
CONTINUOUS
10
0.5820947244094488
20
0.6389620472440944
11
0.5961189763779527
21
0.6249378346456693
0
LINE
8
BLACK
6
CONTINUOUS
10
0.5961189763779527
20
0.6249378346456693
11
0.5961191338582678
21
0.6249375984251968
0
LINE
8
BLACK
6
CONTINUOUS
10
0.5961191338582678
20
0.6249375984251968
11
0.6055683070866141
21
0.6154884645669291
0
LINE
8
BLACK
6
CONTINUOUS
10
0.6055683070866141
20
0.6154884645669291
11
0.6061595275590551
21
0.6158835039370079
0
LINE
8
BLACK
6
CONTINUOUS
10
0.6061595275590551
20
0.6158835039370079
11
0.6115073228346457
21
0.6180986220472441
0
LINE
8
BLACK
6
CONTINUOUS
10
0.6115073228346457
20
0.6180986220472441
11
0.6171845275590551
21
0.6192279133858267
0
LINE
8
BLACK
6
CONTINUOUS
10
0.6171845275590551
20
0.6192279133858267
11
0.6229729527559055
21
0.6192279133858267
0
LINE
8
BLACK
6
CONTINUOUS
10
0.6229729527559055
20
0.6192279133858267
11
0.6286501574803149
21
0.6180986220472441
0
LINE
8
BLACK
6
CONTINUOUS
10
0.6286501574803149
20
0.6180986220472441
11
0.6339979527559055
21
0.6158835039370079
0
LINE
8
BLACK
6
CONTINUOUS
10
0.6339979527559055
20
0.6158835039370079
11
0.6388108267716536
21
0.6126676377952756
0
LINE
8
BLACK
6
CONTINUOUS
10
0.6388108267716536
20
0.6126676377952756
11
0.6429038582677166
21
0.6085746062992126
0
LINE
8
BLACK
6
CONTINUOUS
10
0.6429038582677166
20
0.6085746062992126
11
0.6461197244094488
21
0.6037617322834645
0
LINE
8
BLACK
6
CONTINUOUS
10
0.6461197244094488
20
0.6037617322834645
11
0.648334842519685
21
0.598413937007874
0
LINE
8
BLACK
6
CONTINUOUS
10
0.648334842519685
20
0.598413937007874
11
0.6494641338582677
21
0.5927367322834646
0
LINE
8
BLACK
6
CONTINUOUS
10
0.6494641338582677
20
0.5927367322834646
11
0.6494641338582677
21
0.5869483070866142
0
LINE
8
BLACK
6
CONTINUOUS
10
0.6494641338582677
20
0.5869483070866142
11
0.648334842519685
21
0.5812711023622047
0
LINE
8
BLACK
6
CONTINUOUS
10
0.648334842519685
20
0.5812711023622047
11
0.6461197244094488
21
0.5759233070866142
0
LINE
8
BLACK
6
CONTINUOUS
10
0.6461197244094488
20
0.5759233070866142
11
0.6429038582677166
21
0.5711104330708662
0
LINE
8
BLACK
6
CONTINUOUS
10
0.6429038582677166
20
0.5711104330708662
11
0.6388108267716536
21
0.5670174015748032
0
LINE
8
BLACK
6
CONTINUOUS
10
0.6388108267716536
20
0.5670174015748032
11
0.6339979527559055
21
0.5638015354330709
0
LINE
8
BLACK
6
CONTINUOUS
10
0.6339979527559055
20
0.5638015354330709
11
0.6286501574803149
21
0.5615864173228347
0
LINE
8
BLACK
6
CONTINUOUS
10
0.6286501574803149
20
0.5615864173228347
11
0.6229729527559055
21
0.5604571259842519
0
LINE
8
BLACK
6
CONTINUOUS
10
0.6229729527559055
20
0.5604571259842519
11
0.6171845275590551
21
0.5604571259842519
0
LINE
8
BLACK
6
CONTINUOUS
10
0.6171845275590551
20
0.5604571259842519
11
0.6115073228346457
21
0.5615864173228347
0
LINE
8
BLACK
6
CONTINUOUS
10
0.6115073228346457
20
0.5615864173228347
11
0.6061595275590551
21
0.5638015354330709
0
LINE
8
BLACK
6
CONTINUOUS
10
0.6061595275590551
20
0.5638015354330709
11
0.6013466535433071
21
0.5670174015748032
0
LINE
8
BLACK
6
CONTINUOUS
10
0.6013466535433071
20
0.5670174015748032
11
0.5972536220472441
21
0.5711104330708662
0
LINE
8
BLACK
6
CONTINUOUS
10
0.5972536220472441
20
0.5711104330708662
11
0.5940377559055118
21
0.5759233070866142
0
LINE
8
BLACK
6
CONTINUOUS
10
0.5940377559055118
20
0.5759233070866142
11
0.5918226377952756
21
0.5812711023622047
0
LINE
8
BLACK
6
CONTINUOUS
10
0.5918226377952756
20
0.5812711023622047
11
0.5906933464566929
21
0.5869483070866142
0
LINE
8
BLACK
6
CONTINUOUS
10
0.5906933464566929
20
0.5869483070866142
11
0.5906933464566929
21
0.5927367322834646
0
LINE
8
BLACK
6
CONTINUOUS
10
0.5906933464566929
20
0.5927367322834646
11
0.5918226377952756
21
0.598413937007874
0
LINE
8
BLACK
6
CONTINUOUS
10
0.5918226377952756
20
0.598413937007874
11
0.5940377559055118
21
0.6037617322834645
0
LINE
8
BLACK
6
CONTINUOUS
10
0.5940377559055118
20
0.6037617322834645
11
0.5944327559055118
21
0.6043529133858268
0
LINE
8
BLACK
6
CONTINUOUS
10
0.5944327559055118
20
0.6043529133858268
11
0.5849836220472441
21
0.6138020866141732
0
LINE
8
BLACK
6
CONTINUOUS
10
0.5849836220472441
20
0.6138020866141732
11
0.5849834251968504
21
0.6138022834645669
0
LINE
8
BLACK
6
CONTINUOUS
10
0.5849834251968504
20
0.6138022834645669
11
0.5732654724409448
21
0.6255202755905511
0
LINE
8
BLACK
6
CONTINUOUS
10
0.5732654724409448
20
0.6255202755905511
11
0.5482591732283465
21
0.6255202755905511
0
LINE
8
BLACK
6
CONTINUOUS
10
0.5482591732283465
20
0.6255202755905511
11
0.5467230314960629
21
0.6256715748031496
0
LINE
8
BLACK
6
CONTINUOUS
10
0.5467230314960629
20
0.6256715748031496
11
0.5438846062992125
21
0.6268472834645669
0
LINE
8
BLACK
6
CONTINUOUS
10
0.5438846062992125
20
0.6268472834645669
11
0.5426914173228347
21
0.6278265354330709
0
LINE
8
BLACK
6
CONTINUOUS
10
0.5426914173228347
20
0.6278265354330709
11
0.4594322440944882
21
0.7110857086614173
0
LINE
8
BLACK
6
CONTINUOUS
10
0.4594322440944882
20
0.7110857086614173
11
0.4584529921259842
21
0.7122788976377953
0
LINE
8
BLACK
6
CONTINUOUS
10
0.4584529921259842
20
0.7122788976377953
11
0.4572772834645669
21
0.7151173228346457
0
LINE
8
BLACK
6
CONTINUOUS
10
0.4572772834645669
20
0.7151173228346457
11
0.4571259842519685
21
0.7166534645669291
0
LINE
8
BLACK
6
CONTINUOUS
10
0.4571259842519685
20
0.7166534645669291
11
0.4571259842519685
21
0.772585
0
LINE
8
BLACK
6
CONTINUOUS
10
0.4571259842519685
20
0.772585
11
0.424336968503937
21
0.8053740551181102
0
LINE
8
BLACK
6
CONTINUOUS
10
0.424336968503937
20
0.8053740551181102
11
0.3759053937007874
21
0.8053740551181102
0
LINE
8
BLACK
6
CONTINUOUS
10
0.3759053937007874
20
0.8053740551181102
11
0.3743692519685039
21
0.8055253543307086
0
LINE
8
BLACK
6
CONTINUOUS
10
0.3743692519685039
20
0.8055253543307086
11
0.3715308267716536
21
0.806701062992126
0
LINE
8
BLACK
6
CONTINUOUS
10
0.3715308267716536
20
0.806701062992126
11
0.3703376377952756
21
0.8076802755905511
0
LINE
8
BLACK
6
CONTINUOUS
10
0.3703376377952756
20
0.8076802755905511
11
0.3294322440944882
21
0.8485857086614172
0
LINE
8
BLACK
6
CONTINUOUS
10
0.3294322440944882
20
0.8485857086614172
11
0.3284529921259842
21
0.8497788976377952
0
LINE
8
BLACK
6
CONTINUOUS
10
0.3284529921259842
20
0.8497788976377952
11
0.3272772834645669
21
0.8526173228346456
0
LINE
8
BLACK
6
CONTINUOUS
10
0.3272772834645669
20
0.8526173228346456
11
0.3271259842519685
21
0.8541534645669291
0
LINE
8
BLACK
6
CONTINUOUS
10
0.3271259842519685
20
0.8541534645669291
11
0.3271259842519685
21
1.0325259448818898
0
LINE
8
BLACK
6
CONTINUOUS
10
0.3271259842519685
20
1.0325259448818898
11
0.2170028346456693
21
1.1426491338582676
0
LINE
8
BLACK
6
CONTINUOUS
10
0.2170028346456693
20
1.1426491338582676
11
0.1959390157480315
21
1.1426491338582676
0
LINE
8
BLACK
6
CONTINUOUS
10
0.1959390157480315
20
1.1426491338582676
11
0.1935204330708661
21
1.1416473228346455
0
LINE
8
BLACK
6
CONTINUOUS
10
0.1935204330708661
20
1.1416473228346455
11
0.1919842913385827
21
1.1414960236220473
0
LINE
8
BLACK
6
CONTINUOUS
10
0.1919842913385827
20
1.1414960236220473
11
0.1793858267716535
21
1.1414960236220473
0
LINE
8
BLACK
6
CONTINUOUS
10
0.1793858267716535
20
1.1414960236220473
11
0.1793858267716535
21
1.1395275590551182
0
LINE
8
BLACK
6
CONTINUOUS
10
0.1793858267716535
20
1.1395275590551182
11
0.1203307086614173
21
1.1395275590551182
0
LINE
8
BLACK
6
CONTINUOUS
10
0.1203307086614173
20
1.1395275590551182
11
0.1203307086614173
21
1.157244094488189
0
LINE
8
BLACK
6
CONTINUOUS
10
0.1203307086614173
20
1.157244094488189
11
0.1793858267716535
21
1.157244094488189
0
LINE
8
BLACK
6
CONTINUOUS
10
0.1793858267716535
20
1.157244094488189
11
0.1793858267716535
21
1.1572440551181102
0
LINE
8
BLACK
6
CONTINUOUS
10
0.1793858267716535
20
1.1572440551181102
11
0.1891826771653543
21
1.1572440551181102
0
LINE
8
BLACK
6
CONTINUOUS
10
0.1891826771653543
20
1.1572440551181102
11
0.1916012598425197
21
1.1582458661417323
0
LINE
8
BLACK
6
CONTINUOUS
10
0.1916012598425197
20
1.1582458661417323
11
0.1931374015748031
21
1.1583971653543306
0
LINE
8
BLACK
6
CONTINUOUS
10
0.1931374015748031
20
1.1583971653543306
11
0.2170028346456693
21
1.1583971653543306
0
LINE
8
BLACK
6
CONTINUOUS
10
0.2170028346456693
20
1.1583971653543306
11
0.2396259842519685
21
1.18102031496063
0
LINE
8
BLACK
6
CONTINUOUS
10
0.2396259842519685
20
1.18102031496063
11
0.2396259842519685
21
1.3625
0
LINE
8
BLACK
6
CONTINUOUS
10
0.2396259842519685
20
1.3625
11
0.2175
21
1.3625
0
LINE
8
BLACK
6
CONTINUOUS
10
0.2175
20
1.3625
11
0.2175
21
1.3846259842519684
0
LINE
8
BLACK
6
CONTINUOUS
10
0.2175
20
1.3846259842519684
11
0.1775
21
1.3846259842519684
0
LINE
8
BLACK
6
CONTINUOUS
10
0.1775
20
1.3846259842519684
11
0.1775
21
1.3625
0
LINE
8
BLACK
6
CONTINUOUS
10
0.1775
20
1.3625
11
0.1175
21
1.3625
0
LINE
8
BLACK
6
CONTINUOUS
10
0.1175
20
1.3625
11
0.1175
21
1.4224999999999999
0
LINE
8
BLACK
6
CONTINUOUS
10
0.1175
20
1.4224999999999999
11
0.1775
21
1.4224999999999999
0
LINE
8
BLACK
6
CONTINUOUS
10
0.1775
20
1.4224999999999999
11
0.1775
21
1.4003740157480316
0
LINE
8
BLACK
6
CONTINUOUS
10
0.4163
20
0.6513
11
0.3880033070866142
21
0.6513
0
LINE
8
BLACK
6
CONTINUOUS
10
0.3880033070866142
20
0.6513
11
0.3754533070866142
21
0.63875
0
LINE
8
BLACK
6
CONTINUOUS
10
0.3754533070866142
20
0.63875
11
0.3867033070866142
21
0.6274999999999999
0
LINE
8
BLACK
6
CONTINUOUS
10
0.3867033070866142
20
0.6274999999999999
11
0.415
21
0.6274999999999999
0
LINE
8
BLACK
6
CONTINUOUS
10
0.415
20
0.6274999999999999
11
0.415
21
0.5925
0
LINE
8
BLACK
6
CONTINUOUS
10
0.415
20
0.5925
11
0.36
21
0.5925
0
LINE
8
BLACK
6
CONTINUOUS
10
0.36
20
0.5925
11
0.36
21
0.6207966929133858
0
LINE
8
BLACK
6
CONTINUOUS
10
0.36
20
0.6207966929133858
11
0.3576077165354331
21
0.6231889763779528
0
LINE
8
BLACK
6
CONTINUOUS
10
0.3576077165354331
20
0.6231889763779528
11
0.355
21
0.6231889763779528
0
LINE
8
BLACK
6
CONTINUOUS
10
0.355
20
0.6231889763779528
11
0.3426
21
0.6231889763779528
0
LINE
8
BLACK
6
CONTINUOUS
10
0.3426
20
0.6231889763779528
11
0.275
21
0.6231889763779528
0
LINE
8
BLACK
6
CONTINUOUS
10
0.275
20
0.6231889763779528
11
0.275
21
0.605
0
LINE
8
BLACK
6
CONTINUOUS
10
0.275
20
0.605
11
0.215
21
0.605
0
LINE
8
BLACK
6
CONTINUOUS
10
0.215
20
0.605
11
0.215
21
0.6231889763779528
0
LINE
8
BLACK
6
CONTINUOUS
10
0.215
20
0.6231889763779528
11
0.175
21
0.6231889763779528
0
LINE
8
BLACK
6
CONTINUOUS
10
0.175
20
0.6231889763779528
11
0.175
21
0.605
0
LINE
8
BLACK
6
CONTINUOUS
10
0.175
20
0.605
11
0.115
21
0.605
0
LINE
8
BLACK
6
CONTINUOUS
10
0.115
20
0.605
11
0.115
21
0.665
0
LINE
8
BLACK
6
CONTINUOUS
10
0.115
20
0.665
11
0.175
21
0.665
0
LINE
8
BLACK
6
CONTINUOUS
10
0.175
20
0.665
11
0.175
21
0.6468110236220472
0
LINE
8
BLACK
6
CONTINUOUS
10
0.175
20
0.6468110236220472
11
0.215
21
0.6468110236220472
0
LINE
8
BLACK
6
CONTINUOUS
10
0.215
20
0.6468110236220472
11
0.215
21
0.665
0
LINE
8
BLACK
6
CONTINUOUS
10
0.215
20
0.665
11
0.275
21
0.665
0
LINE
8
BLACK
6
CONTINUOUS
10
0.275
20
0.665
11
0.275
21
0.6468110236220472
0
LINE
8
BLACK
6
CONTINUOUS
10
0.275
20
0.6468110236220472
11
0.3426
21
0.6468110236220472
0
LINE
8
BLACK
6
CONTINUOUS
10
0.3426
20
0.6468110236220472
11
0.350107716535433
21
0.6468110236220472
0
LINE
8
BLACK
6
CONTINUOUS
10
0.350107716535433
20
0.6468110236220472
11
0.3613
21
0.6580033070866141
0
LINE
8
BLACK
6
CONTINUOUS
10
0.3613
20
0.6580033070866141
11
0.3613
21
0.6863
0
LINE
8
BLACK
6
CONTINUOUS
10
0.3613
20
0.6863
11
0.4163
21
0.6863
0
LINE
8
BLACK
6
CONTINUOUS
10
0.4163
20
0.6863
11
0.4163
21
0.6513
0
LINE
8
BLACK
6
CONTINUOUS
10
0.4912
20
0.8835499999999999
11
0.4794
21
0.8835499999999999
0
LINE
8
BLACK
6
CONTINUOUS
10
0.4794
20
0.8835499999999999
11
0.4794
21
0.90125
0
LINE
8
BLACK
6
CONTINUOUS
10
0.4794
20
0.90125
11
0.4912
21
0.90125
0
LINE
8
BLACK
6
CONTINUOUS
10
0.4912
20
0.90125
11
0.4912
21
0.8835499999999999
0
LINE
8
BLACK
6
CONTINUOUS
10
0.427772125984252
20
1.0221988582677166
11
0.428030748031496
21
1.0219580708661418
0
LINE
8
BLACK
6
CONTINUOUS
10
0.428030748031496
20
1.0219580708661418
11
0.4426076377952756
21
1.0073812204724408
0
LINE
8
BLACK
6
CONTINUOUS
10
0.4426076377952756
20
1.0073812204724408
11
0.4552735039370079
21
0.9947153543307087
0
LINE
8
BLACK
6
CONTINUOUS
10
0.4552735039370079
20
0.9947153543307087
11
0.4566130708661417
21
0.9922621259842519
0
LINE
8
BLACK
6
CONTINUOUS
10
0.4566130708661417
20
0.9922621259842519
11
0.4564136614173228
21
0.9894740944881889
0
LINE
8
BLACK
6
CONTINUOUS
10
0.4564136614173228
20
0.9894740944881889
11
0.4563489763779527
21
0.9893097244094488
0
LINE
8
BLACK
6
CONTINUOUS
10
0.4563489763779527
20
0.9893097244094488
11
0.4555632283464567
21
0.9874127952755906
0
LINE
8
BLACK
6
CONTINUOUS
10
0.4555632283464567
20
0.9874127952755906
11
0.4550749212598425
21
0.984957874015748
0
LINE
8
BLACK
6
CONTINUOUS
10
0.4550749212598425
20
0.984957874015748
11
0.4545866141732283
21
0.9825030708661417
0
LINE
8
BLACK
6
CONTINUOUS
10
0.4545866141732283
20
0.9825030708661417
11
0.4545866141732283
21
0.9774968897637795
0
LINE
8
BLACK
6
CONTINUOUS
10
0.4545866141732283
20
0.9774968897637795
11
0.455220748031496
21
0.9743089763779528
0
LINE
8
BLACK
6
CONTINUOUS
10
0.455220748031496
20
0.9743089763779528
11
0.4555632283464567
21
0.9725872047244094
0
LINE
8
BLACK
6
CONTINUOUS
10
0.4555632283464567
20
0.9725872047244094
11
0.4558396062992126
21
0.97192
0
LINE
8
BLACK
6
CONTINUOUS
10
0.4558396062992126
20
0.97192
11
0.4574789763779528
21
0.9679622440944882
0
LINE
8
BLACK
6
CONTINUOUS
10
0.4574789763779528
20
0.9679622440944882
11
0.4602600393700788
21
0.9638000787401575
0
LINE
8
BLACK
6
CONTINUOUS
10
0.4602600393700788
20
0.9638000787401575
11
0.4602602362204724
21
0.9637998031496062
0
LINE
8
BLACK
6
CONTINUOUS
10
0.4602602362204724
20
0.9637998031496062
11
0.4637998031496063
21
0.9602602362204724
0
LINE
8
BLACK
6
CONTINUOUS
10
0.4637998031496063
20
0.9602602362204724
11
0.4638000787401575
21
0.96026
0
LINE
8
BLACK
6
CONTINUOUS
10
0.4638000787401575
20
0.96026
11
0.468164842519685
21
0.9573435826771654
0
LINE
8
BLACK
6
CONTINUOUS
10
0.468164842519685
20
0.9573435826771654
11
0.4681422834645669
21
0.957309842519685
0
LINE
8
BLACK
6
CONTINUOUS
10
0.4681422834645669
20
0.957309842519685
11
0.4688665354330708
21
0.956497716535433
0
LINE
8
BLACK
6
CONTINUOUS
10
0.4688665354330708
20
0.956497716535433
11
0.4697526771653543
21
0.9556249606299212
0
LINE
8
BLACK
6
CONTINUOUS
10
0.4697526771653543
20
0.9556249606299212
11
0.4698206299212598
21
0.955427874015748
0
LINE
8
BLACK
6
CONTINUOUS
10
0.4698206299212598
20
0.955427874015748
11
0.4698994488188976
21
0.9553395669291338
0
LINE
8
BLACK
6
CONTINUOUS
10
0.4698994488188976
20
0.9553395669291338
11
0.4703165748031496
21
0.9539906299212598
0
LINE
8
BLACK
6
CONTINUOUS
10
0.4703165748031496
20
0.9539906299212598
11
0.4714452362204724
21
0.9468647244094488
0
LINE
8
BLACK
6
CONTINUOUS
10
0.4714452362204724
20
0.9468647244094488
11
0.4715062992125984
21
0.9460887007874016
0
LINE
8
BLACK
6
CONTINUOUS
10
0.4715062992125984
20
0.9460887007874016
11
0.4715062992125984
21
0.9379724015748031
0
LINE
8
BLACK
6
CONTINUOUS
10
0.4715062992125984
20
0.9379724015748031
11
0.4719642519685039
21
0.9356701181102361
0
LINE
8
BLACK
6
CONTINUOUS
10
0.4719642519685039
20
0.9356701181102361
11
0.4719642913385826
21
0.93567
0
LINE
8
BLACK
6
CONTINUOUS
10
0.4719642913385826
20
0.93567
11
0.4737089763779527
21
0.9330589763779528
0
LINE
8
BLACK
6
CONTINUOUS
10
0.4737089763779527
20
0.9330589763779528
11
0.47632
21
0.9313142913385827
0
LINE
8
BLACK
6
CONTINUOUS
10
0.47632
20
0.9313142913385827
11
0.4763201181102362
21
0.9313142519685039
0
LINE
8
BLACK
6
CONTINUOUS
10
0.4763201181102362
20
0.9313142519685039
11
0.4786224015748031
21
0.9308562992125984
0
LINE
8
BLACK
6
CONTINUOUS
10
0.4786224015748031
20
0.9308562992125984
11
0.4786225196850394
21
0.9308562992125984
0
LINE
8
BLACK
6
CONTINUOUS
10
0.4786225196850394
20
0.9308562992125984
11
0.4919775590551181
21
0.9308562992125984
0
LINE
8
BLACK
6
CONTINUOUS
10
0.4919775590551181
20
0.9308562992125984
11
0.494279842519685
21
0.9313142519685039
0
LINE
8
BLACK
6
CONTINUOUS
10
0.494279842519685
20
0.9313142519685039
11
0.4942799606299212
21
0.9313142913385827
0
LINE
8
BLACK
6
CONTINUOUS
10
0.4942799606299212
20
0.9313142913385827
11
0.4946132283464567
21
0.931536968503937
0
LINE
8
BLACK
6
CONTINUOUS
10
0.4946132283464567
20
0.931536968503937
11
0.4968910236220472
21
0.9330589763779528
0
LINE
8
BLACK
6
CONTINUOUS
10
0.4968910236220472
20
0.9330589763779528
11
0.4986357086614173
21
0.9356700393700788
0
LINE
8
BLACK
6
CONTINUOUS
10
0.4986357086614173
20
0.9356700393700788
11
0.4990937007874016
21
0.9379725196850394
0
LINE
8
BLACK
6
CONTINUOUS
10
0.4990937007874016
20
0.9379725196850394
11
0.4990937007874016
21
0.9465644094488189
0
LINE
8
BLACK
6
CONTINUOUS
10
0.4990937007874016
20
0.9465644094488189
11
0.4991677952755905
21
0.946816811023622
0
LINE
8
BLACK
6
CONTINUOUS
10
0.4991677952755905
20
0.946816811023622
11
0.4991208661417323
21
0.947082874015748
0
LINE
8
BLACK
6
CONTINUOUS
10
0.4991208661417323
20
0.947082874015748
11
0.4992135039370079
21
0.9479644094488189
0
LINE
8
BLACK
6
CONTINUOUS
10
0.4992135039370079
20
0.9479644094488189
11
0.4992134645669291
21
0.9479646062992125
0
LINE
8
BLACK
6
CONTINUOUS
10
0.4992134645669291
20
0.9479646062992125
11
0.4991548031496063
21
0.9483351968503937
0
LINE
8
BLACK
6
CONTINUOUS
10
0.4991548031496063
20
0.9483351968503937
11
0.4990937007874016
21
0.9491112598425197
0
LINE
8
BLACK
6
CONTINUOUS
10
0.4990937007874016
20
0.9491112598425197
11
0.4990937007874016
21
0.9564903543307086
0
LINE
8
BLACK
6
CONTINUOUS
10
0.4990937007874016
20
0.9564903543307086
11
0.4998811811023622
21
0.959172283464567
0
LINE
8
BLACK
6
CONTINUOUS
10
0.4998811811023622
20
0.959172283464567
11
0.5019936220472441
21
0.961002716535433
0
LINE
8
BLACK
6
CONTINUOUS
10
0.5019936220472441
20
0.961002716535433
11
0.5047603149606299
21
0.9614005118110236
0
LINE
8
BLACK
6
CONTINUOUS
10
0.5047603149606299
20
0.9614005118110236
11
0.5073028346456693
21
0.9602393307086614
0
LINE
8
BLACK
6
CONTINUOUS
10
0.5073028346456693
20
0.9602393307086614
11
0.5075620078740157
21
0.959998031496063
0
LINE
8
BLACK
6
CONTINUOUS
10
0.5075620078740157
20
0.959998031496063
11
0.5082996850393701
21
0.9592603149606299
0
LINE
8
BLACK
6
CONTINUOUS
10
0.5082996850393701
20
0.9592603149606299
11
0.5083000393700787
21
0.95926
0
LINE
8
BLACK
6
CONTINUOUS
10
0.5083000393700787
20
0.95926
11
0.5086961811023621
21
0.9589953543307086
0
LINE
8
BLACK
6
CONTINUOUS
10
0.5086961811023621
20
0.9589953543307086
11
0.5104885826771653
21
0.9568505511811023
0
LINE
8
BLACK
6
CONTINUOUS
10
0.5104885826771653
20
0.9568505511811023
11
0.5109007874015747
21
0.9548707874015748
0
LINE
8
BLACK
6
CONTINUOUS
10
0.5109007874015747
20
0.9548707874015748
11
0.5109007874015747
21
0.9455007086614173
0
LINE
8
BLACK
6
CONTINUOUS
10
0.5109007874015747
20
0.9455007086614173
11
0.5109062992125984
21
0.9454165354330708
0
LINE
8
BLACK
6
CONTINUOUS
10
0.5109062992125984
20
0.9454165354330708
11
0.5109062992125984
21
0.9379724015748031
0
LINE
8
BLACK
6
CONTINUOUS
10
0.5109062992125984
20
0.9379724015748031
11
0.5113642519685039
21
0.9356701181102361
0
LINE
8
BLACK
6
CONTINUOUS
10
0.5113642519685039
20
0.9356701181102361
11
0.5113642913385826
21
0.93567
0
LINE
8
BLACK
6
CONTINUOUS
10
0.5113642913385826
20
0.93567
11
0.5131089763779527
21
0.9330589763779528
0
LINE
8
BLACK
6
CONTINUOUS
10
0.5131089763779527
20
0.9330589763779528
11
0.51572
21
0.9313142913385827
0
LINE
8
BLACK
6
CONTINUOUS
10
0.51572
20
0.9313142913385827
11
0.5157201181102362
21
0.9313142519685039
0
LINE
8
BLACK
6
CONTINUOUS
10
0.5157201181102362
20
0.9313142519685039
11
0.5180224015748032
21
0.9308562992125984
0
LINE
8
BLACK
6
CONTINUOUS
10
0.5180224015748032
20
0.9308562992125984
11
0.5180225196850393
21
0.9308562992125984
0
LINE
8
BLACK
6
CONTINUOUS
10
0.5180225196850393
20
0.9308562992125984
11
0.5313775590551181
21
0.9308562992125984
0
LINE
8
BLACK
6
CONTINUOUS
10
0.5313775590551181
20
0.9308562992125984
11
0.533679842519685
21
0.9313142519685039
0
LINE
8
BLACK
6
CONTINUOUS
10
0.533679842519685
20
0.9313142519685039
11
0.5336799606299213
21
0.9313142913385827
0
LINE
8
BLACK
6
CONTINUOUS
10
0.5336799606299213
20
0.9313142913385827
11
0.5362910236220473
21
0.9330589763779528
0
LINE
8
BLACK
6
CONTINUOUS
10
0.5362910236220473
20
0.9330589763779528
11
0.5371155511811023
21
0.9342929527559055
0
LINE
8
BLACK
6
CONTINUOUS
10
0.5371155511811023
20
0.9342929527559055
11
0.5392603149606299
21
0.9360853937007874
0
LINE
8
BLACK
6
CONTINUOUS
10
0.5392603149606299
20
0.9360853937007874
11
0.5420337007874015
21
0.9364337007874015
0
LINE
8
BLACK
6
CONTINUOUS
10
0.5420337007874015
20
0.9364337007874015
11
0.5445551181102362
21
0.9352273622047244
0
LINE
8
BLACK
6
CONTINUOUS
10
0.5445551181102362
20
0.9352273622047244
11
0.5460240551181103
21
0.9328493307086614
0
LINE
8
BLACK
6
CONTINUOUS
10
0.5460240551181103
20
0.9328493307086614
11
0.5462007874015747
21
0.931536968503937
0
LINE
8
BLACK
6
CONTINUOUS
10
0.5462007874015747
20
0.931536968503937
11
0.5462007874015747
21
0.9084629921259842
0
LINE
8
BLACK
6
CONTINUOUS
10
0.5462007874015747
20
0.9084629921259842
11
0.5454133070866142
21
0.905781062992126
0
LINE
8
BLACK
6
CONTINUOUS
10
0.5454133070866142
20
0.905781062992126
11
0.5433008661417322
21
0.9039506299212599
0
LINE
8
BLACK
6
CONTINUOUS
10
0.5433008661417322
20
0.9039506299212599
11
0.5405341732283464
21
0.9035528346456693
0
LINE
8
BLACK
6
CONTINUOUS
10
0.5405341732283464
20
0.9035528346456693
11
0.537991653543307
21
0.9047140157480315
0
LINE
8
BLACK
6
CONTINUOUS
10
0.537991653543307
20
0.9047140157480315
11
0.5371156692913386
21
0.9057068503937008
0
LINE
8
BLACK
6
CONTINUOUS
10
0.5371156692913386
20
0.9057068503937008
11
0.5362910236220473
21
0.9069410236220472
0
LINE
8
BLACK
6
CONTINUOUS
10
0.5362910236220473
20
0.9069410236220472
11
0.5336799606299213
21
0.9086857086614173
0
LINE
8
BLACK
6
CONTINUOUS
10
0.5336799606299213
20
0.9086857086614173
11
0.5313774803149606
21
0.9091437007874016
0
LINE
8
BLACK
6
CONTINUOUS
10
0.5313774803149606
20
0.9091437007874016
11
0.5180225196850393
21
0.9091437007874016
0
LINE
8
BLACK
6
CONTINUOUS
10
0.5180225196850393
20
0.9091437007874016
11
0.5157200393700787
21
0.9086857086614173
0
LINE
8
BLACK
6
CONTINUOUS
10
0.5157200393700787
20
0.9086857086614173
11
0.5131089763779527
21
0.9069410236220472
0
LINE
8
BLACK
6
CONTINUOUS
10
0.5131089763779527
20
0.9069410236220472
11
0.5122903149606299
21
0.9057158267716535
0
LINE
8
BLACK
6
CONTINUOUS
10
0.5122903149606299
20
0.9057158267716535
11
0.5113642913385826
21
0.9043299606299212
0
LINE
8
BLACK
6
CONTINUOUS
10
0.5113642913385826
20
0.9043299606299212
11
0.5113642519685039
21
0.9043298425196851
0
LINE
8
BLACK
6
CONTINUOUS
10
0.5113642519685039
20
0.9043298425196851
11
0.5109062992125984
21
0.9020275590551181
0
LINE
8
BLACK
6
CONTINUOUS
10
0.5109062992125984
20
0.9020275590551181
11
0.5109062992125984
21
0.8827724015748031
0
LINE
8
BLACK
6
CONTINUOUS
10
0.5109062992125984
20
0.8827724015748031
11
0.5113642519685039
21
0.8804701181102362
0
LINE
8
BLACK
6
CONTINUOUS
10
0.5113642519685039
20
0.8804701181102362
11
0.5113642913385826
21
0.88047
0
LINE
8
BLACK
6
CONTINUOUS
10
0.5113642913385826
20
0.88047
11
0.5131089763779527
21
0.8778589763779527
0
LINE
8
BLACK
6
CONTINUOUS
10
0.5131089763779527
20
0.8778589763779527
11
0.51572
21
0.8761142913385827
0
LINE
8
BLACK
6
CONTINUOUS
10
0.51572
20
0.8761142913385827
11
0.5157201181102362
21
0.8761142519685039
0
LINE
8
BLACK
6
CONTINUOUS
10
0.5157201181102362
20
0.8761142519685039
11
0.5180224015748032
21
0.8756562992125984
0
LINE
8
BLACK
6
CONTINUOUS
10
0.5180224015748032
20
0.8756562992125984
11
0.5180225196850393
21
0.8756562992125984
0
LINE
8
BLACK
6
CONTINUOUS
10
0.5180225196850393
20
0.8756562992125984
11
0.5313775590551181
21
0.8756562992125984
0
LINE
8
BLACK
6
CONTINUOUS
10
0.5313775590551181
20
0.8756562992125984
11
0.533679842519685
21
0.8761142519685039
0
LINE
8
BLACK
6
CONTINUOUS
10
0.533679842519685
20
0.8761142519685039
11
0.5336799606299213
21
0.8761142913385827
0
LINE
8
BLACK
6
CONTINUOUS
10
0.5336799606299213
20
0.8761142913385827
11
0.5362910236220473
21
0.8778589763779527
0
LINE
8
BLACK
6
CONTINUOUS
10
0.5362910236220473
20
0.8778589763779527
11
0.5371155511811023
21
0.8790929527559055
0
LINE
8
BLACK
6
CONTINUOUS
10
0.5371155511811023
20
0.8790929527559055
11
0.5392603149606299
21
0.8808853937007873
0
LINE
8
BLACK
6
CONTINUOUS
10
0.5392603149606299
20
0.8808853937007873
11
0.5420337007874015
21
0.8812337007874016
0
LINE
8
BLACK
6
CONTINUOUS
10
0.5420337007874015
20
0.8812337007874016
11
0.5445551181102362
21
0.8800273622047244
0
LINE
8
BLACK
6
CONTINUOUS
10
0.5445551181102362
20
0.8800273622047244
11
0.5460240551181103
21
0.8776493307086614
0
LINE
8
BLACK
6
CONTINUOUS
10
0.5460240551181103
20
0.8776493307086614
11
0.5462007874015747
21
0.8763369685039369
0
LINE
8
BLACK
6
CONTINUOUS
10
0.5462007874015747
20
0.8763369685039369
11
0.5462007874015747
21
0.8528543307086613
0
LINE
8
BLACK
6
CONTINUOUS
10
0.5462007874015747
20
0.8528543307086613
11
0.5454133070866142
21
0.8501724015748031
0
LINE
8
BLACK
6
CONTINUOUS
10
0.5454133070866142
20
0.8501724015748031
11
0.5433008661417322
21
0.8483419685039369
0
LINE
8
BLACK
6
CONTINUOUS
10
0.5433008661417322
20
0.8483419685039369
11
0.541240157480315
21
0.8478937007874016
0
LINE
8
BLACK
6
CONTINUOUS
10
0.541240157480315
20
0.8478937007874016
11
0.5292225196850393
21
0.8478937007874016
0
LINE
8
BLACK
6
CONTINUOUS
10
0.5292225196850393
20
0.8478937007874016
11
0.5269200393700787
21
0.8474357086614173
0
LINE
8
BLACK
6
CONTINUOUS
10
0.5269200393700787
20
0.8474357086614173
11
0.5243089763779527
21
0.8456910236220472
0
LINE
8
BLACK
6
CONTINUOUS
10
0.5243089763779527
20
0.8456910236220472
11
0.5234224409448819
21
0.844364251968504
0
LINE
8
BLACK
6
CONTINUOUS
10
0.5234224409448819
20
0.844364251968504
11
0.5225642913385826
21
0.8430799606299212
0
LINE
8
BLACK
6
CONTINUOUS
10
0.5225642913385826
20
0.8430799606299212
11
0.522564251968504
21
0.843079842519685
0
LINE
8
BLACK
6
CONTINUOUS
10
0.522564251968504
20
0.843079842519685
11
0.5221062992125984
21
0.8407775590551181
0
LINE
8
BLACK
6
CONTINUOUS
10
0.5221062992125984
20
0.8407775590551181
11
0.5221062992125984
21
0.7792224015748032
0
LINE
8
BLACK
6
CONTINUOUS
10
0.5221062992125984
20
0.7792224015748032
11
0.522564251968504
21
0.7769201181102362
0
LINE
8
BLACK
6
CONTINUOUS
10
0.522564251968504
20
0.7769201181102362
11
0.5225642913385826
21
0.7769199999999999
0
LINE
8
BLACK
6
CONTINUOUS
10
0.5225642913385826
20
0.7769199999999999
11
0.5243089763779527
21
0.7743089763779527
0
LINE
8
BLACK
6
CONTINUOUS
10
0.5243089763779527
20
0.7743089763779527
11
0.5269199999999999
21
0.7725642913385826
0
LINE
8
BLACK
6
CONTINUOUS
10
0.5269199999999999
20
0.7725642913385826
11
0.5269201181102362
21
0.7725642519685039
0
LINE
8
BLACK
6
CONTINUOUS
10
0.5269201181102362
20
0.7725642519685039
11
0.5292224015748032
21
0.7721062992125984
0
LINE
8
BLACK
6
CONTINUOUS
10
0.5292224015748032
20
0.7721062992125984
11
0.5292225196850393
21
0.7721062992125984
0
LINE
8
BLACK
6
CONTINUOUS
10
0.5292225196850393
20
0.7721062992125984
11
0.541240157480315
21
0.7721062992125984
0
LINE
8
BLACK
6
CONTINUOUS
10
0.541240157480315
20
0.7721062992125984
11
0.5439220866141732
21
0.7713188188976378
0
LINE
8
BLACK
6
CONTINUOUS
10
0.5439220866141732
20
0.7713188188976378
11
0.5457525196850394
21
0.7692063779527559
0
LINE
8
BLACK
6
CONTINUOUS
10
0.5457525196850394
20
0.7692063779527559
11
0.5462007874015747
21
0.7671456692913385
0
LINE
8
BLACK
6
CONTINUOUS
10
0.5462007874015747
20
0.7671456692913385
11
0.5462007874015747
21
0.7528543307086614
0
LINE
8
BLACK
6
CONTINUOUS
10
0.5462007874015747
20
0.7528543307086614
11
0.5454133070866142
21
0.7501724015748031
0
LINE
8
BLACK
6
CONTINUOUS
10
0.5454133070866142
20
0.7501724015748031
11
0.5433008661417322
21
0.748341968503937
0
LINE
8
BLACK
6
CONTINUOUS
10
0.5433008661417322
20
0.748341968503937
11
0.541240157480315
21
0.7478937007874016
0
LINE
8
BLACK
6
CONTINUOUS
10
0.541240157480315
20
0.7478937007874016
11
0.5292225196850393
21
0.7478937007874016
0
LINE
8
BLACK
6
CONTINUOUS
10
0.5292225196850393
20
0.7478937007874016
11
0.5269200393700787
21
0.7474357086614173
0
LINE
8
BLACK
6
CONTINUOUS
10
0.5269200393700787
20
0.7474357086614173
11
0.5243089763779527
21
0.7456910236220472
0
LINE
8
BLACK
6
CONTINUOUS
10
0.5243089763779527
20
0.7456910236220472
11
0.5225642913385826
21
0.7430799606299212
0
LINE
8
BLACK
6
CONTINUOUS
10
0.5225642913385826
20
0.7430799606299212
11
0.522564251968504
21
0.7430798425196851
0
LINE
8
BLACK
6
CONTINUOUS
10
0.522564251968504
20
0.7430798425196851
11
0.5221062992125984
21
0.7407775590551181
0
LINE
8
BLACK
6
CONTINUOUS
10
0.5221062992125984
20
0.7407775590551181
11
0.5221062992125984
21
0.6938220866141732
0
LINE
8
BLACK
6
CONTINUOUS
10
0.5221062992125984
20
0.6938220866141732
11
0.5213188188976378
21
0.691140157480315
0
LINE
8
BLACK
6
CONTINUOUS
10
0.5213188188976378
20
0.691140157480315
11
0.5192063779527559
21
0.6893097244094488
0
LINE
8
BLACK
6
CONTINUOUS
10
0.5192063779527559
20
0.6893097244094488
11
0.5164396850393701
21
0.6889119291338582
0
LINE
8
BLACK
6
CONTINUOUS
10
0.5164396850393701
20
0.6889119291338582
11
0.5138971653543307
21
0.6900731102362204
0
LINE
8
BLACK
6
CONTINUOUS
10
0.5138971653543307
20
0.6900731102362204
11
0.5136379921259843
21
0.6903144094488188
0
LINE
8
BLACK
6
CONTINUOUS
10
0.5136379921259843
20
0.6903144094488188
11
0.4822206692913386
21
0.7217317322834645
0
LINE
8
BLACK
6
CONTINUOUS
10
0.4822206692913386
20
0.7217317322834645
11
0.480881062992126
21
0.7241849606299212
0
LINE
8
BLACK
6
CONTINUOUS
10
0.480881062992126
20
0.7241849606299212
11
0.480767716535433
21
0.7252394094488189
0
LINE
8
BLACK
6
CONTINUOUS
10
0.480767716535433
20
0.7252394094488189
11
0.480767716535433
21
0.7779223228346457
0
LINE
8
BLACK
6
CONTINUOUS
10
0.480767716535433
20
0.7779223228346457
11
0.480767716535433
21
0.7779224015748031
0
LINE
8
BLACK
6
CONTINUOUS
10
0.480767716535433
20
0.7779224015748031
11
0.4796931889763779
21
0.7819326377952756
0
LINE
8
BLACK
6
CONTINUOUS
10
0.4796931889763779
20
0.7819326377952756
11
0.4776173228346456
21
0.7855281496062992
0
LINE
8
BLACK
6
CONTINUOUS
10
0.4776173228346456
20
0.7855281496062992
11
0.4746816141732284
21
0.7884638582677165
0
LINE
8
BLACK
6
CONTINUOUS
10
0.4746816141732284
20
0.7884638582677165
11
0.4372800787401575
21
0.8258653937007874
0
LINE
8
BLACK
6
CONTINUOUS
10
0.4372800787401575
20
0.8258653937007874
11
0.4336846062992126
21
0.8279412598425197
0
LINE
8
BLACK
6
CONTINUOUS
10
0.4336846062992126
20
0.8279412598425197
11
0.4296743307086614
21
0.8290157874015748
0
LINE
8
BLACK
6
CONTINUOUS
10
0.4296743307086614
20
0.8290157874015748
11
0.4296742913385826
21
0.8290157874015748
0
LINE
8
BLACK
6
CONTINUOUS
10
0.4296742913385826
20
0.8290157874015748
11
0.3844912992125984
21
0.8290157874015748
0
LINE
8
BLACK
6
CONTINUOUS
10
0.3844912992125984
20
0.8290157874015748
11
0.3818093700787402
21
0.8298032677165355
0
LINE
8
BLACK
6
CONTINUOUS
10
0.3818093700787402
20
0.8298032677165355
11
0.3809836220472441
21
0.8304687401574803
0
LINE
8
BLACK
6
CONTINUOUS
10
0.3809836220472441
20
0.8304687401574803
11
0.3522206692913386
21
0.8592316929133859
0
LINE
8
BLACK
6
CONTINUOUS
10
0.3522206692913386
20
0.8592316929133859
11
0.350881062992126
21
0.8616849212598425
0
LINE
8
BLACK
6
CONTINUOUS
10
0.350881062992126
20
0.8616849212598425
11
0.350767716535433
21
0.8627393700787401
0
LINE
8
BLACK
6
CONTINUOUS
10
0.350767716535433
20
0.8627393700787401
11
0.350767716535433
21
0.9020275590551181
0
LINE
8
BLACK
6
CONTINUOUS
10
0.350767716535433
20
0.9020275590551181
11
0.350767716535433
21
0.9271456692913386
0
LINE
8
BLACK
6
CONTINUOUS
10
0.350767716535433
20
0.9271456692913386
11
0.3515551968503937
21
0.9298275984251968
0
LINE
8
BLACK
6
CONTINUOUS
10
0.3515551968503937
20
0.9298275984251968
11
0.3536676377952756
21
0.931658031496063
0
LINE
8
BLACK
6
CONTINUOUS
10
0.3536676377952756
20
0.931658031496063
11
0.3557283464566929
21
0.9321062992125984
0
LINE
8
BLACK
6
CONTINUOUS
10
0.3557283464566929
20
0.9321062992125984
11
0.3730813779527559
21
0.9321062992125984
0
LINE
8
BLACK
6
CONTINUOUS
10
0.3730813779527559
20
0.9321062992125984
11
0.3740491338582677
21
0.9320109842519685
0
LINE
8
BLACK
6
CONTINUOUS
10
0.3740491338582677
20
0.9320109842519685
11
0.3781775590551181
21
0.9311897637795276
0
LINE
8
BLACK
6
CONTINUOUS
10
0.3781775590551181
20
0.9311897637795276
11
0.3781775984251968
21
0.9311897637795276
0
LINE
8
BLACK
6
CONTINUOUS
10
0.3781775984251968
20
0.9311897637795276
11
0.4227222440944882
21
0.9311897637795276
0
LINE
8
BLACK
6
CONTINUOUS
10
0.4227222440944882
20
0.9311897637795276
11
0.4227223228346457
21
0.9311897637795276
0
LINE
8
BLACK
6
CONTINUOUS
10
0.4227223228346457
20
0.9311897637795276
11
0.4260208661417323
21
0.931845905511811
0
LINE
8
BLACK
6
CONTINUOUS
10
0.4260208661417323
20
0.931845905511811
11
0.4276701968503937
21
0.9321739763779527
0
LINE
8
BLACK
6
CONTINUOUS
10
0.4276701968503937
20
0.9321739763779527
11
0.4276702362204725
21
0.9321740157480315
0
LINE
8
BLACK
6
CONTINUOUS
10
0.4276702362204725
20
0.9321740157480315
11
0.4293005905511811
21
0.9328493307086614
0
LINE
8
BLACK
6
CONTINUOUS
10
0.4293005905511811
20
0.9328493307086614
11
0.432330905511811
21
0.934104527559055
0
LINE
8
BLACK
6
CONTINUOUS
10
0.432330905511811
20
0.934104527559055
11
0.4365254724409449
21
0.9369072440944882
0
LINE
8
BLACK
6
CONTINUOUS
10
0.4365254724409449
20
0.9369072440944882
11
0.4400926771653543
21
0.9404744488188976
0
LINE
8
BLACK
6
CONTINUOUS
10
0.4400926771653543
20
0.9404744488188976
11
0.4428953937007874
21
0.9446690157480315
0
LINE
8
BLACK
6
CONTINUOUS
10
0.4428953937007874
20
0.9446690157480315
11
0.4448259448818898
21
0.9493297637795275
0
LINE
8
BLACK
6
CONTINUOUS
10
0.4448259448818898
20
0.9493297637795275
11
0.4458101574803149
21
0.9542775984251969
0
LINE
8
BLACK
6
CONTINUOUS
10
0.4458101574803149
20
0.9542775984251969
11
0.4458101574803149
21
0.9593224015748031
0
LINE
8
BLACK
6
CONTINUOUS
10
0.4458101574803149
20
0.9593224015748031
11
0.4448259448818898
21
0.9642702362204724
0
LINE
8
BLACK
6
CONTINUOUS
10
0.4448259448818898
20
0.9642702362204724
11
0.4428953937007874
21
0.9689309842519684
0
LINE
8
BLACK
6
CONTINUOUS
10
0.4428953937007874
20
0.9689309842519684
11
0.4400926771653543
21
0.9731255511811023
0
LINE
8
BLACK
6
CONTINUOUS
10
0.4400926771653543
20
0.9731255511811023
11
0.4365254724409449
21
0.9766927559055117
0
LINE
8
BLACK
6
CONTINUOUS
10
0.4365254724409449
20
0.9766927559055117
11
0.432330905511811
21
0.9794954724409448
0
LINE
8
BLACK
6
CONTINUOUS
10
0.432330905511811
20
0.9794954724409448
11
0.4276701574803149
21
0.9814260236220472
0
LINE
8
BLACK
6
CONTINUOUS
10
0.4276701574803149
20
0.9814260236220472
11
0.4227223228346457
21
0.9824102362204724
0
LINE
8
BLACK
6
CONTINUOUS
10
0.4227223228346457
20
0.9824102362204724
11
0.4227221653543307
21
0.9824102362204724
0
LINE
8
BLACK
6
CONTINUOUS
10
0.4227221653543307
20
0.9824102362204724
11
0.4111966141732283
21
0.9824102362204724
0
LINE
8
BLACK
6
CONTINUOUS
10
0.4111966141732283
20
0.9824102362204724
11
0.410229094488189
21
0.9825054724409449
0
LINE
8
BLACK
6
CONTINUOUS
10
0.410229094488189
20
0.9825054724409449
11
0.4096031102362205
21
0.98263
0
LINE
8
BLACK
6
CONTINUOUS
10
0.4096031102362205
20
0.98263
11
0.4071264566929134
21
0.9839254724409449
0
LINE
8
BLACK
6
CONTINUOUS
10
0.4071264566929134
20
0.9839254724409449
11
0.4057432283464567
21
0.9863543700787402
0
LINE
8
BLACK
6
CONTINUOUS
10
0.4057432283464567
20
0.9863543700787402
11
0.4056102362204724
21
0.9874953149606299
0
LINE
8
BLACK
6
CONTINUOUS
10
0.4056102362204724
20
0.9874953149606299
11
0.4056102362204724
21
0.9987204724409449
0
LINE
8
BLACK
6
CONTINUOUS
10
0.4056102362204724
20
0.9987204724409449
11
0.4063977165354331
21
1.0014024015748031
0
LINE
8
BLACK
6
CONTINUOUS
10
0.4063977165354331
20
1.0014024015748031
11
0.4085101574803149
21
1.0032328346456694
0
LINE
8
BLACK
6
CONTINUOUS
10
0.4085101574803149
20
1.0032328346456694
11
0.4105708661417323
21
1.0036811023622048
0
LINE
8
BLACK
6
CONTINUOUS
10
0.4105708661417323
20
1.0036811023622048
11
0.4124468503937008
21
1.0036811023622048
0
LINE
8
BLACK
6
CONTINUOUS
10
0.4124468503937008
20
1.0036811023622048
11
0.4147491338582677
21
1.0041390551181102
0
LINE
8
BLACK
6
CONTINUOUS
10
0.4147491338582677
20
1.0041390551181102
11
0.4147492519685039
21
1.0041390944881889
0
LINE
8
BLACK
6
CONTINUOUS
10
0.4147492519685039
20
1.0041390944881889
11
0.4150035039370079
21
1.0043089763779527
0
LINE
8
BLACK
6
CONTINUOUS
10
0.4150035039370079
20
1.0043089763779527
11
0.4173603149606299
21
1.005883779527559
0
LINE
8
BLACK
6
CONTINUOUS
10
0.4173603149606299
20
1.005883779527559
11
0.419105
21
1.0084948425196849
0
LINE
8
BLACK
6
CONTINUOUS
10
0.419105
20
1.0084948425196849
11
0.4195629921259842
21
1.0107973228346456
0
LINE
8
BLACK
6
CONTINUOUS
10
0.4195629921259842
20
1.0107973228346456
11
0.4195629921259842
21
1.0184498818897638
0
LINE
8
BLACK
6
CONTINUOUS
10
0.4195629921259842
20
1.0184498818897638
11
0.4203504724409449
21
1.021131811023622
0
LINE
8
BLACK
6
CONTINUOUS
10
0.4203504724409449
20
1.021131811023622
11
0.4224629133858268
21
1.0229622440944881
0
LINE
8
BLACK
6
CONTINUOUS
10
0.4224629133858268
20
1.0229622440944881
11
0.4252296062992126
21
1.0233600393700788
0
LINE
8
BLACK
6
CONTINUOUS
10
0.4252296062992126
20
1.0233600393700788
11
0.427772125984252
21
1.0221988582677166
0
LINE
8
BLACK
6
CONTINUOUS
10
0.4715062992125984
20
0.8827724015748031
11
0.4719642519685039
21
0.8804701181102362
0
LINE
8
BLACK
6
CONTINUOUS
10
0.4719642519685039
20
0.8804701181102362
11
0.4719642913385826
21
0.88047
0
LINE
8
BLACK
6
CONTINUOUS
10
0.4719642913385826
20
0.88047
11
0.4737089763779527
21
0.8778589763779527
0
LINE
8
BLACK
6
CONTINUOUS
10
0.4737089763779527
20
0.8778589763779527
11
0.47632
21
0.8761142913385827
0
LINE
8
BLACK
6
CONTINUOUS
10
0.47632
20
0.8761142913385827
11
0.4763201181102362
21
0.8761142519685039
0
LINE
8
BLACK
6
CONTINUOUS
10
0.4763201181102362
20
0.8761142519685039
11
0.4786224015748031
21
0.8756562992125984
0
LINE
8
BLACK
6
CONTINUOUS
10
0.4786224015748031
20
0.8756562992125984
11
0.4786225196850394
21
0.8756562992125984
0
LINE
8
BLACK
6
CONTINUOUS
10
0.4786225196850394
20
0.8756562992125984
11
0.4919775590551181
21
0.8756562992125984
0
LINE
8
BLACK
6
CONTINUOUS
10
0.4919775590551181
20
0.8756562992125984
11
0.494279842519685
21
0.8761142519685039
0
LINE
8
BLACK
6
CONTINUOUS
10
0.494279842519685
20
0.8761142519685039
11
0.4942799606299212
21
0.8761142913385827
0
LINE
8
BLACK
6
CONTINUOUS
10
0.4942799606299212
20
0.8761142913385827
11
0.4959194094488189
21
0.8772097637795275
0
LINE
8
BLACK
6
CONTINUOUS
10
0.4959194094488189
20
0.8772097637795275
11
0.4968910236220472
21
0.8778589763779527
0
LINE
8
BLACK
6
CONTINUOUS
10
0.4968910236220472
20
0.8778589763779527
11
0.4986357086614173
21
0.8804700393700787
0
LINE
8
BLACK
6
CONTINUOUS
10
0.4986357086614173
20
0.8804700393700787
11
0.4990937007874016
21
0.8827725196850393
0
LINE
8
BLACK
6
CONTINUOUS
10
0.4990937007874016
20
0.8827725196850393
11
0.4990937007874016
21
0.9020274803149606
0
LINE
8
BLACK
6
CONTINUOUS
10
0.4990937007874016
20
0.9020274803149606
11
0.4986357086614173
21
0.9043299606299212
0
LINE
8
BLACK
6
CONTINUOUS
10
0.4986357086614173
20
0.9043299606299212
11
0.4968910236220472
21
0.9069410236220472
0
LINE
8
BLACK
6
CONTINUOUS
10
0.4968910236220472
20
0.9069410236220472
11
0.4942799606299212
21
0.9086857086614173
0
LINE
8
BLACK
6
CONTINUOUS
10
0.4942799606299212
20
0.9086857086614173
11
0.4919774803149606
21
0.9091437007874016
0
LINE
8
BLACK
6
CONTINUOUS
10
0.4919774803149606
20
0.9091437007874016
11
0.4786225196850394
21
0.9091437007874016
0
LINE
8
BLACK
6
CONTINUOUS
10
0.4786225196850394
20
0.9091437007874016
11
0.4763200393700787
21
0.9086857086614173
0
LINE
8
BLACK
6
CONTINUOUS
10
0.4763200393700787
20
0.9086857086614173
11
0.4737089763779527
21
0.9069410236220472
0
LINE
8
BLACK
6
CONTINUOUS
10
0.4737089763779527
20
0.9069410236220472
11
0.4728903149606299
21
0.9057158267716535
0
LINE
8
BLACK
6
CONTINUOUS
10
0.4728903149606299
20
0.9057158267716535
11
0.4719642913385826
21
0.9043299606299212
0
LINE
8
BLACK
6
CONTINUOUS
10
0.4719642913385826
20
0.9043299606299212
11
0.4719642519685039
21
0.9043298425196851
0
LINE
8
BLACK
6
CONTINUOUS
10
0.4719642519685039
20
0.9043298425196851
11
0.4715062992125984
21
0.9020275590551181
0
LINE
8
BLACK
6
CONTINUOUS
10
0.4715062992125984
20
0.9020275590551181
11
0.4715062992125984
21
0.8827724015748031
0
LINE
8
BLACK
6
CONTINUOUS
10
0.1793858267716535
20
1.1050787401574802
11
0.1951338582677165
21
1.1050787401574802
0
LINE
8
BLACK
6
CONTINUOUS
10
0.1951338582677165
20
1.1050787401574802
11
0.19667
21
1.1049274409448819
0
LINE
8
BLACK
6
CONTINUOUS
10
0.19667
20
1.1049274409448819
11
0.1995084251968504
21
1.1037517322834645
0
LINE
8
BLACK
6
CONTINUOUS
10
0.1995084251968504
20
1.1037517322834645
11
0.2007016141732283
21
1.1027724803149606
0
LINE
8
BLACK
6
CONTINUOUS
10
0.2007016141732283
20
1.1027724803149606
11
0.3132327165354331
21
0.9902414173228347
0
LINE
8
BLACK
6
CONTINUOUS
10
0.3132327165354331
20
0.9902414173228347
11
0.3142117322834646
21
0.9890483858267717
0
LINE
8
BLACK
6
CONTINUOUS
10
0.3142117322834646
20
0.9890483858267717
11
0.314211968503937
21
0.9890481889763779
0
LINE
8
BLACK
6
CONTINUOUS
10
0.314211968503937
20
0.9890481889763779
11
0.3153876771653543
21
0.9862097637795275
0
LINE
8
BLACK
6
CONTINUOUS
10
0.3153876771653543
20
0.9862097637795275
11
0.3155389763779528
21
0.9846736220472441
0
LINE
8
BLACK
6
CONTINUOUS
10
0.3155389763779528
20
0.9846736220472441
11
0.3155389763779528
21
0.7596259842519685
0
LINE
8
BLACK
6
CONTINUOUS
10
0.3155389763779528
20
0.7596259842519685
11
0.3376
21
0.7596259842519685
0
LINE
8
BLACK
6
CONTINUOUS
10
0.3376
20
0.7596259842519685
11
0.3391361417322835
21
0.7594746850393701
0
LINE
8
BLACK
6
CONTINUOUS
10
0.3391361417322835
20
0.7594746850393701
11
0.3419745669291339
21
0.7582989763779527
0
LINE
8
BLACK
6
CONTINUOUS
10
0.3419745669291339
20
0.7582989763779527
11
0.3431677559055118
21
0.7573197244094488
0
LINE
8
BLACK
6
CONTINUOUS
10
0.3431677559055118
20
0.7573197244094488
11
0.3488134645669291
21
0.7516740157480315
0
LINE
8
BLACK
6
CONTINUOUS
10
0.3488134645669291
20
0.7516740157480315
11
0.3613
21
0.7516740157480315
0
LINE
8
BLACK
6
CONTINUOUS
10
0.3613
20
0.7516740157480315
11
0.3613
21
0.7613
0
LINE
8
BLACK
6
CONTINUOUS
10
0.3613
20
0.7613
11
0.4163
21
0.7613
0
LINE
8
BLACK
6
CONTINUOUS
10
0.4163
20
0.7613
11
0.4163
21
0.7262999999999999
0
LINE
8
BLACK
6
CONTINUOUS
10
0.4163
20
0.7262999999999999
11
0.3613
21
0.7262999999999999
0
LINE
8
BLACK
6
CONTINUOUS
10
0.3613
20
0.7262999999999999
11
0.3613
21
0.7359259842519685
0
LINE
8
BLACK
6
CONTINUOUS
10
0.3613
20
0.7359259842519685
11
0.345551968503937
21
0.7359259842519685
0
LINE
8
BLACK
6
CONTINUOUS
10
0.345551968503937
20
0.7359259842519685
11
0.3440158267716535
21
0.7360772834645669
0
LINE
8
BLACK
6
CONTINUOUS
10
0.3440158267716535
20
0.7360772834645669
11
0.3411774015748031
21
0.7372529921259843
0
LINE
8
BLACK
6
CONTINUOUS
10
0.3411774015748031
20
0.7372529921259843
11
0.3399842125984252
21
0.7382322440944882
0
LINE
8
BLACK
6
CONTINUOUS
10
0.3399842125984252
20
0.7382322440944882
11
0.3343385039370079
21
0.7438779527559055
0
LINE
8
BLACK
6
CONTINUOUS
10
0.3343385039370079
20
0.7438779527559055
11
0.3107614960629921
21
0.7438779527559055
0
LINE
8
BLACK
6
CONTINUOUS
10
0.3107614960629921
20
0.7438779527559055
11
0.2963157874015748
21
0.7294322440944881
0
LINE
8
BLACK
6
CONTINUOUS
10
0.2963157874015748
20
0.7294322440944881
11
0.2951225984251968
21
0.7284529921259842
0
LINE
8
BLACK
6
CONTINUOUS
10
0.2951225984251968
20
0.7284529921259842
11
0.2922841732283464
21
0.7272772834645669
0
LINE
8
BLACK
6
CONTINUOUS
10
0.2922841732283464
20
0.7272772834645669
11
0.290748031496063
21
0.7271259842519685
0
LINE
8
BLACK
6
CONTINUOUS
10
0.290748031496063
20
0.7271259842519685
11
0.275
21
0.7271259842519685
0
LINE
8
BLACK
6
CONTINUOUS
10
0.275
20
0.7271259842519685
11
0.275
21
0.705
0
LINE
8
BLACK
6
CONTINUOUS
10
0.275
20
0.705
11
0.215
21
0.705
0
LINE
8
BLACK
6
CONTINUOUS
10
0.215
20
0.705
11
0.215
21
0.7172834645669292
0
LINE
8
BLACK
6
CONTINUOUS
10
0.215
20
0.7172834645669292
11
0.175
21
0.7172834645669292
0
LINE
8
BLACK
6
CONTINUOUS
10
0.175
20
0.7172834645669292
11
0.175
21
0.705
0
LINE
8
BLACK
6
CONTINUOUS
10
0.175
20
0.705
11
0.115
21
0.705
0
LINE
8
BLACK
6
CONTINUOUS
10
0.115
20
0.705
11
0.115
21
0.765
0
LINE
8
BLACK
6
CONTINUOUS
10
0.115
20
0.765
11
0.175
21
0.765
0
LINE
8
BLACK
6
CONTINUOUS
10
0.175
20
0.765
11
0.175
21
0.7527165354330708
0
LINE
8
BLACK
6
CONTINUOUS
10
0.175
20
0.7527165354330708
11
0.215
21
0.7527165354330708
0
LINE
8
BLACK
6
CONTINUOUS
10
0.215
20
0.7527165354330708
11
0.215
21
0.765
0
LINE
8
BLACK
6
CONTINUOUS
10
0.215
20
0.765
11
0.275
21
0.765
0
LINE
8
BLACK
6
CONTINUOUS
10
0.275
20
0.765
11
0.275
21
0.7428740157480315
0
LINE
8
BLACK
6
CONTINUOUS
10
0.275
20
0.7428740157480315
11
0.2874865354330708
21
0.7428740157480315
0
LINE
8
BLACK
6
CONTINUOUS
10
0.2874865354330708
20
0.7428740157480315
11
0.2997909448818897
21
0.7551784251968504
0
LINE
8
BLACK
6
CONTINUOUS
10
0.2997909448818897
20
0.7551784251968504
11
0.2997909448818897
21
0.9814120866141732
0
LINE
8
BLACK
6
CONTINUOUS
10
0.2997909448818897
20
0.9814120866141732
11
0.1918723622047244
21
1.0893307086614172
0
LINE
8
BLACK
6
CONTINUOUS
10
0.1918723622047244
20
1.0893307086614172
11
0.1793858267716535
21
1.0893307086614172
0
LINE
8
BLACK
6
CONTINUOUS
10
0.1793858267716535
20
1.0893307086614172
11
0.1793858267716535
21
1.0883464566929133
0
LINE
8
BLACK
6
CONTINUOUS
10
0.1793858267716535
20
1.0883464566929133
11
0.1203307086614173
21
1.0883464566929133
0
LINE
8
BLACK
6
CONTINUOUS
10
0.1203307086614173
20
1.0883464566929133
11
0.1203307086614173
21
1.1060629921259841
0
LINE
8
BLACK
6
CONTINUOUS
10
0.1203307086614173
20
1.1060629921259841
11
0.1793858267716535
21
1.1060629921259841
0
LINE
8
BLACK
6
CONTINUOUS
10
0.1793858267716535
20
1.1060629921259841
11
0.1793858267716535
21
1.1050787401574802
0
LINE
8
BLACK
6
CONTINUOUS
10
0.5306
20
0.8835499999999999
11
0.5188
21
0.8835499999999999
0
LINE
8
BLACK
6
CONTINUOUS
10
0.5188
20
0.8835499999999999
11
0.5188
21
0.90125
0
LINE
8
BLACK
6
CONTINUOUS
10
0.5188
20
0.90125
11
0.5306
21
0.90125
0
LINE
8
BLACK
6
CONTINUOUS
10
0.5306
20
0.90125
11
0.5306
21
0.8835499999999999
0
LINE
8
BLACK
6
CONTINUOUS
10
0.1793858267716535
20
1.0115748031496063
11
0.1599702755905512
21
1.0115748031496063
0
LINE
8
BLACK
6
CONTINUOUS
10
0.1599702755905512
20
1.0115748031496063
11
0.1593110236220472
21
1.0104329527559055
0
LINE
8
BLACK
6
CONTINUOUS
10
0.1593110236220472
20
1.0104329527559055
11
0.1593110236220472
21
0.9774999999999999
0
LINE
8
BLACK
6
CONTINUOUS
10
0.1593110236220472
20
0.9774999999999999
11
0.165
21
0.9774999999999999
0
LINE
8
BLACK
6
CONTINUOUS
10
0.165
20
0.9774999999999999
11
0.165
21
0.9677165354330708
0
LINE
8
BLACK
6
CONTINUOUS
10
0.165
20
0.9677165354330708
11
0.2438000393700787
21
0.9677165354330708
0
LINE
8
BLACK
6
CONTINUOUS
10
0.2438000393700787
20
0.9677165354330708
11
0.2461125196850394
21
0.9675649606299213
0
LINE
8
BLACK
6
CONTINUOUS
10
0.2461125196850394
20
0.9675649606299213
11
0.2505798818897638
21
0.9663679527559055
0
LINE
8
BLACK
6
CONTINUOUS
10
0.2505798818897638
20
0.9663679527559055
11
0.2545851968503937
21
0.9640554724409448
0
LINE
8
BLACK
6
CONTINUOUS
10
0.2545851968503937
20
0.9640554724409448
11
0.2545854724409449
21
0.9640551574803149
0
LINE
8
BLACK
6
CONTINUOUS
10
0.2545854724409449
20
0.9640551574803149
11
0.2563275196850394
21
0.9625274803149606
0
LINE
8
BLACK
6
CONTINUOUS
10
0.2563275196850394
20
0.9625274803149606
11
0.2571274803149606
21
0.9617275196850393
0
LINE
8
BLACK
6
CONTINUOUS
10
0.2571274803149606
20
0.9617275196850393
11
0.2586554724409449
21
0.9599851968503936
0
LINE
8
BLACK
6
CONTINUOUS
10
0.2586554724409449
20
0.9599851968503936
11
0.2609679527559055
21
0.9559798818897638
0
LINE
8
BLACK
6
CONTINUOUS
10
0.2609679527559055
20
0.9559798818897638
11
0.2621649606299212
21
0.9515125196850394
0
LINE
8
BLACK
6
CONTINUOUS
10
0.2621649606299212
20
0.9515125196850394
11
0.2621649606299212
21
0.9468875984251969
0
LINE
8
BLACK
6
CONTINUOUS
10
0.2621649606299212
20
0.9468875984251969
11
0.2609679527559055
21
0.9424202362204724
0
LINE
8
BLACK
6
CONTINUOUS
10
0.2609679527559055
20
0.9424202362204724
11
0.2586554724409449
21
0.9384149212598425
0
LINE
8
BLACK
6
CONTINUOUS
10
0.2586554724409449
20
0.9384149212598425
11
0.2553851181102362
21
0.9351445669291338
0
LINE
8
BLACK
6
CONTINUOUS
10
0.2553851181102362
20
0.9351445669291338
11
0.2513798031496063
21
0.9328320866141732
0
LINE
8
BLACK
6
CONTINUOUS
10
0.2513798031496063
20
0.9328320866141732
11
0.2469124409448819
21
0.9316350787401575
0
LINE
8
BLACK
6
CONTINUOUS
10
0.2469124409448819
20
0.9316350787401575
11
0.2422875196850394
21
0.9316350787401575
0
LINE
8
BLACK
6
CONTINUOUS
10
0.2422875196850394
20
0.9316350787401575
11
0.2398676771653543
21
0.9322834645669291
0
LINE
8
BLACK
6
CONTINUOUS
10
0.2398676771653543
20
0.9322834645669291
11
0.165
21
0.9322834645669291
0
LINE
8
BLACK
6
CONTINUOUS
10
0.165
20
0.9322834645669291
11
0.165
21
0.9225
0
LINE
8
BLACK
6
CONTINUOUS
10
0.165
20
0.9225
11
0.13
21
0.9225
0
LINE
8
BLACK
6
CONTINUOUS
10
0.13
20
0.9225
11
0.13
21
0.9474450787401575
0
LINE
8
BLACK
6
CONTINUOUS
10
0.13
20
0.9474450787401575
11
0.1299350393700787
21
0.9476875196850394
0
LINE
8
BLACK
6
CONTINUOUS
10
0.1299350393700787
20
0.9476875196850394
11
0.1299350393700787
21
0.9523124803149606
0
LINE
8
BLACK
6
CONTINUOUS
10
0.1299350393700787
20
0.9523124803149606
11
0.13
21
0.9525548818897638
0
LINE
8
BLACK
6
CONTINUOUS
10
0.13
20
0.9525548818897638
11
0.13
21
0.9774999999999999
0
LINE
8
BLACK
6
CONTINUOUS
10
0.13
20
0.9774999999999999
11
0.1356889763779527
21
0.9774999999999999
0
LINE
8
BLACK
6
CONTINUOUS
10
0.1356889763779527
20
0.9774999999999999
11
0.1356889763779527
21
1.0115748031496063
0
LINE
8
BLACK
6
CONTINUOUS
10
0.1356889763779527
20
1.0115748031496063
11
0.1203307086614173
21
1.0115748031496063
0
LINE
8
BLACK
6
CONTINUOUS
10
0.1203307086614173
20
1.0115748031496063
11
0.1203307086614173
21
1.0292913385826772
0
LINE
8
BLACK
6
CONTINUOUS
10
0.1203307086614173
20
1.0292913385826772
11
0.1793858267716535
21
1.0292913385826772
0
LINE
8
BLACK
6
CONTINUOUS
10
0.1793858267716535
20
1.0292913385826772
11
0.1793858267716535
21
1.0115748031496063
0
LINE
8
BLACK
6
CONTINUOUS
10
0.4116692913385827
20
1.0519291338582677
11
0.4234803149606299
21
1.0519291338582677
0
LINE
8
BLACK
6
CONTINUOUS
10
0.4234803149606299
20
1.0519291338582677
11
0.4246324409448819
21
1.0518156692913385
0
LINE
8
BLACK
6
CONTINUOUS
10
0.4246324409448819
20
1.0518156692913385
11
0.4251738976377953
21
1.0515913779527559
0
LINE
8
BLACK
6
CONTINUOUS
10
0.4251738976377953
20
1.0515913779527559
11
0.4267612204724409
21
1.0509338976377953
0
LINE
8
BLACK
6
CONTINUOUS
10
0.4267612204724409
20
1.0509338976377953
11
0.4276561417322834
21
1.0501994488188977
0
LINE
8
BLACK
6
CONTINUOUS
10
0.4276561417322834
20
1.0501994488188977
11
0.4804857874015748
21
0.9973698031496063
0
LINE
8
BLACK
6
CONTINUOUS
10
0.4804857874015748
20
0.9973698031496063
11
0.4822867716535433
21
0.9973698031496063
0
LINE
8
BLACK
6
CONTINUOUS
10
0.4822867716535433
20
0.9973698031496063
11
0.4867044881889764
21
0.996186062992126
0
LINE
8
BLACK
6
CONTINUOUS
10
0.4867044881889764
20
0.996186062992126
11
0.4906653149606299
21
0.9938992913385827
0
LINE
8
BLACK
6
CONTINUOUS
10
0.4906653149606299
20
0.9938992913385827
11
0.4938992913385827
21
0.9906653149606299
0
LINE
8
BLACK
6
CONTINUOUS
10
0.4938992913385827
20
0.9906653149606299
11
0.496186062992126
21
0.9867044881889764
0
LINE
8
BLACK
6
CONTINUOUS
10
0.496186062992126
20
0.9867044881889764
11
0.4973698031496063
21
0.9822867716535433
0
LINE
8
BLACK
6
CONTINUOUS
10
0.4973698031496063
20
0.9822867716535433
11
0.4973698031496063
21
0.9777132283464567
0
LINE
8
BLACK
6
CONTINUOUS
10
0.4973698031496063
20
0.9777132283464567
11
0.496186062992126
21
0.9732955118110236
0
LINE
8
BLACK
6
CONTINUOUS
10
0.496186062992126
20
0.9732955118110236
11
0.4938992913385827
21
0.96933468503937
0
LINE
8
BLACK
6
CONTINUOUS
10
0.4938992913385827
20
0.96933468503937
11
0.4906653149606299
21
0.9661007086614173
0
LINE
8
BLACK
6
CONTINUOUS
10
0.4906653149606299
20
0.9661007086614173
11
0.4885429527559055
21
0.9648753543307086
0
LINE
8
BLACK
6
CONTINUOUS
10
0.4885429527559055
20
0.9648753543307086
11
0.4898774015748031
21
0.95645
0
LINE
8
BLACK
6
CONTINUOUS
10
0.4898774015748031
20
0.95645
11
0.4912
21
0.95645
0
LINE
8
BLACK
6
CONTINUOUS
10
0.4912
20
0.95645
11
0.4912
21
0.9473848031496063
0
LINE
8
BLACK
6
CONTINUOUS
10
0.4912
20
0.9473848031496063
11
0.4912009842519685
21
0.9473681496062992
0
LINE
8
BLACK
6
CONTINUOUS
10
0.4912009842519685
20
0.9473681496062992
11
0.4912
21
0.9473640157480315
0
LINE
8
BLACK
6
CONTINUOUS
10
0.4912
20
0.9473640157480315
11
0.4912
21
0.93875
0
LINE
8
BLACK
6
CONTINUOUS
10
0.4912
20
0.93875
11
0.4794
21
0.93875
0
LINE
8
BLACK
6
CONTINUOUS
10
0.4794
20
0.93875
11
0.4794
21
0.9471004724409449
0
LINE
8
BLACK
6
CONTINUOUS
10
0.4794
20
0.9471004724409449
11
0.476906062992126
21
0.9628464566929134
0
LINE
8
BLACK
6
CONTINUOUS
10
0.476906062992126
20
0.9628464566929134
11
0.4732955118110236
21
0.963813937007874
0
LINE
8
BLACK
6
CONTINUOUS
10
0.4732955118110236
20
0.963813937007874
11
0.4693346850393701
21
0.9661007086614173
0
LINE
8
BLACK
6
CONTINUOUS
10
0.4693346850393701
20
0.9661007086614173
11
0.4661007086614173
21
0.96933468503937
0
LINE
8
BLACK
6
CONTINUOUS
10
0.4661007086614173
20
0.96933468503937
11
0.463813937007874
21
0.9732955118110236
0
LINE
8
BLACK
6
CONTINUOUS
10
0.463813937007874
20
0.9732955118110236
11
0.4626301968503937
21
0.9777132283464567
0
LINE
8
BLACK
6
CONTINUOUS
10
0.4626301968503937
20
0.9777132283464567
11
0.4626301968503937
21
0.9822867716535433
0
LINE
8
BLACK
6
CONTINUOUS
10
0.4626301968503937
20
0.9822867716535433
11
0.463813937007874
21
0.9867044881889764
0
LINE
8
BLACK
6
CONTINUOUS
10
0.463813937007874
20
0.9867044881889764
11
0.4661007086614173
21
0.9906653149606299
0
LINE
8
BLACK
6
CONTINUOUS
10
0.4661007086614173
20
0.9906653149606299
11
0.4682938188976378
21
0.9928584251968504
0
LINE
8
BLACK
6
CONTINUOUS
10
0.4682938188976378
20
0.9928584251968504
11
0.4210341732283465
21
1.0401181102362205
0
LINE
8
BLACK
6
CONTINUOUS
10
0.4210341732283465
20
1.0401181102362205
11
0.4116692913385827
21
1.0401181102362205
0
LINE
8
BLACK
6
CONTINUOUS
10
0.4116692913385827
20
1.0401181102362205
11
0.4116692913385827
21
1.0371653543307087
0
LINE
8
BLACK
6
CONTINUOUS
10
0.4116692913385827
20
1.0371653543307087
11
0.3526141732283464
21
1.0371653543307087
0
LINE
8
BLACK
6
CONTINUOUS
10
0.3526141732283464
20
1.0371653543307087
11
0.3526141732283464
21
1.0548818897637795
0
LINE
8
BLACK
6
CONTINUOUS
10
0.3526141732283464
20
1.0548818897637795
11
0.4116692913385827
21
1.0548818897637795
0
LINE
8
BLACK
6
CONTINUOUS
10
0.4116692913385827
20
1.0548818897637795
11
0.4116692913385827
21
1.0519291338582677
0
LINE
8
BLACK
6
CONTINUOUS
10
0.4116692913385827
20
1.07751968503937
11
0.4318863779527559
21
1.07751968503937
0
LINE
8
BLACK
6
CONTINUOUS
10
0.4318863779527559
20
1.07751968503937
11
0.4330385039370079
21
1.0774062204724408
0
LINE
8
BLACK
6
CONTINUOUS
10
0.4330385039370079
20
1.0774062204724408
11
0.4335790157480315
21
1.0771823228346455
0
LINE
8
BLACK
6
CONTINUOUS
10
0.4335790157480315
20
1.0771823228346455
11
0.4351672834645669
21
1.0765244488188976
0
LINE
8
BLACK
6
CONTINUOUS
10
0.4351672834645669
20
1.0765244488188976
11
0.4360622047244094
21
1.07579
0
LINE
8
BLACK
6
CONTINUOUS
10
0.4360622047244094
20
1.07579
11
0.4956474409448819
21
1.0162047637795275
0
LINE
8
BLACK
6
CONTINUOUS
10
0.4956474409448819
20
1.0162047637795275
11
0.5001236614173228
21
1.0162047637795275
0
LINE
8
BLACK
6
CONTINUOUS
10
0.5001236614173228
20
1.0162047637795275
11
0.5012757874015747
21
1.0160912992125983
0
LINE
8
BLACK
6
CONTINUOUS
10
0.5012757874015747
20
1.0160912992125983
11
0.5019982283464567
21
1.0157920472440944
0
LINE
8
BLACK
6
CONTINUOUS
10
0.5019982283464567
20
1.0157920472440944
11
0.5034045669291338
21
1.0152095275590551
0
LINE
8
BLACK
6
CONTINUOUS
10
0.5034045669291338
20
1.0152095275590551
11
0.5042994881889764
21
1.0144750787401575
0
LINE
8
BLACK
6
CONTINUOUS
10
0.5042994881889764
20
1.0144750787401575
11
0.5224047637795275
21
0.9963698031496063
0
LINE
8
BLACK
6
CONTINUOUS
10
0.5224047637795275
20
0.9963698031496063
11
0.5267867716535433
21
0.9963698031496063
0
LINE
8
BLACK
6
CONTINUOUS
10
0.5267867716535433
20
0.9963698031496063
11
0.5312044881889764
21
0.995186062992126
0
LINE
8
BLACK
6
CONTINUOUS
10
0.5312044881889764
20
0.995186062992126
11
0.5351653149606299
21
0.9928992913385827
0
LINE
8
BLACK
6
CONTINUOUS
10
0.5351653149606299
20
0.9928992913385827
11
0.5383992913385827
21
0.9896653149606299
0
LINE
8
BLACK
6
CONTINUOUS
10
0.5383992913385827
20
0.9896653149606299
11
0.540686062992126
21
0.9857044881889764
0
LINE
8
BLACK
6
CONTINUOUS
10
0.540686062992126
20
0.9857044881889764
11
0.5418698031496063
21
0.9812867716535433
0
LINE
8
BLACK
6
CONTINUOUS
10
0.5418698031496063
20
0.9812867716535433
11
0.5418698031496063
21
0.9767132283464567
0
LINE
8
BLACK
6
CONTINUOUS
10
0.5418698031496063
20
0.9767132283464567
11
0.540686062992126
21
0.9722955118110236
0
LINE
8
BLACK
6
CONTINUOUS
10
0.540686062992126
20
0.9722955118110236
11
0.5383992913385827
21
0.96833468503937
0
LINE
8
BLACK
6
CONTINUOUS
10
0.5383992913385827
20
0.96833468503937
11
0.5351653149606299
21
0.9651007086614173
0
LINE
8
BLACK
6
CONTINUOUS
10
0.5351653149606299
20
0.9651007086614173
11
0.5312044881889764
21
0.962813937007874
0
LINE
8
BLACK
6
CONTINUOUS
10
0.5312044881889764
20
0.962813937007874
11
0.5306055118110236
21
0.9626534251968504
0
LINE
8
BLACK
6
CONTINUOUS
10
0.5306055118110236
20
0.9626534251968504
11
0.5306055118110236
21
0.9476
0
LINE
8
BLACK
6
CONTINUOUS
10
0.5306055118110236
20
0.9476
11
0.5306
21
0.9475440157480315
0
LINE
8
BLACK
6
CONTINUOUS
10
0.5306
20
0.9475440157480315
11
0.5306
21
0.93875
0
LINE
8
BLACK
6
CONTINUOUS
10
0.5306
20
0.93875
11
0.5188
21
0.93875
0
LINE
8
BLACK
6
CONTINUOUS
10
0.5188
20
0.93875
11
0.5188
21
0.9475440157480315
0
LINE
8
BLACK
6
CONTINUOUS
10
0.5188
20
0.9475440157480315
11
0.5187944881889763
21
0.9476
0
LINE
8
BLACK
6
CONTINUOUS
10
0.5187944881889763
20
0.9476
11
0.5187944881889763
21
0.9625462204724409
0
LINE
8
BLACK
6
CONTINUOUS
10
0.5187944881889763
20
0.9625462204724409
11
0.5177955118110236
21
0.962813937007874
0
LINE
8
BLACK
6
CONTINUOUS
10
0.5177955118110236
20
0.962813937007874
11
0.51383468503937
21
0.9651007086614173
0
LINE
8
BLACK
6
CONTINUOUS
10
0.51383468503937
20
0.9651007086614173
11
0.5106007086614173
21
0.96833468503937
0
LINE
8
BLACK
6
CONTINUOUS
10
0.5106007086614173
20
0.96833468503937
11
0.508313937007874
21
0.9722955118110236
0
LINE
8
BLACK
6
CONTINUOUS
10
0.508313937007874
20
0.9722955118110236
11
0.5071301968503937
21
0.9767132283464567
0
LINE
8
BLACK
6
CONTINUOUS
10
0.5071301968503937
20
0.9767132283464567
11
0.5071301968503937
21
0.9812867716535433
0
LINE
8
BLACK
6
CONTINUOUS
10
0.5071301968503937
20
0.9812867716535433
11
0.508313937007874
21
0.9857044881889764
0
LINE
8
BLACK
6
CONTINUOUS
10
0.508313937007874
20
0.9857044881889764
11
0.5106007086614173
21
0.9896653149606299
0
LINE
8
BLACK
6
CONTINUOUS
10
0.5106007086614173
20
0.9896653149606299
11
0.5115033070866142
21
0.9905679133858267
0
LINE
8
BLACK
6
CONTINUOUS
10
0.5115033070866142
20
0.9905679133858267
11
0.4976775196850394
21
1.0043937401574803
0
LINE
8
BLACK
6
CONTINUOUS
10
0.4976775196850394
20
1.0043937401574803
11
0.4932012992125984
21
1.0043937401574803
0
LINE
8
BLACK
6
CONTINUOUS
10
0.4932012992125984
20
1.0043937401574803
11
0.4920491732283465
21
1.0045072047244095
0
LINE
8
BLACK
6
CONTINUOUS
10
0.4920491732283465
20
1.0045072047244095
11
0.490642874015748
21
1.0050897244094488
0
LINE
8
BLACK
6
CONTINUOUS
10
0.490642874015748
20
1.0050897244094488
11
0.4899203937007874
21
1.0053889763779527
0
LINE
8
BLACK
6
CONTINUOUS
10
0.4899203937007874
20
1.0053889763779527
11
0.4890254724409449
21
1.0061234251968503
0
LINE
8
BLACK
6
CONTINUOUS
10
0.4890254724409449
20
1.0061234251968503
11
0.4294402362204724
21
1.0657086614173228
0
LINE
8
BLACK
6
CONTINUOUS
10
0.4294402362204724
20
1.0657086614173228
11
0.4116692913385827
21
1.0657086614173228
0
LINE
8
BLACK
6
CONTINUOUS
10
0.4116692913385827
20
1.0657086614173228
11
0.4116692913385827
21
1.062755905511811
0
LINE
8
BLACK
6
CONTINUOUS
10
0.4116692913385827
20
1.062755905511811
11
0.3526141732283464
21
1.062755905511811
0
LINE
8
BLACK
6
CONTINUOUS
10
0.3526141732283464
20
1.062755905511811
11
0.3526141732283464
21
1.0804724409448818
0
LINE
8
BLACK
6
CONTINUOUS
10
0.3526141732283464
20
1.0804724409448818
11
0.4116692913385827
21
1.0804724409448818
0
LINE
8
BLACK
6
CONTINUOUS
10
0.4116692913385827
20
1.0804724409448818
11
0.4116692913385827
21
1.07751968503937
0
LINE
8
BLACK
6
CONTINUOUS
10
0.4116692913385827
20
1.0115748031496063
11
0.3997066929133858
21
1.0115748031496063
0
LINE
8
BLACK
6
CONTINUOUS
10
0.3997066929133858
20
1.0115748031496063
11
0.3997066929133858
21
1.0092622834645668
0
LINE
8
BLACK
6
CONTINUOUS
10
0.3997066929133858
20
1.0092622834645668
11
0.3985096850393701
21
1.0047949212598426
0
LINE
8
BLACK
6
CONTINUOUS
10
0.3985096850393701
20
1.0047949212598426
11
0.3977165354330708
21
1.0034211417322834
0
LINE
8
BLACK
6
CONTINUOUS
10
0.3977165354330708
20
1.0034211417322834
11
0.3977165354330708
21
0.975
0
LINE
8
BLACK
6
CONTINUOUS
10
0.3977165354330708
20
0.975
11
0.4075
21
0.975
0
LINE
8
BLACK
6
CONTINUOUS
10
0.4075
20
0.975
11
0.4075
21
0.9745165354330708
0
LINE
8
BLACK
6
CONTINUOUS
10
0.4075
20
0.9745165354330708
11
0.4201999212598425
21
0.9745165354330708
0
LINE
8
BLACK
6
CONTINUOUS
10
0.4201999212598425
20
0.9745165354330708
11
0.4225124015748031
21
0.9743649606299213
0
LINE
8
BLACK
6
CONTINUOUS
10
0.4225124015748031
20
0.9743649606299213
11
0.4269797637795276
21
0.9731679527559055
0
LINE
8
BLACK
6
CONTINUOUS
10
0.4269797637795276
20
0.9731679527559055
11
0.4309850787401575
21
0.9708554724409448
0
LINE
8
BLACK
6
CONTINUOUS
10
0.4309850787401575
20
0.9708554724409448
11
0.4342553937007874
21
0.9675851574803149
0
LINE
8
BLACK
6
CONTINUOUS
10
0.4342553937007874
20
0.9675851574803149
11
0.436567874015748
21
0.963579842519685
0
LINE
8
BLACK
6
CONTINUOUS
10
0.436567874015748
20
0.963579842519685
11
0.4377648818897638
21
0.9591124803149607
0
LINE
8
BLACK
6
CONTINUOUS
10
0.4377648818897638
20
0.9591124803149607
11
0.4377648818897638
21
0.9544875196850393
0
LINE
8
BLACK
6
CONTINUOUS
10
0.4377648818897638
20
0.9544875196850393
11
0.436567874015748
21
0.950020157480315
0
LINE
8
BLACK
6
CONTINUOUS
10
0.436567874015748
20
0.950020157480315
11
0.4342553937007874
21
0.946014842519685
0
LINE
8
BLACK
6
CONTINUOUS
10
0.4342553937007874
20
0.946014842519685
11
0.4309850787401575
21
0.9427445275590551
0
LINE
8
BLACK
6
CONTINUOUS
10
0.4309850787401575
20
0.9427445275590551
11
0.4269797637795276
21
0.9404320472440945
0
LINE
8
BLACK
6
CONTINUOUS
10
0.4269797637795276
20
0.9404320472440945
11
0.4225124015748031
21
0.9392350393700787
0
LINE
8
BLACK
6
CONTINUOUS
10
0.4225124015748031
20
0.9392350393700787
11
0.4201999212598425
21
0.9390834645669291
0
LINE
8
BLACK
6
CONTINUOUS
10
0.4201999212598425
20
0.9390834645669291
11
0.4034966141732284
21
0.9390834645669291
0
LINE
8
BLACK
6
CONTINUOUS
10
0.4034966141732284
20
0.9390834645669291
11
0.3807
21
0.9390834645669291
0
LINE
8
BLACK
6
CONTINUOUS
10
0.3807
20
0.9390834645669291
11
0.3783881102362205
21
0.9392349999999999
0
LINE
8
BLACK
6
CONTINUOUS
10
0.3783881102362205
20
0.9392349999999999
11
0.3783875590551181
21
0.9392349999999999
0
LINE
8
BLACK
6
CONTINUOUS
10
0.3783875590551181
20
0.9392349999999999
11
0.3755325984251968
21
0.9399999999999999
0
LINE
8
BLACK
6
CONTINUOUS
10
0.3755325984251968
20
0.9399999999999999
11
0.3525
21
0.9399999999999999
0
LINE
8
BLACK
6
CONTINUOUS
10
0.3525
20
0.9399999999999999
11
0.3525
21
0.975
0
LINE
8
BLACK
6
CONTINUOUS
10
0.3525
20
0.975
11
0.3622834645669291
21
0.975
0
LINE
8
BLACK
6
CONTINUOUS
10
0.3622834645669291
20
0.975
11
0.3622834645669291
21
1.0104330708661418
0
LINE
8
BLACK
6
CONTINUOUS
10
0.3622834645669291
20
1.0104330708661418
11
0.3623583070866142
21
1.0115748031496063
0
LINE
8
BLACK
6
CONTINUOUS
10
0.3623583070866142
20
1.0115748031496063
11
0.3526141732283464
21
1.0115748031496063
0
LINE
8
BLACK
6
CONTINUOUS
10
0.3526141732283464
20
1.0115748031496063
11
0.3526141732283464
21
1.0292913385826772
0
LINE
8
BLACK
6
CONTINUOUS
10
0.3526141732283464
20
1.0292913385826772
11
0.4116692913385827
21
1.0292913385826772
0
LINE
8
BLACK
6
CONTINUOUS
10
0.4116692913385827
20
1.0292913385826772
11
0.4116692913385827
21
1.0115748031496063
0
LINE
8
BLACK
6
CONTINUOUS
10
0.1793858267716535
20
1.0371653543307087
11
0.1203307086614173
21
1.0371653543307087
0
LINE
8
BLACK
6
CONTINUOUS
10
0.1203307086614173
20
1.0371653543307087
11
0.1203307086614173
21
1.0381496062992126
0
LINE
8
BLACK
6
CONTINUOUS
10
0.1203307086614173
20
1.0381496062992126
11
0.1078441732283465
21
1.0381496062992126
0
LINE
8
BLACK
6
CONTINUOUS
10
0.1078441732283465
20
1.0381496062992126
11
0.0998295669291339
21
1.030135
0
LINE
8
BLACK
6
CONTINUOUS
10
0.0998295669291339
20
1.030135
11
0.1014992913385827
21
1.02846531496063
0
LINE
8
BLACK
6
CONTINUOUS
10
0.1014992913385827
20
1.02846531496063
11
0.103786062992126
21
1.0245044881889764
0
LINE
8
BLACK
6
CONTINUOUS
10
0.103786062992126
20
1.0245044881889764
11
0.1049698031496063
21
1.0200867716535433
0
LINE
8
BLACK
6
CONTINUOUS
10
0.1049698031496063
20
1.0200867716535433
11
0.1049698031496063
21
1.0155132283464567
0
LINE
8
BLACK
6
CONTINUOUS
10
0.1049698031496063
20
1.0155132283464567
11
0.103786062992126
21
1.0110955118110236
0
LINE
8
BLACK
6
CONTINUOUS
10
0.103786062992126
20
1.0110955118110236
11
0.1014992913385827
21
1.0071346850393701
0
LINE
8
BLACK
6
CONTINUOUS
10
0.1014992913385827
20
1.0071346850393701
11
0.0982653149606299
21
1.0039007086614173
0
LINE
8
BLACK
6
CONTINUOUS
10
0.0982653149606299
20
1.0039007086614173
11
0.0943044881889764
21
1.001613937007874
0
LINE
8
BLACK
6
CONTINUOUS
10
0.0943044881889764
20
1.001613937007874
11
0.0898867716535433
21
1.0004301968503937
0
LINE
8
BLACK
6
CONTINUOUS
10
0.0898867716535433
20
1.0004301968503937
11
0.0853132283464567
21
1.0004301968503937
0
LINE
8
BLACK
6
CONTINUOUS
10
0.0853132283464567
20
1.0004301968503937
11
0.0808955118110236
21
1.001613937007874
0
LINE
8
BLACK
6
CONTINUOUS
10
0.0808955118110236
20
1.001613937007874
11
0.0769346850393701
21
1.0039007086614173
0
LINE
8
BLACK
6
CONTINUOUS
10
0.0769346850393701
20
1.0039007086614173
11
0.0737007086614173
21
1.0071346850393701
0
LINE
8
BLACK
6
CONTINUOUS
10
0.0737007086614173
20
1.0071346850393701
11
0.071413937007874
21
1.0110955118110236
0
LINE
8
BLACK
6
CONTINUOUS
10
0.071413937007874
20
1.0110955118110236
11
0.0702301968503937
21
1.0155132283464567
0
LINE
8
BLACK
6
CONTINUOUS
10
0.0702301968503937
20
1.0155132283464567
11
0.0702301968503937
21
1.0200867716535433
0
LINE
8
BLACK
6
CONTINUOUS
10
0.0702301968503937
20
1.0200867716535433
11
0.071413937007874
21
1.0245044881889764
0
LINE
8
BLACK
6
CONTINUOUS
10
0.071413937007874
20
1.0245044881889764
11
0.0737007086614173
21
1.02846531496063
0
LINE
8
BLACK
6
CONTINUOUS
10
0.0737007086614173
20
1.02846531496063
11
0.0769346850393701
21
1.0316992913385827
0
LINE
8
BLACK
6
CONTINUOUS
10
0.0769346850393701
20
1.0316992913385827
11
0.0808955118110236
21
1.033986062992126
0
LINE
8
BLACK
6
CONTINUOUS
10
0.0808955118110236
20
1.033986062992126
11
0.0816976377952756
21
1.0342009842519684
0
LINE
8
BLACK
6
CONTINUOUS
10
0.0816976377952756
20
1.0342009842519684
11
0.0820322440944882
21
1.0346087007874016
0
LINE
8
BLACK
6
CONTINUOUS
10
0.0820322440944882
20
1.0346087007874016
11
0.0990149212598425
21
1.0515913779527559
0
LINE
8
BLACK
6
CONTINUOUS
10
0.0990149212598425
20
1.0515913779527559
11
0.1002081102362205
21
1.0525706299212598
0
LINE
8
BLACK
6
CONTINUOUS
10
0.1002081102362205
20
1.0525706299212598
11
0.1030465354330709
21
1.0537463385826771
0
LINE
8
BLACK
6
CONTINUOUS
10
0.1030465354330709
20
1.0537463385826771
11
0.1045826771653543
21
1.0538976377952756
0
LINE
8
BLACK
6
CONTINUOUS
10
0.1045826771653543
20
1.0538976377952756
11
0.1203307086614173
21
1.0538976377952756
0
LINE
8
BLACK
6
CONTINUOUS
10
0.1203307086614173
20
1.0538976377952756
11
0.1203307086614173
21
1.0548818897637795
0
LINE
8
BLACK
6
CONTINUOUS
10
0.1203307086614173
20
1.0548818897637795
11
0.1793858267716535
21
1.0548818897637795
0
LINE
8
BLACK
6
CONTINUOUS
10
0.1793858267716535
20
1.0548818897637795
11
0.1793858267716535
21
1.0371653543307087
0
LINE
8
BLACK
6
CONTINUOUS
10
0.5856
20
1.14855
11
0.575748031496063
21
1.14855
0
LINE
8
BLACK
6
CONTINUOUS
10
0.575748031496063
20
1.14855
11
0.575748031496063
21
1.147896220472441
0
LINE
8
BLACK
6
CONTINUOUS
10
0.575748031496063
20
1.147896220472441
11
0.5756345669291338
21
1.146744094488189
0
LINE
8
BLACK
6
CONTINUOUS
10
0.5756345669291338
20
1.146744094488189
11
0.575387874015748
21
1.1461485826771654
0
LINE
8
BLACK
6
CONTINUOUS
10
0.575387874015748
20
1.1461485826771654
11
0.5747527952755905
21
1.14461531496063
0
LINE
8
BLACK
6
CONTINUOUS
10
0.5747527952755905
20
1.14461531496063
11
0.5740183464566929
21
1.1437203937007874
0
LINE
8
BLACK
6
CONTINUOUS
10
0.5740183464566929
20
1.1437203937007874
11
0.5399883070866142
21
1.1096903543307086
0
LINE
8
BLACK
6
CONTINUOUS
10
0.5399883070866142
20
1.1096903543307086
11
0.5399883070866142
21
1.093652401574803
0
LINE
8
BLACK
6
CONTINUOUS
10
0.5399883070866142
20
1.093652401574803
11
0.539874842519685
21
1.0925002755905511
0
LINE
8
BLACK
6
CONTINUOUS
10
0.539874842519685
20
1.0925002755905511
11
0.5394702362204724
21
1.0915235433070867
0
LINE
8
BLACK
6
CONTINUOUS
10
0.5394702362204724
20
1.0915235433070867
11
0.5389930708661417
21
1.0903714566929135
0
LINE
8
BLACK
6
CONTINUOUS
10
0.5389930708661417
20
1.0903714566929135
11
0.5382586220472441
21
1.0894765748031496
0
LINE
8
BLACK
6
CONTINUOUS
10
0.5382586220472441
20
1.0894765748031496
11
0.514606220472441
21
1.0658241732283464
0
LINE
8
BLACK
6
CONTINUOUS
10
0.514606220472441
20
1.0658241732283464
11
0.5137112992125984
21
1.0650897244094488
0
LINE
8
BLACK
6
CONTINUOUS
10
0.5137112992125984
20
1.0650897244094488
11
0.5128247637795276
21
1.0647225196850394
0
LINE
8
BLACK
6
CONTINUOUS
10
0.5128247637795276
20
1.0647225196850394
11
0.5115825196850393
21
1.0642079527559054
0
LINE
8
BLACK
6
CONTINUOUS
10
0.5115825196850393
20
1.0642079527559054
11
0.5104303937007874
21
1.0640944881889765
0
LINE
8
BLACK
6
CONTINUOUS
10
0.5104303937007874
20
1.0640944881889765
11
0.496400157480315
21
1.0640944881889765
0
LINE
8
BLACK
6
CONTINUOUS
10
0.496400157480315
20
1.0640944881889765
11
0.496186062992126
21
1.0632955118110237
0
LINE
8
BLACK
6
CONTINUOUS
10
0.496186062992126
20
1.0632955118110237
11
0.4938992913385827
21
1.0593346850393701
0
LINE
8
BLACK
6
CONTINUOUS
10
0.4938992913385827
20
1.0593346850393701
11
0.4906653149606299
21
1.0561007086614174
0
LINE
8
BLACK
6
CONTINUOUS
10
0.4906653149606299
20
1.0561007086614174
11
0.4867044881889764
21
1.0538139370078741
0
LINE
8
BLACK
6
CONTINUOUS
10
0.4867044881889764
20
1.0538139370078741
11
0.4822867716535433
21
1.0526301968503937
0
LINE
8
BLACK
6
CONTINUOUS
10
0.4822867716535433
20
1.0526301968503937
11
0.4777132283464567
21
1.0526301968503937
0
LINE
8
BLACK
6
CONTINUOUS
10
0.4777132283464567
20
1.0526301968503937
11
0.4732955118110236
21
1.0538139370078741
0
LINE
8
BLACK
6
CONTINUOUS
10
0.4732955118110236
20
1.0538139370078741
11
0.4693346850393701
21
1.0561007086614174
0
LINE
8
BLACK
6
CONTINUOUS
10
0.4693346850393701
20
1.0561007086614174
11
0.4661007086614173
21
1.0593346850393701
0
LINE
8
BLACK
6
CONTINUOUS
10
0.4661007086614173
20
1.0593346850393701
11
0.463813937007874
21
1.0632955118110237
0
LINE
8
BLACK
6
CONTINUOUS
10
0.463813937007874
20
1.0632955118110237
11
0.4626301968503937
21
1.0677132283464568
0
LINE
8
BLACK
6
CONTINUOUS
10
0.4626301968503937
20
1.0677132283464568
11
0.4626301968503937
21
1.0722867716535434
0
LINE
8
BLACK
6
CONTINUOUS
10
0.4626301968503937
20
1.0722867716535434
11
0.463813937007874
21
1.0767044881889765
0
LINE
8
BLACK
6
CONTINUOUS
10
0.463813937007874
20
1.0767044881889765
11
0.4642274803149606
21
1.0774208267716536
0
LINE
8
BLACK
6
CONTINUOUS
10
0.4642274803149606
20
1.0774208267716536
11
0.4503491338582677
21
1.0912992125984251
0
LINE
8
BLACK
6
CONTINUOUS
10
0.4503491338582677
20
1.0912992125984251
11
0.4116692913385827
21
1.0912992125984251
0
LINE
8
BLACK
6
CONTINUOUS
10
0.4116692913385827
20
1.0912992125984251
11
0.4116692913385827
21
1.0883464566929133
0
LINE
8
BLACK
6
CONTINUOUS
10
0.4116692913385827
20
1.0883464566929133
11
0.3526141732283464
21
1.0883464566929133
0
LINE
8
BLACK
6
CONTINUOUS
10
0.3526141732283464
20
1.0883464566929133
11
0.3526141732283464
21
1.1060629921259841
0
LINE
8
BLACK
6
CONTINUOUS
10
0.3526141732283464
20
1.1060629921259841
11
0.4116692913385827
21
1.1060629921259841
0
LINE
8
BLACK
6
CONTINUOUS
10
0.4116692913385827
20
1.1060629921259841
11
0.4116692913385827
21
1.1031102362204723
0
LINE
8
BLACK
6
CONTINUOUS
10
0.4116692913385827
20
1.1031102362204723
11
0.4535662204724409
21
1.1031102362204723
0
LINE
8
BLACK
6
CONTINUOUS
10
0.4535662204724409
20
1.1031102362204723
11
0.4547183464566929
21
1.1029967716535434
0
LINE
8
BLACK
6
CONTINUOUS
10
0.4547183464566929
20
1.1029967716535434
11
0.4568471653543307
21
1.1021149606299212
0
LINE
8
BLACK
6
CONTINUOUS
10
0.4568471653543307
20
1.1021149606299212
11
0.4584764566929134
21
1.1004856692913385
0
LINE
8
BLACK
6
CONTINUOUS
10
0.4584764566929134
20
1.1004856692913385
11
0.4589081102362205
21
1.0994435039370078
0
LINE
8
BLACK
6
CONTINUOUS
10
0.4589081102362205
20
1.0994435039370078
11
0.4725791338582677
21
1.0857724803149607
0
LINE
8
BLACK
6
CONTINUOUS
10
0.4725791338582677
20
1.0857724803149607
11
0.4732955118110236
21
1.0861860629921261
0
LINE
8
BLACK
6
CONTINUOUS
10
0.4732955118110236
20
1.0861860629921261
11
0.4777132283464567
21
1.0873698031496062
0
LINE
8
BLACK
6
CONTINUOUS
10
0.4777132283464567
20
1.0873698031496062
11
0.4822867716535433
21
1.0873698031496062
0
LINE
8
BLACK
6
CONTINUOUS
10
0.4822867716535433
20
1.0873698031496062
11
0.4867044881889764
21
1.0861860629921261
0
LINE
8
BLACK
6
CONTINUOUS
10
0.4867044881889764
20
1.0861860629921261
11
0.4906653149606299
21
1.0838992913385828
0
LINE
8
BLACK
6
CONTINUOUS
10
0.4906653149606299
20
1.0838992913385828
11
0.4938992913385827
21
1.0806653149606298
0
LINE
8
BLACK
6
CONTINUOUS
10
0.4938992913385827
20
1.0806653149606298
11
0.496186062992126
21
1.0767044881889765
0
LINE
8
BLACK
6
CONTINUOUS
10
0.496186062992126
20
1.0767044881889765
11
0.496400157480315
21
1.0759055118110237
0
LINE
8
BLACK
6
CONTINUOUS
10
0.496400157480315
20
1.0759055118110237
11
0.5079842519685039
21
1.0759055118110237
0
LINE
8
BLACK
6
CONTINUOUS
10
0.5079842519685039
20
1.0759055118110237
11
0.5281772834645669
21
1.0960985433070867
0
LINE
8
BLACK
6
CONTINUOUS
10
0.5281772834645669
20
1.0960985433070867
11
0.5281772834645669
21
1.112136496062992
0
LINE
8
BLACK
6
CONTINUOUS
10
0.5281772834645669
20
1.112136496062992
11
0.528290748031496
21
1.113288622047244
0
LINE
8
BLACK
6
CONTINUOUS
10
0.528290748031496
20
1.113288622047244
11
0.5286715748031496
21
1.1142079527559055
0
LINE
8
BLACK
6
CONTINUOUS
10
0.5286715748031496
20
1.1142079527559055
11
0.5291725196850393
21
1.1154174015748031
0
LINE
8
BLACK
6
CONTINUOUS
10
0.5291725196850393
20
1.1154174015748031
11
0.529906968503937
21
1.1163123228346457
0
LINE
8
BLACK
6
CONTINUOUS
10
0.529906968503937
20
1.1163123228346457
11
0.5639370078740157
21
1.1503423622047244
0
LINE
8
BLACK
6
CONTINUOUS
10
0.5639370078740157
20
1.1503423622047244
11
0.5639370078740157
21
1.1574
0
LINE
8
BLACK
6
CONTINUOUS
10
0.5639370078740157
20
1.1574
11
0.5640504724409449
21
1.1585521259842519
0
LINE
8
BLACK
6
CONTINUOUS
10
0.5640504724409449
20
1.1585521259842519
11
0.5649322834645669
21
1.1606809448818898
0
LINE
8
BLACK
6
CONTINUOUS
10
0.5649322834645669
20
1.1606809448818898
11
0.5665615748031496
21
1.1623102362204725
0
LINE
8
BLACK
6
CONTINUOUS
10
0.5665615748031496
20
1.1623102362204725
11
0.5686903937007873
21
1.1631920472440944
0
LINE
8
BLACK
6
CONTINUOUS
10
0.5686903937007873
20
1.1631920472440944
11
0.5698425196850394
21
1.1633055118110236
0
LINE
8
BLACK
6
CONTINUOUS
10
0.5698425196850394
20
1.1633055118110236
11
0.5738
21
1.1633055118110236
0
LINE
8
BLACK
6
CONTINUOUS
10
0.5738
20
1.1633055118110236
11
0.5738
21
1.16625
0
LINE
8
BLACK
6
CONTINUOUS
10
0.5738
20
1.16625
11
0.5856
21
1.16625
0
LINE
8
BLACK
6
CONTINUOUS
10
0.5856
20
1.16625
11
0.5856
21
1.14855
0
LINE
8
BLACK
6
CONTINUOUS
10
0.178
20
1.5620000000000001
11
0.118
21
1.5620000000000001
0
LINE
8
BLACK
6
CONTINUOUS
10
0.118
20
1.5620000000000001
11
0.118
21
1.5826574803149607
0
LINE
8
BLACK
6
CONTINUOUS
10
0.118
20
1.5826574803149607
11
0.1018918897637795
21
1.5826574803149607
0
LINE
8
BLACK
6
CONTINUOUS
10
0.1018918897637795
20
1.5826574803149607
11
0.0827149212598425
21
1.5634805118110235
0
LINE
8
BLACK
6
CONTINUOUS
10
0.0827149212598425
20
1.5634805118110235
11
0.0827149212598425
21
1.2150000000000001
0
LINE
8
BLACK
6
CONTINUOUS
10
0.0827149212598425
20
1.2150000000000001
11
0.0825257874015748
21
1.2130798031496062
0
LINE
8
BLACK
6
CONTINUOUS
10
0.0825257874015748
20
1.2130798031496062
11
0.0810561417322835
21
1.2095317716535432
0
LINE
8
BLACK
6
CONTINUOUS
10
0.0810561417322835
20
1.2095317716535432
11
0.0810559448818898
21
1.2095315748031497
0
LINE
8
BLACK
6
CONTINUOUS
10
0.0810559448818898
20
1.2095315748031497
11
0.079832125984252
21
1.208040275590551
0
LINE
8
BLACK
6
CONTINUOUS
10
0.079832125984252
20
1.208040275590551
11
0.0598425196850394
21
1.1880506692913386
0
LINE
8
BLACK
6
CONTINUOUS
10
0.0598425196850394
20
1.1880506692913386
11
0.0598425196850394
21
1.1136318110236221
0
LINE
8
BLACK
6
CONTINUOUS
10
0.0598425196850394
20
1.1136318110236221
11
0.0921257086614173
21
1.0813485826771654
0
LINE
8
BLACK
6
CONTINUOUS
10
0.0921257086614173
20
1.0813485826771654
11
0.093226968503937
21
1.0814570866141733
0
LINE
8
BLACK
6
CONTINUOUS
10
0.093226968503937
20
1.0814570866141733
11
0.1051727559055118
21
1.0814570866141733
0
LINE
8
BLACK
6
CONTINUOUS
10
0.1051727559055118
20
1.0814570866141733
11
0.1070929527559055
21
1.0812679527559055
0
LINE
8
BLACK
6
CONTINUOUS
10
0.1070929527559055
20
1.0812679527559055
11
0.1106409842519685
21
1.0797983070866142
0
LINE
8
BLACK
6
CONTINUOUS
10
0.1106409842519685
20
1.0797983070866142
11
0.1109511023622047
21
1.0794881889763779
0
LINE
8
BLACK
6
CONTINUOUS
10
0.1109511023622047
20
1.0794881889763779
11
0.1203307086614173
21
1.0794881889763779
0
LINE
8
BLACK
6
CONTINUOUS
10
0.1203307086614173
20
1.0794881889763779
11
0.1203307086614173
21
1.0804724409448818
0
LINE
8
BLACK
6
CONTINUOUS
10
0.1203307086614173
20
1.0804724409448818
11
0.1793858267716535
21
1.0804724409448818
0
LINE
8
BLACK
6
CONTINUOUS
10
0.1793858267716535
20
1.0804724409448818
11
0.1793858267716535
21
1.062755905511811
0
LINE
8
BLACK
6
CONTINUOUS
10
0.1793858267716535
20
1.062755905511811
11
0.1203307086614173
21
1.062755905511811
0
LINE
8
BLACK
6
CONTINUOUS
10
0.1203307086614173
20
1.062755905511811
11
0.1203307086614173
21
1.0637401574803149
0
LINE
8
BLACK
6
CONTINUOUS
10
0.1203307086614173
20
1.0637401574803149
11
0.1109503149606299
21
1.0637401574803149
0
LINE
8
BLACK
6
CONTINUOUS
10
0.1109503149606299
20
1.0637401574803149
11
0.1106409842519685
21
1.0634308267716535
0
LINE
8
BLACK
6
CONTINUOUS
10
0.1106409842519685
20
1.0634308267716535
11
0.1070929527559055
21
1.0619611811023622
0
LINE
8
BLACK
6
CONTINUOUS
10
0.1070929527559055
20
1.0619611811023622
11
0.1051727559055118
21
1.0617720472440946
0
LINE
8
BLACK
6
CONTINUOUS
10
0.1051727559055118
20
1.0617720472440946
11
0.093226968503937
21
1.0617720472440946
0
LINE
8
BLACK
6
CONTINUOUS
10
0.093226968503937
20
1.0617720472440946
11
0.0919777952755906
21
1.0618950787401575
0
LINE
8
BLACK
6
CONTINUOUS
10
0.0919777952755906
20
1.0618950787401575
11
0.0907246456692913
21
1.061771653543307
0
LINE
8
BLACK
6
CONTINUOUS
10
0.0907246456692913
20
1.061771653543307
11
0.0878112598425197
21
1.061771653543307
0
LINE
8
BLACK
6
CONTINUOUS
10
0.0878112598425197
20
1.061771653543307
11
0.085891062992126
21
1.0619607874015748
0
LINE
8
BLACK
6
CONTINUOUS
10
0.085891062992126
20
1.0619607874015748
11
0.082343031496063
21
1.0634304330708662
0
LINE
8
BLACK
6
CONTINUOUS
10
0.082343031496063
20
1.0634304330708662
11
0.0823428346456693
21
1.0634305905511812
0
LINE
8
BLACK
6
CONTINUOUS
10
0.0823428346456693
20
1.0634305905511812
11
0.0808515354330709
21
1.0646544488188976
0
LINE
8
BLACK
6
CONTINUOUS
10
0.0808515354330709
20
1.0646544488188976
11
0.0430402755905512
21
1.1024657086614174
0
LINE
8
BLACK
6
CONTINUOUS
10
0.0430402755905512
20
1.1024657086614174
11
0.0418164173228346
21
1.1039570078740157
0
LINE
8
BLACK
6
CONTINUOUS
10
0.0418164173228346
20
1.1039570078740157
11
0.0418162598425197
21
1.1039572047244095
0
LINE
8
BLACK
6
CONTINUOUS
10
0.0418162598425197
20
1.1039572047244095
11
0.0403466141732283
21
1.1075052362204725
0
LINE
8
BLACK
6
CONTINUOUS
10
0.0403466141732283
20
1.1075052362204725
11
0.0401574803149606
21
1.1094254330708662
0
LINE
8
BLACK
6
CONTINUOUS
10
0.0401574803149606
20
1.1094254330708662
11
0.0401574803149606
21
1.1921275984251969
0
LINE
8
BLACK
6
CONTINUOUS
10
0.0401574803149606
20
1.1921275984251969
11
0.0403466141732283
21
1.1940477952755906
0
LINE
8
BLACK
6
CONTINUOUS
10
0.0403466141732283
20
1.1940477952755906
11
0.0418162598425197
21
1.1975958267716535
0
LINE
8
BLACK
6
CONTINUOUS
10
0.0418162598425197
20
1.1975958267716535
11
0.0418164173228346
21
1.1975959842519686
0
LINE
8
BLACK
6
CONTINUOUS
10
0.0418164173228346
20
1.1975959842519686
11
0.0430402755905512
21
1.1990873228346457
0
LINE
8
BLACK
6
CONTINUOUS
10
0.0430402755905512
20
1.1990873228346457
11
0.0630298818897638
21
1.2190769291338583
0
LINE
8
BLACK
6
CONTINUOUS
10
0.0630298818897638
20
1.2190769291338583
11
0.0630298818897638
21
1.5675574409448818
0
LINE
8
BLACK
6
CONTINUOUS
10
0.0630298818897638
20
1.5675574409448818
11
0.0632190157480315
21
1.5694776377952755
0
LINE
8
BLACK
6
CONTINUOUS
10
0.0632190157480315
20
1.5694776377952755
11
0.0646886614173228
21
1.5730256692913385
0
LINE
8
BLACK
6
CONTINUOUS
10
0.0646886614173228
20
1.5730256692913385
11
0.0646888188976378
21
1.5730258267716535
0
LINE
8
BLACK
6
CONTINUOUS
10
0.0646888188976378
20
1.5730258267716535
11
0.0659126771653543
21
1.5745171653543306
0
LINE
8
BLACK
6
CONTINUOUS
10
0.0659126771653543
20
1.5745171653543306
11
0.0908552362204724
21
1.5994597244094488
0
LINE
8
BLACK
6
CONTINUOUS
10
0.0908552362204724
20
1.5994597244094488
11
0.0923465354330709
21
1.6006835433070865
0
LINE
8
BLACK
6
CONTINUOUS
10
0.0923465354330709
20
1.6006835433070865
11
0.0923467322834646
21
1.6006837401574803
0
LINE
8
BLACK
6
CONTINUOUS
10
0.0923467322834646
20
1.6006837401574803
11
0.0958947637795276
21
1.6021533858267716
0
LINE
8
BLACK
6
CONTINUOUS
10
0.0958947637795276
20
1.6021533858267716
11
0.0978149606299213
21
1.6023425196850394
0
LINE
8
BLACK
6
CONTINUOUS
10
0.0978149606299213
20
1.6023425196850394
11
0.118
21
1.6023425196850394
0
LINE
8
BLACK
6
CONTINUOUS
10
0.118
20
1.6023425196850394
11
0.118
21
1.6219999999999999
0
LINE
8
BLACK
6
CONTINUOUS
10
0.118
20
1.6219999999999999
11
0.178
21
1.6219999999999999
0
LINE
8
BLACK
6
CONTINUOUS
10
0.178
20
1.6219999999999999
11
0.178
21
1.5620000000000001
0
LINE
8
BLACK
6
CONTINUOUS
10
0.5462
20
1.1574559448818897
11
0.5462055118110236
21
1.1574
0
LINE
8
BLACK
6
CONTINUOUS
10
0.5462055118110236
20
1.1574
11
0.5462055118110236
21
1.1461930708661416
0
LINE
8
BLACK
6
CONTINUOUS
10
0.5462055118110236
20
1.1461930708661416
11
0.5460920472440944
21
1.1450409448818897
0
LINE
8
BLACK
6
CONTINUOUS
10
0.5460920472440944
20
1.1450409448818897
11
0.545940905511811
21
1.144676062992126
0
LINE
8
BLACK
6
CONTINUOUS
10
0.545940905511811
20
1.144676062992126
11
0.5452102755905511
21
1.1429121653543306
0
LINE
8
BLACK
6
CONTINUOUS
10
0.5452102755905511
20
1.1429121653543306
11
0.5444758267716535
21
1.1420172440944882
0
LINE
8
BLACK
6
CONTINUOUS
10
0.5444758267716535
20
1.1420172440944882
11
0.5185557874015748
21
1.1160972047244093
0
LINE
8
BLACK
6
CONTINUOUS
10
0.5185557874015748
20
1.1160972047244093
11
0.5189696062992126
21
1.1153805511811024
0
LINE
8
BLACK
6
CONTINUOUS
10
0.5189696062992126
20
1.1153805511811024
11
0.5201533464566929
21
1.1109628346456693
0
LINE
8
BLACK
6
CONTINUOUS
10
0.5201533464566929
20
1.1109628346456693
11
0.5201533464566929
21
1.1063892913385827
0
LINE
8
BLACK
6
CONTINUOUS
10
0.5201533464566929
20
1.1063892913385827
11
0.5189696062992126
21
1.1019715748031496
0
LINE
8
BLACK
6
CONTINUOUS
10
0.5189696062992126
20
1.1019715748031496
11
0.5166828346456693
21
1.098010748031496
0
LINE
8
BLACK
6
CONTINUOUS
10
0.5166828346456693
20
1.098010748031496
11
0.5134488582677166
21
1.0947767716535433
0
LINE
8
BLACK
6
CONTINUOUS
10
0.5134488582677166
20
1.0947767716535433
11
0.509488031496063
21
1.09249
0
LINE
8
BLACK
6
CONTINUOUS
10
0.509488031496063
20
1.09249
11
0.5050703149606299
21
1.0913062598425196
0
LINE
8
BLACK
6
CONTINUOUS
10
0.5050703149606299
20
1.0913062598425196
11
0.5004967716535433
21
1.0913062598425196
0
LINE
8
BLACK
6
CONTINUOUS
10
0.5004967716535433
20
1.0913062598425196
11
0.4960790551181102
21
1.09249
0
LINE
8
BLACK
6
CONTINUOUS
10
0.4960790551181102
20
1.09249
11
0.4921182283464567
21
1.0947767716535433
0
LINE
8
BLACK
6
CONTINUOUS
10
0.4921182283464567
20
1.0947767716535433
11
0.4888842519685039
21
1.098010748031496
0
LINE
8
BLACK
6
CONTINUOUS
10
0.4888842519685039
20
1.098010748031496
11
0.4865974803149606
21
1.1019715748031496
0
LINE
8
BLACK
6
CONTINUOUS
10
0.4865974803149606
20
1.1019715748031496
11
0.4854137401574803
21
1.1063892913385827
0
LINE
8
BLACK
6
CONTINUOUS
10
0.4854137401574803
20
1.1063892913385827
11
0.4854137401574803
21
1.1109628346456693
0
LINE
8
BLACK
6
CONTINUOUS
10
0.4854137401574803
20
1.1109628346456693
11
0.4865974803149606
21
1.1153805511811024
0
LINE
8
BLACK
6
CONTINUOUS
10
0.4865974803149606
20
1.1153805511811024
11
0.4870110236220472
21
1.1160968897637795
0
LINE
8
BLACK
6
CONTINUOUS
10
0.4870110236220472
20
1.1160968897637795
11
0.4862181889763779
21
1.1168897637795276
0
LINE
8
BLACK
6
CONTINUOUS
10
0.4862181889763779
20
1.1168897637795276
11
0.4116692913385827
21
1.1168897637795276
0
LINE
8
BLACK
6
CONTINUOUS
10
0.4116692913385827
20
1.1168897637795276
11
0.4116692913385827
21
1.1139370078740156
0
LINE
8
BLACK
6
CONTINUOUS
10
0.4116692913385827
20
1.1139370078740156
11
0.3526141732283464
21
1.1139370078740156
0
LINE
8
BLACK
6
CONTINUOUS
10
0.3526141732283464
20
1.1139370078740156
11
0.3526141732283464
21
1.1316535433070867
0
LINE
8
BLACK
6
CONTINUOUS
10
0.3526141732283464
20
1.1316535433070867
11
0.4116692913385827
21
1.1316535433070867
0
LINE
8
BLACK
6
CONTINUOUS
10
0.4116692913385827
20
1.1316535433070867
11
0.4116692913385827
21
1.1287007874015749
0
LINE
8
BLACK
6
CONTINUOUS
10
0.4116692913385827
20
1.1287007874015749
11
0.4886643307086614
21
1.1287007874015749
0
LINE
8
BLACK
6
CONTINUOUS
10
0.4886643307086614
20
1.1287007874015749
11
0.4898164566929133
21
1.1285873228346457
0
LINE
8
BLACK
6
CONTINUOUS
10
0.4898164566929133
20
1.1285873228346457
11
0.4902823622047244
21
1.1283943307086615
0
LINE
8
BLACK
6
CONTINUOUS
10
0.4902823622047244
20
1.1283943307086615
11
0.4919452362204724
21
1.1277055511811023
0
LINE
8
BLACK
6
CONTINUOUS
10
0.4919452362204724
20
1.1277055511811023
11
0.492840157480315
21
1.1269711023622047
0
LINE
8
BLACK
6
CONTINUOUS
10
0.492840157480315
20
1.1269711023622047
11
0.4953626771653543
21
1.1244485433070865
0
LINE
8
BLACK
6
CONTINUOUS
10
0.4953626771653543
20
1.1244485433070865
11
0.4960790551181102
21
1.1248621259842519
0
LINE
8
BLACK
6
CONTINUOUS
10
0.4960790551181102
20
1.1248621259842519
11
0.5004967716535433
21
1.1260458661417323
0
LINE
8
BLACK
6
CONTINUOUS
10
0.5004967716535433
20
1.1260458661417323
11
0.5050703149606299
21
1.1260458661417323
0
LINE
8
BLACK
6
CONTINUOUS
10
0.5050703149606299
20
1.1260458661417323
11
0.509488031496063
21
1.1248621259842519
0
LINE
8
BLACK
6
CONTINUOUS
10
0.509488031496063
20
1.1248621259842519
11
0.5102040157480315
21
1.1244487401574803
0
LINE
8
BLACK
6
CONTINUOUS
10
0.5102040157480315
20
1.1244487401574803
11
0.5343944881889764
21
1.1486392125984253
0
LINE
8
BLACK
6
CONTINUOUS
10
0.5343944881889764
20
1.1486392125984253
11
0.5343944881889764
21
1.1574
0
LINE
8
BLACK
6
CONTINUOUS
10
0.5343944881889764
20
1.1574
11
0.5344
21
1.1574559448818897
0
LINE
8
BLACK
6
CONTINUOUS
10
0.5344
20
1.1574559448818897
11
0.5344
21
1.16625
0
LINE
8
BLACK
6
CONTINUOUS
10
0.5344
20
1.16625
11
0.5462
21
1.16625
0
LINE
8
BLACK
6
CONTINUOUS
10
0.5462
20
1.16625
11
0.5462
21
1.1574559448818897
0
LINE
8
BLACK
6
CONTINUOUS
10
0.1017044881889764
20
1.1361860629921259
11
0.1056653149606299
21
1.1338992913385826
0
LINE
8
BLACK
6
CONTINUOUS
10
0.1056653149606299
20
1.1338992913385826
11
0.1088992913385827
21
1.1306653149606298
0
LINE
8
BLACK
6
CONTINUOUS
10
0.1088992913385827
20
1.1306653149606298
11
0.1100335039370079
21
1.1287007874015749
0
LINE
8
BLACK
6
CONTINUOUS
10
0.1100335039370079
20
1.1287007874015749
11
0.1203307086614173
21
1.1287007874015749
0
LINE
8
BLACK
6
CONTINUOUS
10
0.1203307086614173
20
1.1287007874015749
11
0.1203307086614173
21
1.1316535433070867
0
LINE
8
BLACK
6
CONTINUOUS
10
0.1203307086614173
20
1.1316535433070867
11
0.1793858267716535
21
1.1316535433070867
0
LINE
8
BLACK
6
CONTINUOUS
10
0.1793858267716535
20
1.1316535433070867
11
0.1793858267716535
21
1.1139370078740156
0
LINE
8
BLACK
6
CONTINUOUS
10
0.1793858267716535
20
1.1139370078740156
11
0.1203307086614173
21
1.1139370078740156
0
LINE
8
BLACK
6
CONTINUOUS
10
0.1203307086614173
20
1.1139370078740156
11
0.1203307086614173
21
1.1168897637795276
0
LINE
8
BLACK
6
CONTINUOUS
10
0.1203307086614173
20
1.1168897637795276
11
0.1121491338582677
21
1.1168897637795276
0
LINE
8
BLACK
6
CONTINUOUS
10
0.1121491338582677
20
1.1168897637795276
11
0.111186062992126
21
1.1132955118110235
0
LINE
8
BLACK
6
CONTINUOUS
10
0.111186062992126
20
1.1132955118110235
11
0.1088992913385827
21
1.1093346850393702
0
LINE
8
BLACK
6
CONTINUOUS
10
0.1088992913385827
20
1.1093346850393702
11
0.1056653149606299
21
1.1061007086614172
0
LINE
8
BLACK
6
CONTINUOUS
10
0.1056653149606299
20
1.1061007086614172
11
0.1017044881889764
21
1.1038139370078739
0
LINE
8
BLACK
6
CONTINUOUS
10
0.1017044881889764
20
1.1038139370078739
11
0.0972867716535433
21
1.1026301968503938
0
LINE
8
BLACK
6
CONTINUOUS
10
0.0972867716535433
20
1.1026301968503938
11
0.0927132283464567
21
1.1026301968503938
0
LINE
8
BLACK
6
CONTINUOUS
10
0.0927132283464567
20
1.1026301968503938
11
0.0882955118110236
21
1.1038139370078739
0
LINE
8
BLACK
6
CONTINUOUS
10
0.0882955118110236
20
1.1038139370078739
11
0.0843346850393701
21
1.1061007086614172
0
LINE
8
BLACK
6
CONTINUOUS
10
0.0843346850393701
20
1.1061007086614172
11
0.0811007086614173
21
1.1093346850393702
0
LINE
8
BLACK
6
CONTINUOUS
10
0.0811007086614173
20
1.1093346850393702
11
0.078813937007874
21
1.1132955118110235
0
LINE
8
BLACK
6
CONTINUOUS
10
0.078813937007874
20
1.1132955118110235
11
0.0776301968503937
21
1.1177132283464566
0
LINE
8
BLACK
6
CONTINUOUS
10
0.0776301968503937
20
1.1177132283464566
11
0.0776301968503937
21
1.1222867716535432
0
LINE
8
BLACK
6
CONTINUOUS
10
0.0776301968503937
20
1.1222867716535432
11
0.078813937007874
21
1.1267044881889763
0
LINE
8
BLACK
6
CONTINUOUS
10
0.078813937007874
20
1.1267044881889763
11
0.0811007086614173
21
1.1306653149606298
0
LINE
8
BLACK
6
CONTINUOUS
10
0.0811007086614173
20
1.1306653149606298
11
0.0843346850393701
21
1.1338992913385826
0
LINE
8
BLACK
6
CONTINUOUS
10
0.0843346850393701
20
1.1338992913385826
11
0.0882955118110236
21
1.1361860629921259
0
LINE
8
BLACK
6
CONTINUOUS
10
0.0882955118110236
20
1.1361860629921259
11
0.0927132283464567
21
1.1373698031496062
0
LINE
8
BLACK
6
CONTINUOUS
10
0.0927132283464567
20
1.1373698031496062
11
0.0972867716535433
21
1.1373698031496062
0
LINE
8
BLACK
6
CONTINUOUS
10
0.0972867716535433
20
1.1373698031496062
11
0.1017044881889764
21
1.1361860629921259
0
LINE
8
BLACK
6
CONTINUOUS
10
0.5856
20
1.2126559448818897
11
0.5856055118110236
21
1.2125999999999999
0
LINE
8
BLACK
6
CONTINUOUS
10
0.5856055118110236
20
1.2125999999999999
11
0.5856055118110236
21
1.1919389763779527
0
LINE
8
BLACK
6
CONTINUOUS
10
0.5856055118110236
20
1.1919389763779527
11
0.5854920472440944
21
1.1907868503937007
0
LINE
8
BLACK
6
CONTINUOUS
10
0.5854920472440944
20
1.1907868503937007
11
0.5851433464566929
21
1.1899450393700788
0
LINE
8
BLACK
6
CONTINUOUS
10
0.5851433464566929
20
1.1899450393700788
11
0.5846102755905511
21
1.1886580708661416
0
LINE
8
BLACK
6
CONTINUOUS
10
0.5846102755905511
20
1.1886580708661416
11
0.5838758267716535
21
1.1877631496062993
0
LINE
8
BLACK
6
CONTINUOUS
10
0.5838758267716535
20
1.1877631496062993
11
0.5719664173228346
21
1.1758537401574802
0
LINE
8
BLACK
6
CONTINUOUS
10
0.5719664173228346
20
1.1758537401574802
11
0.5710714960629921
21
1.1751192913385826
0
LINE
8
BLACK
6
CONTINUOUS
10
0.5710714960629921
20
1.1751192913385826
11
0.5698244881889764
21
1.1746027559055119
0
LINE
8
BLACK
6
CONTINUOUS
10
0.5698244881889764
20
1.1746027559055119
11
0.568942716535433
21
1.1742375196850394
0
LINE
8
BLACK
6
CONTINUOUS
10
0.568942716535433
20
1.1742375196850394
11
0.5677905905511811
21
1.1741240551181102
0
LINE
8
BLACK
6
CONTINUOUS
10
0.5677905905511811
20
1.1741240551181102
11
0.5264983858267717
21
1.1741240551181102
0
LINE
8
BLACK
6
CONTINUOUS
10
0.5264983858267717
20
1.1741240551181102
11
0.5246534251968504
21
1.1722790944881889
0
LINE
8
BLACK
6
CONTINUOUS
10
0.5246534251968504
20
1.1722790944881889
11
0.5187304330708661
21
1.1663561023622047
0
LINE
8
BLACK
6
CONTINUOUS
10
0.5187304330708661
20
1.1663561023622047
11
0.5191440157480315
21
1.1656397637795275
0
LINE
8
BLACK
6
CONTINUOUS
10
0.5191440157480315
20
1.1656397637795275
11
0.5203277559055118
21
1.1612220472440944
0
LINE
8
BLACK
6
CONTINUOUS
10
0.5203277559055118
20
1.1612220472440944
11
0.5203277559055118
21
1.1566485039370078
0
LINE
8
BLACK
6
CONTINUOUS
10
0.5203277559055118
20
1.1566485039370078
11
0.5191440157480315
21
1.1522307874015747
0
LINE
8
BLACK
6
CONTINUOUS
10
0.5191440157480315
20
1.1522307874015747
11
0.5168572440944882
21
1.1482699606299211
0
LINE
8
BLACK
6
CONTINUOUS
10
0.5168572440944882
20
1.1482699606299211
11
0.5136232677165354
21
1.1450359842519684
0
LINE
8
BLACK
6
CONTINUOUS
10
0.5136232677165354
20
1.1450359842519684
11
0.5096624409448819
21
1.1427492125984251
0
LINE
8
BLACK
6
CONTINUOUS
10
0.5096624409448819
20
1.1427492125984251
11
0.5052447244094488
21
1.1415654724409448
0
LINE
8
BLACK
6
CONTINUOUS
10
0.5052447244094488
20
1.1415654724409448
11
0.5006711811023622
21
1.1415654724409448
0
LINE
8
BLACK
6
CONTINUOUS
10
0.5006711811023622
20
1.1415654724409448
11
0.4962534645669291
21
1.1427492125984251
0
LINE
8
BLACK
6
CONTINUOUS
10
0.4962534645669291
20
1.1427492125984251
11
0.4922926377952756
21
1.1450359842519684
0
LINE
8
BLACK
6
CONTINUOUS
10
0.4922926377952756
20
1.1450359842519684
11
0.4890586614173228
21
1.1482699606299211
0
LINE
8
BLACK
6
CONTINUOUS
10
0.4890586614173228
20
1.1482699606299211
11
0.4886508267716536
21
1.1489762598425197
0
LINE
8
BLACK
6
CONTINUOUS
10
0.4886508267716536
20
1.1489762598425197
11
0.4838845669291338
21
1.1442099999999999
0
LINE
8
BLACK
6
CONTINUOUS
10
0.4838845669291338
20
1.1442099999999999
11
0.4829896456692913
21
1.1434755511811023
0
LINE
8
BLACK
6
CONTINUOUS
10
0.4829896456692913
20
1.1434755511811023
11
0.4818077165354331
21
1.1429859842519685
0
LINE
8
BLACK
6
CONTINUOUS
10
0.4818077165354331
20
1.1429859842519685
11
0.4808608661417323
21
1.1425937795275591
0
LINE
8
BLACK
6
CONTINUOUS
10
0.4808608661417323
20
1.1425937795275591
11
0.4797087401574803
21
1.14248031496063
0
LINE
8
BLACK
6
CONTINUOUS
10
0.4797087401574803
20
1.14248031496063
11
0.4116692913385827
21
1.14248031496063
0
LINE
8
BLACK
6
CONTINUOUS
10
0.4116692913385827
20
1.14248031496063
11
0.4116692913385827
21
1.1395275590551182
0
LINE
8
BLACK
6
CONTINUOUS
10
0.4116692913385827
20
1.1395275590551182
11
0.3526141732283464
21
1.1395275590551182
0
LINE
8
BLACK
6
CONTINUOUS
10
0.3526141732283464
20
1.1395275590551182
11
0.3526141732283464
21
1.157244094488189
0
LINE
8
BLACK
6
CONTINUOUS
10
0.3526141732283464
20
1.157244094488189
11
0.4116692913385827
21
1.157244094488189
0
LINE
8
BLACK
6
CONTINUOUS
10
0.4116692913385827
20
1.157244094488189
11
0.4116692913385827
21
1.1542913385826772
0
LINE
8
BLACK
6
CONTINUOUS
10
0.4116692913385827
20
1.1542913385826772
11
0.4772625984251969
21
1.1542913385826772
0
LINE
8
BLACK
6
CONTINUOUS
10
0.4772625984251969
20
1.1542913385826772
11
0.4860823622047244
21
1.1631111023622047
0
LINE
8
BLACK
6
CONTINUOUS
10
0.4860823622047244
20
1.1631111023622047
11
0.4860976771653543
21
1.1631236614173228
0
LINE
8
BLACK
6
CONTINUOUS
10
0.4860976771653543
20
1.1631236614173228
11
0.4867718897637795
21
1.1656397637795275
0
LINE
8
BLACK
6
CONTINUOUS
10
0.4867718897637795
20
1.1656397637795275
11
0.4890586614173228
21
1.169600590551181
0
LINE
8
BLACK
6
CONTINUOUS
10
0.4890586614173228
20
1.169600590551181
11
0.4922926377952756
21
1.1728345669291338
0
LINE
8
BLACK
6
CONTINUOUS
10
0.4922926377952756
20
1.1728345669291338
11
0.4962534645669291
21
1.1751213385826771
0
LINE
8
BLACK
6
CONTINUOUS
10
0.4962534645669291
20
1.1751213385826771
11
0.5006711811023622
21
1.1763050787401574
0
LINE
8
BLACK
6
CONTINUOUS
10
0.5006711811023622
20
1.1763050787401574
11
0.5052447244094488
21
1.1763050787401574
0
LINE
8
BLACK
6
CONTINUOUS
10
0.5052447244094488
20
1.1763050787401574
11
0.5096624409448819
21
1.1751213385826771
0
LINE
8
BLACK
6
CONTINUOUS
10
0.5096624409448819
20
1.1751213385826771
11
0.5103787795275591
21
1.1747077559055117
0
LINE
8
BLACK
6
CONTINUOUS
10
0.5103787795275591
20
1.1747077559055117
11
0.5163017716535433
21
1.1806307480314961
0
LINE
8
BLACK
6
CONTINUOUS
10
0.5163017716535433
20
1.1806307480314961
11
0.5198764173228346
21
1.1842053937007875
0
LINE
8
BLACK
6
CONTINUOUS
10
0.5198764173228346
20
1.1842053937007875
11
0.5207713385826771
21
1.1849398425196851
0
LINE
8
BLACK
6
CONTINUOUS
10
0.5207713385826771
20
1.1849398425196851
11
0.5221104724409449
21
1.1854945275590552
0
LINE
8
BLACK
6
CONTINUOUS
10
0.5221104724409449
20
1.1854945275590552
11
0.5229001181102362
21
1.1858216141732283
0
LINE
8
BLACK
6
CONTINUOUS
10
0.5229001181102362
20
1.1858216141732283
11
0.5240522440944881
21
1.1859350787401575
0
LINE
8
BLACK
6
CONTINUOUS
10
0.5240522440944881
20
1.1859350787401575
11
0.5653444488188977
21
1.1859350787401575
0
LINE
8
BLACK
6
CONTINUOUS
10
0.5653444488188977
20
1.1859350787401575
11
0.5737944881889764
21
1.1943851181102363
0
LINE
8
BLACK
6
CONTINUOUS
10
0.5737944881889764
20
1.1943851181102363
11
0.5737944881889764
21
1.2125999999999999
0
LINE
8
BLACK
6
CONTINUOUS
10
0.5737944881889764
20
1.2125999999999999
11
0.5738
21
1.2126559448818897
0
LINE
8
BLACK
6
CONTINUOUS
10
0.5738
20
1.2126559448818897
11
0.5738
21
1.2214499999999999
0
LINE
8
BLACK
6
CONTINUOUS
10
0.5738
20
1.2214499999999999
11
0.5856
21
1.2214499999999999
0
LINE
8
BLACK
6
CONTINUOUS
10
0.5856
20
1.2214499999999999
11
0.5856
21
1.2126559448818897
0
LINE
8
BLACK
6
CONTINUOUS
10
0.0967044881889764
20
1.1921860629921259
11
0.1006653149606299
21
1.1898992913385826
0
LINE
8
BLACK
6
CONTINUOUS
10
0.1006653149606299
20
1.1898992913385826
11
0.1038992913385827
21
1.1866653149606299
0
LINE
8
BLACK
6
CONTINUOUS
10
0.1038992913385827
20
1.1866653149606299
11
0.106186062992126
21
1.1827044881889763
0
LINE
8
BLACK
6
CONTINUOUS
10
0.106186062992126
20
1.1827044881889763
11
0.1064149212598425
21
1.1818503937007874
0
LINE
8
BLACK
6
CONTINUOUS
10
0.1064149212598425
20
1.1818503937007874
11
0.1203307086614173
21
1.1818503937007874
0
LINE
8
BLACK
6
CONTINUOUS
10
0.1203307086614173
20
1.1818503937007874
11
0.1203307086614173
21
1.1828346456692913
0
LINE
8
BLACK
6
CONTINUOUS
10
0.1203307086614173
20
1.1828346456692913
11
0.1793858267716535
21
1.1828346456692913
0
LINE
8
BLACK
6
CONTINUOUS
10
0.1793858267716535
20
1.1828346456692913
11
0.1793858267716535
21
1.1651181102362205
0
LINE
8
BLACK
6
CONTINUOUS
10
0.1793858267716535
20
1.1651181102362205
11
0.1203307086614173
21
1.1651181102362205
0
LINE
8
BLACK
6
CONTINUOUS
10
0.1203307086614173
20
1.1651181102362205
11
0.1203307086614173
21
1.1661023622047244
0
LINE
8
BLACK
6
CONTINUOUS
10
0.1203307086614173
20
1.1661023622047244
11
0.1043425196850394
21
1.1661023622047244
0
LINE
8
BLACK
6
CONTINUOUS
10
0.1043425196850394
20
1.1661023622047244
11
0.1038992913385827
21
1.16533468503937
0
LINE
8
BLACK
6
CONTINUOUS
10
0.1038992913385827
20
1.16533468503937
11
0.1006653149606299
21
1.1621007086614172
0
LINE
8
BLACK
6
CONTINUOUS
10
0.1006653149606299
20
1.1621007086614172
11
0.0967044881889764
21
1.1598139370078739
0
LINE
8
BLACK
6
CONTINUOUS
10
0.0967044881889764
20
1.1598139370078739
11
0.0922867716535433
21
1.1586301968503936
0
LINE
8
BLACK
6
CONTINUOUS
10
0.0922867716535433
20
1.1586301968503936
11
0.0877132283464567
21
1.1586301968503936
0
LINE
8
BLACK
6
CONTINUOUS
10
0.0877132283464567
20
1.1586301968503936
11
0.0832955118110236
21
1.1598139370078739
0
LINE
8
BLACK
6
CONTINUOUS
10
0.0832955118110236
20
1.1598139370078739
11
0.0793346850393701
21
1.1621007086614172
0
LINE
8
BLACK
6
CONTINUOUS
10
0.0793346850393701
20
1.1621007086614172
11
0.0761007086614173
21
1.16533468503937
0
LINE
8
BLACK
6
CONTINUOUS
10
0.0761007086614173
20
1.16533468503937
11
0.073813937007874
21
1.1692955118110235
0
LINE
8
BLACK
6
CONTINUOUS
10
0.073813937007874
20
1.1692955118110235
11
0.0726301968503937
21
1.1737132283464566
0
LINE
8
BLACK
6
CONTINUOUS
10
0.0726301968503937
20
1.1737132283464566
11
0.0726301968503937
21
1.1782867716535432
0
LINE
8
BLACK
6
CONTINUOUS
10
0.0726301968503937
20
1.1782867716535432
11
0.073813937007874
21
1.1827044881889763
0
LINE
8
BLACK
6
CONTINUOUS
10
0.073813937007874
20
1.1827044881889763
11
0.0761007086614173
21
1.1866653149606299
0
LINE
8
BLACK
6
CONTINUOUS
10
0.0761007086614173
20
1.1866653149606299
11
0.0793346850393701
21
1.1898992913385826
0
LINE
8
BLACK
6
CONTINUOUS
10
0.0793346850393701
20
1.1898992913385826
11
0.0832955118110236
21
1.1921860629921259
0
LINE
8
BLACK
6
CONTINUOUS
10
0.0832955118110236
20
1.1921860629921259
11
0.0877132283464567
21
1.1933698031496063
0
LINE
8
BLACK
6
CONTINUOUS
10
0.0877132283464567
20
1.1933698031496063
11
0.0922867716535433
21
1.1933698031496063
0
LINE
8
BLACK
6
CONTINUOUS
10
0.0922867716535433
20
1.1933698031496063
11
0.0967044881889764
21
1.1921860629921259
0
LINE
8
BLACK
6
CONTINUOUS
10
0.5462
20
1.2037499999999999
11
0.5344
21
1.2037499999999999
0
LINE
8
BLACK
6
CONTINUOUS
10
0.5344
20
1.2037499999999999
11
0.5344
21
1.2066944881889763
0
LINE
8
BLACK
6
CONTINUOUS
10
0.5344
20
1.2066944881889763
11
0.5206149606299213
21
1.2066944881889763
0
LINE
8
BLACK
6
CONTINUOUS
10
0.5206149606299213
20
1.2066944881889763
11
0.512358937007874
21
1.2066944881889763
0
LINE
8
BLACK
6
CONTINUOUS
10
0.512358937007874
20
1.2066944881889763
11
0.5000461417322835
21
1.2066944881889763
0
LINE
8
BLACK
6
CONTINUOUS
10
0.5000461417322835
20
1.2066944881889763
11
0.4807724803149606
21
1.1874208267716535
0
LINE
8
BLACK
6
CONTINUOUS
10
0.4807724803149606
20
1.1874208267716535
11
0.481186062992126
21
1.1867044881889763
0
LINE
8
BLACK
6
CONTINUOUS
10
0.481186062992126
20
1.1867044881889763
11
0.4823698031496063
21
1.1822867716535432
0
LINE
8
BLACK
6
CONTINUOUS
10
0.4823698031496063
20
1.1822867716535432
11
0.4823698031496063
21
1.1777132283464566
0
LINE
8
BLACK
6
CONTINUOUS
10
0.4823698031496063
20
1.1777132283464566
11
0.481186062992126
21
1.1732955118110235
0
LINE
8
BLACK
6
CONTINUOUS
10
0.481186062992126
20
1.1732955118110235
11
0.4788992913385827
21
1.16933468503937
0
LINE
8
BLACK
6
CONTINUOUS
10
0.4788992913385827
20
1.16933468503937
11
0.4756653149606299
21
1.1661007086614172
0
LINE
8
BLACK
6
CONTINUOUS
10
0.4756653149606299
20
1.1661007086614172
11
0.4717044881889764
21
1.1638139370078739
0
LINE
8
BLACK
6
CONTINUOUS
10
0.4717044881889764
20
1.1638139370078739
11
0.4672867716535433
21
1.1626301968503936
0
LINE
8
BLACK
6
CONTINUOUS
10
0.4672867716535433
20
1.1626301968503936
11
0.4627132283464567
21
1.1626301968503936
0
LINE
8
BLACK
6
CONTINUOUS
10
0.4627132283464567
20
1.1626301968503936
11
0.4582955118110236
21
1.1638139370078739
0
LINE
8
BLACK
6
CONTINUOUS
10
0.4582955118110236
20
1.1638139370078739
11
0.4543346850393701
21
1.1661007086614172
0
LINE
8
BLACK
6
CONTINUOUS
10
0.4543346850393701
20
1.1661007086614172
11
0.4523645275590551
21
1.1680708661417323
0
LINE
8
BLACK
6
CONTINUOUS
10
0.4523645275590551
20
1.1680708661417323
11
0.4116692913385827
21
1.1680708661417323
0
LINE
8
BLACK
6
CONTINUOUS
10
0.4116692913385827
20
1.1680708661417323
11
0.4116692913385827
21
1.1651181102362205
0
LINE
8
BLACK
6
CONTINUOUS
10
0.4116692913385827
20
1.1651181102362205
11
0.3526141732283464
21
1.1651181102362205
0
LINE
8
BLACK
6
CONTINUOUS
10
0.3526141732283464
20
1.1651181102362205
11
0.3526141732283464
21
1.1828346456692913
0
LINE
8
BLACK
6
CONTINUOUS
10
0.3526141732283464
20
1.1828346456692913
11
0.4116692913385827
21
1.1828346456692913
0
LINE
8
BLACK
6
CONTINUOUS
10
0.4116692913385827
20
1.1828346456692913
11
0.4116692913385827
21
1.1798818897637795
0
LINE
8
BLACK
6
CONTINUOUS
10
0.4116692913385827
20
1.1798818897637795
11
0.4476301968503937
21
1.1798818897637795
0
LINE
8
BLACK
6
CONTINUOUS
10
0.4476301968503937
20
1.1798818897637795
11
0.4476301968503937
21
1.1822867716535432
0
LINE
8
BLACK
6
CONTINUOUS
10
0.4476301968503937
20
1.1822867716535432
11
0.448813937007874
21
1.1867044881889763
0
LINE
8
BLACK
6
CONTINUOUS
10
0.448813937007874
20
1.1867044881889763
11
0.4511007086614173
21
1.1906653149606299
0
LINE
8
BLACK
6
CONTINUOUS
10
0.4511007086614173
20
1.1906653149606299
11
0.4543346850393701
21
1.1938992913385826
0
LINE
8
BLACK
6
CONTINUOUS
10
0.4543346850393701
20
1.1938992913385826
11
0.4582955118110236
21
1.1961860629921259
0
LINE
8
BLACK
6
CONTINUOUS
10
0.4582955118110236
20
1.1961860629921259
11
0.4627132283464567
21
1.1973698031496063
0
LINE
8
BLACK
6
CONTINUOUS
10
0.4627132283464567
20
1.1973698031496063
11
0.4672867716535433
21
1.1973698031496063
0
LINE
8
BLACK
6
CONTINUOUS
10
0.4672867716535433
20
1.1973698031496063
11
0.4717044881889764
21
1.1961860629921259
0
LINE
8
BLACK
6
CONTINUOUS
10
0.4717044881889764
20
1.1961860629921259
11
0.4724208267716535
21
1.1957724803149605
0
LINE
8
BLACK
6
CONTINUOUS
10
0.4724208267716535
20
1.1957724803149605
11
0.4934241732283464
21
1.2167758267716535
0
LINE
8
BLACK
6
CONTINUOUS
10
0.4934241732283464
20
1.2167758267716535
11
0.4943190551181103
21
1.2175102755905511
0
LINE
8
BLACK
6
CONTINUOUS
10
0.4943190551181103
20
1.2175102755905511
11
0.4958243700787401
21
1.2181337401574803
0
LINE
8
BLACK
6
CONTINUOUS
10
0.4958243700787401
20
1.2181337401574803
11
0.496447874015748
21
1.2183920472440946
0
LINE
8
BLACK
6
CONTINUOUS
10
0.496447874015748
20
1.2183920472440946
11
0.4976
21
1.2185055118110235
0
LINE
8
BLACK
6
CONTINUOUS
10
0.4976
20
1.2185055118110235
11
0.5344
21
1.2185055118110235
0
LINE
8
BLACK
6
CONTINUOUS
10
0.5344
20
1.2185055118110235
11
0.5344
21
1.2214499999999999
0
LINE
8
BLACK
6
CONTINUOUS
10
0.5344
20
1.2214499999999999
11
0.5462
21
1.2214499999999999
0
LINE
8
BLACK
6
CONTINUOUS
10
0.5462
20
1.2214499999999999
11
0.5462
21
1.2037499999999999
0
LINE
8
BLACK
6
CONTINUOUS
10
0.2775
20
1.5023425196850393
11
0.2971850393700787
21
1.5023425196850393
0
LINE
8
BLACK
6
CONTINUOUS
10
0.2971850393700787
20
1.5023425196850393
11
0.2991052362204724
21
1.5021533858267717
0
LINE
8
BLACK
6
CONTINUOUS
10
0.2991052362204724
20
1.5021533858267717
11
0.3026532677165354
21
1.5006837401574802
0
LINE
8
BLACK
6
CONTINUOUS
10
0.3026532677165354
20
1.5006837401574802
11
0.3026534251968504
21
1.5006835433070866
0
LINE
8
BLACK
6
CONTINUOUS
10
0.3026534251968504
20
1.5006835433070866
11
0.3041447637795275
21
1.4994597244094487
0
LINE
8
BLACK
6
CONTINUOUS
10
0.3041447637795275
20
1.4994597244094487
11
0.3344596850393701
21
1.4691447637795276
0
LINE
8
BLACK
6
CONTINUOUS
10
0.3344596850393701
20
1.4691447637795276
11
0.3356835433070866
21
1.4676534251968503
0
LINE
8
BLACK
6
CONTINUOUS
10
0.3356835433070866
20
1.4676534251968503
11
0.3356837401574803
21
1.4676532677165355
0
LINE
8
BLACK
6
CONTINUOUS
10
0.3356837401574803
20
1.4676532677165355
11
0.3371533858267716
21
1.4641052362204725
0
LINE
8
BLACK
6
CONTINUOUS
10
0.3371533858267716
20
1.4641052362204725
11
0.3373425196850394
21
1.4621850393700786
0
LINE
8
BLACK
6
CONTINUOUS
10
0.3373425196850394
20
1.4621850393700786
11
0.3373425196850394
21
1.3143918897637794
0
LINE
8
BLACK
6
CONTINUOUS
10
0.3373425196850394
20
1.3143918897637794
11
0.3443918897637795
21
1.3073425196850395
0
LINE
8
BLACK
6
CONTINUOUS
10
0.3443918897637795
20
1.3073425196850395
11
0.36
21
1.3073425196850395
0
LINE
8
BLACK
6
CONTINUOUS
10
0.36
20
1.3073425196850395
11
0.36
21
1.325
0
LINE
8
BLACK
6
CONTINUOUS
10
0.36
20
1.325
11
0.395
21
1.325
0
LINE
8
BLACK
6
CONTINUOUS
10
0.395
20
1.325
11
0.395
21
1.27
0
LINE
8
BLACK
6
CONTINUOUS
10
0.395
20
1.27
11
0.3900157480314961
21
1.27
0
LINE
8
BLACK
6
CONTINUOUS
10
0.3900157480314961
20
1.27
11
0.3900157480314961
21
1.2084251968503936
0
LINE
8
BLACK
6
CONTINUOUS
10
0.3900157480314961
20
1.2084251968503936
11
0.4116692913385827
21
1.2084251968503936
0
LINE
8
BLACK
6
CONTINUOUS
10
0.4116692913385827
20
1.2084251968503936
11
0.4116692913385827
21
1.1907086614173228
0
LINE
8
BLACK
6
CONTINUOUS
10
0.4116692913385827
20
1.1907086614173228
11
0.3526141732283464
21
1.1907086614173228
0
LINE
8
BLACK
6
CONTINUOUS
10
0.3526141732283464
20
1.1907086614173228
11
0.3526141732283464
21
1.2084251968503936
0
LINE
8
BLACK
6
CONTINUOUS
10
0.3526141732283464
20
1.2084251968503936
11
0.3742677165354331
21
1.2084251968503936
0
LINE
8
BLACK
6
CONTINUOUS
10
0.3742677165354331
20
1.2084251968503936
11
0.3742677165354331
21
1.27
0
LINE
8
BLACK
6
CONTINUOUS
10
0.3742677165354331
20
1.27
11
0.36
21
1.27
0
LINE
8
BLACK
6
CONTINUOUS
10
0.36
20
1.27
11
0.36
21
1.2876574803149605
0
LINE
8
BLACK
6
CONTINUOUS
10
0.36
20
1.2876574803149605
11
0.3403149606299212
21
1.2876574803149605
0
LINE
8
BLACK
6
CONTINUOUS
10
0.3403149606299212
20
1.2876574803149605
11
0.3383947637795275
21
1.2878466141732283
0
LINE
8
BLACK
6
CONTINUOUS
10
0.3383947637795275
20
1.2878466141732283
11
0.3368566929133858
21
1.2884837007874015
0
LINE
8
BLACK
6
CONTINUOUS
10
0.3368566929133858
20
1.2884837007874015
11
0.3348467716535433
21
1.2893162204724409
0
LINE
8
BLACK
6
CONTINUOUS
10
0.3348467716535433
20
1.2893162204724409
11
0.3333552362204724
21
1.2905402755905511
0
LINE
8
BLACK
6
CONTINUOUS
10
0.3333552362204724
20
1.2905402755905511
11
0.3221127952755906
21
1.3017826771653542
0
LINE
8
BLACK
6
CONTINUOUS
10
0.3221127952755906
20
1.3017826771653542
11
0.3220317716535433
21
1.3018162598425196
0
LINE
8
BLACK
6
CONTINUOUS
10
0.3220317716535433
20
1.3018162598425196
11
0.3193162598425197
21
1.3045317716535432
0
LINE
8
BLACK
6
CONTINUOUS
10
0.3193162598425197
20
1.3045317716535432
11
0.3178466141732283
21
1.3080798031496064
0
LINE
8
BLACK
6
CONTINUOUS
10
0.3178466141732283
20
1.3080798031496064
11
0.3178466141732283
21
1.3080798425196849
0
LINE
8
BLACK
6
CONTINUOUS
10
0.3178466141732283
20
1.3080798425196849
11
0.3176574803149606
21
1.3100000000000001
0
LINE
8
BLACK
6
CONTINUOUS
10
0.3176574803149606
20
1.3100000000000001
11
0.3176574803149606
21
1.4581081102362203
0
LINE
8
BLACK
6
CONTINUOUS
10
0.3176574803149606
20
1.4581081102362203
11
0.2931081102362205
21
1.4826574803149606
0
LINE
8
BLACK
6
CONTINUOUS
10
0.2931081102362205
20
1.4826574803149606
11
0.2775
21
1.4826574803149606
0
LINE
8
BLACK
6
CONTINUOUS
10
0.2775
20
1.4826574803149606
11
0.2775
21
1.4624999999999999
0
LINE
8
BLACK
6
CONTINUOUS
10
0.2775
20
1.4624999999999999
11
0.2175
21
1.4624999999999999
0
LINE
8
BLACK
6
CONTINUOUS
10
0.2175
20
1.4624999999999999
11
0.2175
21
1.5225
0
LINE
8
BLACK
6
CONTINUOUS
10
0.2175
20
1.5225
11
0.2775
21
1.5225
0
LINE
8
BLACK
6
CONTINUOUS
10
0.2775
20
1.5225
11
0.2775
21
1.5023425196850393
0
LINE
8
BLACK
6
CONTINUOUS
10
0.3757044881889764
20
1.3793859842519685
11
0.3796653149606299
21
1.3770992125984252
0
LINE
8
BLACK
6
CONTINUOUS
10
0.3796653149606299
20
1.3770992125984252
11
0.3828992913385827
21
1.3738652362204724
0
LINE
8
BLACK
6
CONTINUOUS
10
0.3828992913385827
20
1.3738652362204724
11
0.3833743307086614
21
1.3730424409448818
0
LINE
8
BLACK
6
CONTINUOUS
10
0.3833743307086614
20
1.3730424409448818
11
0.3857033070866142
21
1.3730424409448818
0
LINE
8
BLACK
6
CONTINUOUS
10
0.3857033070866142
20
1.3730424409448818
11
0.3968000787401575
21
1.3730424409448818
0
LINE
8
BLACK
6
CONTINUOUS
10
0.3968000787401575
20
1.3730424409448818
11
0.3987202755905512
21
1.3728533070866142
0
LINE
8
BLACK
6
CONTINUOUS
10
0.3987202755905512
20
1.3728533070866142
11
0.4022683070866142
21
1.3713836614173227
0
LINE
8
BLACK
6
CONTINUOUS
10
0.4022683070866142
20
1.3713836614173227
11
0.4022684645669291
21
1.3713834645669292
0
LINE
8
BLACK
6
CONTINUOUS
10
0.4022684645669291
20
1.3713834645669292
11
0.4037598031496063
21
1.3701596456692913
0
LINE
8
BLACK
6
CONTINUOUS
10
0.4037598031496063
20
1.3701596456692913
11
0.4489194488188976
21
1.325
0
LINE
8
BLACK
6
CONTINUOUS
10
0.4489194488188976
20
1.325
11
0.47
21
1.325
0
LINE
8
BLACK
6
CONTINUOUS
10
0.47
20
1.325
11
0.47
21
1.27
0
LINE
8
BLACK
6
CONTINUOUS
10
0.47
20
1.27
11
0.435
21
1.27
0
LINE
8
BLACK
6
CONTINUOUS
10
0.435
20
1.27
11
0.435
21
1.3110805511811023
0
LINE
8
BLACK
6
CONTINUOUS
10
0.435
20
1.3110805511811023
11
0.3927231496062992
21
1.3533574015748031
0
LINE
8
BLACK
6
CONTINUOUS
10
0.3927231496062992
20
1.3533574015748031
11
0.3857033070866142
21
1.3533574015748031
0
LINE
8
BLACK
6
CONTINUOUS
10
0.3857033070866142
20
1.3533574015748031
11
0.3833743307086614
21
1.3533574015748031
0
LINE
8
BLACK
6
CONTINUOUS
10
0.3833743307086614
20
1.3533574015748031
11
0.3828992913385827
21
1.3525346062992125
0
LINE
8
BLACK
6
CONTINUOUS
10
0.3828992913385827
20
1.3525346062992125
11
0.3796653149606299
21
1.3493006299212598
0
LINE
8
BLACK
6
CONTINUOUS
10
0.3796653149606299
20
1.3493006299212598
11
0.3757044881889764
21
1.3470138582677165
0
LINE
8
BLACK
6
CONTINUOUS
10
0.3757044881889764
20
1.3470138582677165
11
0.3712867716535433
21
1.3458301181102361
0
LINE
8
BLACK
6
CONTINUOUS
10
0.3712867716535433
20
1.3458301181102361
11
0.3667132283464567
21
1.3458301181102361
0
LINE
8
BLACK
6
CONTINUOUS
10
0.3667132283464567
20
1.3458301181102361
11
0.3622955118110236
21
1.3470138582677165
0
LINE
8
BLACK
6
CONTINUOUS
10
0.3622955118110236
20
1.3470138582677165
11
0.35833468503937
21
1.3493006299212598
0
LINE
8
BLACK
6
CONTINUOUS
10
0.35833468503937
20
1.3493006299212598
11
0.3551007086614173
21
1.3525346062992125
0
LINE
8
BLACK
6
CONTINUOUS
10
0.3551007086614173
20
1.3525346062992125
11
0.352813937007874
21
1.3564954330708661
0
LINE
8
BLACK
6
CONTINUOUS
10
0.352813937007874
20
1.3564954330708661
11
0.3516301968503937
21
1.3609131496062992
0
LINE
8
BLACK
6
CONTINUOUS
10
0.3516301968503937
20
1.3609131496062992
11
0.3516301968503937
21
1.3654866929133858
0
LINE
8
BLACK
6
CONTINUOUS
10
0.3516301968503937
20
1.3654866929133858
11
0.352813937007874
21
1.3699044094488189
0
LINE
8
BLACK
6
CONTINUOUS
10
0.352813937007874
20
1.3699044094488189
11
0.3551007086614173
21
1.3738652362204724
0
LINE
8
BLACK
6
CONTINUOUS
10
0.3551007086614173
20
1.3738652362204724
11
0.35833468503937
21
1.3770992125984252
0
LINE
8
BLACK
6
CONTINUOUS
10
0.35833468503937
20
1.3770992125984252
11
0.3622955118110236
21
1.3793859842519685
0
LINE
8
BLACK
6
CONTINUOUS
10
0.3622955118110236
20
1.3793859842519685
11
0.3667132283464567
21
1.3805697244094488
0
LINE
8
BLACK
6
CONTINUOUS
10
0.3667132283464567
20
1.3805697244094488
11
0.3712867716535433
21
1.3805697244094488
0
LINE
8
BLACK
6
CONTINUOUS
10
0.3712867716535433
20
1.3805697244094488
11
0.3757044881889764
21
1.3793859842519685
0
LINE
8
BLACK
6
CONTINUOUS
10
1.1575
20
1.056
11
1.1398425196850392
21
1.056
0
LINE
8
BLACK
6
CONTINUOUS
10
1.1398425196850392
20
1.056
11
1.1398425196850392
21
1.0189999999999999
0
LINE
8
BLACK
6
CONTINUOUS
10
1.1398425196850392
20
1.0189999999999999
11
1.1575
21
1.0189999999999999
0
LINE
8
BLACK
6
CONTINUOUS
10
1.1575
20
1.0189999999999999
11
1.1575
21
0.984
0
LINE
8
BLACK
6
CONTINUOUS
10
1.1575
20
0.984
11
1.1025
21
0.984
0
LINE
8
BLACK
6
CONTINUOUS
10
1.1025
20
0.984
11
1.1025
21
1.0189999999999999
0
LINE
8
BLACK
6
CONTINUOUS
10
1.1025
20
1.0189999999999999
11
1.1201574803149605
21
1.0189999999999999
0
LINE
8
BLACK
6
CONTINUOUS
10
1.1201574803149605
20
1.0189999999999999
11
1.1201574803149605
21
1.056
0
LINE
8
BLACK
6
CONTINUOUS
10
1.1201574803149605
20
1.056
11
1.1025
21
1.056
0
LINE
8
BLACK
6
CONTINUOUS
10
1.1025
20
1.056
11
1.1025
21
1.0675944881889763
0
LINE
8
BLACK
6
CONTINUOUS
10
1.1025
20
1.0675944881889763
11
1.0659461417322835
21
1.0675944881889763
0
LINE
8
BLACK
6
CONTINUOUS
10
1.0659461417322835
20
1.0675944881889763
11
1.0657724803149606
21
1.0674208267716536
0
LINE
8
BLACK
6
CONTINUOUS
10
1.0657724803149606
20
1.0674208267716536
11
1.066186062992126
21
1.0667044881889765
0
LINE
8
BLACK
6
CONTINUOUS
10
1.066186062992126
20
1.0667044881889765
11
1.0673698031496062
21
1.0622867716535433
0
LINE
8
BLACK
6
CONTINUOUS
10
1.0673698031496062
20
1.0622867716535433
11
1.0673698031496062
21
1.0577132283464568
0
LINE
8
BLACK
6
CONTINUOUS
10
1.0673698031496062
20
1.0577132283464568
11
1.066186062992126
21
1.0532955118110237
0
LINE
8
BLACK
6
CONTINUOUS
10
1.066186062992126
20
1.0532955118110237
11
1.0638992913385827
21
1.0493346850393701
0
LINE
8
BLACK
6
CONTINUOUS
10
1.0638992913385827
20
1.0493346850393701
11
1.06066531496063
21
1.0461007086614174
0
LINE
8
BLACK
6
CONTINUOUS
10
1.06066531496063
20
1.0461007086614174
11
1.0567044881889764
21
1.0438139370078741
0
LINE
8
BLACK
6
CONTINUOUS
10
1.0567044881889764
20
1.0438139370078741
11
1.0522867716535433
21
1.0426301968503937
0
LINE
8
BLACK
6
CONTINUOUS
10
1.0522867716535433
20
1.0426301968503937
11
1.0477132283464567
21
1.0426301968503937
0
LINE
8
BLACK
6
CONTINUOUS
10
1.0477132283464567
20
1.0426301968503937
11
1.0432955118110236
21
1.0438139370078741
0
LINE
8
BLACK
6
CONTINUOUS
10
1.0432955118110236
20
1.0438139370078741
11
1.0425791338582677
21
1.0442274803149607
0
LINE
8
BLACK
6
CONTINUOUS
10
1.0425791338582677
20
1.0442274803149607
11
1.0334055118110237
21
1.0350538582677165
0
LINE
8
BLACK
6
CONTINUOUS
10
1.0334055118110237
20
1.0350538582677165
11
1.0334055118110237
21
0.8449461417322834
0
LINE
8
BLACK
6
CONTINUOUS
10
1.0334055118110237
20
0.8449461417322834
11
1.0383516535433071
21
0.84
0
LINE
8
BLACK
6
CONTINUOUS
10
1.0383516535433071
20
0.84
11
1.0900000000000001
21
0.84
0
LINE
8
BLACK
6
CONTINUOUS
10
1.0900000000000001
20
0.84
11
1.0900000000000001
21
0.78
0
LINE
8
BLACK
6
CONTINUOUS
10
1.0900000000000001
20
0.78
11
1.0659055118110237
21
0.78
0
LINE
8
BLACK
6
CONTINUOUS
10
1.0659055118110237
20
0.78
11
1.0659055118110237
21
0.74
0
LINE
8
BLACK
6
CONTINUOUS
10
1.0659055118110237
20
0.74
11
1.0900000000000001
21
0.74
0
LINE
8
BLACK
6
CONTINUOUS
10
1.0900000000000001
20
0.74
11
1.0900000000000001
21
0.6799999999999999
0
LINE
8
BLACK
6
CONTINUOUS
10
1.0900000000000001
20
0.6799999999999999
11
1.0383516535433071
21
0.6799999999999999
0
LINE
8
BLACK
6
CONTINUOUS
10
1.0383516535433071
20
0.6799999999999999
11
1.0203962598425196
21
0.6620446062992126
0
LINE
8
BLACK
6
CONTINUOUS
10
1.0203962598425196
20
0.6620446062992126
11
1.0195013385826772
21
0.661310157480315
0
LINE
8
BLACK
6
CONTINUOUS
10
1.0195013385826772
20
0.661310157480315
11
1.0186326771653542
21
0.6609503543307087
0
LINE
8
BLACK
6
CONTINUOUS
10
1.0186326771653542
20
0.6609503543307087
11
1.0173725590551181
21
0.6604283858267717
0
LINE
8
BLACK
6
CONTINUOUS
10
1.0173725590551181
20
0.6604283858267717
11
1.0162204330708662
21
0.6603149212598425
0
LINE
8
BLACK
6
CONTINUOUS
10
1.0162204330708662
20
0.6603149212598425
11
0.9939779133858268
21
0.6603149212598425
0
LINE
8
BLACK
6
CONTINUOUS
10
0.9939779133858268
20
0.6603149212598425
11
0.9450362992125984
21
0.6113733070866142
0
LINE
8
BLACK
6
CONTINUOUS
10
0.9450362992125984
20
0.6113733070866142
11
0.9446740551181102
21
0.6104986614173228
0
LINE
8
BLACK
6
CONTINUOUS
10
0.9446740551181102
20
0.6104986614173228
11
0.9439396062992126
21
0.6096037795275591
0
LINE
8
BLACK
6
CONTINUOUS
10
0.9439396062992126
20
0.6096037795275591
11
0.9425196456692914
21
0.6081838188976377
0
LINE
8
BLACK
6
CONTINUOUS
10
0.9425196456692914
20
0.6081838188976377
11
0.9425196456692914
21
0.5715012204724409
0
LINE
8
BLACK
6
CONTINUOUS
10
0.9425196456692914
20
0.5715012204724409
11
0.9439396062992126
21
0.5700812598425197
0
LINE
8
BLACK
6
CONTINUOUS
10
0.9439396062992126
20
0.5700812598425197
11
0.9446740551181102
21
0.5691863779527558
0
LINE
8
BLACK
6
CONTINUOUS
10
0.9446740551181102
20
0.5691863779527558
11
0.9450392519685039
21
0.5683045669291339
0
LINE
8
BLACK
6
CONTINUOUS
10
0.9450392519685039
20
0.5683045669291339
11
0.9455558267716535
21
0.5670575590551181
0
LINE
8
BLACK
6
CONTINUOUS
10
0.9455558267716535
20
0.5670575590551181
11
0.9456692913385827
21
0.5659054330708662
0
LINE
8
BLACK
6
CONTINUOUS
10
0.9456692913385827
20
0.5659054330708662
11
0.9456692913385827
21
0.4185827165354331
0
LINE
8
BLACK
6
CONTINUOUS
10
0.9456692913385827
20
0.4185827165354331
11
0.9456692913385827
21
0.4185826771653543
0
LINE
8
BLACK
6
CONTINUOUS
10
0.9456692913385827
20
0.4185826771653543
11
0.9456692913385827
21
0.3547915354330708
0
LINE
8
BLACK
6
CONTINUOUS
10
0.9456692913385827
20
0.3547915354330708
11
0.9471923228346456
21
0.3544886220472441
0
LINE
8
BLACK
6
CONTINUOUS
10
0.9471923228346456
20
0.3544886220472441
11
0.9518270866141733
21
0.3525688582677165
0
LINE
8
BLACK
6
CONTINUOUS
10
0.9518270866141733
20
0.3525688582677165
11
0.9559982677165354
21
0.3497817716535433
0
LINE
8
BLACK
6
CONTINUOUS
10
0.9559982677165354
20
0.3497817716535433
11
0.9595455511811023
21
0.3462344881889764
0
LINE
8
BLACK
6
CONTINUOUS
10
0.9595455511811023
20
0.3462344881889764
11
0.9623326377952756
21
0.3420633070866141
0
LINE
8
BLACK
6
CONTINUOUS
10
0.9623326377952756
20
0.3420633070866141
11
0.9642524015748031
21
0.3374285433070866
0
LINE
8
BLACK
6
CONTINUOUS
10
0.9642524015748031
20
0.3374285433070866
11
0.9652311023622047
21
0.3325083070866142
0
LINE
8
BLACK
6
CONTINUOUS
10
0.9652311023622047
20
0.3325083070866142
11
0.9652311023622047
21
0.3274916929133858
0
LINE
8
BLACK
6
CONTINUOUS
10
0.9652311023622047
20
0.3274916929133858
11
0.9642524015748031
21
0.3225714566929134
0
LINE
8
BLACK
6
CONTINUOUS
10
0.9642524015748031
20
0.3225714566929134
11
0.9623326377952756
21
0.3179366929133858
0
LINE
8
BLACK
6
CONTINUOUS
10
0.9623326377952756
20
0.3179366929133858
11
0.9595455511811023
21
0.3137655118110236
0
LINE
8
BLACK
6
CONTINUOUS
10
0.9595455511811023
20
0.3137655118110236
11
0.9559982677165354
21
0.3102182283464567
0
LINE
8
BLACK
6
CONTINUOUS
10
0.9559982677165354
20
0.3102182283464567
11
0.9518270866141733
21
0.3074311417322835
0
LINE
8
BLACK
6
CONTINUOUS
10
0.9518270866141733
20
0.3074311417322835
11
0.9471923228346456
21
0.3055113779527559
0
LINE
8
BLACK
6
CONTINUOUS
10
0.9471923228346456
20
0.3055113779527559
11
0.9422720866141732
21
0.3045326771653543
0
LINE
8
BLACK
6
CONTINUOUS
10
0.9422720866141732
20
0.3045326771653543
11
0.9372554724409449
21
0.3045326771653543
0
LINE
8
BLACK
6
CONTINUOUS
10
0.9372554724409449
20
0.3045326771653543
11
0.9323352362204724
21
0.3055113779527559
0
LINE
8
BLACK
6
CONTINUOUS
10
0.9323352362204724
20
0.3055113779527559
11
0.9277004724409449
21
0.3074311417322835
0
LINE
8
BLACK
6
CONTINUOUS
10
0.9277004724409449
20
0.3074311417322835
11
0.9235292913385826
21
0.3102182283464567
0
LINE
8
BLACK
6
CONTINUOUS
10
0.9235292913385826
20
0.3102182283464567
11
0.9199820078740157
21
0.3137655118110236
0
LINE
8
BLACK
6
CONTINUOUS
10
0.9199820078740157
20
0.3137655118110236
11
0.9171949212598425
21
0.3179366929133858
0
LINE
8
BLACK
6
CONTINUOUS
10
0.9171949212598425
20
0.3179366929133858
11
0.915275157480315
21
0.3225714566929134
0
LINE
8
BLACK
6
CONTINUOUS
10
0.915275157480315
20
0.3225714566929134
11
0.9142964566929134
21
0.3274916929133858
0
LINE
8
BLACK
6
CONTINUOUS
10
0.9142964566929134
20
0.3274916929133858
11
0.9142964566929134
21
0.3325083070866142
0
LINE
8
BLACK
6
CONTINUOUS
10
0.9142964566929134
20
0.3325083070866142
11
0.915275157480315
21
0.3374285433070866
0
LINE
8
BLACK
6
CONTINUOUS
10
0.915275157480315
20
0.3374285433070866
11
0.9171949212598425
21
0.3420633070866141
0
LINE
8
BLACK
6
CONTINUOUS
10
0.9171949212598425
20
0.3420633070866141
11
0.9199820078740157
21
0.3462344881889764
0
LINE
8
BLACK
6
CONTINUOUS
10
0.9199820078740157
20
0.3462344881889764
11
0.9235292913385826
21
0.3497817716535433
0
LINE
8
BLACK
6
CONTINUOUS
10
0.9235292913385826
20
0.3497817716535433
11
0.9277004724409449
21
0.3525688582677165
0
LINE
8
BLACK
6
CONTINUOUS
10
0.9277004724409449
20
0.3525688582677165
11
0.9323352362204724
21
0.3544886220472441
0
LINE
8
BLACK
6
CONTINUOUS
10
0.9323352362204724
20
0.3544886220472441
11
0.9338582677165355
21
0.3547915354330708
0
LINE
8
BLACK
6
CONTINUOUS
10
0.9338582677165355
20
0.3547915354330708
11
0.9338582677165355
21
0.4185826771653543
0
LINE
8
BLACK
6
CONTINUOUS
10
0.9338582677165355
20
0.4185826771653543
11
0.9338582677165355
21
0.4185827165354331
0
LINE
8
BLACK
6
CONTINUOUS
10
0.9338582677165355
20
0.4185827165354331
11
0.9338582677165355
21
0.5634592913385826
0
LINE
8
BLACK
6
CONTINUOUS
10
0.9338582677165355
20
0.5634592913385826
11
0.9324383070866141
21
0.564879251968504
0
LINE
8
BLACK
6
CONTINUOUS
10
0.9324383070866141
20
0.564879251968504
11
0.9317038582677165
21
0.5657741732283464
0
LINE
8
BLACK
6
CONTINUOUS
10
0.9317038582677165
20
0.5657741732283464
11
0.9308220866141732
21
0.5679029921259843
0
LINE
8
BLACK
6
CONTINUOUS
10
0.9308220866141732
20
0.5679029921259843
11
0.930708622047244
21
0.5690550787401575
0
LINE
8
BLACK
6
CONTINUOUS
10
0.930708622047244
20
0.5690550787401575
11
0.930708622047244
21
0.6106299606299213
0
LINE
8
BLACK
6
CONTINUOUS
10
0.930708622047244
20
0.6106299606299213
11
0.9308220866141732
21
0.6117820866141732
0
LINE
8
BLACK
6
CONTINUOUS
10
0.9308220866141732
20
0.6117820866141732
11
0.9311888976377952
21
0.6126676377952756
0
LINE
8
BLACK
6
CONTINUOUS
10
0.9311888976377952
20
0.6126676377952756
11
0.9317038582677165
21
0.6139108661417323
0
LINE
8
BLACK
6
CONTINUOUS
10
0.9317038582677165
20
0.6139108661417323
11
0.9324383070866141
21
0.6148057874015748
0
LINE
8
BLACK
6
CONTINUOUS
10
0.9324383070866141
20
0.6148057874015748
11
0.9344911811023622
21
0.6168586614173228
0
LINE
8
BLACK
6
CONTINUOUS
10
0.9344911811023622
20
0.6168586614173228
11
0.9348535039370078
21
0.6177333464566929
0
LINE
8
BLACK
6
CONTINUOUS
10
0.9348535039370078
20
0.6177333464566929
11
0.9355879527559054
21
0.6186282677165355
0
LINE
8
BLACK
6
CONTINUOUS
10
0.9355879527559054
20
0.6186282677165355
11
0.9873559448818897
21
0.6703962598425197
0
LINE
8
BLACK
6
CONTINUOUS
10
0.9873559448818897
20
0.6703962598425197
11
0.9882508267716535
21
0.6711307086614173
0
LINE
8
BLACK
6
CONTINUOUS
10
0.9882508267716535
20
0.6711307086614173
11
0.9897561417322834
21
0.6717541732283464
0
LINE
8
BLACK
6
CONTINUOUS
10
0.9897561417322834
20
0.6717541732283464
11
0.9903796456692913
21
0.6720124803149606
0
LINE
8
BLACK
6
CONTINUOUS
10
0.9903796456692913
20
0.6720124803149606
11
0.9915317716535433
21
0.6721259448818897
0
LINE
8
BLACK
6
CONTINUOUS
10
0.9915317716535433
20
0.6721259448818897
11
1.0137742913385825
21
0.6721259448818897
0
LINE
8
BLACK
6
CONTINUOUS
10
1.0137742913385825
20
0.6721259448818897
11
1.03
21
0.6883516535433071
0
LINE
8
BLACK
6
CONTINUOUS
10
1.03
20
0.6883516535433071
11
1.03
21
0.74
0
LINE
8
BLACK
6
CONTINUOUS
10
1.03
20
0.74
11
1.0540944881889764
21
0.74
0
LINE
8
BLACK
6
CONTINUOUS
10
1.0540944881889764
20
0.74
11
1.0540944881889764
21
0.78
0
LINE
8
BLACK
6
CONTINUOUS
10
1.0540944881889764
20
0.78
11
1.03
21
0.78
0
LINE
8
BLACK
6
CONTINUOUS
10
1.03
20
0.78
11
1.03
21
0.8316483464566929
0
LINE
8
BLACK
6
CONTINUOUS
10
1.03
20
0.8316483464566929
11
1.0233241732283465
21
0.8383241732283464
0
LINE
8
BLACK
6
CONTINUOUS
10
1.0233241732283465
20
0.8383241732283464
11
1.0225897244094488
21
0.839219094488189
0
LINE
8
BLACK
6
CONTINUOUS
10
1.0225897244094488
20
0.839219094488189
11
1.0219442125984253
21
0.8407774803149606
0
LINE
8
BLACK
6
CONTINUOUS
10
1.0219442125984253
20
0.8407774803149606
11
1.0217079527559054
21
0.8413478740157481
0
LINE
8
BLACK
6
CONTINUOUS
10
1.0217079527559054
20
0.8413478740157481
11
1.0215944881889762
21
0.8425
0
LINE
8
BLACK
6
CONTINUOUS
10
1.0215944881889762
20
0.8425
11
1.0215944881889762
21
1.0374999999999999
0
LINE
8
BLACK
6
CONTINUOUS
10
1.0215944881889762
20
1.0374999999999999
11
1.0217079527559054
21
1.0386521259842521
0
LINE
8
BLACK
6
CONTINUOUS
10
1.0217079527559054
20
1.0386521259842521
11
1.0222956692913385
21
1.0400709842519684
0
LINE
8
BLACK
6
CONTINUOUS
10
1.0222956692913385
20
1.0400709842519684
11
1.0225897244094488
21
1.0407809055118109
0
LINE
8
BLACK
6
CONTINUOUS
10
1.0225897244094488
20
1.0407809055118109
11
1.0233241732283465
21
1.0416758267716535
0
LINE
8
BLACK
6
CONTINUOUS
10
1.0233241732283465
20
1.0416758267716535
11
1.0342274803149607
21
1.0525791338582677
0
LINE
8
BLACK
6
CONTINUOUS
10
1.0342274803149607
20
1.0525791338582677
11
1.0338139370078741
21
1.0532955118110237
0
LINE
8
BLACK
6
CONTINUOUS
10
1.0338139370078741
20
1.0532955118110237
11
1.0326301968503937
21
1.0577132283464568
0
LINE
8
BLACK
6
CONTINUOUS
10
1.0326301968503937
20
1.0577132283464568
11
1.0326301968503937
21
1.0622867716535433
0
LINE
8
BLACK
6
CONTINUOUS
10
1.0326301968503937
20
1.0622867716535433
11
1.0338139370078741
21
1.0667044881889765
0
LINE
8
BLACK
6
CONTINUOUS
10
1.0338139370078741
20
1.0667044881889765
11
1.0361007086614173
21
1.07066531496063
0
LINE
8
BLACK
6
CONTINUOUS
10
1.0361007086614173
20
1.07066531496063
11
1.0393346850393701
21
1.0738992913385828
0
LINE
8
BLACK
6
CONTINUOUS
10
1.0393346850393701
20
1.0738992913385828
11
1.0432955118110236
21
1.076186062992126
0
LINE
8
BLACK
6
CONTINUOUS
10
1.0432955118110236
20
1.076186062992126
11
1.0477132283464567
21
1.0773698031496062
0
LINE
8
BLACK
6
CONTINUOUS
10
1.0477132283464567
20
1.0773698031496062
11
1.0522867716535433
21
1.0773698031496062
0
LINE
8
BLACK
6
CONTINUOUS
10
1.0522867716535433
20
1.0773698031496062
11
1.0567044881889764
21
1.076186062992126
0
LINE
8
BLACK
6
CONTINUOUS
10
1.0567044881889764
20
1.076186062992126
11
1.0574208267716536
21
1.0757724803149606
0
LINE
8
BLACK
6
CONTINUOUS
10
1.0574208267716536
20
1.0757724803149606
11
1.0593241732283465
21
1.0776758267716535
0
LINE
8
BLACK
6
CONTINUOUS
10
1.0593241732283465
20
1.0776758267716535
11
1.0602190944881889
21
1.0784102755905511
0
LINE
8
BLACK
6
CONTINUOUS
10
1.0602190944881889
20
1.0784102755905511
11
1.0616092913385826
21
1.0789861023622047
0
LINE
8
BLACK
6
CONTINUOUS
10
1.0616092913385826
20
1.0789861023622047
11
1.0623478740157479
21
1.0792920472440946
0
LINE
8
BLACK
6
CONTINUOUS
10
1.0623478740157479
20
1.0792920472440946
11
1.0634999999999999
21
1.0794055118110235
0
LINE
8
BLACK
6
CONTINUOUS
10
1.0634999999999999
20
1.0794055118110235
11
1.1025
21
1.0794055118110235
0
LINE
8
BLACK
6
CONTINUOUS
10
1.1025
20
1.0794055118110235
11
1.1025
21
1.091
0
LINE
8
BLACK
6
CONTINUOUS
10
1.1025
20
1.091
11
1.1575
21
1.091
0
LINE
8
BLACK
6
CONTINUOUS
10
1.1575
20
1.091
11
1.1575
21
1.056
0
LINE
8
BLACK
6
CONTINUOUS
10
1.1575
20
1.1910000000000001
11
1.1398425196850392
21
1.1910000000000001
0
LINE
8
BLACK
6
CONTINUOUS
10
1.1398425196850392
20
1.1910000000000001
11
1.1398425196850392
21
1.1659999999999999
0
LINE
8
BLACK
6
CONTINUOUS
10
1.1398425196850392
20
1.1659999999999999
11
1.1575
21
1.1659999999999999
0
LINE
8
BLACK
6
CONTINUOUS
10
1.1575
20
1.1659999999999999
11
1.1575
21
1.131
0
LINE
8
BLACK
6
CONTINUOUS
10
1.1575
20
1.131
11
1.1108516535433071
21
1.131
0
LINE
8
BLACK
6
CONTINUOUS
10
1.1108516535433071
20
1.131
11
1.0718029133858267
21
1.0919512598425196
0
LINE
8
BLACK
6
CONTINUOUS
10
1.0718029133858267
20
1.0919512598425196
11
1.0709079921259843
21
1.091216811023622
0
LINE
8
BLACK
6
CONTINUOUS
10
1.0709079921259843
20
1.091216811023622
11
1.0696609842519684
21
1.090700275590551
0
LINE
8
BLACK
6
CONTINUOUS
10
1.0696609842519684
20
1.090700275590551
11
1.0687792125984252
21
1.0903350393700788
0
LINE
8
BLACK
6
CONTINUOUS
10
1.0687792125984252
20
1.0903350393700788
11
1.0676270866141733
21
1.0902215748031496
0
LINE
8
BLACK
6
CONTINUOUS
10
1.0676270866141733
20
1.0902215748031496
11
1.0323771653543308
21
1.0902215748031496
0
LINE
8
BLACK
6
CONTINUOUS
10
1.0323771653543308
20
1.0902215748031496
11
1.0313723228346456
21
1.0898053543307087
0
LINE
8
BLACK
6
CONTINUOUS
10
1.0313723228346456
20
1.0898053543307087
11
1.0310138976377952
21
1.0884676771653543
0
LINE
8
BLACK
6
CONTINUOUS
10
1.0310138976377952
20
1.0884676771653543
11
1.0287271259842519
21
1.0845068503937008
0
LINE
8
BLACK
6
CONTINUOUS
10
1.0287271259842519
20
1.0845068503937008
11
1.0254931496062991
21
1.081272874015748
0
LINE
8
BLACK
6
CONTINUOUS
10
1.0254931496062991
20
1.081272874015748
11
1.0215323228346456
21
1.0789861023622047
0
LINE
8
BLACK
6
CONTINUOUS
10
1.0215323228346456
20
1.0789861023622047
11
1.0171146062992125
21
1.0778023622047244
0
LINE
8
BLACK
6
CONTINUOUS
10
1.0171146062992125
20
1.0778023622047244
11
1.0125410629921259
21
1.0778023622047244
0
LINE
8
BLACK
6
CONTINUOUS
10
1.0125410629921259
20
1.0778023622047244
11
1.008123346456693
21
1.0789861023622047
0
LINE
8
BLACK
6
CONTINUOUS
10
1.008123346456693
20
1.0789861023622047
11
1.0074069685039371
21
1.0793996456692914
0
LINE
8
BLACK
6
CONTINUOUS
10
1.0074069685039371
20
1.0793996456692914
11
1.0032137007874016
21
1.0752063779527559
0
LINE
8
BLACK
6
CONTINUOUS
10
1.0032137007874016
20
1.0752063779527559
11
1.0032137007874016
21
1.0201379527559056
0
LINE
8
BLACK
6
CONTINUOUS
10
1.0032137007874016
20
1.0201379527559056
11
1.0091758267716535
21
1.0141758267716534
0
LINE
8
BLACK
6
CONTINUOUS
10
1.0091758267716535
20
1.0141758267716534
11
1.0099102755905511
21
1.013280905511811
0
LINE
8
BLACK
6
CONTINUOUS
10
1.0099102755905511
20
1.013280905511811
11
1.010156062992126
21
1.0126875196850393
0
LINE
8
BLACK
6
CONTINUOUS
10
1.010156062992126
20
1.0126875196850393
11
1.0107920472440945
21
1.011152125984252
0
LINE
8
BLACK
6
CONTINUOUS
10
1.0107920472440945
20
1.011152125984252
11
1.0109055118110235
21
1.01
0
LINE
8
BLACK
6
CONTINUOUS
10
1.0109055118110235
20
1.01
11
1.0109055118110235
21
0.9
0
LINE
8
BLACK
6
CONTINUOUS
10
1.0109055118110235
20
0.9
11
1.0107920472440945
21
0.8988478740157481
0
LINE
8
BLACK
6
CONTINUOUS
10
1.0107920472440945
20
0.8988478740157481
11
1.0107026377952755
21
0.8986320472440945
0
LINE
8
BLACK
6
CONTINUOUS
10
1.0107026377952755
20
0.8986320472440945
11
1.0099102755905511
21
0.896719094488189
0
LINE
8
BLACK
6
CONTINUOUS
10
1.0099102755905511
20
0.896719094488189
11
1.0091758267716535
21
0.8958241732283464
0
LINE
8
BLACK
6
CONTINUOUS
10
1.0091758267716535
20
0.8958241732283464
11
0.9659055118110236
21
0.8525538582677166
0
LINE
8
BLACK
6
CONTINUOUS
10
0.9659055118110236
20
0.8525538582677166
11
0.9659055118110236
21
0.84
0
LINE
8
BLACK
6
CONTINUOUS
10
0.9659055118110236
20
0.84
11
0.99
21
0.84
0
LINE
8
BLACK
6
CONTINUOUS
10
0.99
20
0.84
11
0.99
21
0.78
0
LINE
8
BLACK
6
CONTINUOUS
10
0.99
20
0.78
11
0.9659055118110236
21
0.78
0
LINE
8
BLACK
6
CONTINUOUS
10
0.9659055118110236
20
0.78
11
0.9659055118110236
21
0.74
0
LINE
8
BLACK
6
CONTINUOUS
10
0.9659055118110236
20
0.74
11
0.99
21
0.74
0
LINE
8
BLACK
6
CONTINUOUS
10
0.99
20
0.74
11
0.99
21
0.6799999999999999
0
LINE
8
BLACK
6
CONTINUOUS
10
0.99
20
0.6799999999999999
11
0.9659055118110236
21
0.6799999999999999
0
LINE
8
BLACK
6
CONTINUOUS
10
0.9659055118110236
20
0.6799999999999999
11
0.9659055118110236
21
0.6653113385826771
0
LINE
8
BLACK
6
CONTINUOUS
10
0.9659055118110236
20
0.6653113385826771
11
0.9657920472440945
21
0.6641592519685039
0
LINE
8
BLACK
6
CONTINUOUS
10
0.9657920472440945
20
0.6641592519685039
11
0.9649102755905512
21
0.6620304330708662
0
LINE
8
BLACK
6
CONTINUOUS
10
0.9649102755905512
20
0.6620304330708662
11
0.9641758267716535
21
0.6611355118110236
0
LINE
8
BLACK
6
CONTINUOUS
10
0.9641758267716535
20
0.6611355118110236
11
0.9233831496062992
21
0.6203428346456693
0
LINE
8
BLACK
6
CONTINUOUS
10
0.9233831496062992
20
0.6203428346456693
11
0.9230205511811024
21
0.6194674015748032
0
LINE
8
BLACK
6
CONTINUOUS
10
0.9230205511811024
20
0.6194674015748032
11
0.9222861023622047
21
0.6185724803149606
0
LINE
8
BLACK
6
CONTINUOUS
10
0.9222861023622047
20
0.6185724803149606
11
0.9208664566929133
21
0.6171528346456693
0
LINE
8
BLACK
6
CONTINUOUS
10
0.9208664566929133
20
0.6171528346456693
11
0.9208664566929133
21
0.5625321653543307
0
LINE
8
BLACK
6
CONTINUOUS
10
0.9208664566929133
20
0.5625321653543307
11
0.9222861023622047
21
0.5611125590551181
0
LINE
8
BLACK
6
CONTINUOUS
10
0.9222861023622047
20
0.5611125590551181
11
0.9230205511811024
21
0.5602176377952756
0
LINE
8
BLACK
6
CONTINUOUS
10
0.9230205511811024
20
0.5602176377952756
11
0.923432716535433
21
0.5592225196850393
0
LINE
8
BLACK
6
CONTINUOUS
10
0.923432716535433
20
0.5592225196850393
11
0.9239023228346457
21
0.5580888582677165
0
LINE
8
BLACK
6
CONTINUOUS
10
0.9239023228346457
20
0.5580888582677165
11
0.9240157874015748
21
0.5569367322834645
0
LINE
8
BLACK
6
CONTINUOUS
10
0.9240157874015748
20
0.5569367322834645
11
0.9240157874015748
21
0.4185827165354331
0
LINE
8
BLACK
6
CONTINUOUS
10
0.9240157874015748
20
0.4185827165354331
11
0.9239023228346457
21
0.4174305905511811
0
LINE
8
BLACK
6
CONTINUOUS
10
0.9239023228346457
20
0.4174305905511811
11
0.9236823228346457
21
0.4168994488188976
0
LINE
8
BLACK
6
CONTINUOUS
10
0.9236823228346457
20
0.4168994488188976
11
0.9230205511811024
21
0.415301811023622
0
LINE
8
BLACK
6
CONTINUOUS
10
0.9230205511811024
20
0.415301811023622
11
0.9222861023622047
21
0.4144068897637795
0
LINE
8
BLACK
6
CONTINUOUS
10
0.9222861023622047
20
0.4144068897637795
11
0.9213124015748031
21
0.4134331889763779
0
LINE
8
BLACK
6
CONTINUOUS
10
0.9213124015748031
20
0.4134331889763779
11
0.922175157480315
21
0.4121420472440945
0
LINE
8
BLACK
6
CONTINUOUS
10
0.922175157480315
20
0.4121420472440945
11
0.9240949212598425
21
0.4075072834645669
0
LINE
8
BLACK
6
CONTINUOUS
10
0.9240949212598425
20
0.4075072834645669
11
0.9250736220472441
21
0.4025870472440945
0
LINE
8
BLACK
6
CONTINUOUS
10
0.9250736220472441
20
0.4025870472440945
11
0.9250736220472441
21
0.3975704330708661
0
LINE
8
BLACK
6
CONTINUOUS
10
0.9250736220472441
20
0.3975704330708661
11
0.9240949212598425
21
0.3926501968503937
0
LINE
8
BLACK
6
CONTINUOUS
10
0.9240949212598425
20
0.3926501968503937
11
0.922175157480315
21
0.3880154330708661
0
LINE
8
BLACK
6
CONTINUOUS
10
0.922175157480315
20
0.3880154330708661
11
0.9193880708661417
21
0.3838442519685039
0
LINE
8
BLACK
6
CONTINUOUS
10
0.9193880708661417
20
0.3838442519685039
11
0.9158407874015748
21
0.380296968503937
0
LINE
8
BLACK
6
CONTINUOUS
10
0.9158407874015748
20
0.380296968503937
11
0.9116696062992126
21
0.3775098818897638
0
LINE
8
BLACK
6
CONTINUOUS
10
0.9116696062992126
20
0.3775098818897638
11
0.907034842519685
21
0.3755901181102362
0
LINE
8
BLACK
6
CONTINUOUS
10
0.907034842519685
20
0.3755901181102362
11
0.9021146062992126
21
0.3746114173228347
0
LINE
8
BLACK
6
CONTINUOUS
10
0.9021146062992126
20
0.3746114173228347
11
0.8970979921259842
21
0.3746114173228347
0
LINE
8
BLACK
6
CONTINUOUS
10
0.8970979921259842
20
0.3746114173228347
11
0.8921777559055117
21
0.3755901181102362
0
LINE
8
BLACK
6
CONTINUOUS
10
0.8921777559055117
20
0.3755901181102362
11
0.8875429921259842
21
0.3775098818897638
0
LINE
8
BLACK
6
CONTINUOUS
10
0.8875429921259842
20
0.3775098818897638
11
0.8833718110236221
21
0.380296968503937
0
LINE
8
BLACK
6
CONTINUOUS
10
0.8833718110236221
20
0.380296968503937
11
0.879824527559055
21
0.3838442519685039
0
LINE
8
BLACK
6
CONTINUOUS
10
0.879824527559055
20
0.3838442519685039
11
0.8770374409448819
21
0.3880154330708661
0
LINE
8
BLACK
6
CONTINUOUS
10
0.8770374409448819
20
0.3880154330708661
11
0.8751176771653543
21
0.3926501968503937
0
LINE
8
BLACK
6
CONTINUOUS
10
0.8751176771653543
20
0.3926501968503937
11
0.8741389763779527
21
0.3975704330708661
0
LINE
8
BLACK
6
CONTINUOUS
10
0.8741389763779527
20
0.3975704330708661
11
0.8741389763779527
21
0.4025870472440945
0
LINE
8
BLACK
6
CONTINUOUS
10
0.8741389763779527
20
0.4025870472440945
11
0.8751176771653543
21
0.4075072834645669
0
LINE
8
BLACK
6
CONTINUOUS
10
0.8751176771653543
20
0.4075072834645669
11
0.8770374409448819
21
0.4121420472440945
0
LINE
8
BLACK
6
CONTINUOUS
10
0.8770374409448819
20
0.4121420472440945
11
0.879824527559055
21
0.4163132283464567
0
LINE
8
BLACK
6
CONTINUOUS
10
0.879824527559055
20
0.4163132283464567
11
0.8833718110236221
21
0.4198605118110236
0
LINE
8
BLACK
6
CONTINUOUS
10
0.8833718110236221
20
0.4198605118110236
11
0.8875429921259842
21
0.4226475984251968
0
LINE
8
BLACK
6
CONTINUOUS
10
0.8875429921259842
20
0.4226475984251968
11
0.8921777559055117
21
0.4245673622047244
0
LINE
8
BLACK
6
CONTINUOUS
10
0.8921777559055117
20
0.4245673622047244
11
0.8970979921259842
21
0.425546062992126
0
LINE
8
BLACK
6
CONTINUOUS
10
0.8970979921259842
20
0.425546062992126
11
0.9021146062992126
21
0.425546062992126
0
LINE
8
BLACK
6
CONTINUOUS
10
0.9021146062992126
20
0.425546062992126
11
0.907034842519685
21
0.4245673622047244
0
LINE
8
BLACK
6
CONTINUOUS
10
0.907034842519685
20
0.4245673622047244
11
0.9116696062992126
21
0.4226475984251968
0
LINE
8
BLACK
6
CONTINUOUS
10
0.9116696062992126
20
0.4226475984251968
11
0.9122047637795275
21
0.42229
0
LINE
8
BLACK
6
CONTINUOUS
10
0.9122047637795275
20
0.42229
11
0.9122047637795275
21
0.5544905905511811
0
LINE
8
BLACK
6
CONTINUOUS
10
0.9122047637795275
20
0.5544905905511811
11
0.910785157480315
21
0.5559101968503937
0
LINE
8
BLACK
6
CONTINUOUS
10
0.910785157480315
20
0.5559101968503937
11
0.9100507086614174
21
0.5568051181102363
0
LINE
8
BLACK
6
CONTINUOUS
10
0.9100507086614174
20
0.5568051181102363
11
0.909168937007874
21
0.558933937007874
0
LINE
8
BLACK
6
CONTINUOUS
10
0.909168937007874
20
0.558933937007874
11
0.9090554724409449
21
0.5600860236220472
0
LINE
8
BLACK
6
CONTINUOUS
10
0.9090554724409449
20
0.5600860236220472
11
0.9090554330708661
21
0.6195989763779527
0
LINE
8
BLACK
6
CONTINUOUS
10
0.9090554330708661
20
0.6195989763779527
11
0.9091688976377953
21
0.6207511023622048
0
LINE
8
BLACK
6
CONTINUOUS
10
0.9091688976377953
20
0.6207511023622048
11
0.9099961811023621
21
0.6227483070866141
0
LINE
8
BLACK
6
CONTINUOUS
10
0.9099961811023621
20
0.6227483070866141
11
0.9100506692913386
21
0.6228798818897637
0
LINE
8
BLACK
6
CONTINUOUS
10
0.9100506692913386
20
0.6228798818897637
11
0.9107851181102362
21
0.6237748031496063
0
LINE
8
BLACK
6
CONTINUOUS
10
0.9107851181102362
20
0.6237748031496063
11
0.9128373622047243
21
0.6258270472440944
0
LINE
8
BLACK
6
CONTINUOUS
10
0.9128373622047243
20
0.6258270472440944
11
0.9128746456692913
21
0.6259170472440945
0
LINE
8
BLACK
6
CONTINUOUS
10
0.9128746456692913
20
0.6259170472440945
11
0.9132
21
0.6267025196850393
0
LINE
8
BLACK
6
CONTINUOUS
10
0.9132
20
0.6267025196850393
11
0.9139344488188976
21
0.6275974409448819
0
LINE
8
BLACK
6
CONTINUOUS
10
0.9139344488188976
20
0.6275974409448819
11
0.9540944881889764
21
0.6677574803149606
0
LINE
8
BLACK
6
CONTINUOUS
10
0.9540944881889764
20
0.6677574803149606
11
0.9540944881889764
21
0.6799999999999999
0
LINE
8
BLACK
6
CONTINUOUS
10
0.9540944881889764
20
0.6799999999999999
11
0.9299999999999999
21
0.6799999999999999
0
LINE
8
BLACK
6
CONTINUOUS
10
0.9299999999999999
20
0.6799999999999999
11
0.9299999999999999
21
0.74
0
LINE
8
BLACK
6
CONTINUOUS
10
0.9299999999999999
20
0.74
11
0.9540944881889764
21
0.74
0
LINE
8
BLACK
6
CONTINUOUS
10
0.9540944881889764
20
0.74
11
0.9540944881889764
21
0.78
0
LINE
8
BLACK
6
CONTINUOUS
10
0.9540944881889764
20
0.78
11
0.9299999999999999
21
0.78
0
LINE
8
BLACK
6
CONTINUOUS
10
0.9299999999999999
20
0.78
11
0.9299999999999999
21
0.84
0
LINE
8
BLACK
6
CONTINUOUS
10
0.9299999999999999
20
0.84
11
0.9540944881889764
21
0.84
0
LINE
8
BLACK
6
CONTINUOUS
10
0.9540944881889764
20
0.84
11
0.9540944881889764
21
0.855
0
LINE
8
BLACK
6
CONTINUOUS
10
0.9540944881889764
20
0.855
11
0.9542079527559055
21
0.8561521259842519
0
LINE
8
BLACK
6
CONTINUOUS
10
0.9542079527559055
20
0.8561521259842519
11
0.9548546062992126
21
0.8577132283464567
0
LINE
8
BLACK
6
CONTINUOUS
10
0.9548546062992126
20
0.8577132283464567
11
0.9550897244094488
21
0.858280905511811
0
LINE
8
BLACK
6
CONTINUOUS
10
0.9550897244094488
20
0.858280905511811
11
0.9558241732283465
21
0.8591758267716535
0
LINE
8
BLACK
6
CONTINUOUS
10
0.9558241732283465
20
0.8591758267716535
11
0.9990944881889764
21
0.9024461417322834
0
LINE
8
BLACK
6
CONTINUOUS
10
0.9990944881889764
20
0.9024461417322834
11
0.9990944881889764
21
1.0075538582677166
0
LINE
8
BLACK
6
CONTINUOUS
10
0.9990944881889764
20
1.0075538582677166
11
0.9931323622047243
21
1.0135159842519685
0
LINE
8
BLACK
6
CONTINUOUS
10
0.9931323622047243
20
1.0135159842519685
11
0.9923979133858267
21
1.0144109055118109
0
LINE
8
BLACK
6
CONTINUOUS
10
0.9923979133858267
20
1.0144109055118109
11
0.9915161417322834
21
1.0165397244094487
0
LINE
8
BLACK
6
CONTINUOUS
10
0.9915161417322834
20
1.0165397244094487
11
0.9914026771653544
21
1.0176918110236219
0
LINE
8
BLACK
6
CONTINUOUS
10
0.9914026771653544
20
1.0176918110236219
11
0.9914026771653544
21
1.0776525196850393
0
LINE
8
BLACK
6
CONTINUOUS
10
0.9914026771653544
20
1.0776525196850393
11
0.9915161417322834
21
1.0788046456692912
0
LINE
8
BLACK
6
CONTINUOUS
10
0.9915161417322834
20
1.0788046456692912
11
0.9919277559055117
21
1.0797983070866142
0
LINE
8
BLACK
6
CONTINUOUS
10
0.9919277559055117
20
1.0797983070866142
11
0.9923979133858267
21
1.0809334251968503
0
LINE
8
BLACK
6
CONTINUOUS
10
0.9923979133858267
20
1.0809334251968503
11
0.9931323622047243
21
1.0818283464566929
0
LINE
8
BLACK
6
CONTINUOUS
10
0.9931323622047243
20
1.0818283464566929
11
0.9990553149606299
21
1.0877512992125984
0
LINE
8
BLACK
6
CONTINUOUS
10
0.9990553149606299
20
1.0877512992125984
11
0.9986417716535433
21
1.0884676771653543
0
LINE
8
BLACK
6
CONTINUOUS
10
0.9986417716535433
20
1.0884676771653543
11
0.9974580314960629
21
1.0928853937007874
0
LINE
8
BLACK
6
CONTINUOUS
10
0.9974580314960629
20
1.0928853937007874
11
0.9974580314960629
21
1.097458937007874
0
LINE
8
BLACK
6
CONTINUOUS
10
0.9974580314960629
20
1.097458937007874
11
0.9986417716535433
21
1.1018766535433071
0
LINE
8
BLACK
6
CONTINUOUS
10
0.9986417716535433
20
1.1018766535433071
11
1.0009285433070867
21
1.1058374803149607
0
LINE
8
BLACK
6
CONTINUOUS
10
1.0009285433070867
20
1.1058374803149607
11
1.0041625196850394
21
1.1090714566929134
0
LINE
8
BLACK
6
CONTINUOUS
10
1.0041625196850394
20
1.1090714566929134
11
1.008123346456693
21
1.1113582283464567
0
LINE
8
BLACK
6
CONTINUOUS
10
1.008123346456693
20
1.1113582283464567
11
1.0125410629921259
21
1.1125419685039371
0
LINE
8
BLACK
6
CONTINUOUS
10
1.0125410629921259
20
1.1125419685039371
11
1.0171146062992125
21
1.1125419685039371
0
LINE
8
BLACK
6
CONTINUOUS
10
1.0171146062992125
20
1.1125419685039371
11
1.0215323228346456
21
1.1113582283464567
0
LINE
8
BLACK
6
CONTINUOUS
10
1.0215323228346456
20
1.1113582283464567
11
1.0254931496062991
21
1.1090714566929134
0
LINE
8
BLACK
6
CONTINUOUS
10
1.0254931496062991
20
1.1090714566929134
11
1.0287271259842519
21
1.1058374803149607
0
LINE
8
BLACK
6
CONTINUOUS
10
1.0287271259842519
20
1.1058374803149607
11
1.0309238582677165
21
1.1020325984251969
0
LINE
8
BLACK
6
CONTINUOUS
10
1.0309238582677165
20
1.1020325984251969
11
1.0651809448818896
21
1.1020325984251969
0
LINE
8
BLACK
6
CONTINUOUS
10
1.0651809448818896
20
1.1020325984251969
11
1.1025
21
1.139351653543307
0
LINE
8
BLACK
6
CONTINUOUS
10
1.1025
20
1.139351653543307
11
1.1025
21
1.1659999999999999
0
LINE
8
BLACK
6
CONTINUOUS
10
1.1025
20
1.1659999999999999
11
1.1201574803149605
21
1.1659999999999999
0
LINE
8
BLACK
6
CONTINUOUS
10
1.1201574803149605
20
1.1659999999999999
11
1.1201574803149605
21
1.1910000000000001
0
LINE
8
BLACK
6
CONTINUOUS
10
1.1201574803149605
20
1.1910000000000001
11
1.1025
21
1.1910000000000001
0
LINE
8
BLACK
6
CONTINUOUS
10
1.1025
20
1.1910000000000001
11
1.1025
21
1.226
0
LINE
8
BLACK
6
CONTINUOUS
10
1.1025
20
1.226
11
1.1575
21
1.226
0
LINE
8
BLACK
6
CONTINUOUS
10
1.1575
20
1.226
11
1.1575
21
1.1910000000000001
0
LINE
8
BLACK
6
CONTINUOUS
10
0.995
20
0.5012588188976378
11
0.996186062992126
21
0.4992044881889764
0
LINE
8
BLACK
6
CONTINUOUS
10
0.996186062992126
20
0.4992044881889764
11
0.9973698031496063
21
0.4947867716535433
0
LINE
8
BLACK
6
CONTINUOUS
10
0.9973698031496063
20
0.4947867716535433
11
0.9973698031496063
21
0.4902132283464567
0
LINE
8
BLACK
6
CONTINUOUS
10
0.9973698031496063
20
0.4902132283464567
11
0.996186062992126
21
0.4857955118110236
0
LINE
8
BLACK
6
CONTINUOUS
10
0.996186062992126
20
0.4857955118110236
11
0.995
21
0.4837411417322834
0
LINE
8
BLACK
6
CONTINUOUS
10
0.995
20
0.4837411417322834
11
0.995
21
0.4675
0
LINE
8
BLACK
6
CONTINUOUS
10
0.995
20
0.4675
11
0.96
21
0.4675
0
LINE
8
BLACK
6
CONTINUOUS
10
0.96
20
0.4675
11
0.96
21
0.5225
0
LINE
8
BLACK
6
CONTINUOUS
10
0.96
20
0.5225
11
0.995
21
0.5225
0
LINE
8
BLACK
6
CONTINUOUS
10
0.995
20
0.5225
11
0.995
21
0.5012588188976378
0
LINE
8
BLACK
6
CONTINUOUS
10
0.9884926771653543
20
0.6180986220472441
11
0.9938404724409449
21
0.6158835039370079
0
LINE
8
BLACK
6
CONTINUOUS
10
0.9938404724409449
20
0.6158835039370079
11
0.9986533464566929
21
0.6126676377952756
0
LINE
8
BLACK
6
CONTINUOUS
10
0.9986533464566929
20
0.6126676377952756
11
1.0027463779527559
21
0.6085746062992126
0
LINE
8
BLACK
6
CONTINUOUS
10
1.0027463779527559
20
0.6085746062992126
11
1.0059622440944882
21
0.6037617322834645
0
LINE
8
BLACK
6
CONTINUOUS
10
1.0059622440944882
20
0.6037617322834645
11
1.0081773622047243
21
0.598413937007874
0
LINE
8
BLACK
6
CONTINUOUS
10
1.0081773622047243
20
0.598413937007874
11
1.0093066535433071
21
0.5927367322834646
0
LINE
8
BLACK
6
CONTINUOUS
10
1.0093066535433071
20
0.5927367322834646
11
1.0093066535433071
21
0.5869483070866142
0
LINE
8
BLACK
6
CONTINUOUS
10
1.0093066535433071
20
0.5869483070866142
11
1.0081773622047243
21
0.5812711023622047
0
LINE
8
BLACK
6
CONTINUOUS
10
1.0081773622047243
20
0.5812711023622047
11
1.0064887401574802
21
0.5771944488188976
0
LINE
8
BLACK
6
CONTINUOUS
10
1.0064887401574802
20
0.5771944488188976
11
1.0594597244094488
21
0.5242234645669291
0
LINE
8
BLACK
6
CONTINUOUS
10
1.0594597244094488
20
0.5242234645669291
11
1.060683779527559
21
0.522731968503937
0
LINE
8
BLACK
6
CONTINUOUS
10
1.060683779527559
20
0.522731968503937
11
1.0607798818897638
21
0.5225
0
LINE
8
BLACK
6
CONTINUOUS
10
1.0607798818897638
20
0.5225
11
1.0700000000000001
21
0.5225
0
LINE
8
BLACK
6
CONTINUOUS
10
1.0700000000000001
20
0.5225
11
1.0700000000000001
21
0.4675
0
LINE
8
BLACK
6
CONTINUOUS
10
1.0700000000000001
20
0.4675
11
1.0349999999999999
21
0.4675
0
LINE
8
BLACK
6
CONTINUOUS
10
1.0349999999999999
20
0.4675
11
1.0349999999999999
21
0.5208443307086614
0
LINE
8
BLACK
6
CONTINUOUS
10
1.0349999999999999
20
0.5208443307086614
11
0.9925692913385826
21
0.563275
0
LINE
8
BLACK
6
CONTINUOUS
10
0.9925692913385826
20
0.563275
11
0.9884926771653543
21
0.5615864173228347
0
LINE
8
BLACK
6
CONTINUOUS
10
0.9884926771653543
20
0.5615864173228347
11
0.9828154724409449
21
0.5604571259842519
0
LINE
8
BLACK
6
CONTINUOUS
10
0.9828154724409449
20
0.5604571259842519
11
0.9770270472440945
21
0.5604571259842519
0
LINE
8
BLACK
6
CONTINUOUS
10
0.9770270472440945
20
0.5604571259842519
11
0.971349842519685
21
0.5615864173228347
0
LINE
8
BLACK
6
CONTINUOUS
10
0.971349842519685
20
0.5615864173228347
11
0.9660020472440944
21
0.5638015354330709
0
LINE
8
BLACK
6
CONTINUOUS
10
0.9660020472440944
20
0.5638015354330709
11
0.9611891732283464
21
0.5670174015748032
0
LINE
8
BLACK
6
CONTINUOUS
10
0.9611891732283464
20
0.5670174015748032
11
0.9570961417322834
21
0.5711104330708662
0
LINE
8
BLACK
6
CONTINUOUS
10
0.9570961417322834
20
0.5711104330708662
11
0.9538802755905511
21
0.5759233070866142
0
LINE
8
BLACK
6
CONTINUOUS
10
0.9538802755905511
20
0.5759233070866142
11
0.951665157480315
21
0.5812711023622047
0
LINE
8
BLACK
6
CONTINUOUS
10
0.951665157480315
20
0.5812711023622047
11
0.9505358661417322
21
0.5869483070866142
0
LINE
8
BLACK
6
CONTINUOUS
10
0.9505358661417322
20
0.5869483070866142
11
0.9505358661417322
21
0.5927367322834646
0
LINE
8
BLACK
6
CONTINUOUS
10
0.9505358661417322
20
0.5927367322834646
11
0.951665157480315
21
0.598413937007874
0
LINE
8
BLACK
6
CONTINUOUS
10
0.951665157480315
20
0.598413937007874
11
0.9538802755905511
21
0.6037617322834645
0
LINE
8
BLACK
6
CONTINUOUS
10
0.9538802755905511
20
0.6037617322834645
11
0.9570961417322834
21
0.6085746062992126
0
LINE
8
BLACK
6
CONTINUOUS
10
0.9570961417322834
20
0.6085746062992126
11
0.9611891732283464
21
0.6126676377952756
0
LINE
8
BLACK
6
CONTINUOUS
10
0.9611891732283464
20
0.6126676377952756
11
0.9660020472440944
21
0.6158835039370079
0
LINE
8
BLACK
6
CONTINUOUS
10
0.9660020472440944
20
0.6158835039370079
11
0.971349842519685
21
0.6180986220472441
0
LINE
8
BLACK
6
CONTINUOUS
10
0.971349842519685
20
0.6180986220472441
11
0.9770270472440945
21
0.6192279133858267
0
LINE
8
BLACK
6
CONTINUOUS
10
0.9770270472440945
20
0.6192279133858267
11
0.9828154724409449
21
0.6192279133858267
0
LINE
8
BLACK
6
CONTINUOUS
10
0.9828154724409449
20
0.6192279133858267
11
0.9884926771653543
21
0.6180986220472441
0
LINE
8
BLACK
6
CONTINUOUS
10
1.0786501574803149
20
0.6180986220472441
11
1.0839979527559054
21
0.6158835039370079
0
LINE
8
BLACK
6
CONTINUOUS
10
1.0839979527559054
20
0.6158835039370079
11
1.0888108267716534
21
0.6126676377952756
0
LINE
8
BLACK
6
CONTINUOUS
10
1.0888108267716534
20
0.6126676377952756
11
1.0929038582677164
21
0.6085746062992126
0
LINE
8
BLACK
6
CONTINUOUS
10
1.0929038582677164
20
0.6085746062992126
11
1.0961197244094487
21
0.6037617322834645
0
LINE
8
BLACK
6
CONTINUOUS
10
1.0961197244094487
20
0.6037617322834645
11
1.0983348425196851
21
0.598413937007874
0
LINE
8
BLACK
6
CONTINUOUS
10
1.0983348425196851
20
0.598413937007874
11
1.0994641338582678
21
0.5927367322834646
0
LINE
8
BLACK
6
CONTINUOUS
10
1.0994641338582678
20
0.5927367322834646
11
1.0994641338582678
21
0.5869483070866142
0
LINE
8
BLACK
6
CONTINUOUS
10
1.0994641338582678
20
0.5869483070866142
11
1.0983348425196851
21
0.5812711023622047
0
LINE
8
BLACK
6
CONTINUOUS
10
1.0983348425196851
20
0.5812711023622047
11
1.0961197244094487
21
0.5759233070866142
0
LINE
8
BLACK
6
CONTINUOUS
10
1.0961197244094487
20
0.5759233070866142
11
1.0929038582677164
21
0.5711104330708662
0
LINE
8
BLACK
6
CONTINUOUS
10
1.0929038582677164
20
0.5711104330708662
11
1.0888108267716534
21
0.5670174015748032
0
LINE
8
BLACK
6
CONTINUOUS
10
1.0888108267716534
20
0.5670174015748032
11
1.0839979527559054
21
0.5638015354330709
0
LINE
8
BLACK
6
CONTINUOUS
10
1.0839979527559054
20
0.5638015354330709
11
1.0786501574803149
21
0.5615864173228347
0
LINE
8
BLACK
6
CONTINUOUS
10
1.0786501574803149
20
0.5615864173228347
11
1.0729729527559055
21
0.5604571259842519
0
LINE
8
BLACK
6
CONTINUOUS
10
1.0729729527559055
20
0.5604571259842519
11
1.067184527559055
21
0.5604571259842519
0
LINE
8
BLACK
6
CONTINUOUS
10
1.067184527559055
20
0.5604571259842519
11
1.0615073228346457
21
0.5615864173228347
0
LINE
8
BLACK
6
CONTINUOUS
10
1.0615073228346457
20
0.5615864173228347
11
1.0561595275590552
21
0.5638015354330709
0
LINE
8
BLACK
6
CONTINUOUS
10
1.0561595275590552
20
0.5638015354330709
11
1.0513466535433071
21
0.5670174015748032
0
LINE
8
BLACK
6
CONTINUOUS
10
1.0513466535433071
20
0.5670174015748032
11
1.0472536220472441
21
0.5711104330708662
0
LINE
8
BLACK
6
CONTINUOUS
10
1.0472536220472441
20
0.5711104330708662
11
1.0440377559055118
21
0.5759233070866142
0
LINE
8
BLACK
6
CONTINUOUS
10
1.0440377559055118
20
0.5759233070866142
11
1.0418226377952755
21
0.5812711023622047
0
LINE
8
BLACK
6
CONTINUOUS
10
1.0418226377952755
20
0.5812711023622047
11
1.040693346456693
21
0.5869483070866142
0
LINE
8
BLACK
6
CONTINUOUS
10
1.040693346456693
20
0.5869483070866142
11
1.040693346456693
21
0.5927367322834646
0
LINE
8
BLACK
6
CONTINUOUS
10
1.040693346456693
20
0.5927367322834646
11
1.0418226377952755
21
0.598413937007874
0
LINE
8
BLACK
6
CONTINUOUS
10
1.0418226377952755
20
0.598413937007874
11
1.0440377559055118
21
0.6037617322834645
0
LINE
8
BLACK
6
CONTINUOUS
10
1.0440377559055118
20
0.6037617322834645
11
1.0472536220472441
21
0.6085746062992126
0
LINE
8
BLACK
6
CONTINUOUS
10
1.0472536220472441
20
0.6085746062992126
11
1.0513466535433071
21
0.6126676377952756
0
LINE
8
BLACK
6
CONTINUOUS
10
1.0513466535433071
20
0.6126676377952756
11
1.0561595275590552
21
0.6158835039370079
0
LINE
8
BLACK
6
CONTINUOUS
10
1.0561595275590552
20
0.6158835039370079
11
1.0615073228346457
21
0.6180986220472441
0
LINE
8
BLACK
6
CONTINUOUS
10
1.0615073228346457
20
0.6180986220472441
11
1.067184527559055
21
0.6192279133858267
0
LINE
8
BLACK
6
CONTINUOUS
10
1.067184527559055
20
0.6192279133858267
11
1.0729729527559055
21
0.6192279133858267
0
LINE
8
BLACK
6
CONTINUOUS
10
1.0729729527559055
20
0.6192279133858267
11
1.0786501574803149
21
0.6180986220472441
0
LINE
8
BLACK
6
CONTINUOUS
10
0.425
20
0.4350548818897638
11
0.4250649606299213
21
0.4348124803149606
0
LINE
8
BLACK
6
CONTINUOUS
10
0.4250649606299213
20
0.4348124803149606
11
0.4252165354330709
21
0.4325
0
LINE
8
BLACK
6
CONTINUOUS
10
0.4252165354330709
20
0.4325
11
0.4252165354330709
21
0.3827165354330709
0
LINE
8
BLACK
6
CONTINUOUS
10
0.4252165354330709
20
0.3827165354330709
11
0.438270905511811
21
0.3827165354330709
0
LINE
8
BLACK
6
CONTINUOUS
10
0.438270905511811
20
0.3827165354330709
11
0.4413174803149606
21
0.3886957874015748
0
LINE
8
BLACK
6
CONTINUOUS
10
0.4413174803149606
20
0.3886957874015748
11
0.4454934251968504
21
0.3944435039370079
0
LINE
8
BLACK
6
CONTINUOUS
10
0.4454934251968504
20
0.3944435039370079
11
0.450517125984252
21
0.3994672047244094
0
LINE
8
BLACK
6
CONTINUOUS
10
0.450517125984252
20
0.3994672047244094
11
0.456264842519685
21
0.4036431496062992
0
LINE
8
BLACK
6
CONTINUOUS
10
0.456264842519685
20
0.4036431496062992
11
0.4625950393700787
21
0.4068685433070866
0
LINE
8
BLACK
6
CONTINUOUS
10
0.4625950393700787
20
0.4068685433070866
11
0.4693518897637795
21
0.4090639763779527
0
LINE
8
BLACK
6
CONTINUOUS
10
0.4693518897637795
20
0.4090639763779527
11
0.4763689763779527
21
0.4101753937007874
0
LINE
8
BLACK
6
CONTINUOUS
10
0.4763689763779527
20
0.4101753937007874
11
0.4834735433070866
21
0.4101753937007874
0
LINE
8
BLACK
6
CONTINUOUS
10
0.4834735433070866
20
0.4101753937007874
11
0.4904906299212599
21
0.4090639763779527
0
LINE
8
BLACK
6
CONTINUOUS
10
0.4904906299212599
20
0.4090639763779527
11
0.4972474803149606
21
0.4068685433070866
0
LINE
8
BLACK
6
CONTINUOUS
10
0.4972474803149606
20
0.4068685433070866
11
0.5035776771653543
21
0.4036431496062992
0
LINE
8
BLACK
6
CONTINUOUS
10
0.5035776771653543
20
0.4036431496062992
11
0.5093253937007874
21
0.3994672047244094
0
LINE
8
BLACK
6
CONTINUOUS
10
0.5093253937007874
20
0.3994672047244094
11
0.514349094488189
21
0.3944435039370079
0
LINE
8
BLACK
6
CONTINUOUS
10
0.514349094488189
20
0.3944435039370079
11
0.5185250393700788
21
0.3886957874015748
0
LINE
8
BLACK
6
CONTINUOUS
10
0.5185250393700788
20
0.3886957874015748
11
0.5217504330708661
21
0.3823655905511811
0
LINE
8
BLACK
6
CONTINUOUS
10
0.5217504330708661
20
0.3823655905511811
11
0.5239458661417322
21
0.3756087401574803
0
LINE
8
BLACK
6
CONTINUOUS
10
0.5239458661417322
20
0.3756087401574803
11
0.5250572834645669
21
0.3685916535433071
0
LINE
8
BLACK
6
CONTINUOUS
10
0.5250572834645669
20
0.3685916535433071
11
0.5250572834645669
21
0.3614870866141732
0
LINE
8
BLACK
6
CONTINUOUS
10
0.5250572834645669
20
0.3614870866141732
11
0.5239458661417322
21
0.35447
0
LINE
8
BLACK
6
CONTINUOUS
10
0.5239458661417322
20
0.35447
11
0.5217504330708661
21
0.3477131496062992
0
LINE
8
BLACK
6
CONTINUOUS
10
0.5217504330708661
20
0.3477131496062992
11
0.5185250393700788
21
0.3413829527559055
0
LINE
8
BLACK
6
CONTINUOUS
10
0.5185250393700788
20
0.3413829527559055
11
0.514349094488189
21
0.3356352362204724
0
LINE
8
BLACK
6
CONTINUOUS
10
0.514349094488189
20
0.3356352362204724
11
0.5093253937007874
21
0.3306115354330709
0
LINE
8
BLACK
6
CONTINUOUS
10
0.5093253937007874
20
0.3306115354330709
11
0.5035776771653543
21
0.3264355905511811
0
LINE
8
BLACK
6
CONTINUOUS
10
0.5035776771653543
20
0.3264355905511811
11
0.4972474803149606
21
0.3232101968503937
0
LINE
8
BLACK
6
CONTINUOUS
10
0.4972474803149606
20
0.3232101968503937
11
0.4904906299212599
21
0.3210147637795275
0
LINE
8
BLACK
6
CONTINUOUS
10
0.4904906299212599
20
0.3210147637795275
11
0.4834735433070866
21
0.3199033464566929
0
LINE
8
BLACK
6
CONTINUOUS
10
0.4834735433070866
20
0.3199033464566929
11
0.4763689763779527
21
0.3199033464566929
0
LINE
8
BLACK
6
CONTINUOUS
10
0.4763689763779527
20
0.3199033464566929
11
0.4693518897637795
21
0.3210147637795275
0
LINE
8
BLACK
6
CONTINUOUS
10
0.4693518897637795
20
0.3210147637795275
11
0.4625950393700787
21
0.3232101968503937
0
LINE
8
BLACK
6
CONTINUOUS
10
0.4625950393700787
20
0.3232101968503937
11
0.456264842519685
21
0.3264355905511811
0
LINE
8
BLACK
6
CONTINUOUS
10
0.456264842519685
20
0.3264355905511811
11
0.450517125984252
21
0.3306115354330709
0
LINE
8
BLACK
6
CONTINUOUS
10
0.450517125984252
20
0.3306115354330709
11
0.4454934251968504
21
0.3356352362204724
0
LINE
8
BLACK
6
CONTINUOUS
10
0.4454934251968504
20
0.3356352362204724
11
0.4413174803149606
21
0.3413829527559055
0
LINE
8
BLACK
6
CONTINUOUS
10
0.4413174803149606
20
0.3413829527559055
11
0.4383110236220472
21
0.3472834645669291
0
LINE
8
BLACK
6
CONTINUOUS
10
0.4383110236220472
20
0.3472834645669291
11
0.425
21
0.3472834645669291
0
LINE
8
BLACK
6
CONTINUOUS
10
0.425
20
0.3472834645669291
11
0.425
21
0.3375
0
LINE
8
BLACK
6
CONTINUOUS
10
0.425
20
0.3375
11
0.39
21
0.3375
0
LINE
8
BLACK
6
CONTINUOUS
10
0.39
20
0.3375
11
0.39
21
0.3624450787401575
0
LINE
8
BLACK
6
CONTINUOUS
10
0.39
20
0.3624450787401575
11
0.3899350393700787
21
0.3626875196850394
0
LINE
8
BLACK
6
CONTINUOUS
10
0.3899350393700787
20
0.3626875196850394
11
0.3897834645669291
21
0.365
0
LINE
8
BLACK
6
CONTINUOUS
10
0.3897834645669291
20
0.365
11
0.3897834645669291
21
0.4325
0
LINE
8
BLACK
6
CONTINUOUS
10
0.3897834645669291
20
0.4325
11
0.3899350393700787
21
0.4348124803149606
0
LINE
8
BLACK
6
CONTINUOUS
10
0.3899350393700787
20
0.4348124803149606
11
0.39
21
0.4350548818897638
0
LINE
8
BLACK
6
CONTINUOUS
10
0.39
20
0.4350548818897638
11
0.39
21
0.46
0
LINE
8
BLACK
6
CONTINUOUS
10
0.39
20
0.46
11
0.425
21
0.46
0
LINE
8
BLACK
6
CONTINUOUS
10
0.425
20
0.46
11
0.425
21
0.4350548818897638
0
LINE
8
BLACK
6
CONTINUOUS
10
1.1306481102362205
20
0.4090639763779527
11
1.1374049606299212
21
0.4068685433070866
0
LINE
8
BLACK
6
CONTINUOUS
10
1.1374049606299212
20
0.4068685433070866
11
1.143735157480315
21
0.4036431496062992
0
LINE
8
BLACK
6
CONTINUOUS
10
1.143735157480315
20
0.4036431496062992
11
1.1494828740157481
21
0.3994672047244094
0
LINE
8
BLACK
6
CONTINUOUS
10
1.1494828740157481
20
0.3994672047244094
11
1.1545065748031496
21
0.3944435039370079
0
LINE
8
BLACK
6
CONTINUOUS
10
1.1545065748031496
20
0.3944435039370079
11
1.1586825196850394
21
0.3886957874015748
0
LINE
8
BLACK
6
CONTINUOUS
10
1.1586825196850394
20
0.3886957874015748
11
1.1619079133858268
21
0.3823655905511811
0
LINE
8
BLACK
6
CONTINUOUS
10
1.1619079133858268
20
0.3823655905511811
11
1.1641033464566928
21
0.3756087401574803
0
LINE
8
BLACK
6
CONTINUOUS
10
1.1641033464566928
20
0.3756087401574803
11
1.1652147637795276
21
0.3685916535433071
0
LINE
8
BLACK
6
CONTINUOUS
10
1.1652147637795276
20
0.3685916535433071
11
1.1652147637795276
21
0.3614870866141732
0
LINE
8
BLACK
6
CONTINUOUS
10
1.1652147637795276
20
0.3614870866141732
11
1.1641033464566928
21
0.35447
0
LINE
8
BLACK
6
CONTINUOUS
10
1.1641033464566928
20
0.35447
11
1.1619079133858268
21
0.3477131496062992
0
LINE
8
BLACK
6
CONTINUOUS
10
1.1619079133858268
20
0.3477131496062992
11
1.1586825196850394
21
0.3413829527559055
0
LINE
8
BLACK
6
CONTINUOUS
10
1.1586825196850394
20
0.3413829527559055
11
1.1545065748031496
21
0.3356352362204724
0
LINE
8
BLACK
6
CONTINUOUS
10
1.1545065748031496
20
0.3356352362204724
11
1.1494828740157481
21
0.3306115354330709
0
LINE
8
BLACK
6
CONTINUOUS
10
1.1494828740157481
20
0.3306115354330709
11
1.143735157480315
21
0.3264355905511811
0
LINE
8
BLACK
6
CONTINUOUS
10
1.143735157480315
20
0.3264355905511811
11
1.1374049606299212
21
0.3232101968503937
0
LINE
8
BLACK
6
CONTINUOUS
10
1.1374049606299212
20
0.3232101968503937
11
1.1306481102362205
21
0.3210147637795275
0
LINE
8
BLACK
6
CONTINUOUS
10
1.1306481102362205
20
0.3210147637795275
11
1.1236310236220473
21
0.3199033464566929
0
LINE
8
BLACK
6
CONTINUOUS
10
1.1236310236220473
20
0.3199033464566929
11
1.1165264566929134
21
0.3199033464566929
0
LINE
8
BLACK
6
CONTINUOUS
10
1.1165264566929134
20
0.3199033464566929
11
1.1095093700787402
21
0.3210147637795275
0
LINE
8
BLACK
6
CONTINUOUS
10
1.1095093700787402
20
0.3210147637795275
11
1.1027525196850394
21
0.3232101968503937
0
LINE
8
BLACK
6
CONTINUOUS
10
1.1027525196850394
20
0.3232101968503937
11
1.0964223228346457
21
0.3264355905511811
0
LINE
8
BLACK
6
CONTINUOUS
10
1.0964223228346457
20
0.3264355905511811
11
1.0906746062992125
21
0.3306115354330709
0
LINE
8
BLACK
6
CONTINUOUS
10
1.0906746062992125
20
0.3306115354330709
11
1.0856509055118111
21
0.3356352362204724
0
LINE
8
BLACK
6
CONTINUOUS
10
1.0856509055118111
20
0.3356352362204724
11
1.0814749606299212
21
0.3413829527559055
0
LINE
8
BLACK
6
CONTINUOUS
10
1.0814749606299212
20
0.3413829527559055
11
1.0782495669291339
21
0.3477131496062992
0
LINE
8
BLACK
6
CONTINUOUS
10
1.0782495669291339
20
0.3477131496062992
11
1.0760541338582676
21
0.35447
0
LINE
8
BLACK
6
CONTINUOUS
10
1.0760541338582676
20
0.35447
11
1.0749427165354331
21
0.3614870866141732
0
LINE
8
BLACK
6
CONTINUOUS
10
1.0749427165354331
20
0.3614870866141732
11
1.0749427165354331
21
0.3685916535433071
0
LINE
8
BLACK
6
CONTINUOUS
10
1.0749427165354331
20
0.3685916535433071
11
1.0760541338582676
21
0.3756087401574803
0
LINE
8
BLACK
6
CONTINUOUS
10
1.0760541338582676
20
0.3756087401574803
11
1.0782495669291339
21
0.3823655905511811
0
LINE
8
BLACK
6
CONTINUOUS
10
1.0782495669291339
20
0.3823655905511811
11
1.0814749606299212
21
0.3886957874015748
0
LINE
8
BLACK
6
CONTINUOUS
10
1.0814749606299212
20
0.3886957874015748
11
1.0856509055118111
21
0.3944435039370079
0
LINE
8
BLACK
6
CONTINUOUS
10
1.0856509055118111
20
0.3944435039370079
11
1.0906746062992125
21
0.3994672047244094
0
LINE
8
BLACK
6
CONTINUOUS
10
1.0906746062992125
20
0.3994672047244094
11
1.0964223228346457
21
0.4036431496062992
0
LINE
8
BLACK
6
CONTINUOUS
10
1.0964223228346457
20
0.4036431496062992
11
1.1027525196850394
21
0.4068685433070866
0
LINE
8
BLACK
6
CONTINUOUS
10
1.1027525196850394
20
0.4068685433070866
11
1.1095093700787402
21
0.4090639763779527
0
LINE
8
BLACK
6
CONTINUOUS
10
1.1095093700787402
20
0.4090639763779527
11
1.1165264566929134
21
0.4101753937007874
0
LINE
8
BLACK
6
CONTINUOUS
10
1.1165264566929134
20
0.4101753937007874
11
1.1236310236220473
21
0.4101753937007874
0
LINE
8
BLACK
6
CONTINUOUS
10
1.1236310236220473
20
0.4101753937007874
11
1.1306481102362205
21
0.4090639763779527
0
LINE
8
BLACK
6
CONTINUOUS
10
1.4299999999999999
20
0.46
11
1.3699999999999999
21
0.46
0
LINE
8
BLACK
6
CONTINUOUS
10
1.3699999999999999
20
0.46
11
1.3699999999999999
21
0.52
0
LINE
8
BLACK
6
CONTINUOUS
10
1.3699999999999999
20
0.52
11
1.4299999999999999
21
0.52
0
LINE
8
BLACK
6
CONTINUOUS
10
1.4299999999999999
20
0.52
11
1.4299999999999999
21
0.46
0
LINE
8
BLACK
6
CONTINUOUS
10
1.53
20
0.46
11
1.47
21
0.46
0
LINE
8
BLACK
6
CONTINUOUS
10
1.47
20
0.46
11
1.47
21
0.52
0
LINE
8
BLACK
6
CONTINUOUS
10
1.47
20
0.52
11
1.53
21
0.52
0
LINE
8
BLACK
6
CONTINUOUS
10
1.53
20
0.52
11
1.53
21
0.46
0
LINE
8
BLACK
6
CONTINUOUS
10
1.4299999999999999
20
0.5599999999999999
11
1.3699999999999999
21
0.5599999999999999
0
LINE
8
BLACK
6
CONTINUOUS
10
1.3699999999999999
20
0.5599999999999999
11
1.3699999999999999
21
0.62
0
LINE
8
BLACK
6
CONTINUOUS
10
1.3699999999999999
20
0.62
11
1.4299999999999999
21
0.62
0
LINE
8
BLACK
6
CONTINUOUS
10
1.4299999999999999
20
0.62
11
1.4299999999999999
21
0.5599999999999999
0
LINE
8
BLACK
6
CONTINUOUS
10
1.53
20
0.5599999999999999
11
1.47
21
0.5599999999999999
0
LINE
8
BLACK
6
CONTINUOUS
10
1.47
20
0.5599999999999999
11
1.47
21
0.62
0
LINE
8
BLACK
6
CONTINUOUS
10
1.47
20
0.62
11
1.53
21
0.62
0
LINE
8
BLACK
6
CONTINUOUS
10
1.53
20
0.62
11
1.53
21
0.5599999999999999
0
LINE
8
BLACK
6
CONTINUOUS
10
1.325
20
0.975
11
1.3227165354330708
21
0.975
0
LINE
8
BLACK
6
CONTINUOUS
10
1.3227165354330708
20
0.975
11
1.3227165354330708
21
0.9425
0
LINE
8
BLACK
6
CONTINUOUS
10
1.3227165354330708
20
0.9425
11
1.3374999999999999
21
0.9425
0
LINE
8
BLACK
6
CONTINUOUS
10
1.3374999999999999
20
0.9425
11
1.3374999999999999
21
0.8825
0
LINE
8
BLACK
6
CONTINUOUS
10
1.3374999999999999
20
0.8825
11
1.3183165354330708
21
0.8825
0
LINE
8
BLACK
6
CONTINUOUS
10
1.3183165354330708
20
0.8825
11
1.3183165354330708
21
0.8341999999999999
0
LINE
8
BLACK
6
CONTINUOUS
10
1.3183165354330708
20
0.8341999999999999
11
1.3508
21
0.8341999999999999
0
LINE
8
BLACK
6
CONTINUOUS
10
1.3508
20
0.8341999999999999
11
1.3508
21
0.7358
0
LINE
8
BLACK
6
CONTINUOUS
10
1.3508
20
0.7358
11
1.2764549606299211
21
0.7358
0
LINE
8
BLACK
6
CONTINUOUS
10
1.2764549606299211
20
0.7358
11
1.2677165354330708
21
0.7270615748031496
0
LINE
8
BLACK
6
CONTINUOUS
10
1.2677165354330708
20
0.7270615748031496
11
1.2677165354330708
21
0.6938
0
LINE
8
BLACK
6
CONTINUOUS
10
1.2677165354330708
20
0.6938
11
1.2912999999999999
21
0.6938
0
LINE
8
BLACK
6
CONTINUOUS
10
1.2912999999999999
20
0.6938
11
1.2912999999999999
21
0.5954
0
LINE
8
BLACK
6
CONTINUOUS
10
1.2912999999999999
20
0.5954
11
1.2006999999999999
21
0.5954
0
LINE
8
BLACK
6
CONTINUOUS
10
1.2006999999999999
20
0.5954
11
1.2006999999999999
21
0.6938
0
LINE
8
BLACK
6
CONTINUOUS
10
1.2006999999999999
20
0.6938
11
1.2322834645669292
21
0.6938
0
LINE
8
BLACK
6
CONTINUOUS
10
1.2322834645669292
20
0.6938
11
1.2322834645669292
21
0.7343999999999999
0
LINE
8
BLACK
6
CONTINUOUS
10
1.2322834645669292
20
0.7343999999999999
11
1.2324350393700787
21
0.7367124803149606
0
LINE
8
BLACK
6
CONTINUOUS
10
1.2324350393700787
20
0.7367124803149606
11
1.2336320472440945
21
0.7411798425196851
0
LINE
8
BLACK
6
CONTINUOUS
10
1.2336320472440945
20
0.7411798425196851
11
1.235944527559055
21
0.745185157480315
0
LINE
8
BLACK
6
CONTINUOUS
10
1.235944527559055
20
0.745185157480315
11
1.2359448031496063
21
0.7451854330708662
0
LINE
8
BLACK
6
CONTINUOUS
10
1.2359448031496063
20
0.7451854330708662
11
1.2374725196850394
21
0.7469274803149606
0
LINE
8
BLACK
6
CONTINUOUS
10
1.2374725196850394
20
0.7469274803149606
11
1.2504
21
0.7598549606299212
0
LINE
8
BLACK
6
CONTINUOUS
10
1.2504
20
0.7598549606299212
11
1.2504
21
0.8341999999999999
0
LINE
8
BLACK
6
CONTINUOUS
10
1.2504
20
0.8341999999999999
11
1.2828834645669291
21
0.8341999999999999
0
LINE
8
BLACK
6
CONTINUOUS
10
1.2828834645669291
20
0.8341999999999999
11
1.2828834645669291
21
0.8825
0
LINE
8
BLACK
6
CONTINUOUS
10
1.2828834645669291
20
0.8825
11
1.2775000000000001
21
0.8825
0
LINE
8
BLACK
6
CONTINUOUS
10
1.2775000000000001
20
0.8825
11
1.2775000000000001
21
0.9425
0
LINE
8
BLACK
6
CONTINUOUS
10
1.2775000000000001
20
0.9425
11
1.2872834645669291
21
0.9425
0
LINE
8
BLACK
6
CONTINUOUS
10
1.2872834645669291
20
0.9425
11
1.2872834645669291
21
0.975
0
LINE
8
BLACK
6
CONTINUOUS
10
1.2872834645669291
20
0.975
11
1.2849999999999999
21
0.975
0
LINE
8
BLACK
6
CONTINUOUS
10
1.2849999999999999
20
0.975
11
1.2849999999999999
21
0.9797834645669291
0
LINE
8
BLACK
6
CONTINUOUS
10
1.2849999999999999
20
0.9797834645669291
11
1.2150000000000001
21
0.9797834645669291
0
LINE
8
BLACK
6
CONTINUOUS
10
1.2150000000000001
20
0.9797834645669291
11
1.2126875196850393
21
0.9799350393700788
0
LINE
8
BLACK
6
CONTINUOUS
10
1.2126875196850393
20
0.9799350393700788
11
1.2124450787401575
21
0.98
0
LINE
8
BLACK
6
CONTINUOUS
10
1.2124450787401575
20
0.98
11
1.1875
21
0.98
0
LINE
8
BLACK
6
CONTINUOUS
10
1.1875
20
0.98
11
1.1875
21
1.0149999999999999
0
LINE
8
BLACK
6
CONTINUOUS
10
1.1875
20
1.0149999999999999
11
1.2124450787401575
21
1.0149999999999999
0
LINE
8
BLACK
6
CONTINUOUS
10
1.2124450787401575
20
1.0149999999999999
11
1.2126875196850393
21
1.0150649606299211
0
LINE
8
BLACK
6
CONTINUOUS
10
1.2126875196850393
20
1.0150649606299211
11
1.2150000000000001
21
1.0152165354330709
0
LINE
8
BLACK
6
CONTINUOUS
10
1.2150000000000001
20
1.0152165354330709
11
1.2801615748031496
21
1.0152165354330709
0
LINE
8
BLACK
6
CONTINUOUS
10
1.2801615748031496
20
1.0152165354330709
11
1.2849999999999999
21
1.0200549606299212
0
LINE
8
BLACK
6
CONTINUOUS
10
1.2849999999999999
20
1.0200549606299212
11
1.2849999999999999
21
1.0549999999999999
0
LINE
8
BLACK
6
CONTINUOUS
10
1.2849999999999999
20
1.0549999999999999
11
1.325
21
1.0549999999999999
0
LINE
8
BLACK
6
CONTINUOUS
10
1.325
20
1.0549999999999999
11
1.325
21
0.975
0
LINE
8
BLACK
6
CONTINUOUS
10
1.4375
20
0.8825
11
1.3774999999999999
21
0.8825
0
LINE
8
BLACK
6
CONTINUOUS
10
1.3774999999999999
20
0.8825
11
1.3774999999999999
21
0.9425
0
LINE
8
BLACK
6
CONTINUOUS
10
1.3774999999999999
20
0.9425
11
1.4375
21
0.9425
0
LINE
8
BLACK
6
CONTINUOUS
10
1.4375
20
0.9425
11
1.4375
21
0.8825
0
LINE
8
BLACK
6
CONTINUOUS
10
1.415
20
1.5027165354330709
11
1.4550000000000001
21
1.5027165354330709
0
LINE
8
BLACK
6
CONTINUOUS
10
1.4550000000000001
20
1.5027165354330709
11
1.4550000000000001
21
1.5149999999999999
0
LINE
8
BLACK
6
CONTINUOUS
10
1.4550000000000001
20
1.5149999999999999
11
1.5149999999999999
21
1.5149999999999999
0
LINE
8
BLACK
6
CONTINUOUS
10
1.5149999999999999
20
1.5149999999999999
11
1.5149999999999999
21
1.4550000000000001
0
LINE
8
BLACK
6
CONTINUOUS
10
1.5149999999999999
20
1.4550000000000001
11
1.4550000000000001
21
1.4550000000000001
0
LINE
8
BLACK
6
CONTINUOUS
10
1.4550000000000001
20
1.4550000000000001
11
1.4550000000000001
21
1.467283464566929
0
LINE
8
BLACK
6
CONTINUOUS
10
1.4550000000000001
20
1.467283464566929
11
1.415
21
1.467283464566929
0
LINE
8
BLACK
6
CONTINUOUS
10
1.415
20
1.467283464566929
11
1.415
21
1.4550000000000001
0
LINE
8
BLACK
6
CONTINUOUS
10
1.415
20
1.4550000000000001
11
1.3800549606299213
21
1.4550000000000001
0
LINE
8
BLACK
6
CONTINUOUS
10
1.3800549606299213
20
1.4550000000000001
11
1.3050274803149606
21
1.3799725196850394
0
LINE
8
BLACK
6
CONTINUOUS
10
1.3050274803149606
20
1.3799725196850394
11
1.3032854330708661
21
1.3784448031496062
0
LINE
8
BLACK
6
CONTINUOUS
10
1.3032854330708661
20
1.3784448031496062
11
1.303285157480315
21
1.3784445275590551
0
LINE
8
BLACK
6
CONTINUOUS
10
1.303285157480315
20
1.3784445275590551
11
1.299279842519685
21
1.3761320472440945
0
LINE
8
BLACK
6
CONTINUOUS
10
1.299279842519685
20
1.3761320472440945
11
1.2948124803149605
21
1.3749350393700788
0
LINE
8
BLACK
6
CONTINUOUS
10
1.2948124803149605
20
1.3749350393700788
11
1.2925
21
1.374783464566929
0
LINE
8
BLACK
6
CONTINUOUS
10
1.2925
20
1.374783464566929
11
1.2727165354330707
21
1.374783464566929
0
LINE
8
BLACK
6
CONTINUOUS
10
1.2727165354330707
20
1.374783464566929
11
1.2727165354330707
21
1.3149053543307085
0
LINE
8
BLACK
6
CONTINUOUS
10
1.2727165354330707
20
1.3149053543307085
11
1.2949053543307085
21
1.2927165354330707
0
LINE
8
BLACK
6
CONTINUOUS
10
1.2949053543307085
20
1.2927165354330707
11
1.323
21
1.2927165354330707
0
LINE
8
BLACK
6
CONTINUOUS
10
1.323
20
1.2927165354330707
11
1.323
21
1.3149999999999999
0
LINE
8
BLACK
6
CONTINUOUS
10
1.323
20
1.3149999999999999
11
1.4669999999999999
21
1.3149999999999999
0
LINE
8
BLACK
6
CONTINUOUS
10
1.4669999999999999
20
1.3149999999999999
11
1.4669999999999999
21
1.2349999999999999
0
LINE
8
BLACK
6
CONTINUOUS
10
1.4669999999999999
20
1.2349999999999999
11
1.4127165354330709
21
1.2349999999999999
0
LINE
8
BLACK
6
CONTINUOUS
10
1.4127165354330709
20
1.2349999999999999
11
1.4127165354330709
21
1.0549999999999999
0
LINE
8
BLACK
6
CONTINUOUS
10
1.4127165354330709
20
1.0549999999999999
11
1.415
21
1.0549999999999999
0
LINE
8
BLACK
6
CONTINUOUS
10
1.415
20
1.0549999999999999
11
1.415
21
0.975
0
LINE
8
BLACK
6
CONTINUOUS
10
1.415
20
0.975
11
1.375
21
0.975
0
LINE
8
BLACK
6
CONTINUOUS
10
1.375
20
0.975
11
1.375
21
1.0549999999999999
0
LINE
8
BLACK
6
CONTINUOUS
10
1.375
20
1.0549999999999999
11
1.3772834645669292
21
1.0549999999999999
0
LINE
8
BLACK
6
CONTINUOUS
10
1.3772834645669292
20
1.0549999999999999
11
1.3772834645669292
21
1.2349999999999999
0
LINE
8
BLACK
6
CONTINUOUS
10
1.3772834645669292
20
1.2349999999999999
11
1.323
21
1.2349999999999999
0
LINE
8
BLACK
6
CONTINUOUS
10
1.323
20
1.2349999999999999
11
1.323
21
1.2572834645669291
0
LINE
8
BLACK
6
CONTINUOUS
10
1.323
20
1.2572834645669291
11
1.2875669291338583
21
1.2572834645669291
0
LINE
8
BLACK
6
CONTINUOUS
10
1.2875669291338583
20
1.2572834645669291
11
1.2852544488188975
21
1.2574350393700786
0
LINE
8
BLACK
6
CONTINUOUS
10
1.2852544488188975
20
1.2574350393700786
11
1.2807870866141733
21
1.2586320472440944
0
LINE
8
BLACK
6
CONTINUOUS
10
1.2807870866141733
20
1.2586320472440944
11
1.2767817716535432
21
1.2609445275590552
0
LINE
8
BLACK
6
CONTINUOUS
10
1.2767817716535432
20
1.2609445275590552
11
1.2750394488188976
21
1.2624725196850393
0
LINE
8
BLACK
6
CONTINUOUS
10
1.2750394488188976
20
1.2624725196850393
11
1.2424725196850392
21
1.2950394488188977
0
LINE
8
BLACK
6
CONTINUOUS
10
1.2424725196850392
20
1.2950394488188977
11
1.2409448031496062
21
1.2967814566929134
0
LINE
8
BLACK
6
CONTINUOUS
10
1.2409448031496062
20
1.2967814566929134
11
1.2409445275590552
21
1.2967817716535432
0
LINE
8
BLACK
6
CONTINUOUS
10
1.2409445275590552
20
1.2967817716535432
11
1.2386320472440944
21
1.3007870866141733
0
LINE
8
BLACK
6
CONTINUOUS
10
1.2386320472440944
20
1.3007870866141733
11
1.2374350393700788
21
1.3052544488188975
0
LINE
8
BLACK
6
CONTINUOUS
10
1.2374350393700788
20
1.3052544488188975
11
1.2372834645669291
21
1.3075669291338583
0
LINE
8
BLACK
6
CONTINUOUS
10
1.2372834645669291
20
1.3075669291338583
11
1.2372834645669291
21
1.374783464566929
0
LINE
8
BLACK
6
CONTINUOUS
10
1.2372834645669291
20
1.374783464566929
11
1.1724999999999999
21
1.374783464566929
0
LINE
8
BLACK
6
CONTINUOUS
10
1.1724999999999999
20
1.374783464566929
11
1.1701881102362204
21
1.374935
0
LINE
8
BLACK
6
CONTINUOUS
10
1.1701881102362204
20
1.374935
11
1.1701875590551181
21
1.374935
0
LINE
8
BLACK
6
CONTINUOUS
10
1.1701875590551181
20
1.374935
11
1.1657201968503936
21
1.3761320078740158
0
LINE
8
BLACK
6
CONTINUOUS
10
1.1657201968503936
20
1.3761320078740158
11
1.1633144094488188
21
1.3775210236220472
0
LINE
8
BLACK
6
CONTINUOUS
10
1.1633144094488188
20
1.3775210236220472
11
1.161714842519685
21
1.3784445275590551
0
LINE
8
BLACK
6
CONTINUOUS
10
1.161714842519685
20
1.3784445275590551
11
1.161714527559055
21
1.3784448031496062
0
LINE
8
BLACK
6
CONTINUOUS
10
1.161714527559055
20
1.3784448031496062
11
1.1599725196850394
21
1.3799725196850394
0
LINE
8
BLACK
6
CONTINUOUS
10
1.1599725196850394
20
1.3799725196850394
11
1.1349450393700786
21
1.405
0
LINE
8
BLACK
6
CONTINUOUS
10
1.1349450393700786
20
1.405
11
1.0999999999999999
21
1.405
0
LINE
8
BLACK
6
CONTINUOUS
10
1.0999999999999999
20
1.405
11
1.0999999999999999
21
1.4399450393700788
0
LINE
8
BLACK
6
CONTINUOUS
10
1.0999999999999999
20
1.4399450393700788
11
1.0826615748031496
21
1.457283464566929
0
LINE
8
BLACK
6
CONTINUOUS
10
1.0826615748031496
20
1.457283464566929
11
1.05
21
1.457283464566929
0
LINE
8
BLACK
6
CONTINUOUS
10
1.05
20
1.457283464566929
11
1.05
21
1.4550000000000001
0
LINE
8
BLACK
6
CONTINUOUS
10
1.05
20
1.4550000000000001
11
1.0352165354330709
21
1.4550000000000001
0
LINE
8
BLACK
6
CONTINUOUS
10
1.0352165354330709
20
1.4550000000000001
11
1.0352165354330709
21
1.375
0
LINE
8
BLACK
6
CONTINUOUS
10
1.0352165354330709
20
1.375
11
1.0350649606299211
21
1.3726875196850394
0
LINE
8
BLACK
6
CONTINUOUS
10
1.0350649606299211
20
1.3726875196850394
11
1.0349999999999999
21
1.3724450787401574
0
LINE
8
BLACK
6
CONTINUOUS
10
1.0349999999999999
20
1.3724450787401574
11
1.0349999999999999
21
1.3474999999999999
0
LINE
8
BLACK
6
CONTINUOUS
10
1.0349999999999999
20
1.3474999999999999
11
1.
21
1.3474999999999999
0
LINE
8
BLACK
6
CONTINUOUS
10
1.
20
1.3474999999999999
11
1.
21
1.3724450787401574
0
LINE
8
BLACK
6
CONTINUOUS
10
1.
20
1.3724450787401574
11
0.9999350393700788
21
1.3726875196850394
0
LINE
8
BLACK
6
CONTINUOUS
10
0.9999350393700788
20
1.3726875196850394
11
0.9997834645669291
21
1.375
0
LINE
8
BLACK
6
CONTINUOUS
10
0.9997834645669291
20
1.375
11
0.9997834645669291
21
1.443097125984252
0
LINE
8
BLACK
6
CONTINUOUS
10
0.9997834645669291
20
1.443097125984252
11
0.9973124803149606
21
1.4424350393700787
0
LINE
8
BLACK
6
CONTINUOUS
10
0.9973124803149606
20
1.4424350393700787
11
0.995
21
1.4422834645669291
0
LINE
8
BLACK
6
CONTINUOUS
10
0.995
20
1.4422834645669291
11
0.62
21
1.4422834645669291
0
LINE
8
BLACK
6
CONTINUOUS
10
0.62
20
1.4422834645669291
11
0.62
21
1.4299999999999999
0
LINE
8
BLACK
6
CONTINUOUS
10
0.62
20
1.4299999999999999
11
0.5599999999999999
21
1.4299999999999999
0
LINE
8
BLACK
6
CONTINUOUS
10
0.5599999999999999
20
1.4299999999999999
11
0.5599999999999999
21
1.4422834645669291
0
LINE
8
BLACK
6
CONTINUOUS
10
0.5599999999999999
20
1.4422834645669291
11
0.52
21
1.4422834645669291
0
LINE
8
BLACK
6
CONTINUOUS
10
0.52
20
1.4422834645669291
11
0.52
21
1.4299999999999999
0
LINE
8
BLACK
6
CONTINUOUS
10
0.52
20
1.4299999999999999
11
0.46
21
1.4299999999999999
0
LINE
8
BLACK
6
CONTINUOUS
10
0.46
20
1.4299999999999999
11
0.46
21
1.49
0
LINE
8
BLACK
6
CONTINUOUS
10
0.46
20
1.49
11
0.52
21
1.49
0
LINE
8
BLACK
6
CONTINUOUS
10
0.52
20
1.49
11
0.52
21
1.4777165354330708
0
LINE
8
BLACK
6
CONTINUOUS
10
0.52
20
1.4777165354330708
11
0.5599999999999999
21
1.4777165354330708
0
LINE
8
BLACK
6
CONTINUOUS
10
0.5599999999999999
20
1.4777165354330708
11
0.5599999999999999
21
1.49
0
LINE
8
BLACK
6
CONTINUOUS
10
0.5599999999999999
20
1.49
11
0.62
21
1.49
0
LINE
8
BLACK
6
CONTINUOUS
10
0.62
20
1.49
11
0.62
21
1.4777165354330708
0
LINE
8
BLACK
6
CONTINUOUS
10
0.62
20
1.4777165354330708
11
0.97
21
1.4777165354330708
0
LINE
8
BLACK
6
CONTINUOUS
10
0.97
20
1.4777165354330708
11
0.97
21
1.4949999999999999
0
LINE
8
BLACK
6
CONTINUOUS
10
0.97
20
1.4949999999999999
11
1.05
21
1.4949999999999999
0
LINE
8
BLACK
6
CONTINUOUS
10
1.05
20
1.4949999999999999
11
1.05
21
1.4927165354330709
0
LINE
8
BLACK
6
CONTINUOUS
10
1.05
20
1.4927165354330709
11
1.0900000000000001
21
1.4927165354330709
0
LINE
8
BLACK
6
CONTINUOUS
10
1.0900000000000001
20
1.4927165354330709
11
1.0923124803149606
21
1.4925649606299212
0
LINE
8
BLACK
6
CONTINUOUS
10
1.0923124803149606
20
1.4925649606299212
11
1.0967798425196851
21
1.4913679527559054
0
LINE
8
BLACK
6
CONTINUOUS
10
1.0967798425196851
20
1.4913679527559054
11
1.1007851574803149
21
1.4890554724409448
0
LINE
8
BLACK
6
CONTINUOUS
10
1.1007851574803149
20
1.4890554724409448
11
1.1007854330708662
21
1.489055157480315
0
LINE
8
BLACK
6
CONTINUOUS
10
1.1007854330708662
20
1.489055157480315
11
1.1025274803149605
21
1.4875274803149605
0
LINE
8
BLACK
6
CONTINUOUS
10
1.1025274803149605
20
1.4875274803149605
11
1.1250549606299212
21
1.4649999999999999
0
LINE
8
BLACK
6
CONTINUOUS
10
1.1250549606299212
20
1.4649999999999999
11
1.1599999999999999
21
1.4649999999999999
0
LINE
8
BLACK
6
CONTINUOUS
10
1.1599999999999999
20
1.4649999999999999
11
1.1599999999999999
21
1.4300549606299213
0
LINE
8
BLACK
6
CONTINUOUS
10
1.1599999999999999
20
1.4300549606299213
11
1.1798384251968503
21
1.4102165354330709
0
LINE
8
BLACK
6
CONTINUOUS
10
1.1798384251968503
20
1.4102165354330709
11
1.2549999999999999
21
1.4102165354330709
0
LINE
8
BLACK
6
CONTINUOUS
10
1.2549999999999999
20
1.4102165354330709
11
1.2851615748031495
21
1.4102165354330709
0
LINE
8
BLACK
6
CONTINUOUS
10
1.2851615748031495
20
1.4102165354330709
11
1.355
21
1.4800549606299211
0
LINE
8
BLACK
6
CONTINUOUS
10
1.355
20
1.4800549606299211
11
1.355
21
1.5149999999999999
0
LINE
8
BLACK
6
CONTINUOUS
10
1.355
20
1.5149999999999999
11
1.415
21
1.5149999999999999
0
LINE
8
BLACK
6
CONTINUOUS
10
1.415
20
1.5149999999999999
11
1.415
21
1.5027165354330709
0
LINE
8
BLACK
6
CONTINUOUS
10
0.95
20
1.865
11
0.9377165354330709
21
1.865
0
LINE
8
BLACK
6
CONTINUOUS
10
0.9377165354330709
20
1.865
11
0.9377165354330709
21
1.825
0
LINE
8
BLACK
6
CONTINUOUS
10
0.9377165354330709
20
1.825
11
0.95
21
1.825
0
LINE
8
BLACK
6
CONTINUOUS
10
0.95
20
1.825
11
0.95
21
1.7649999999999999
0
LINE
8
BLACK
6
CONTINUOUS
10
0.95
20
1.7649999999999999
11
0.9377165354330709
21
1.7649999999999999
0
LINE
8
BLACK
6
CONTINUOUS
10
0.9377165354330709
20
1.7649999999999999
11
0.9377165354330709
21
1.7295669291338582
0
LINE
8
BLACK
6
CONTINUOUS
10
0.9377165354330709
20
1.7295669291338582
11
0.9377165354330709
21
1.5827165354330708
0
LINE
8
BLACK
6
CONTINUOUS
10
0.9377165354330709
20
1.5827165354330708
11
0.97
21
1.5827165354330708
0
LINE
8
BLACK
6
CONTINUOUS
10
0.97
20
1.5827165354330708
11
0.97
21
1.585
0
LINE
8
BLACK
6
CONTINUOUS
10
0.97
20
1.585
11
1.05
21
1.585
0
LINE
8
BLACK
6
CONTINUOUS
10
1.05
20
1.585
11
1.05
21
1.5827165354330708
0
LINE
8
BLACK
6
CONTINUOUS
10
1.05
20
1.5827165354330708
11
1.1122834645669291
21
1.5827165354330708
0
LINE
8
BLACK
6
CONTINUOUS
10
1.1122834645669291
20
1.5827165354330708
11
1.1122834645669291
21
1.5999999999999999
0
LINE
8
BLACK
6
CONTINUOUS
10
1.1122834645669291
20
1.5999999999999999
11
1.1025
21
1.5999999999999999
0
LINE
8
BLACK
6
CONTINUOUS
10
1.1025
20
1.5999999999999999
11
1.1025
21
1.635
0
LINE
8
BLACK
6
CONTINUOUS
10
1.1025
20
1.635
11
1.1274450787401575
21
1.635
0
LINE
8
BLACK
6
CONTINUOUS
10
1.1274450787401575
20
1.635
11
1.1276875196850393
21
1.6350649606299212
0
LINE
8
BLACK
6
CONTINUOUS
10
1.1276875196850393
20
1.6350649606299212
11
1.1323124803149607
21
1.6350649606299212
0
LINE
8
BLACK
6
CONTINUOUS
10
1.1323124803149607
20
1.6350649606299212
11
1.1325549212598425
21
1.635
0
LINE
8
BLACK
6
CONTINUOUS
10
1.1325549212598425
20
1.635
11
1.1575
21
1.635
0
LINE
8
BLACK
6
CONTINUOUS
10
1.1575
20
1.635
11
1.1575
21
1.5999999999999999
0
LINE
8
BLACK
6
CONTINUOUS
10
1.1575
20
1.5999999999999999
11
1.147716535433071
21
1.5999999999999999
0
LINE
8
BLACK
6
CONTINUOUS
10
1.147716535433071
20
1.5999999999999999
11
1.147716535433071
21
1.5655597244094488
0
LINE
8
BLACK
6
CONTINUOUS
10
1.147716535433071
20
1.5655597244094488
11
1.147716535433071
21
1.5649999999999999
0
LINE
8
BLACK
6
CONTINUOUS
10
1.147716535433071
20
1.5649999999999999
11
1.1599999999999999
21
1.5649999999999999
0
LINE
8
BLACK
6
CONTINUOUS
10
1.1599999999999999
20
1.5649999999999999
11
1.1599999999999999
21
1.5049999999999999
0
LINE
8
BLACK
6
CONTINUOUS
10
1.1599999999999999
20
1.5049999999999999
11
1.0999999999999999
21
1.5049999999999999
0
LINE
8
BLACK
6
CONTINUOUS
10
1.0999999999999999
20
1.5049999999999999
11
1.0999999999999999
21
1.5472834645669291
0
LINE
8
BLACK
6
CONTINUOUS
10
1.0999999999999999
20
1.5472834645669291
11
1.05
21
1.5472834645669291
0
LINE
8
BLACK
6
CONTINUOUS
10
1.05
20
1.5472834645669291
11
1.05
21
1.5449999999999999
0
LINE
8
BLACK
6
CONTINUOUS
10
1.05
20
1.5449999999999999
11
0.97
21
1.5449999999999999
0
LINE
8
BLACK
6
CONTINUOUS
10
0.97
20
1.5449999999999999
11
0.97
21
1.5472834645669291
0
LINE
8
BLACK
6
CONTINUOUS
10
0.97
20
1.5472834645669291
11
0.9199999999999999
21
1.5472834645669291
0
LINE
8
BLACK
6
CONTINUOUS
10
0.9199999999999999
20
1.5472834645669291
11
0.79
21
1.5472834645669291
0
LINE
8
BLACK
6
CONTINUOUS
10
0.79
20
1.5472834645669291
11
0.79
21
1.4929999999999999
0
LINE
8
BLACK
6
CONTINUOUS
10
0.79
20
1.4929999999999999
11
0.71
21
1.4929999999999999
0
LINE
8
BLACK
6
CONTINUOUS
10
0.71
20
1.4929999999999999
11
0.71
21
1.6124450393700787
0
LINE
8
BLACK
6
CONTINUOUS
10
0.71
20
1.6124450393700787
11
0.6801615748031495
21
1.6422834645669291
0
LINE
8
BLACK
6
CONTINUOUS
10
0.6801615748031495
20
1.6422834645669291
11
0.62
21
1.6422834645669291
0
LINE
8
BLACK
6
CONTINUOUS
10
0.62
20
1.6422834645669291
11
0.62
21
1.6299999999999999
0
LINE
8
BLACK
6
CONTINUOUS
10
0.62
20
1.6299999999999999
11
0.5599999999999999
21
1.6299999999999999
0
LINE
8
BLACK
6
CONTINUOUS
10
0.5599999999999999
20
1.6299999999999999
11
0.5599999999999999
21
1.6422834645669291
0
LINE
8
BLACK
6
CONTINUOUS
10
0.5599999999999999
20
1.6422834645669291
11
0.52
21
1.6422834645669291
0
LINE
8
BLACK
6
CONTINUOUS
10
0.52
20
1.6422834645669291
11
0.52
21
1.6299999999999999
0
LINE
8
BLACK
6
CONTINUOUS
10
0.52
20
1.6299999999999999
11
0.46
21
1.6299999999999999
0
LINE
8
BLACK
6
CONTINUOUS
10
0.46
20
1.6299999999999999
11
0.46
21
1.6899999999999999
0
LINE
8
BLACK
6
CONTINUOUS
10
0.46
20
1.6899999999999999
11
0.52
21
1.6899999999999999
0
LINE
8
BLACK
6
CONTINUOUS
10
0.52
20
1.6899999999999999
11
0.52
21
1.6777165354330708
0
LINE
8
BLACK
6
CONTINUOUS
10
0.52
20
1.6777165354330708
11
0.5599999999999999
21
1.6777165354330708
0
LINE
8
BLACK
6
CONTINUOUS
10
0.5599999999999999
20
1.6777165354330708
11
0.5599999999999999
21
1.6899999999999999
0
LINE
8
BLACK
6
CONTINUOUS
10
0.5599999999999999
20
1.6899999999999999
11
0.62
21
1.6899999999999999
0
LINE
8
BLACK
6
CONTINUOUS
10
0.62
20
1.6899999999999999
11
0.62
21
1.6777165354330708
0
LINE
8
BLACK
6
CONTINUOUS
10
0.62
20
1.6777165354330708
11
0.6875
21
1.6777165354330708
0
LINE
8
BLACK
6
CONTINUOUS
10
0.6875
20
1.6777165354330708
11
0.6898124803149606
21
1.6775649606299212
0
LINE
8
BLACK
6
CONTINUOUS
10
0.6898124803149606
20
1.6775649606299212
11
0.694279842519685
21
1.6763679527559054
0
LINE
8
BLACK
6
CONTINUOUS
10
0.694279842519685
20
1.6763679527559054
11
0.6982851574803149
21
1.6740554724409449
0
LINE
8
BLACK
6
CONTINUOUS
10
0.6982851574803149
20
1.6740554724409449
11
0.6982854330708661
21
1.6740551574803149
0
LINE
8
BLACK
6
CONTINUOUS
10
0.6982854330708661
20
1.6740551574803149
11
0.7000274803149606
21
1.6725274803149606
0
LINE
8
BLACK
6
CONTINUOUS
10
0.7000274803149606
20
1.6725274803149606
11
0.7355549606299212
21
1.637
0
LINE
8
BLACK
6
CONTINUOUS
10
0.7355549606299212
20
1.637
11
0.79
21
1.637
0
LINE
8
BLACK
6
CONTINUOUS
10
0.79
20
1.637
11
0.79
21
1.5827165354330708
0
LINE
8
BLACK
6
CONTINUOUS
10
0.79
20
1.5827165354330708
11
0.9022834645669291
21
1.5827165354330708
0
LINE
8
BLACK
6
CONTINUOUS
10
0.9022834645669291
20
1.5827165354330708
11
0.9022834645669291
21
1.7295669291338582
0
LINE
8
BLACK
6
CONTINUOUS
10
0.9022834645669291
20
1.7295669291338582
11
0.9022834645669291
21
1.7649999999999999
0
LINE
8
BLACK
6
CONTINUOUS
10
0.9022834645669291
20
1.7649999999999999
11
0.89
21
1.7649999999999999
0
LINE
8
BLACK
6
CONTINUOUS
10
0.89
20
1.7649999999999999
11
0.89
21
1.825
0
LINE
8
BLACK
6
CONTINUOUS
10
0.89
20
1.825
11
0.9022834645669291
21
1.825
0
LINE
8
BLACK
6
CONTINUOUS
10
0.9022834645669291
20
1.825
11
0.9022834645669291
21
1.865
0
LINE
8
BLACK
6
CONTINUOUS
10
0.9022834645669291
20
1.865
11
0.89
21
1.865
0
LINE
8
BLACK
6
CONTINUOUS
10
0.89
20
1.865
11
0.89
21
1.925
0
LINE
8
BLACK
6
CONTINUOUS
10
0.89
20
1.925
11
0.95
21
1.925
0
LINE
8
BLACK
6
CONTINUOUS
10
0.95
20
1.925
11
0.95
21
1.865
0
LINE
8
BLACK
6
CONTINUOUS
10
0.5977675590551181
20
1.371186062992126
11
0.6017283858267717
21
1.3688992913385827
0
LINE
8
BLACK
6
CONTINUOUS
10
0.6017283858267717
20
1.3688992913385827
11
0.6049623622047244
21
1.3656653149606299
0
LINE
8
BLACK
6
CONTINUOUS
10
0.6049623622047244
20
1.3656653149606299
11
0.6072491338582677
21
1.3617044881889764
0
LINE
8
BLACK
6
CONTINUOUS
10
0.6072491338582677
20
1.3617044881889764
11
0.608432874015748
21
1.3572867716535433
0
LINE
8
BLACK
6
CONTINUOUS
10
0.608432874015748
20
1.3572867716535433
11
0.608432874015748
21
1.3527132283464567
0
LINE
8
BLACK
6
CONTINUOUS
10
0.608432874015748
20
1.3527132283464567
11
0.6081869685039369
21
1.3517955118110236
0
LINE
8
BLACK
6
CONTINUOUS
10
0.6081869685039369
20
1.3517955118110236
11
0.65264
21
1.3073425196850395
0
LINE
8
BLACK
6
CONTINUOUS
10
0.65264
20
1.3073425196850395
11
0.6795
21
1.3073425196850395
0
LINE
8
BLACK
6
CONTINUOUS
10
0.6795
20
1.3073425196850395
11
0.6795
21
1.3149999999999999
0
LINE
8
BLACK
6
CONTINUOUS
10
0.6795
20
1.3149999999999999
11
0.7344999999999999
21
1.3149999999999999
0
LINE
8
BLACK
6
CONTINUOUS
10
0.7344999999999999
20
1.3149999999999999
11
0.7344999999999999
21
1.3073425196850395
0
LINE
8
BLACK
6
CONTINUOUS
10
0.7344999999999999
20
1.3073425196850395
11
0.907
21
1.3073425196850395
0
LINE
8
BLACK
6
CONTINUOUS
10
0.907
20
1.3073425196850395
11
0.9089201968503937
21
1.3071533858267717
0
LINE
8
BLACK
6
CONTINUOUS
10
0.9089201968503937
20
1.3071533858267717
11
0.9117047244094488
21
1.306
0
LINE
8
BLACK
6
CONTINUOUS
10
0.9117047244094488
20
1.306
11
0.9435
21
1.306
0
LINE
8
BLACK
6
CONTINUOUS
10
0.9435
20
1.306
11
0.9435
21
1.2933425196850394
0
LINE
8
BLACK
6
CONTINUOUS
10
0.9435
20
1.2933425196850394
11
1.1025
21
1.2933425196850394
0
LINE
8
BLACK
6
CONTINUOUS
10
1.1025
20
1.2933425196850394
11
1.1025
21
1.3009999999999999
0
LINE
8
BLACK
6
CONTINUOUS
10
1.1025
20
1.3009999999999999
11
1.1575
21
1.3009999999999999
0
LINE
8
BLACK
6
CONTINUOUS
10
1.1575
20
1.3009999999999999
11
1.1575
21
1.266
0
LINE
8
BLACK
6
CONTINUOUS
10
1.1575
20
1.266
11
1.1025
21
1.266
0
LINE
8
BLACK
6
CONTINUOUS
10
1.1025
20
1.266
11
1.1025
21
1.2736574803149605
0
LINE
8
BLACK
6
CONTINUOUS
10
1.1025
20
1.2736574803149605
11
0.9435
21
1.2736574803149605
0
LINE
8
BLACK
6
CONTINUOUS
10
0.9435
20
1.2736574803149605
11
0.9435
21
1.2709999999999999
0
LINE
8
BLACK
6
CONTINUOUS
10
0.9435
20
1.2709999999999999
11
0.8885
21
1.2709999999999999
0
LINE
8
BLACK
6
CONTINUOUS
10
0.8885
20
1.2709999999999999
11
0.8885
21
1.2876574803149605
0
LINE
8
BLACK
6
CONTINUOUS
10
0.8885
20
1.2876574803149605
11
0.7344999999999999
21
1.2876574803149605
0
LINE
8
BLACK
6
CONTINUOUS
10
0.7344999999999999
20
1.2876574803149605
11
0.7344999999999999
21
1.28
0
LINE
8
BLACK
6
CONTINUOUS
10
0.7344999999999999
20
1.28
11
0.6795
21
1.28
0
LINE
8
BLACK
6
CONTINUOUS
10
0.6795
20
1.28
11
0.6795
21
1.2876574803149605
0
LINE
8
BLACK
6
CONTINUOUS
10
0.6795
20
1.2876574803149605
11
0.6485630708661417
21
1.2876574803149605
0
LINE
8
BLACK
6
CONTINUOUS
10
0.6485630708661417
20
1.2876574803149605
11
0.646642874015748
21
1.2878466141732283
0
LINE
8
BLACK
6
CONTINUOUS
10
0.646642874015748
20
1.2878466141732283
11
0.6451048031496063
21
1.2884837007874015
0
LINE
8
BLACK
6
CONTINUOUS
10
0.6451048031496063
20
1.2884837007874015
11
0.6430948818897637
21
1.2893162204724409
0
LINE
8
BLACK
6
CONTINUOUS
10
0.6430948818897637
20
1.2893162204724409
11
0.6416033464566929
21
1.2905402755905511
0
LINE
8
BLACK
6
CONTINUOUS
10
0.6416033464566929
20
1.2905402755905511
11
0.5942675196850393
21
1.337876062992126
0
LINE
8
BLACK
6
CONTINUOUS
10
0.5942675196850393
20
1.337876062992126
11
0.593349842519685
21
1.3376301968503936
0
LINE
8
BLACK
6
CONTINUOUS
10
0.593349842519685
20
1.3376301968503936
11
0.5887762992125984
21
1.3376301968503936
0
LINE
8
BLACK
6
CONTINUOUS
10
0.5887762992125984
20
1.3376301968503936
11
0.5843585826771653
21
1.338813937007874
0
LINE
8
BLACK
6
CONTINUOUS
10
0.5843585826771653
20
1.338813937007874
11
0.5803977559055118
21
1.3411007086614173
0
LINE
8
BLACK
6
CONTINUOUS
10
0.5803977559055118
20
1.3411007086614173
11
0.577163779527559
21
1.34433468503937
0
LINE
8
BLACK
6
CONTINUOUS
10
0.577163779527559
20
1.34433468503937
11
0.5748770078740157
21
1.3482955118110236
0
LINE
8
BLACK
6
CONTINUOUS
10
0.5748770078740157
20
1.3482955118110236
11
0.5736932677165354
21
1.3527132283464567
0
LINE
8
BLACK
6
CONTINUOUS
10
0.5736932677165354
20
1.3527132283464567
11
0.5736932677165354
21
1.3572867716535433
0
LINE
8
BLACK
6
CONTINUOUS
10
0.5736932677165354
20
1.3572867716535433
11
0.5748770078740157
21
1.3617044881889764
0
LINE
8
BLACK
6
CONTINUOUS
10
0.5748770078740157
20
1.3617044881889764
11
0.577163779527559
21
1.3656653149606299
0
LINE
8
BLACK
6
CONTINUOUS
10
0.577163779527559
20
1.3656653149606299
11
0.5803977559055118
21
1.3688992913385827
0
LINE
8
BLACK
6
CONTINUOUS
10
0.5803977559055118
20
1.3688992913385827
11
0.5843585826771653
21
1.371186062992126
0
LINE
8
BLACK
6
CONTINUOUS
10
0.5843585826771653
20
1.371186062992126
11
0.5887762992125984
21
1.3723698031496063
0
LINE
8
BLACK
6
CONTINUOUS
10
0.5887762992125984
20
1.3723698031496063
11
0.593349842519685
21
1.3723698031496063
0
LINE
8
BLACK
6
CONTINUOUS
10
0.593349842519685
20
1.3723698031496063
11
0.5977675590551181
21
1.371186062992126
0
LINE
8
BLACK
6
CONTINUOUS
10
0.52
20
1.53
11
0.46
21
1.53
0
LINE
8
BLACK
6
CONTINUOUS
10
0.46
20
1.53
11
0.46
21
1.5899999999999999
0
LINE
8
BLACK
6
CONTINUOUS
10
0.46
20
1.5899999999999999
11
0.52
21
1.5899999999999999
0
LINE
8
BLACK
6
CONTINUOUS
10
0.52
20
1.5899999999999999
11
0.52
21
1.53
0
LINE
8
BLACK
6
CONTINUOUS
10
0.62
20
1.53
11
0.5599999999999999
21
1.53
0
LINE
8
BLACK
6
CONTINUOUS
10
0.5599999999999999
20
1.53
11
0.5599999999999999
21
1.5899999999999999
0
LINE
8
BLACK
6
CONTINUOUS
10
0.5599999999999999
20
1.5899999999999999
11
0.62
21
1.5899999999999999
0
LINE
8
BLACK
6
CONTINUOUS
10
0.62
20
1.5899999999999999
11
0.62
21
1.53
0
LINE
8
BLACK
6
CONTINUOUS
10
0.278
20
1.5620000000000001
11
0.218
21
1.5620000000000001
0
LINE
8
BLACK
6
CONTINUOUS
10
0.218
20
1.5620000000000001
11
0.218
21
1.6219999999999999
0
LINE
8
BLACK
6
CONTINUOUS
10
0.218
20
1.6219999999999999
11
0.278
21
1.6219999999999999
0
LINE
8
BLACK
6
CONTINUOUS
10
0.278
20
1.6219999999999999
11
0.278
21
1.5620000000000001
0
LINE
8
BLACK
6
CONTINUOUS
10
0.377262874015748
20
1.9281412992125984
11
0.3793916929133858
21
1.9272594881889764
0
LINE
8
BLACK
6
CONTINUOUS
10
0.3793916929133858
20
1.9272594881889764
11
0.3810209842519685
21
1.9256301968503937
0
LINE
8
BLACK
6
CONTINUOUS
10
0.3810209842519685
20
1.9256301968503937
11
0.3819027952755906
21
1.9235013779527559
0
LINE
8
BLACK
6
CONTINUOUS
10
0.3819027952755906
20
1.9235013779527559
11
0.3819027952755906
21
1.921197125984252
0
LINE
8
BLACK
6
CONTINUOUS
10
0.3819027952755906
20
1.921197125984252
11
0.3810209842519685
21
1.9190683070866141
0
LINE
8
BLACK
6
CONTINUOUS
10
0.3810209842519685
20
1.9190683070866141
11
0.3793916929133858
21
1.9174390157480314
0
LINE
8
BLACK
6
CONTINUOUS
10
0.3793916929133858
20
1.9174390157480314
11
0.377262874015748
21
1.9165572047244095
0
LINE
8
BLACK
6
CONTINUOUS
10
0.377262874015748
20
1.9165572047244095
11
0.3761107480314961
21
1.9164437401574803
0
LINE
8
BLACK
6
CONTINUOUS
10
0.3761107480314961
20
1.9164437401574803
11
0.3477752362204724
21
1.9164437401574803
0
LINE
8
BLACK
6
CONTINUOUS
10
0.3477752362204724
20
1.9164437401574803
11
0.3810244488188976
21
1.8665699212598426
0
LINE
8
BLACK
6
CONTINUOUS
10
0.3810244488188976
20
1.8665699212598426
11
0.3815691338582677
21
1.8655483464566929
0
LINE
8
BLACK
6
CONTINUOUS
10
0.3815691338582677
20
1.8655483464566929
11
0.3816814173228346
21
1.8649806692913384
0
LINE
8
BLACK
6
CONTINUOUS
10
0.3816814173228346
20
1.8649806692913384
11
0.3819027952755906
21
1.8644462598425195
0
LINE
8
BLACK
6
CONTINUOUS
10
0.3819027952755906
20
1.8644462598425195
11
0.3819027952755906
21
1.863861496062992
0
LINE
8
BLACK
6
CONTINUOUS
10
0.3819027952755906
20
1.863861496062992
11
0.3820162598425197
21
1.8632879133858267
0
LINE
8
BLACK
6
CONTINUOUS
10
0.3820162598425197
20
1.8632879133858267
11
0.3819027952755906
21
1.862720590551181
0
LINE
8
BLACK
6
CONTINUOUS
10
0.3819027952755906
20
1.862720590551181
11
0.3819027952755906
21
1.8621420078740156
0
LINE
8
BLACK
6
CONTINUOUS
10
0.3819027952755906
20
1.8621420078740156
11
0.3816790157480315
21
1.8616018110236221
0
LINE
8
BLACK
6
CONTINUOUS
10
0.3816790157480315
20
1.8616018110236221
11
0.3815643700787402
21
1.8610285039370078
0
LINE
8
BLACK
6
CONTINUOUS
10
0.3815643700787402
20
1.8610285039370078
11
0.3812423622047244
21
1.8605476771653542
0
LINE
8
BLACK
6
CONTINUOUS
10
0.3812423622047244
20
1.8605476771653542
11
0.3810209842519685
21
1.860013188976378
0
LINE
8
BLACK
6
CONTINUOUS
10
0.3810209842519685
20
1.860013188976378
11
0.3806076377952756
21
1.8595998425196849
0
LINE
8
BLACK
6
CONTINUOUS
10
0.3806076377952756
20
1.8595998425196849
11
0.3802822440944882
21
1.859113937007874
0
LINE
8
BLACK
6
CONTINUOUS
10
0.3802822440944882
20
1.859113937007874
11
0.3798007086614173
21
1.8587929133858268
0
LINE
8
BLACK
6
CONTINUOUS
10
0.3798007086614173
20
1.8587929133858268
11
0.3793916929133858
21
1.8583838976377953
0
LINE
8
BLACK
6
CONTINUOUS
10
0.3793916929133858
20
1.8583838976377953
11
0.3788515748031496
21
1.8581601574803148
0
LINE
8
BLACK
6
CONTINUOUS
10
0.3788515748031496
20
1.8581601574803148
11
0.3783649606299213
21
1.857835748031496
0
LINE
8
BLACK
6
CONTINUOUS
10
0.3783649606299213
20
1.857835748031496
11
0.3777972834645669
21
1.8577234251968504
0
LINE
8
BLACK
6
CONTINUOUS
10
0.3777972834645669
20
1.8577234251968504
11
0.377262874015748
21
1.8575020866141732
0
LINE
8
BLACK
6
CONTINUOUS
10
0.377262874015748
20
1.8575020866141732
11
0.3761107480314961
21
1.857388622047244
0
LINE
8
BLACK
6
CONTINUOUS
10
0.3761107480314961
20
1.857388622047244
11
0.3761045669291339
21
1.857388622047244
0
LINE
8
BLACK
6
CONTINUOUS
10
0.3761045669291339
20
1.857388622047244
11
0.3367406692913386
21
1.857388622047244
0
LINE
8
BLACK
6
CONTINUOUS
10
0.3367406692913386
20
1.857388622047244
11
0.3355885433070866
21
1.8575020866141732
0
LINE
8
BLACK
6
CONTINUOUS
10
0.3355885433070866
20
1.8575020866141732
11
0.3334597244094488
21
1.8583838976377953
0
LINE
8
BLACK
6
CONTINUOUS
10
0.3334597244094488
20
1.8583838976377953
11
0.3318304330708661
21
1.860013188976378
0
LINE
8
BLACK
6
CONTINUOUS
10
0.3318304330708661
20
1.860013188976378
11
0.3309486220472441
21
1.8621420078740156
0
LINE
8
BLACK
6
CONTINUOUS
10
0.3309486220472441
20
1.8621420078740156
11
0.3309486220472441
21
1.8644462598425195
0
LINE
8
BLACK
6
CONTINUOUS
10
0.3309486220472441
20
1.8644462598425195
11
0.3318304330708661
21
1.8665750787401574
0
LINE
8
BLACK
6
CONTINUOUS
10
0.3318304330708661
20
1.8665750787401574
11
0.3334597244094488
21
1.8682043700787401
0
LINE
8
BLACK
6
CONTINUOUS
10
0.3334597244094488
20
1.8682043700787401
11
0.3355885433070866
21
1.8690861811023622
0
LINE
8
BLACK
6
CONTINUOUS
10
0.3355885433070866
20
1.8690861811023622
11
0.3367406692913386
21
1.8691996456692912
0
LINE
8
BLACK
6
CONTINUOUS
10
0.3367406692913386
20
1.8691996456692912
11
0.3650762204724409
21
1.8691996456692912
0
LINE
8
BLACK
6
CONTINUOUS
10
0.3650762204724409
20
1.8691996456692912
11
0.331826968503937
21
1.9190734645669292
0
LINE
8
BLACK
6
CONTINUOUS
10
0.331826968503937
20
1.9190734645669292
11
0.3312823228346456
21
1.9200950393700786
0
LINE
8
BLACK
6
CONTINUOUS
10
0.3312823228346456
20
1.9200950393700786
11
0.3311700393700787
21
1.9206625196850393
0
LINE
8
BLACK
6
CONTINUOUS
10
0.3311700393700787
20
1.9206625196850393
11
0.3309486220472441
21
1.921197125984252
0
LINE
8
BLACK
6
CONTINUOUS
10
0.3309486220472441
20
1.921197125984252
11
0.3309486220472441
21
1.9217818897637795
0
LINE
8
BLACK
6
CONTINUOUS
10
0.3309486220472441
20
1.9217818897637795
11
0.3308351574803149
21
1.9223554724409448
0
LINE
8
BLACK
6
CONTINUOUS
10
0.3308351574803149
20
1.9223554724409448
11
0.3309486220472441
21
1.9229227559055118
0
LINE
8
BLACK
6
CONTINUOUS
10
0.3309486220472441
20
1.9229227559055118
11
0.3309486220472441
21
1.9235013779527559
0
LINE
8
BLACK
6
CONTINUOUS
10
0.3309486220472441
20
1.9235013779527559
11
0.3311723622047244
21
1.9240415354330709
0
LINE
8
BLACK
6
CONTINUOUS
10
0.3311723622047244
20
1.9240415354330709
11
0.3312870472440945
21
1.9246148818897637
0
LINE
8
BLACK
6
CONTINUOUS
10
0.3312870472440945
20
1.9246148818897637
11
0.3316090157480315
21
1.9250956692913386
0
LINE
8
BLACK
6
CONTINUOUS
10
0.3316090157480315
20
1.9250956692913386
11
0.3318304330708661
21
1.9256301968503937
0
LINE
8
BLACK
6
CONTINUOUS
10
0.3318304330708661
20
1.9256301968503937
11
0.3322437401574803
21
1.9260435039370079
0
LINE
8
BLACK
6
CONTINUOUS
10
0.3322437401574803
20
1.9260435039370079
11
0.3325691732283464
21
1.9265294488188975
0
LINE
8
BLACK
6
CONTINUOUS
10
0.3325691732283464
20
1.9265294488188975
11
0.3330506692913386
21
1.926850433070866
0
LINE
8
BLACK
6
CONTINUOUS
10
0.3330506692913386
20
1.926850433070866
11
0.3334597244094488
21
1.9272594881889764
0
LINE
8
BLACK
6
CONTINUOUS
10
0.3334597244094488
20
1.9272594881889764
11
0.3339999212598425
21
1.9274832283464567
0
LINE
8
BLACK
6
CONTINUOUS
10
0.3339999212598425
20
1.9274832283464567
11
0.3344864566929134
21
1.9278075984251968
0
LINE
8
BLACK
6
CONTINUOUS
10
0.3344864566929134
20
1.9278075984251968
11
0.335053937007874
21
1.9279198425196851
0
LINE
8
BLACK
6
CONTINUOUS
10
0.335053937007874
20
1.9279198425196851
11
0.3355885433070866
21
1.9281412992125984
0
LINE
8
BLACK
6
CONTINUOUS
10
0.3355885433070866
20
1.9281412992125984
11
0.3367406692913386
21
1.9282547637795275
0
LINE
8
BLACK
6
CONTINUOUS
10
0.3367406692913386
20
1.9282547637795275
11
0.3761107480314961
21
1.9282547637795275
0
LINE
8
BLACK
6
CONTINUOUS
10
0.3761107480314961
20
1.9282547637795275
11
0.377262874015748
21
1.9281412992125984
0
LINE
8
BLACK
6
CONTINUOUS
10
0.4132517716535433
20
1.9281973228346456
11
0.4134072834645669
21
1.9282083858267716
0
LINE
8
BLACK
6
CONTINUOUS
10
0.4134072834645669
20
1.9282083858267716
11
0.4136117716535433
21
1.9281618503937008
0
LINE
8
BLACK
6
CONTINUOUS
10
0.4136117716535433
20
1.9281618503937008
11
0.4138207874015748
21
1.9281412992125984
0
LINE
8
BLACK
6
CONTINUOUS
10
0.4138207874015748
20
1.9281412992125984
11
0.4139649606299213
21
1.9280815354330709
0
LINE
8
BLACK
6
CONTINUOUS
10
0.4139649606299213
20
1.9280815354330709
11
0.4145361417322835
21
1.9279516929133858
0
LINE
8
BLACK
6
CONTINUOUS
10
0.4145361417322835
20
1.9279516929133858
11
0.4229725984251969
21
1.9251395669291338
0
LINE
8
BLACK
6
CONTINUOUS
10
0.4229725984251969
20
1.9251395669291338
11
0.4240297244094488
21
1.9246675590551181
0
LINE
8
BLACK
6
CONTINUOUS
10
0.4240297244094488
20
1.9246675590551181
11
0.4241899606299213
21
1.9245285433070867
0
LINE
8
BLACK
6
CONTINUOUS
10
0.4241899606299213
20
1.9245285433070867
11
0.4243860236220472
21
1.9244473622047245
0
LINE
8
BLACK
6
CONTINUOUS
10
0.4243860236220472
20
1.9244473622047245
11
0.4252809448818898
21
1.9237129133858266
0
LINE
8
BLACK
6
CONTINUOUS
10
0.4252809448818898
20
1.9237129133858266
11
0.4309052362204724
21
1.918088622047244
0
LINE
8
BLACK
6
CONTINUOUS
10
0.4309052362204724
20
1.918088622047244
11
0.4312768897637795
21
1.9176357480314961
0
LINE
8
BLACK
6
CONTINUOUS
10
0.4312768897637795
20
1.9176357480314961
11
0.4313947244094488
21
1.9175335826771653
0
LINE
8
BLACK
6
CONTINUOUS
10
0.4313947244094488
20
1.9175335826771653
11
0.4315064566929134
21
1.9173560236220473
0
LINE
8
BLACK
6
CONTINUOUS
10
0.4315064566929134
20
1.9173560236220473
11
0.4316396850393701
21
1.9171937401574803
0
LINE
8
BLACK
6
CONTINUOUS
10
0.4316396850393701
20
1.9171937401574803
11
0.4316993700787402
21
1.9170495275590551
0
LINE
8
BLACK
6
CONTINUOUS
10
0.4316993700787402
20
1.9170495275590551
11
0.4320114566929134
21
1.9165538188976377
0
LINE
8
BLACK
6
CONTINUOUS
10
0.4320114566929134
20
1.9165538188976377
11
0.4348236220472441
21
1.9109295669291337
0
LINE
8
BLACK
6
CONTINUOUS
10
0.4348236220472441
20
1.9109295669291337
11
0.4348558661417323
21
1.9108451968503937
0
LINE
8
BLACK
6
CONTINUOUS
10
0.4348558661417323
20
1.9108451968503937
11
0.4348812598425197
21
1.9108109842519685
0
LINE
8
BLACK
6
CONTINUOUS
10
0.4348812598425197
20
1.9108109842519685
11
0.4350538582677165
21
1.9103278346456694
0
LINE
8
BLACK
6
CONTINUOUS
10
0.4350538582677165
20
1.9103278346456694
11
0.4352373622047244
21
1.9098483070866141
0
LINE
8
BLACK
6
CONTINUOUS
10
0.4352373622047244
20
1.9098483070866141
11
0.4352403543307087
21
1.9098057480314961
0
LINE
8
BLACK
6
CONTINUOUS
10
0.4352403543307087
20
1.9098057480314961
11
0.4352707480314961
21
1.9097207874015747
0
LINE
8
BLACK
6
CONTINUOUS
10
0.4352707480314961
20
1.9097207874015747
11
0.438082874015748
21
1.8984722047244094
0
LINE
8
BLACK
6
CONTINUOUS
10
0.438082874015748
20
1.8984722047244094
11
0.4381123622047244
21
1.8982725196850394
0
LINE
8
BLACK
6
CONTINUOUS
10
0.4381123622047244
20
1.8982725196850394
11
0.438145748031496
21
1.8981920472440945
0
LINE
8
BLACK
6
CONTINUOUS
10
0.438145748031496
20
1.8981920472440945
11
0.4381884645669291
21
1.8977580708661417
0
LINE
8
BLACK
6
CONTINUOUS
10
0.4381884645669291
20
1.8977580708661417
11
0.4382522440944882
21
1.8973269685039369
0
LINE
8
BLACK
6
CONTINUOUS
10
0.4382522440944882
20
1.8973269685039369
11
0.4382394094488189
21
1.8972408267716534
0
LINE
8
BLACK
6
CONTINUOUS
10
0.4382394094488189
20
1.8972408267716534
11
0.4382592125984252
21
1.8970399212598426
0
LINE
8
BLACK
6
CONTINUOUS
10
0.4382592125984252
20
1.8970399212598426
11
0.4382592125984252
21
1.8886034645669292
0
LINE
8
BLACK
6
CONTINUOUS
10
0.4382592125984252
20
1.8886034645669292
11
0.4382394094488189
21
1.8884025196850394
0
LINE
8
BLACK
6
CONTINUOUS
10
0.4382394094488189
20
1.8884025196850394
11
0.4382522440944882
21
1.8883164173228346
0
LINE
8
BLACK
6
CONTINUOUS
10
0.4382522440944882
20
1.8883164173228346
11
0.4381884645669291
21
1.8878852755905511
0
LINE
8
BLACK
6
CONTINUOUS
10
0.4381884645669291
20
1.8878852755905511
11
0.438145748031496
21
1.8874513385826772
0
LINE
8
BLACK
6
CONTINUOUS
10
0.438145748031496
20
1.8874513385826772
11
0.4381123622047244
21
1.8873708267716536
0
LINE
8
BLACK
6
CONTINUOUS
10
0.4381123622047244
20
1.8873708267716536
11
0.438082874015748
21
1.8871711811023621
0
LINE
8
BLACK
6
CONTINUOUS
10
0.438082874015748
20
1.8871711811023621
11
0.4352707480314961
21
1.8759225984251968
0
LINE
8
BLACK
6
CONTINUOUS
10
0.4352707480314961
20
1.8759225984251968
11
0.4352403543307087
21
1.8758375984251967
0
LINE
8
BLACK
6
CONTINUOUS
10
0.4352403543307087
20
1.8758375984251967
11
0.4352373622047244
21
1.8757950787401574
0
LINE
8
BLACK
6
CONTINUOUS
10
0.4352373622047244
20
1.8757950787401574
11
0.4350538582677165
21
1.8753155118110236
0
LINE
8
BLACK
6
CONTINUOUS
10
0.4350538582677165
20
1.8753155118110236
11
0.4348812598425197
21
1.874832401574803
0
LINE
8
BLACK
6
CONTINUOUS
10
0.4348812598425197
20
1.874832401574803
11
0.4348558661417323
21
1.8747981496062991
0
LINE
8
BLACK
6
CONTINUOUS
10
0.4348558661417323
20
1.8747981496062991
11
0.4348236220472441
21
1.8747138188976378
0
LINE
8
BLACK
6
CONTINUOUS
10
0.4348236220472441
20
1.8747138188976378
11
0.4320114566929134
21
1.8690895669291339
0
LINE
8
BLACK
6
CONTINUOUS
10
0.4320114566929134
20
1.8690895669291339
11
0.4316993700787402
21
1.8685938188976376
0
LINE
8
BLACK
6
CONTINUOUS
10
0.4316993700787402
20
1.8685938188976376
11
0.4316396850393701
21
1.8684496456692914
0
LINE
8
BLACK
6
CONTINUOUS
10
0.4316396850393701
20
1.8684496456692914
11
0.4315064566929134
21
1.8682873228346457
0
LINE
8
BLACK
6
CONTINUOUS
10
0.4315064566929134
20
1.8682873228346457
11
0.4313947244094488
21
1.8681098031496062
0
LINE
8
BLACK
6
CONTINUOUS
10
0.4313947244094488
20
1.8681098031496062
11
0.4312768897637795
21
1.8680075984251967
0
LINE
8
BLACK
6
CONTINUOUS
10
0.4312768897637795
20
1.8680075984251967
11
0.4309052362204724
21
1.8675547637795276
0
LINE
8
BLACK
6
CONTINUOUS
10
0.4309052362204724
20
1.8675547637795276
11
0.4252809448818898
21
1.8619304724409449
0
LINE
8
BLACK
6
CONTINUOUS
10
0.4252809448818898
20
1.8619304724409449
11
0.4243860236220472
21
1.8611960236220473
0
LINE
8
BLACK
6
CONTINUOUS
10
0.4243860236220472
20
1.8611960236220473
11
0.4241899606299213
21
1.8611148031496063
0
LINE
8
BLACK
6
CONTINUOUS
10
0.4241899606299213
20
1.8611148031496063
11
0.4240297244094488
21
1.8609758267716534
0
LINE
8
BLACK
6
CONTINUOUS
10
0.4240297244094488
20
1.8609758267716534
11
0.4229725984251969
21
1.8605038188976377
0
LINE
8
BLACK
6
CONTINUOUS
10
0.4229725984251969
20
1.8605038188976377
11
0.4145361417322835
21
1.8576916929133858
0
LINE
8
BLACK
6
CONTINUOUS
10
0.4145361417322835
20
1.8576916929133858
11
0.4139649606299213
21
1.8575618110236221
0
LINE
8
BLACK
6
CONTINUOUS
10
0.4139649606299213
20
1.8575618110236221
11
0.4138207874015748
21
1.8575020866141732
0
LINE
8
BLACK
6
CONTINUOUS
10
0.4138207874015748
20
1.8575020866141732
11
0.4136117716535433
21
1.8574814960629922
0
LINE
8
BLACK
6
CONTINUOUS
10
0.4136117716535433
20
1.8574814960629922
11
0.4134072834645669
21
1.8574349999999999
0
LINE
8
BLACK
6
CONTINUOUS
10
0.4134072834645669
20
1.8574349999999999
11
0.4132517716535433
21
1.8574460236220471
0
LINE
8
BLACK
6
CONTINUOUS
10
0.4132517716535433
20
1.8574460236220471
11
0.4126686614173228
21
1.857388622047244
0
LINE
8
BLACK
6
CONTINUOUS
10
0.4126686614173228
20
1.857388622047244
11
0.4070443700787402
21
1.857388622047244
0
LINE
8
BLACK
6
CONTINUOUS
10
0.4070443700787402
20
1.857388622047244
11
0.4064612204724409
21
1.8574460236220471
0
LINE
8
BLACK
6
CONTINUOUS
10
0.4064612204724409
20
1.8574460236220471
11
0.4063057480314961
21
1.8574349999999999
0
LINE
8
BLACK
6
CONTINUOUS
10
0.4063057480314961
20
1.8574349999999999
11
0.406101220472441
21
1.8574814960629922
0
LINE
8
BLACK
6
CONTINUOUS
10
0.406101220472441
20
1.8574814960629922
11
0.4058922440944882
21
1.8575020866141732
0
LINE
8
BLACK
6
CONTINUOUS
10
0.4058922440944882
20
1.8575020866141732
11
0.4057480708661417
21
1.8575617716535433
0
LINE
8
BLACK
6
CONTINUOUS
10
0.4057480708661417
20
1.8575617716535433
11
0.4051768503937008
21
1.8576916929133858
0
LINE
8
BLACK
6
CONTINUOUS
10
0.4051768503937008
20
1.8576916929133858
11
0.3967404330708661
21
1.8605038582677165
0
LINE
8
BLACK
6
CONTINUOUS
10
0.3967404330708661
20
1.8605038582677165
11
0.3956833070866141
21
1.8609758267716534
0
LINE
8
BLACK
6
CONTINUOUS
10
0.3956833070866141
20
1.8609758267716534
11
0.395523031496063
21
1.8611147637795276
0
LINE
8
BLACK
6
CONTINUOUS
10
0.395523031496063
20
1.8611147637795276
11
0.395326968503937
21
1.8611960236220473
0
LINE
8
BLACK
6
CONTINUOUS
10
0.395326968503937
20
1.8611960236220473
11
0.3944320866141732
21
1.8619304724409449
0
LINE
8
BLACK
6
CONTINUOUS
10
0.3944320866141732
20
1.8619304724409449
11
0.3916199606299213
21
1.8647425984251969
0
LINE
8
BLACK
6
CONTINUOUS
10
0.3916199606299213
20
1.8647425984251969
11
0.3908855118110236
21
1.8656375196850394
0
LINE
8
BLACK
6
CONTINUOUS
10
0.3908855118110236
20
1.8656375196850394
11
0.3900037401574803
21
1.867766338582677
0
LINE
8
BLACK
6
CONTINUOUS
10
0.3900037401574803
20
1.867766338582677
11
0.3900037401574803
21
1.8700705118110237
0
LINE
8
BLACK
6
CONTINUOUS
10
0.3900037401574803
20
1.8700705118110237
11
0.3908855118110236
21
1.8721993307086613
0
LINE
8
BLACK
6
CONTINUOUS
10
0.3908855118110236
20
1.8721993307086613
11
0.3925148818897637
21
1.8738287007874015
0
LINE
8
BLACK
6
CONTINUOUS
10
0.3925148818897637
20
1.8738287007874015
11
0.3946437007874016
21
1.8747104724409449
0
LINE
8
BLACK
6
CONTINUOUS
10
0.3946437007874016
20
1.8747104724409449
11
0.396947874015748
21
1.8747104724409449
0
LINE
8
BLACK
6
CONTINUOUS
10
0.396947874015748
20
1.8747104724409449
11
0.3990766929133858
21
1.8738287007874015
0
LINE
8
BLACK
6
CONTINUOUS
10
0.3990766929133858
20
1.8738287007874015
11
0.3999716141732284
21
1.8730942519685039
0
LINE
8
BLACK
6
CONTINUOUS
10
0.3999716141732284
20
1.8730942519685039
11
0.4017979527559055
21
1.871267874015748
0
LINE
8
BLACK
6
CONTINUOUS
10
0.4017979527559055
20
1.871267874015748
11
0.4080027559055118
21
1.8691996456692912
0
LINE
8
BLACK
6
CONTINUOUS
10
0.4080027559055118
20
1.8691996456692912
11
0.4117103937007874
21
1.8691996456692912
0
LINE
8
BLACK
6
CONTINUOUS
10
0.4117103937007874
20
1.8691996456692912
11
0.4179150393700787
21
1.871267874015748
0
LINE
8
BLACK
6
CONTINUOUS
10
0.4179150393700787
20
1.871267874015748
11
0.4218759448818897
21
1.8752287795275591
0
LINE
8
BLACK
6
CONTINUOUS
10
0.4218759448818897
20
1.8752287795275591
11
0.4239696062992126
21
1.8794161417322834
0
LINE
8
BLACK
6
CONTINUOUS
10
0.4239696062992126
20
1.8794161417322834
11
0.4264481889763779
21
1.8893303543307087
0
LINE
8
BLACK
6
CONTINUOUS
10
0.4264481889763779
20
1.8893303543307087
11
0.4264481889763779
21
1.8963129921259843
0
LINE
8
BLACK
6
CONTINUOUS
10
0.4264481889763779
20
1.8963129921259843
11
0.4239696062992126
21
1.9062272047244093
0
LINE
8
BLACK
6
CONTINUOUS
10
0.4239696062992126
20
1.9062272047244093
11
0.4218759448818897
21
1.9104145669291339
0
LINE
8
BLACK
6
CONTINUOUS
10
0.4218759448818897
20
1.9104145669291339
11
0.4179150393700787
21
1.9143754724409447
0
LINE
8
BLACK
6
CONTINUOUS
10
0.4179150393700787
20
1.9143754724409447
11
0.4117103937007874
21
1.9164437401574803
0
LINE
8
BLACK
6
CONTINUOUS
10
0.4117103937007874
20
1.9164437401574803
11
0.4080027559055118
21
1.9164437401574803
0
LINE
8
BLACK
6
CONTINUOUS
10
0.4080027559055118
20
1.9164437401574803
11
0.4017979527559055
21
1.9143754724409447
0
LINE
8
BLACK
6
CONTINUOUS
10
0.4017979527559055
20
1.9143754724409447
11
0.3999716141732284
21
1.9125491338582676
0
LINE
8
BLACK
6
CONTINUOUS
10
0.3999716141732284
20
1.9125491338582676
11
0.3990766929133858
21
1.91181468503937
0
LINE
8
BLACK
6
CONTINUOUS
10
0.3990766929133858
20
1.91181468503937
11
0.396947874015748
21
1.9109329133858268
0
LINE
8
BLACK
6
CONTINUOUS
10
0.396947874015748
20
1.9109329133858268
11
0.3946437007874016
21
1.9109329133858268
0
LINE
8
BLACK
6
CONTINUOUS
10
0.3946437007874016
20
1.9109329133858268
11
0.3925148818897637
21
1.91181468503937
0
LINE
8
BLACK
6
CONTINUOUS
10
0.3925148818897637
20
1.91181468503937
11
0.3908855118110236
21
1.9134440551181102
0
LINE
8
BLACK
6
CONTINUOUS
10
0.3908855118110236
20
1.9134440551181102
11
0.3900037401574803
21
1.9155728740157481
0
LINE
8
BLACK
6
CONTINUOUS
10
0.3900037401574803
20
1.9155728740157481
11
0.3900037401574803
21
1.9178770472440945
0
LINE
8
BLACK
6
CONTINUOUS
10
0.3900037401574803
20
1.9178770472440945
11
0.3908855118110236
21
1.9200058661417323
0
LINE
8
BLACK
6
CONTINUOUS
10
0.3908855118110236
20
1.9200058661417323
11
0.3916199606299213
21
1.9209007874015747
0
LINE
8
BLACK
6
CONTINUOUS
10
0.3916199606299213
20
1.9209007874015747
11
0.3944320866141732
21
1.9237129133858266
0
LINE
8
BLACK
6
CONTINUOUS
10
0.3944320866141732
20
1.9237129133858266
11
0.395326968503937
21
1.9244473622047245
0
LINE
8
BLACK
6
CONTINUOUS
10
0.395326968503937
20
1.9244473622047245
11
0.395523031496063
21
1.9245285826771652
0
LINE
8
BLACK
6
CONTINUOUS
10
0.395523031496063
20
1.9245285826771652
11
0.3956833070866141
21
1.9246675590551181
0
LINE
8
BLACK
6
CONTINUOUS
10
0.3956833070866141
20
1.9246675590551181
11
0.3967404330708661
21
1.925139527559055
0
LINE
8
BLACK
6
CONTINUOUS
10
0.3967404330708661
20
1.925139527559055
11
0.4051768503937008
21
1.9279516929133858
0
LINE
8
BLACK
6
CONTINUOUS
10
0.4051768503937008
20
1.9279516929133858
11
0.4057480708661417
21
1.9280815748031495
0
LINE
8
BLACK
6
CONTINUOUS
10
0.4057480708661417
20
1.9280815748031495
11
0.4058922440944882
21
1.9281412992125984
0
LINE
8
BLACK
6
CONTINUOUS
10
0.4058922440944882
20
1.9281412992125984
11
0.406101220472441
21
1.9281618503937008
0
LINE
8
BLACK
6
CONTINUOUS
10
0.406101220472441
20
1.9281618503937008
11
0.4063057480314961
21
1.9282083858267716
0
LINE
8
BLACK
6
CONTINUOUS
10
0.4063057480314961
20
1.9282083858267716
11
0.4064612204724409
21
1.9281973228346456
0
LINE
8
BLACK
6
CONTINUOUS
10
0.4064612204724409
20
1.9281973228346456
11
0.4070443700787402
21
1.9282547637795275
0
LINE
8
BLACK
6
CONTINUOUS
10
0.4070443700787402
20
1.9282547637795275
11
0.4126686614173228
21
1.9282547637795275
0
LINE
8
BLACK
6
CONTINUOUS
10
0.4126686614173228
20
1.9282547637795275
11
0.4132517716535433
21
1.9281973228346456
0
LINE
8
BLACK
6
CONTINUOUS
10
0.51787031496063
20
1.9281412992125984
11
0.5199991338582677
21
1.9272594881889764
0
LINE
8
BLACK
6
CONTINUOUS
10
0.5199991338582677
20
1.9272594881889764
11
0.5216284251968504
21
1.9256301968503937
0
LINE
8
BLACK
6
CONTINUOUS
10
0.5216284251968504
20
1.9256301968503937
11
0.5225102362204724
21
1.9235013779527559
0
LINE
8
BLACK
6
CONTINUOUS
10
0.5225102362204724
20
1.9235013779527559
11
0.5226237007874016
21
1.9223492519685039
0
LINE
8
BLACK
6
CONTINUOUS
10
0.5226237007874016
20
1.9223492519685039
11
0.5226237007874016
21
1.8632941338582676
0
LINE
8
BLACK
6
CONTINUOUS
10
0.5226237007874016
20
1.8632941338582676
11
0.5225102362204724
21
1.8621420472440944
0
LINE
8
BLACK
6
CONTINUOUS
10
0.5225102362204724
20
1.8621420472440944
11
0.5225102362204724
21
1.8621420078740156
0
LINE
8
BLACK
6
CONTINUOUS
10
0.5225102362204724
20
1.8621420078740156
11
0.5216284251968504
21
1.860013188976378
0
LINE
8
BLACK
6
CONTINUOUS
10
0.5216284251968504
20
1.860013188976378
11
0.5199991338582677
21
1.8583838976377953
0
LINE
8
BLACK
6
CONTINUOUS
10
0.5199991338582677
20
1.8583838976377953
11
0.51787031496063
21
1.8575020866141732
0
LINE
8
BLACK
6
CONTINUOUS
10
0.51787031496063
20
1.8575020866141732
11
0.5167181889763779
21
1.857388622047244
0
LINE
8
BLACK
6
CONTINUOUS
10
0.5167181889763779
20
1.857388622047244
11
0.4942209842519685
21
1.857388622047244
0
LINE
8
BLACK
6
CONTINUOUS
10
0.4942209842519685
20
1.857388622047244
11
0.4930688582677165
21
1.8575020866141732
0
LINE
8
BLACK
6
CONTINUOUS
10
0.4930688582677165
20
1.8575020866141732
11
0.4928727559055118
21
1.8575833070866141
0
LINE
8
BLACK
6
CONTINUOUS
10
0.4928727559055118
20
1.8575833070866141
11
0.4926611811023622
21
1.857598346456693
0
LINE
8
BLACK
6
CONTINUOUS
10
0.4926611811023622
20
1.857598346456693
11
0.4915799212598425
21
1.8580120866141732
0
LINE
8
BLACK
6
CONTINUOUS
10
0.4915799212598425
20
1.8580120866141732
11
0.4859556692913386
21
1.8608242519685039
0
LINE
8
BLACK
6
CONTINUOUS
10
0.4859556692913386
20
1.8608242519685039
11
0.485459842519685
21
1.8611363385826771
0
LINE
8
BLACK
6
CONTINUOUS
10
0.485459842519685
20
1.8611363385826771
11
0.4853157874015748
21
1.8611960236220473
0
LINE
8
BLACK
6
CONTINUOUS
10
0.4853157874015748
20
1.8611960236220473
11
0.4851535433070866
21
1.8613291338582676
0
LINE
8
BLACK
6
CONTINUOUS
10
0.4851535433070866
20
1.8613291338582676
11
0.484975905511811
21
1.8614409842519684
0
LINE
8
BLACK
6
CONTINUOUS
10
0.484975905511811
20
1.8614409842519684
11
0.4848736614173228
21
1.8615588188976377
0
LINE
8
BLACK
6
CONTINUOUS
10
0.4848736614173228
20
1.8615588188976377
11
0.484420905511811
21
1.8619304330708661
0
LINE
8
BLACK
6
CONTINUOUS
10
0.484420905511811
20
1.8619304330708661
11
0.4816087401574803
21
1.8647425590551181
0
LINE
8
BLACK
6
CONTINUOUS
10
0.4816087401574803
20
1.8647425590551181
11
0.4812370866141732
21
1.8651953937007875
0
LINE
8
BLACK
6
CONTINUOUS
10
0.4812370866141732
20
1.8651953937007875
11
0.4811192125984252
21
1.8652976377952755
0
LINE
8
BLACK
6
CONTINUOUS
10
0.4811192125984252
20
1.8652976377952755
11
0.4810073228346456
21
1.8654753543307085
0
LINE
8
BLACK
6
CONTINUOUS
10
0.4810073228346456
20
1.8654753543307085
11
0.4808742913385827
21
1.8656374803149607
0
LINE
8
BLACK
6
CONTINUOUS
10
0.4808742913385827
20
1.8656374803149607
11
0.4808146062992126
21
1.8657814960629922
0
LINE
8
BLACK
6
CONTINUOUS
10
0.4808146062992126
20
1.8657814960629922
11
0.4805024803149606
21
1.8662774015748032
0
LINE
8
BLACK
6
CONTINUOUS
10
0.4805024803149606
20
1.8662774015748032
11
0.4776903543307087
21
1.8719016929133858
0
LINE
8
BLACK
6
CONTINUOUS
10
0.4776903543307087
20
1.8719016929133858
11
0.4772765748031496
21
1.8729829527559054
0
LINE
8
BLACK
6
CONTINUOUS
10
0.4772765748031496
20
1.8729829527559054
11
0.4772615354330709
21
1.8731945669291339
0
LINE
8
BLACK
6
CONTINUOUS
10
0.4772615354330709
20
1.8731945669291339
11
0.4771803543307087
21
1.873390590551181
0
LINE
8
BLACK
6
CONTINUOUS
10
0.4771803543307087
20
1.873390590551181
11
0.4770668897637795
21
1.8745427165354329
0
LINE
8
BLACK
6
CONTINUOUS
10
0.4770668897637795
20
1.8745427165354329
11
0.4770668897637795
21
1.8829791732283465
0
LINE
8
BLACK
6
CONTINUOUS
10
0.4770668897637795
20
1.8829791732283465
11
0.4771803543307087
21
1.8841312992125985
0
LINE
8
BLACK
6
CONTINUOUS
10
0.4771803543307087
20
1.8841312992125985
11
0.4772615354330709
21
1.8843272834645668
0
LINE
8
BLACK
6
CONTINUOUS
10
0.4772615354330709
20
1.8843272834645668
11
0.4772765748031496
21
1.884538937007874
0
LINE
8
BLACK
6
CONTINUOUS
10
0.4772765748031496
20
1.884538937007874
11
0.4776903543307087
21
1.8856201968503936
0
LINE
8
BLACK
6
CONTINUOUS
10
0.4776903543307087
20
1.8856201968503936
11
0.4805024803149606
21
1.8912444881889763
0
LINE
8
BLACK
6
CONTINUOUS
10
0.4805024803149606
20
1.8912444881889763
11
0.4808145669291338
21
1.8917402755905512
0
LINE
8
BLACK
6
CONTINUOUS
10
0.4808145669291338
20
1.8917402755905512
11
0.4808742519685039
21
1.8918843700787402
0
LINE
8
BLACK
6
CONTINUOUS
10
0.4808742519685039
20
1.8918843700787402
11
0.4810073622047244
21
1.8920465354330709
0
LINE
8
BLACK
6
CONTINUOUS
10
0.4810073622047244
20
1.8920465354330709
11
0.4811192125984252
21
1.892224251968504
0
LINE
8
BLACK
6
CONTINUOUS
10
0.4811192125984252
20
1.892224251968504
11
0.4812370472440945
21
1.8923264566929134
0
LINE
8
BLACK
6
CONTINUOUS
10
0.4812370472440945
20
1.8923264566929134
11
0.4816087007874016
21
1.8927792913385826
0
LINE
8
BLACK
6
CONTINUOUS
10
0.4816087007874016
20
1.8927792913385826
11
0.4844208661417323
21
1.8955914566929133
0
LINE
8
BLACK
6
CONTINUOUS
10
0.4844208661417323
20
1.8955914566929133
11
0.4844674015748031
21
1.8956296456692914
0
LINE
8
BLACK
6
CONTINUOUS
10
0.4844674015748031
20
1.8956296456692914
11
0.484420905511811
21
1.8956761811023621
0
LINE
8
BLACK
6
CONTINUOUS
10
0.484420905511811
20
1.8956761811023621
11
0.4840492519685039
21
1.8961290157480315
0
LINE
8
BLACK
6
CONTINUOUS
10
0.4840492519685039
20
1.8961290157480315
11
0.4839313779527559
21
1.8962312598425197
0
LINE
8
BLACK
6
CONTINUOUS
10
0.4839313779527559
20
1.8962312598425197
11
0.4838194881889764
21
1.8964089763779528
0
LINE
8
BLACK
6
CONTINUOUS
10
0.4838194881889764
20
1.8964089763779528
11
0.4836864566929134
21
1.8965711023622047
0
LINE
8
BLACK
6
CONTINUOUS
10
0.4836864566929134
20
1.8965711023622047
11
0.4836267716535433
21
1.8967151181102362
0
LINE
8
BLACK
6
CONTINUOUS
10
0.4836267716535433
20
1.8967151181102362
11
0.4833146456692913
21
1.8972110236220472
0
LINE
8
BLACK
6
CONTINUOUS
10
0.4833146456692913
20
1.8972110236220472
11
0.4805024803149606
21
1.9028353543307086
0
LINE
8
BLACK
6
CONTINUOUS
10
0.4805024803149606
20
1.9028353543307086
11
0.4800887007874016
21
1.9039165748031495
0
LINE
8
BLACK
6
CONTINUOUS
10
0.4800887007874016
20
1.9039165748031495
11
0.4800736220472441
21
1.9041282677165354
0
LINE
8
BLACK
6
CONTINUOUS
10
0.4800736220472441
20
1.9041282677165354
11
0.4799924803149606
21
1.904324251968504
0
LINE
8
BLACK
6
CONTINUOUS
10
0.4799924803149606
20
1.904324251968504
11
0.4798790157480315
21
1.9054763779527559
0
LINE
8
BLACK
6
CONTINUOUS
10
0.4798790157480315
20
1.9054763779527559
11
0.4798790157480315
21
1.9111006692913386
0
LINE
8
BLACK
6
CONTINUOUS
10
0.4798790157480315
20
1.9111006692913386
11
0.4799924803149606
21
1.9122527952755906
0
LINE
8
BLACK
6
CONTINUOUS
10
0.4799924803149606
20
1.9122527952755906
11
0.4800737007874016
21
1.9124488582677166
0
LINE
8
BLACK
6
CONTINUOUS
10
0.4800737007874016
20
1.9124488582677166
11
0.4800887401574803
21
1.9126604724409448
0
LINE
8
BLACK
6
CONTINUOUS
10
0.4800887401574803
20
1.9126604724409448
11
0.4805024803149606
21
1.9137416929133857
0
LINE
8
BLACK
6
CONTINUOUS
10
0.4805024803149606
20
1.9137416929133857
11
0.4833146456692913
21
1.9193659842519684
0
LINE
8
BLACK
6
CONTINUOUS
10
0.4833146456692913
20
1.9193659842519684
11
0.4836267716535433
21
1.9198618503937008
0
LINE
8
BLACK
6
CONTINUOUS
10
0.4836267716535433
20
1.9198618503937008
11
0.4836864566929134
21
1.9200059055118111
0
LINE
8
BLACK
6
CONTINUOUS
10
0.4836864566929134
20
1.9200059055118111
11
0.4838194881889764
21
1.9201679921259842
0
LINE
8
BLACK
6
CONTINUOUS
10
0.4838194881889764
20
1.9201679921259842
11
0.4839313779527559
21
1.920345748031496
0
LINE
8
BLACK
6
CONTINUOUS
10
0.4839313779527559
20
1.920345748031496
11
0.4840492519685039
21
1.9204479527559055
0
LINE
8
BLACK
6
CONTINUOUS
10
0.4840492519685039
20
1.9204479527559055
11
0.484420905511811
21
1.9209008267716534
0
LINE
8
BLACK
6
CONTINUOUS
10
0.484420905511811
20
1.9209008267716534
11
0.4872330708661417
21
1.9237129527559054
0
LINE
8
BLACK
6
CONTINUOUS
10
0.4872330708661417
20
1.9237129527559054
11
0.4876858267716535
21
1.924084527559055
0
LINE
8
BLACK
6
CONTINUOUS
10
0.4876858267716535
20
1.924084527559055
11
0.4877880708661417
21
1.9242024015748032
0
LINE
8
BLACK
6
CONTINUOUS
10
0.4877880708661417
20
1.9242024015748032
11
0.4879657086614173
21
1.9243142125984252
0
LINE
8
BLACK
6
CONTINUOUS
10
0.4879657086614173
20
1.9243142125984252
11
0.4881279527559055
21
1.9244473622047245
0
LINE
8
BLACK
6
CONTINUOUS
10
0.4881279527559055
20
1.9244473622047245
11
0.4882720078740158
21
1.9245070078740156
0
LINE
8
BLACK
6
CONTINUOUS
10
0.4882720078740158
20
1.9245070078740156
11
0.4887678346456693
21
1.9248191338582676
0
LINE
8
BLACK
6
CONTINUOUS
10
0.4887678346456693
20
1.9248191338582676
11
0.4943920866141732
21
1.9276312992125983
0
LINE
8
BLACK
6
CONTINUOUS
10
0.4943920866141732
20
1.9276312992125983
11
0.4954733464566929
21
1.9280450393700788
0
LINE
8
BLACK
6
CONTINUOUS
10
0.4954733464566929
20
1.9280450393700788
11
0.4956849212598425
21
1.9280600393700786
0
LINE
8
BLACK
6
CONTINUOUS
10
0.4956849212598425
20
1.9280600393700786
11
0.4958810236220472
21
1.9281412992125984
0
LINE
8
BLACK
6
CONTINUOUS
10
0.4958810236220472
20
1.9281412992125984
11
0.4970331496062992
21
1.9282547637795275
0
LINE
8
BLACK
6
CONTINUOUS
10
0.4970331496062992
20
1.9282547637795275
11
0.5167181889763779
21
1.9282547637795275
0
LINE
8
BLACK
6
CONTINUOUS
10
0.5167181889763779
20
1.9282547637795275
11
0.51787031496063
21
1.9281412992125984
0
LINE
8
BLACK
6
CONTINUOUS
10
0.4917866929133858
20
1.8862539763779527
11
0.4906379527559055
21
1.8851052362204723
0
LINE
8
BLACK
6
CONTINUOUS
10
0.4906379527559055
20
1.8851052362204723
11
0.4888779133858268
21
1.8815850787401573
0
LINE
8
BLACK
6
CONTINUOUS
10
0.4888779133858268
20
1.8815850787401573
11
0.4888779133858268
21
1.8759367716535433
0
LINE
8
BLACK
6
CONTINUOUS
10
0.4888779133858268
20
1.8759367716535433
11
0.4906379527559055
21
1.8724166535433071
0
LINE
8
BLACK
6
CONTINUOUS
10
0.4906379527559055
20
1.8724166535433071
11
0.492094842519685
21
1.8709597637795274
0
LINE
8
BLACK
6
CONTINUOUS
10
0.492094842519685
20
1.8709597637795274
11
0.4956150787401575
21
1.8691996456692912
0
LINE
8
BLACK
6
CONTINUOUS
10
0.4956150787401575
20
1.8691996456692912
11
0.5108126771653543
21
1.8691996456692912
0
LINE
8
BLACK
6
CONTINUOUS
10
0.5108126771653543
20
1.8691996456692912
11
0.5108126771653543
21
1.8883222440944882
0
LINE
8
BLACK
6
CONTINUOUS
10
0.5108126771653543
20
1.8883222440944882
11
0.4979915354330708
21
1.8883222440944882
0
LINE
8
BLACK
6
CONTINUOUS
10
0.4979915354330708
20
1.8883222440944882
11
0.4917866929133858
21
1.8862539763779527
0
LINE
8
BLACK
6
CONTINUOUS
10
0.4949070078740158
20
1.9146835826771653
11
0.493450157480315
21
1.9132267716535432
0
LINE
8
BLACK
6
CONTINUOUS
10
0.493450157480315
20
1.9132267716535432
11
0.4916900393700787
21
1.9097065354330709
0
LINE
8
BLACK
6
CONTINUOUS
10
0.4916900393700787
20
1.9097065354330709
11
0.4916900393700787
21
1.9068704724409449
0
LINE
8
BLACK
6
CONTINUOUS
10
0.4916900393700787
20
1.9068704724409449
11
0.4934501181102362
21
1.9033502362204724
0
LINE
8
BLACK
6
CONTINUOUS
10
0.4934501181102362
20
1.9033502362204724
11
0.4949070078740158
21
1.9018933858267717
0
LINE
8
BLACK
6
CONTINUOUS
10
0.4949070078740158
20
1.9018933858267717
11
0.4984272440944882
21
1.9001332677165355
0
LINE
8
BLACK
6
CONTINUOUS
10
0.4984272440944882
20
1.9001332677165355
11
0.5108126771653543
21
1.9001332677165355
0
LINE
8
BLACK
6
CONTINUOUS
10
0.5108126771653543
20
1.9001332677165355
11
0.5108126771653543
21
1.9164437401574803
0
LINE
8
BLACK
6
CONTINUOUS
10
0.5108126771653543
20
1.9164437401574803
11
0.4984272440944882
21
1.9164437401574803
0
LINE
8
BLACK
6
CONTINUOUS
10
0.4984272440944882
20
1.9164437401574803
11
0.4949070078740158
21
1.9146835826771653
0
LINE
8
BLACK
6
CONTINUOUS
10
0.5572272440944882
20
1.9280749212598425
11
0.5576480708661418
21
1.9280450393700788
0
LINE
8
BLACK
6
CONTINUOUS
10
0.5576480708661418
20
1.9280450393700788
11
0.5583103149606299
21
1.9277138976377952
0
LINE
8
BLACK
6
CONTINUOUS
10
0.5583103149606299
20
1.9277138976377952
11
0.5590128346456693
21
1.9274797244094488
0
LINE
8
BLACK
6
CONTINUOUS
10
0.5590128346456693
20
1.9274797244094488
11
0.5593315748031495
21
1.9272032283464566
0
LINE
8
BLACK
6
CONTINUOUS
10
0.5593315748031495
20
1.9272032283464566
11
0.5597089763779527
21
1.9270145669291339
0
LINE
8
BLACK
6
CONTINUOUS
10
0.5597089763779527
20
1.9270145669291339
11
0.5601941338582677
21
1.9264551574803148
0
LINE
8
BLACK
6
CONTINUOUS
10
0.5601941338582677
20
1.9264551574803148
11
0.5607535433070866
21
1.92597
0
LINE
8
BLACK
6
CONTINUOUS
10
0.5607535433070866
20
1.92597
11
0.5609422047244095
21
1.9255925984251967
0
LINE
8
BLACK
6
CONTINUOUS
10
0.5609422047244095
20
1.9255925984251967
11
0.5612187007874015
21
1.9252738582677165
0
LINE
8
BLACK
6
CONTINUOUS
10
0.5612187007874015
20
1.9252738582677165
11
0.5616906692913386
21
1.9242167322834645
0
LINE
8
BLACK
6
CONTINUOUS
10
0.5616906692913386
20
1.9242167322834645
11
0.5813757480314961
21
1.8651616141732283
0
LINE
8
BLACK
6
CONTINUOUS
10
0.5813757480314961
20
1.8651616141732283
11
0.5814290157480315
21
1.8649271653543307
0
LINE
8
BLACK
6
CONTINUOUS
10
0.5814290157480315
20
1.8649271653543307
11
0.5821116535433071
21
1.8665750787401574
0
LINE
8
BLACK
6
CONTINUOUS
10
0.5821116535433071
20
1.8665750787401574
11
0.5837409448818898
21
1.8682043700787401
0
LINE
8
BLACK
6
CONTINUOUS
10
0.5837409448818898
20
1.8682043700787401
11
0.5858697637795276
21
1.8690861811023622
0
LINE
8
BLACK
6
CONTINUOUS
10
0.5858697637795276
20
1.8690861811023622
11
0.5870218897637796
21
1.8691996456692912
0
LINE
8
BLACK
6
CONTINUOUS
10
0.5870218897637796
20
1.8691996456692912
11
0.609237874015748
21
1.8691996456692912
0
LINE
8
BLACK
6
CONTINUOUS
10
0.609237874015748
20
1.8691996456692912
11
0.609237874015748
21
1.9223492519685039
0
LINE
8
BLACK
6
CONTINUOUS
10
0.609237874015748
20
1.9223492519685039
11
0.6093513385826772
21
1.9235013779527559
0
LINE
8
BLACK
6
CONTINUOUS
10
0.6093513385826772
20
1.9235013779527559
11
0.6102331496062992
21
1.9256301968503937
0
LINE
8
BLACK
6
CONTINUOUS
10
0.6102331496062992
20
1.9256301968503937
11
0.6118624409448818
21
1.9272594881889764
0
LINE
8
BLACK
6
CONTINUOUS
10
0.6118624409448818
20
1.9272594881889764
11
0.6139912598425197
21
1.9281412992125984
0
LINE
8
BLACK
6
CONTINUOUS
10
0.6139912598425197
20
1.9281412992125984
11
0.6162955118110236
21
1.9281412992125984
0
LINE
8
BLACK
6
CONTINUOUS
10
0.6162955118110236
20
1.9281412992125984
11
0.6184243307086614
21
1.9272594881889764
0
LINE
8
BLACK
6
CONTINUOUS
10
0.6184243307086614
20
1.9272594881889764
11
0.6200536220472441
21
1.9256301968503937
0
LINE
8
BLACK
6
CONTINUOUS
10
0.6200536220472441
20
1.9256301968503937
11
0.6209354330708662
21
1.9235013779527559
0
LINE
8
BLACK
6
CONTINUOUS
10
0.6209354330708662
20
1.9235013779527559
11
0.6210488976377952
21
1.9223492519685039
0
LINE
8
BLACK
6
CONTINUOUS
10
0.6210488976377952
20
1.9223492519685039
11
0.6210488976377952
21
1.8632941338582676
0
LINE
8
BLACK
6
CONTINUOUS
10
0.6210488976377952
20
1.8632941338582676
11
0.6209354330708662
21
1.8621420472440944
0
LINE
8
BLACK
6
CONTINUOUS
10
0.6209354330708662
20
1.8621420472440944
11
0.6209354330708662
21
1.8621420078740156
0
LINE
8
BLACK
6
CONTINUOUS
10
0.6209354330708662
20
1.8621420078740156
11
0.6200536220472441
21
1.860013188976378
0
LINE
8
BLACK
6
CONTINUOUS
10
0.6200536220472441
20
1.860013188976378
11
0.6184243307086614
21
1.8583838976377953
0
LINE
8
BLACK
6
CONTINUOUS
10
0.6184243307086614
20
1.8583838976377953
11
0.6162955118110236
21
1.8575020866141732
0
LINE
8
BLACK
6
CONTINUOUS
10
0.6162955118110236
20
1.8575020866141732
11
0.6151433858267716
21
1.857388622047244
0
LINE
8
BLACK
6
CONTINUOUS
10
0.6151433858267716
20
1.857388622047244
11
0.5870218897637796
21
1.857388622047244
0
LINE
8
BLACK
6
CONTINUOUS
10
0.5870218897637796
20
1.857388622047244
11
0.5858697637795276
21
1.8575020866141732
0
LINE
8
BLACK
6
CONTINUOUS
10
0.5858697637795276
20
1.8575020866141732
11
0.5837409448818898
21
1.8583838976377953
0
LINE
8
BLACK
6
CONTINUOUS
10
0.5837409448818898
20
1.8583838976377953
11
0.5821116535433071
21
1.860013188976378
0
LINE
8
BLACK
6
CONTINUOUS
10
0.5821116535433071
20
1.860013188976378
11
0.5814305905511811
21
1.8616573622047243
0
LINE
8
BLACK
6
CONTINUOUS
10
0.5814305905511811
20
1.8616573622047243
11
0.5804385826771653
21
1.8596733858267716
0
LINE
8
BLACK
6
CONTINUOUS
10
0.5804385826771653
20
1.8596733858267716
11
0.578697874015748
21
1.8581636614173227
0
LINE
8
BLACK
6
CONTINUOUS
10
0.578697874015748
20
1.8581636614173227
11
0.5765118897637795
21
1.8574349606299212
0
LINE
8
BLACK
6
CONTINUOUS
10
0.5765118897637795
20
1.8574349606299212
11
0.5742134645669291
21
1.857598346456693
0
LINE
8
BLACK
6
CONTINUOUS
10
0.5742134645669291
20
1.857598346456693
11
0.5721525196850393
21
1.8586287795275591
0
LINE
8
BLACK
6
CONTINUOUS
10
0.5721525196850393
20
1.8586287795275591
11
0.5706427952755906
21
1.860369527559055
0
LINE
8
BLACK
6
CONTINUOUS
10
0.5706427952755906
20
1.860369527559055
11
0.5701708267716535
21
1.8614266535433071
0
LINE
8
BLACK
6
CONTINUOUS
10
0.5701708267716535
20
1.8614266535433071
11
0.5658925590551181
21
1.8742614960629922
0
LINE
8
BLACK
6
CONTINUOUS
10
0.5658925590551181
20
1.8742614960629922
11
0.546283937007874
21
1.8742614960629922
0
LINE
8
BLACK
6
CONTINUOUS
10
0.546283937007874
20
1.8742614960629922
11
0.5420056299212598
21
1.8614266535433071
0
LINE
8
BLACK
6
CONTINUOUS
10
0.5420056299212598
20
1.8614266535433071
11
0.5415336614173228
21
1.860369527559055
0
LINE
8
BLACK
6
CONTINUOUS
10
0.5415336614173228
20
1.860369527559055
11
0.540023937007874
21
1.8586288188976376
0
LINE
8
BLACK
6
CONTINUOUS
10
0.540023937007874
20
1.8586288188976376
11
0.5379630314960629
21
1.857598346456693
0
LINE
8
BLACK
6
CONTINUOUS
10
0.5379630314960629
20
1.857598346456693
11
0.5356645669291339
21
1.8574349999999999
0
LINE
8
BLACK
6
CONTINUOUS
10
0.5356645669291339
20
1.8574349999999999
11
0.5334785826771653
21
1.8581636614173227
0
LINE
8
BLACK
6
CONTINUOUS
10
0.5334785826771653
20
1.8581636614173227
11
0.531737874015748
21
1.8596733858267716
0
LINE
8
BLACK
6
CONTINUOUS
10
0.531737874015748
20
1.8596733858267716
11
0.5307074015748031
21
1.8617342913385826
0
LINE
8
BLACK
6
CONTINUOUS
10
0.5307074015748031
20
1.8617342913385826
11
0.5305440551181102
21
1.8640327559055119
0
LINE
8
BLACK
6
CONTINUOUS
10
0.5305440551181102
20
1.8640327559055119
11
0.530800748031496
21
1.8651616141732283
0
LINE
8
BLACK
6
CONTINUOUS
10
0.530800748031496
20
1.8651616141732283
11
0.5504857874015748
21
1.9242167322834645
0
LINE
8
BLACK
6
CONTINUOUS
10
0.5504857874015748
20
1.9242167322834645
11
0.5509577559055118
21
1.9252738582677165
0
LINE
8
BLACK
6
CONTINUOUS
10
0.5509577559055118
20
1.9252738582677165
11
0.5512342125984252
21
1.9255926377952755
0
LINE
8
BLACK
6
CONTINUOUS
10
0.5512342125984252
20
1.9255926377952755
11
0.5514229133858267
21
1.92597
0
LINE
8
BLACK
6
CONTINUOUS
10
0.5514229133858267
20
1.92597
11
0.5519822047244094
21
1.9264550787401575
0
LINE
8
BLACK
6
CONTINUOUS
10
0.5519822047244094
20
1.9264550787401575
11
0.5524674803149606
21
1.9270146062992126
0
LINE
8
BLACK
6
CONTINUOUS
10
0.5524674803149606
20
1.9270146062992126
11
0.5528449212598425
21
1.9272033070866141
0
LINE
8
BLACK
6
CONTINUOUS
10
0.5528449212598425
20
1.9272033070866141
11
0.5531636220472441
21
1.9274797244094488
0
LINE
8
BLACK
6
CONTINUOUS
10
0.5531636220472441
20
1.9274797244094488
11
0.5538660629921259
21
1.9277138582677165
0
LINE
8
BLACK
6
CONTINUOUS
10
0.5538660629921259
20
1.9277138582677165
11
0.5545284251968504
21
1.9280450393700788
0
LINE
8
BLACK
6
CONTINUOUS
10
0.5545284251968504
20
1.9280450393700788
11
0.5549492913385826
21
1.9280749212598425
0
LINE
8
BLACK
6
CONTINUOUS
10
0.5549492913385826
20
1.9280749212598425
11
0.5553496062992126
21
1.9282083858267716
0
LINE
8
BLACK
6
CONTINUOUS
10
0.5553496062992126
20
1.9282083858267716
11
0.556088031496063
21
1.9281559055118109
0
LINE
8
BLACK
6
CONTINUOUS
10
0.556088031496063
20
1.9281559055118109
11
0.5568268503937007
21
1.9282084251968503
0
LINE
8
BLACK
6
CONTINUOUS
10
0.5568268503937007
20
1.9282084251968503
11
0.5572272440944882
21
1.9280749212598425
0
LINE
8
BLACK
6
CONTINUOUS
10
0.5502209448818898
20
1.8860725196850394
11
0.5619555511811023
21
1.8860725196850394
0
LINE
8
BLACK
6
CONTINUOUS
10
0.5619555511811023
20
1.8860725196850394
11
0.5560882283464567
21
1.9036743700787402
0
LINE
8
BLACK
6
CONTINUOUS
10
0.5560882283464567
20
1.9036743700787402
11
0.5502209448818898
21
1.8860725196850394
0
LINE
8
BLACK
6
CONTINUOUS
10
0.459696968503937
20
1.8743451968503937
11
0.4609439763779528
21
1.8738287007874015
0
LINE
8
BLACK
6
CONTINUOUS
10
0.4609439763779528
20
1.8738287007874015
11
0.4618388976377953
21
1.8730942519685039
0
LINE
8
BLACK
6
CONTINUOUS
10
0.4618388976377953
20
1.8730942519685039
11
0.4646510236220472
21
1.8702821259842519
0
LINE
8
BLACK
6
CONTINUOUS
10
0.4646510236220472
20
1.8702821259842519
11
0.4653854724409449
21
1.8693872440944881
0
LINE
8
BLACK
6
CONTINUOUS
10
0.4653854724409449
20
1.8693872440944881
11
0.4657841732283464
21
1.8684246062992125
0
LINE
8
BLACK
6
CONTINUOUS
10
0.4657841732283464
20
1.8684246062992125
11
0.4662672047244094
21
1.8672584251968503
0
LINE
8
BLACK
6
CONTINUOUS
10
0.4662672047244094
20
1.8672584251968503
11
0.4662672440944882
21
1.8649542519685038
0
LINE
8
BLACK
6
CONTINUOUS
10
0.4662672440944882
20
1.8649542519685038
11
0.4653854724409449
21
1.8628253937007873
0
LINE
8
BLACK
6
CONTINUOUS
10
0.4653854724409449
20
1.8628253937007873
11
0.464651062992126
21
1.8619305118110236
0
LINE
8
BLACK
6
CONTINUOUS
10
0.464651062992126
20
1.8619305118110236
11
0.461838937007874
21
1.8591183464566929
0
LINE
8
BLACK
6
CONTINUOUS
10
0.461838937007874
20
1.8591183464566929
11
0.4609440157480315
21
1.8583838976377953
0
LINE
8
BLACK
6
CONTINUOUS
10
0.4609440157480315
20
1.8583838976377953
11
0.4609439763779528
21
1.8583838582677166
0
LINE
8
BLACK
6
CONTINUOUS
10
0.4609439763779528
20
1.8583838582677166
11
0.4600464173228346
21
1.8580120866141732
0
LINE
8
BLACK
6
CONTINUOUS
10
0.4600464173228346
20
1.8580120866141732
11
0.4588151968503937
21
1.8575020866141732
0
LINE
8
BLACK
6
CONTINUOUS
10
0.4588151968503937
20
1.8575020866141732
11
0.4565110236220472
21
1.8575020866141732
0
LINE
8
BLACK
6
CONTINUOUS
10
0.4565110236220472
20
1.8575020866141732
11
0.4565109842519685
21
1.8575020866141732
0
LINE
8
BLACK
6
CONTINUOUS
10
0.4565109842519685
20
1.8575020866141732
11
0.4565109448818898
21
1.8575020866141732
0
LINE
8
BLACK
6
CONTINUOUS
10
0.4565109448818898
20
1.8575020866141732
11
0.4552797244094488
21
1.8580120866141732
0
LINE
8
BLACK
6
CONTINUOUS
10
0.4552797244094488
20
1.8580120866141732
11
0.4543821653543307
21
1.8583838582677166
0
LINE
8
BLACK
6
CONTINUOUS
10
0.4543821653543307
20
1.8583838582677166
11
0.4534872440944882
21
1.8591183070866142
0
LINE
8
BLACK
6
CONTINUOUS
10
0.4534872440944882
20
1.8591183070866142
11
0.4506750787401575
21
1.8619304724409449
0
LINE
8
BLACK
6
CONTINUOUS
10
0.4506750787401575
20
1.8619304724409449
11
0.4499406299212598
21
1.8628253937007873
0
LINE
8
BLACK
6
CONTINUOUS
10
0.4499406299212598
20
1.8628253937007873
11
0.4490588582677165
21
1.8649542125984251
0
LINE
8
BLACK
6
CONTINUOUS
10
0.4490588582677165
20
1.8649542125984251
11
0.4490588582677165
21
1.8672583858267715
0
LINE
8
BLACK
6
CONTINUOUS
10
0.4490588582677165
20
1.8672583858267715
11
0.4491464960629921
21
1.8674699212598425
0
LINE
8
BLACK
6
CONTINUOUS
10
0.4491464960629921
20
1.8674699212598425
11
0.4495522834645669
21
1.8684496456692914
0
LINE
8
BLACK
6
CONTINUOUS
10
0.4495522834645669
20
1.8684496456692914
11
0.4499406299212598
21
1.8693872047244093
0
LINE
8
BLACK
6
CONTINUOUS
10
0.4499406299212598
20
1.8693872047244093
11
0.4499406692913386
21
1.8693872440944881
0
LINE
8
BLACK
6
CONTINUOUS
10
0.4499406692913386
20
1.8693872440944881
11
0.4506751181102362
21
1.8702821653543307
0
LINE
8
BLACK
6
CONTINUOUS
10
0.4506751181102362
20
1.8702821653543307
11
0.4534872834645669
21
1.8730942913385826
0
LINE
8
BLACK
6
CONTINUOUS
10
0.4534872834645669
20
1.8730942913385826
11
0.4543821653543307
21
1.8738287007874015
0
LINE
8
BLACK
6
CONTINUOUS
10
0.4543821653543307
20
1.8738287007874015
11
0.4554270472440945
21
1.8742614960629922
0
LINE
8
BLACK
6
CONTINUOUS
10
0.4554270472440945
20
1.8742614960629922
11
0.4556291732283465
21
1.8743451968503937
0
LINE
8
BLACK
6
CONTINUOUS
10
0.4556291732283465
20
1.8743451968503937
11
0.4565109448818898
21
1.8747104724409449
0
LINE
8
BLACK
6
CONTINUOUS
10
0.4565109448818898
20
1.8747104724409449
11
0.4588151968503937
21
1.8747104724409449
0
LINE
8
BLACK
6
CONTINUOUS
10
0.4588151968503937
20
1.8747104724409449
11
0.459696968503937
21
1.8743451968503937
0
LINE
8
BLACK
6
CONTINUOUS
10
0.6827625196850393
20
1.9281412992125984
11
0.6837870866141732
21
1.9281412992125984
0
LINE
8
BLACK
6
CONTINUOUS
10
0.6837870866141732
20
1.9281412992125984
11
0.6839086220472441
21
1.9280909055118109
0
LINE
8
BLACK
6
CONTINUOUS
10
0.6839086220472441
20
1.9280909055118109
11
0.6840403149606299
21
1.9280851574803148
0
LINE
8
BLACK
6
CONTINUOUS
10
0.6840403149606299
20
1.9280851574803148
11
0.6849698031496063
21
1.9276513385826772
0
LINE
8
BLACK
6
CONTINUOUS
10
0.6849698031496063
20
1.9276513385826772
11
0.685915905511811
21
1.9272594881889764
0
LINE
8
BLACK
6
CONTINUOUS
10
0.685915905511811
20
1.9272594881889764
11
0.686008937007874
21
1.9271664173228347
0
LINE
8
BLACK
6
CONTINUOUS
10
0.686008937007874
20
1.9271664173228347
11
0.6861283858267716
21
1.9271107086614172
0
LINE
8
BLACK
6
CONTINUOUS
10
0.6861283858267716
20
1.9271107086614172
11
0.6868208661417323
21
1.9263544881889763
0
LINE
8
BLACK
6
CONTINUOUS
10
0.6868208661417323
20
1.9263544881889763
11
0.6875451968503937
21
1.9256301968503937
0
LINE
8
BLACK
6
CONTINUOUS
10
0.6875451968503937
20
1.9256301968503937
11
0.6875955905511811
21
1.9255085039370079
0
LINE
8
BLACK
6
CONTINUOUS
10
0.6875955905511811
20
1.9255085039370079
11
0.6876845669291338
21
1.925411377952756
0
LINE
8
BLACK
6
CONTINUOUS
10
0.6876845669291338
20
1.925411377952756
11
0.6880348425196851
21
1.924448031496063
0
LINE
8
BLACK
6
CONTINUOUS
10
0.6880348425196851
20
1.924448031496063
11
0.6884270078740158
21
1.9235013779527559
0
LINE
8
BLACK
6
CONTINUOUS
10
0.6884270078740158
20
1.9235013779527559
11
0.6884447637795276
21
1.923320748031496
0
LINE
8
BLACK
6
CONTINUOUS
10
0.6884447637795276
20
1.923320748031496
11
0.6884720078740157
21
1.9232459448818897
0
LINE
8
BLACK
6
CONTINUOUS
10
0.6884720078740157
20
1.9232459448818897
11
0.6884658661417322
21
1.9231066141732283
0
LINE
8
BLACK
6
CONTINUOUS
10
0.6884658661417322
20
1.9231066141732283
11
0.6885404724409449
21
1.9223492519685039
0
LINE
8
BLACK
6
CONTINUOUS
10
0.6885404724409449
20
1.9223492519685039
11
0.6885404724409449
21
1.8632941338582676
0
LINE
8
BLACK
6
CONTINUOUS
10
0.6885404724409449
20
1.8632941338582676
11
0.6884270078740158
21
1.8621420078740156
0
LINE
8
BLACK
6
CONTINUOUS
10
0.6884270078740158
20
1.8621420078740156
11
0.6875451968503937
21
1.860013188976378
0
LINE
8
BLACK
6
CONTINUOUS
10
0.6875451968503937
20
1.860013188976378
11
0.685915905511811
21
1.8583838976377953
0
LINE
8
BLACK
6
CONTINUOUS
10
0.685915905511811
20
1.8583838976377953
11
0.6837870866141732
21
1.8575020866141732
0
LINE
8
BLACK
6
CONTINUOUS
10
0.6837870866141732
20
1.8575020866141732
11
0.6814828346456693
21
1.8575020866141732
0
LINE
8
BLACK
6
CONTINUOUS
10
0.6814828346456693
20
1.8575020866141732
11
0.6793540157480314
21
1.8583838976377953
0
LINE
8
BLACK
6
CONTINUOUS
10
0.6793540157480314
20
1.8583838976377953
11
0.6777247244094488
21
1.860013188976378
0
LINE
8
BLACK
6
CONTINUOUS
10
0.6777247244094488
20
1.860013188976378
11
0.6768429133858268
21
1.8621420078740156
0
LINE
8
BLACK
6
CONTINUOUS
10
0.6768429133858268
20
1.8621420078740156
11
0.6767294488188976
21
1.8632941338582676
0
LINE
8
BLACK
6
CONTINUOUS
10
0.6767294488188976
20
1.8632941338582676
11
0.6767294488188976
21
1.8957297637795276
0
LINE
8
BLACK
6
CONTINUOUS
10
0.6767294488188976
20
1.8957297637795276
11
0.6683013779527559
21
1.8776696456692914
0
LINE
8
BLACK
6
CONTINUOUS
10
0.6683013779527559
20
1.8776696456692914
11
0.6680514566929133
21
1.8772477559055119
0
LINE
8
BLACK
6
CONTINUOUS
10
0.6680514566929133
20
1.8772477559055119
11
0.6679995275590551
21
1.8771048818897638
0
LINE
8
BLACK
6
CONTINUOUS
10
0.6679995275590551
20
1.8771048818897638
11
0.6679069685039369
21
1.8770038188976377
0
LINE
8
BLACK
6
CONTINUOUS
10
0.6679069685039369
20
1.8770038188976377
11
0.6677113779527559
21
1.8766735826771652
0
LINE
8
BLACK
6
CONTINUOUS
10
0.6677113779527559
20
1.8766735826771652
11
0.6670494488188976
21
1.8760674409448819
0
LINE
8
BLACK
6
CONTINUOUS
10
0.6670494488188976
20
1.8760674409448819
11
0.6664433464566929
21
1.8754055511811023
0
LINE
8
BLACK
6
CONTINUOUS
10
0.6664433464566929
20
1.8754055511811023
11
0.6662054724409449
21
1.8752945275590551
0
LINE
8
BLACK
6
CONTINUOUS
10
0.6662054724409449
20
1.8752945275590551
11
0.6660120472440945
21
1.8751174015748031
0
LINE
8
BLACK
6
CONTINUOUS
10
0.6660120472440945
20
1.8751174015748031
11
0.6651689370078741
21
1.8748107874015747
0
LINE
8
BLACK
6
CONTINUOUS
10
0.6651689370078741
20
1.8748107874015747
11
0.6643552755905512
21
1.8744311023622047
0
LINE
8
BLACK
6
CONTINUOUS
10
0.6643552755905512
20
1.8744311023622047
11
0.6640929921259843
21
1.8744195669291339
0
LINE
8
BLACK
6
CONTINUOUS
10
0.6640929921259843
20
1.8744195669291339
11
0.6638465748031496
21
1.8743299606299213
0
LINE
8
BLACK
6
CONTINUOUS
10
0.6638465748031496
20
1.8743299606299213
11
0.6629500787401574
21
1.8743693307086613
0
LINE
8
BLACK
6
CONTINUOUS
10
0.6629500787401574
20
1.8743693307086613
11
0.6620532677165354
21
1.8743299606299213
0
LINE
8
BLACK
6
CONTINUOUS
10
0.6620532677165354
20
1.8743299606299213
11
0.6618066929133858
21
1.8744196062992124
0
LINE
8
BLACK
6
CONTINUOUS
10
0.6618066929133858
20
1.8744196062992124
11
0.6615446062992126
21
1.8744311417322834
0
LINE
8
BLACK
6
CONTINUOUS
10
0.6615446062992126
20
1.8744311417322834
11
0.6607311417322834
21
1.8748107086614172
0
LINE
8
BLACK
6
CONTINUOUS
10
0.6607311417322834
20
1.8748107086614172
11
0.6598878346456692
21
1.8751174015748031
0
LINE
8
BLACK
6
CONTINUOUS
10
0.6598878346456692
20
1.8751174015748031
11
0.6596944094488189
21
1.8752944881889764
0
LINE
8
BLACK
6
CONTINUOUS
10
0.6596944094488189
20
1.8752944881889764
11
0.6594564960629921
21
1.8754055511811023
0
LINE
8
BLACK
6
CONTINUOUS
10
0.6594564960629921
20
1.8754055511811023
11
0.6588501181102362
21
1.8760676377952756
0
LINE
8
BLACK
6
CONTINUOUS
10
0.6588501181102362
20
1.8760676377952756
11
0.6581885039370079
21
1.8766735826771652
0
LINE
8
BLACK
6
CONTINUOUS
10
0.6581885039370079
20
1.8766735826771652
11
0.657992874015748
21
1.8770037401574802
0
LINE
8
BLACK
6
CONTINUOUS
10
0.657992874015748
20
1.8770037401574802
11
0.65790031496063
21
1.8771048818897638
0
LINE
8
BLACK
6
CONTINUOUS
10
0.65790031496063
20
1.8771048818897638
11
0.6578483070866141
21
1.8772478346456694
0
LINE
8
BLACK
6
CONTINUOUS
10
0.6578483070866141
20
1.8772478346456694
11
0.6575984645669292
21
1.8776696456692914
0
LINE
8
BLACK
6
CONTINUOUS
10
0.6575984645669292
20
1.8776696456692914
11
0.6491703937007874
21
1.8957298031496062
0
LINE
8
BLACK
6
CONTINUOUS
10
0.6491703937007874
20
1.8957298031496062
11
0.6491703937007874
21
1.8632941338582676
0
LINE
8
BLACK
6
CONTINUOUS
10
0.6491703937007874
20
1.8632941338582676
11
0.6490569291338583
21
1.8621420078740156
0
LINE
8
BLACK
6
CONTINUOUS
10
0.6490569291338583
20
1.8621420078740156
11
0.6481751181102362
21
1.860013188976378
0
LINE
8
BLACK
6
CONTINUOUS
10
0.6481751181102362
20
1.860013188976378
11
0.6465458267716535
21
1.8583838976377953
0
LINE
8
BLACK
6
CONTINUOUS
10
0.6465458267716535
20
1.8583838976377953
11
0.6444170078740157
21
1.8575020866141732
0
LINE
8
BLACK
6
CONTINUOUS
10
0.6444170078740157
20
1.8575020866141732
11
0.6421127559055118
21
1.8575020866141732
0
LINE
8
BLACK
6
CONTINUOUS
10
0.6421127559055118
20
1.8575020866141732
11
0.639983937007874
21
1.8583838976377953
0
LINE
8
BLACK
6
CONTINUOUS
10
0.639983937007874
20
1.8583838976377953
11
0.6383546456692913
21
1.860013188976378
0
LINE
8
BLACK
6
CONTINUOUS
10
0.6383546456692913
20
1.860013188976378
11
0.6374728346456693
21
1.8621420078740156
0
LINE
8
BLACK
6
CONTINUOUS
10
0.6374728346456693
20
1.8621420078740156
11
0.6373593700787401
21
1.8632941338582676
0
LINE
8
BLACK
6
CONTINUOUS
10
0.6373593700787401
20
1.8632941338582676
11
0.6373593700787401
21
1.9223492519685039
0
LINE
8
BLACK
6
CONTINUOUS
10
0.6373593700787401
20
1.9223492519685039
11
0.637433937007874
21
1.9231065748031495
0
LINE
8
BLACK
6
CONTINUOUS
10
0.637433937007874
20
1.9231065748031495
11
0.6374278346456693
21
1.923245905511811
0
LINE
8
BLACK
6
CONTINUOUS
10
0.6374278346456693
20
1.923245905511811
11
0.6374550393700787
21
1.9233207086614172
0
LINE
8
BLACK
6
CONTINUOUS
10
0.6374550393700787
20
1.9233207086614172
11
0.6374728346456693
21
1.9235013779527559
0
LINE
8
BLACK
6
CONTINUOUS
10
0.6374728346456693
20
1.9235013779527559
11
0.637865
21
1.9244481496062991
0
LINE
8
BLACK
6
CONTINUOUS
10
0.637865
20
1.9244481496062991
11
0.6382152755905511
21
1.925411377952756
0
LINE
8
BLACK
6
CONTINUOUS
10
0.6382152755905511
20
1.925411377952756
11
0.6383042125984252
21
1.9255085039370079
0
LINE
8
BLACK
6
CONTINUOUS
10
0.6383042125984252
20
1.9255085039370079
11
0.6383546456692913
21
1.9256301968503937
0
LINE
8
BLACK
6
CONTINUOUS
10
0.6383546456692913
20
1.9256301968503937
11
0.639078937007874
21
1.9263544881889763
0
LINE
8
BLACK
6
CONTINUOUS
10
0.639078937007874
20
1.9263544881889763
11
0.6397714566929134
21
1.9271107086614172
0
LINE
8
BLACK
6
CONTINUOUS
10
0.6397714566929134
20
1.9271107086614172
11
0.6398908661417323
21
1.9271664173228347
0
LINE
8
BLACK
6
CONTINUOUS
10
0.6398908661417323
20
1.9271664173228347
11
0.639983937007874
21
1.9272594881889764
0
LINE
8
BLACK
6
CONTINUOUS
10
0.639983937007874
20
1.9272594881889764
11
0.6409305905511811
21
1.9276516141732283
0
LINE
8
BLACK
6
CONTINUOUS
10
0.6409305905511811
20
1.9276516141732283
11
0.6418595669291338
21
1.9280851181102361
0
LINE
8
BLACK
6
CONTINUOUS
10
0.6418595669291338
20
1.9280851181102361
11
0.6419910629921259
21
1.9280908661417322
0
LINE
8
BLACK
6
CONTINUOUS
10
0.6419910629921259
20
1.9280908661417322
11
0.6421127559055118
21
1.9281412992125984
0
LINE
8
BLACK
6
CONTINUOUS
10
0.6421127559055118
20
1.9281412992125984
11
0.6431377559055118
21
1.9281412992125984
0
LINE
8
BLACK
6
CONTINUOUS
10
0.6431377559055118
20
1.9281412992125984
11
0.6441615354330709
21
1.9281862992125984
0
LINE
8
BLACK
6
CONTINUOUS
10
0.6441615354330709
20
1.9281862992125984
11
0.6442852755905512
21
1.9281412992125984
0
LINE
8
BLACK
6
CONTINUOUS
10
0.6442852755905512
20
1.9281412992125984
11
0.6444170078740157
21
1.9281412992125984
0
LINE
8
BLACK
6
CONTINUOUS
10
0.6444170078740157
20
1.9281412992125984
11
0.6453637795275591
21
1.927749094488189
0
LINE
8
BLACK
6
CONTINUOUS
10
0.6453637795275591
20
1.927749094488189
11
0.6463270078740158
21
1.9273988582677164
0
LINE
8
BLACK
6
CONTINUOUS
10
0.6463270078740158
20
1.9273988582677164
11
0.6464241338582677
21
1.9273098818897638
0
LINE
8
BLACK
6
CONTINUOUS
10
0.6464241338582677
20
1.9273098818897638
11
0.6465458267716535
21
1.9272594881889764
0
LINE
8
BLACK
6
CONTINUOUS
10
0.6465458267716535
20
1.9272594881889764
11
0.6472701181102362
21
1.9265351574803149
0
LINE
8
BLACK
6
CONTINUOUS
10
0.6472701181102362
20
1.9265351574803149
11
0.6480263385826771
21
1.9258426771653543
0
LINE
8
BLACK
6
CONTINUOUS
10
0.6480263385826771
20
1.9258426771653543
11
0.6481188582677165
21
1.9256864173228345
0
LINE
8
BLACK
6
CONTINUOUS
10
0.6481188582677165
20
1.9256864173228345
11
0.6481751181102362
21
1.9256301968503937
0
LINE
8
BLACK
6
CONTINUOUS
10
0.6481751181102362
20
1.9256301968503937
11
0.6482283858267717
21
1.9255014960629921
0
LINE
8
BLACK
6
CONTINUOUS
10
0.6482283858267717
20
1.9255014960629921
11
0.6486163385826772
21
1.9248466141732283
0
LINE
8
BLACK
6
CONTINUOUS
10
0.6486163385826772
20
1.9248466141732283
11
0.6629499212598425
21
1.8941317716535433
0
LINE
8
BLACK
6
CONTINUOUS
10
0.6629499212598425
20
1.8941317716535433
11
0.6772835039370079
21
1.9248466141732283
0
LINE
8
BLACK
6
CONTINUOUS
10
0.6772835039370079
20
1.9248466141732283
11
0.6776713385826771
21
1.9255013385826771
0
LINE
8
BLACK
6
CONTINUOUS
10
0.6776713385826771
20
1.9255013385826771
11
0.6777247244094488
21
1.9256301968503937
0
LINE
8
BLACK
6
CONTINUOUS
10
0.6777247244094488
20
1.9256301968503937
11
0.6777810236220472
21
1.925686496062992
0
LINE
8
BLACK
6
CONTINUOUS
10
0.6777810236220472
20
1.925686496062992
11
0.6778735433070866
21
1.9258426771653543
0
LINE
8
BLACK
6
CONTINUOUS
10
0.6778735433070866
20
1.9258426771653543
11
0.6786292519685039
21
1.9265347244094488
0
LINE
8
BLACK
6
CONTINUOUS
10
0.6786292519685039
20
1.9265347244094488
11
0.6793540157480314
21
1.9272594881889764
0
LINE
8
BLACK
6
CONTINUOUS
10
0.6793540157480314
20
1.9272594881889764
11
0.6794757086614173
21
1.9273098818897638
0
LINE
8
BLACK
6
CONTINUOUS
10
0.6794757086614173
20
1.9273098818897638
11
0.6795728740157481
21
1.9273988582677164
0
LINE
8
BLACK
6
CONTINUOUS
10
0.6795728740157481
20
1.9273988582677164
11
0.6805358661417322
21
1.9277490157480315
0
LINE
8
BLACK
6
CONTINUOUS
10
0.6805358661417322
20
1.9277490157480315
11
0.6814828346456693
21
1.9281412992125984
0
LINE
8
BLACK
6
CONTINUOUS
10
0.6814828346456693
20
1.9281412992125984
11
0.6816145669291338
21
1.9281412992125984
0
LINE
8
BLACK
6
CONTINUOUS
10
0.6816145669291338
20
1.9281412992125984
11
0.6817383070866142
21
1.9281862992125984
0
LINE
8
BLACK
6
CONTINUOUS
10
0.6817383070866142
20
1.9281862992125984
11
0.6827625196850393
21
1.9281412992125984
0
LINE
8
BLACK
6
CONTINUOUS
10
1.5857331102362204
20
1.9872243307086614
11
1.5875635433070865
21
1.9851118897637794
0
LINE
8
BLACK
6
CONTINUOUS
10
1.5875635433070865
20
1.9851118897637794
11
1.5880118110236221
21
1.9830511811023621
0
LINE
8
BLACK
6
CONTINUOUS
10
1.5880118110236221
20
1.9830511811023621
11
1.5880118110236221
21
0.0169488188976378
0
LINE
8
BLACK
6
CONTINUOUS
10
1.5880118110236221
20
0.0169488188976378
11
1.5872243307086613
21
0.0142668897637795
0
LINE
8
BLACK
6
CONTINUOUS
10
1.5872243307086613
20
0.0142668897637795
11
1.5851118897637795
21
0.0124364566929134
0
LINE
8
BLACK
6
CONTINUOUS
10
1.5851118897637795
20
0.0124364566929134
11
1.5830511811023622
21
0.011988188976378
0
LINE
8
BLACK
6
CONTINUOUS
10
1.5830511811023622
20
0.011988188976378
11
0.0169488188976378
21
0.011988188976378
0
LINE
8
BLACK
6
CONTINUOUS
10
0.0169488188976378
20
0.011988188976378
11
0.0142668897637795
21
0.0127756692913386
0
LINE
8
BLACK
6
CONTINUOUS
10
0.0142668897637795
20
0.0127756692913386
11
0.0124364566929134
21
0.0148881102362205
0
LINE
8
BLACK
6
CONTINUOUS
10
0.0124364566929134
20
0.0148881102362205
11
0.011988188976378
21
0.0169488188976378
0
LINE
8
BLACK
6
CONTINUOUS
10
0.011988188976378
20
0.0169488188976378
11
0.011988188976378
21
0.2349042125984252
0
LINE
8
BLACK
6
CONTINUOUS
10
0.011988188976378
20
0.2349042125984252
11
0.011988188976378
21
0.4350224015748032
0
LINE
8
BLACK
6
CONTINUOUS
10
0.011988188976378
20
0.4350224015748032
11
0.011988188976378
21
1.1944625984251969
0
LINE
8
BLACK
6
CONTINUOUS
10
0.011988188976378
20
1.1944625984251969
11
0.011988188976378
21
1.6907775590551182
0
LINE
8
BLACK
6
CONTINUOUS
10
0.011988188976378
20
1.6907775590551182
11
0.011988188976378
21
1.8491861023622047
0
LINE
8
BLACK
6
CONTINUOUS
10
0.011988188976378
20
1.8491861023622047
11
0.011988188976378
21
1.9830511811023621
0
LINE
8
BLACK
6
CONTINUOUS
10
0.011988188976378
20
1.9830511811023621
11
0.0127756692913386
21
1.9857331102362203
0
LINE
8
BLACK
6
CONTINUOUS
10
0.0127756692913386
20
1.9857331102362203
11
0.0148881102362205
21
1.9875635433070866
0
LINE
8
BLACK
6
CONTINUOUS
10
0.0148881102362205
20
1.9875635433070866
11
0.0169488188976378
21
1.988011811023622
0
LINE
8
BLACK
6
CONTINUOUS
10
0.0169488188976378
20
1.988011811023622
11
1.5830511811023622
21
1.988011811023622
0
LINE
8
BLACK
6
CONTINUOUS
10
1.5830511811023622
20
1.988011811023622
11
1.5857331102362204
21
1.9872243307086614
0
LINE
8
BLACK
6
CONTINUOUS
10
0.5387779133858268
20
0.303991062992126
11
0.5353716929133858
21
0.3035426377952756
0
LINE
8
BLACK
6
CONTINUOUS
10
0.5353716929133858
20
0.3035426377952756
11
0.5353716141732283
21
0.3035425984251968
0
LINE
8
BLACK
6
CONTINUOUS
10
0.5353716141732283
20
0.3035425984251968
11
0.5353714566929134
21
0.3035425984251968
0
LINE
8
BLACK
6
CONTINUOUS
10
0.5353714566929134
20
0.3035425984251968
11
0.5258973622047244
21
0.3010040157480315
0
LINE
8
BLACK
6
CONTINUOUS
10
0.5258973622047244
20
0.3010040157480315
11
0.5168357086614173
21
0.2972505511811023
0
LINE
8
BLACK
6
CONTINUOUS
10
0.5168357086614173
20
0.2972505511811023
11
0.5168353543307086
21
0.2972503149606299
0
LINE
8
BLACK
6
CONTINUOUS
10
0.5168353543307086
20
0.2972503149606299
11
0.5168351968503937
21
0.2972502755905512
0
LINE
8
BLACK
6
CONTINUOUS
10
0.5168351968503937
20
0.2972502755905512
11
0.5083415748031496
21
0.2923464960629921
0
LINE
8
BLACK
6
CONTINUOUS
10
0.5083415748031496
20
0.2923464960629921
11
0.5083414566929134
21
0.2923464173228346
0
LINE
8
BLACK
6
CONTINUOUS
10
0.5083414566929134
20
0.2923464173228346
11
0.50056
21
0.2863755118110236
0
LINE
8
BLACK
6
CONTINUOUS
10
0.50056
20
0.2863755118110236
11
0.5005597637795276
21
0.2863752755905511
0
LINE
8
BLACK
6
CONTINUOUS
10
0.5005597637795276
20
0.2863752755905511
11
0.5005595669291338
21
0.2863751181102362
0
LINE
8
BLACK
6
CONTINUOUS
10
0.5005595669291338
20
0.2863751181102362
11
0.493624842519685
21
0.2794403937007874
0
LINE
8
BLACK
6
CONTINUOUS
10
0.493624842519685
20
0.2794403937007874
11
0.4936246456692913
21
0.279440157480315
0
LINE
8
BLACK
6
CONTINUOUS
10
0.4936246456692913
20
0.279440157480315
11
0.4936244881889764
21
0.27944
0
LINE
8
BLACK
6
CONTINUOUS
10
0.4936244881889764
20
0.27944
11
0.4876535826771654
21
0.2716585433070866
0
LINE
8
BLACK
6
CONTINUOUS
10
0.4876535826771654
20
0.2716585433070866
11
0.4876534645669291
21
0.2716583858267717
0
LINE
8
BLACK
6
CONTINUOUS
10
0.4876534645669291
20
0.2716583858267717
11
0.48274968503937
21
0.2631647637795276
0
LINE
8
BLACK
6
CONTINUOUS
10
0.48274968503937
20
0.2631647637795276
11
0.4827495275590551
21
0.2631644488188976
0
LINE
8
BLACK
6
CONTINUOUS
10
0.4827495275590551
20
0.2631644488188976
11
0.4827494488188976
21
0.2631642913385827
0
LINE
8
BLACK
6
CONTINUOUS
10
0.4827494488188976
20
0.2631642913385827
11
0.4789959842519685
21
0.2541026377952756
0
LINE
8
BLACK
6
CONTINUOUS
10
0.4789959842519685
20
0.2541026377952756
11
0.4789959842519685
21
0.2541025984251968
0
LINE
8
BLACK
6
CONTINUOUS
10
0.4789959842519685
20
0.2541025984251968
11
0.4789959448818897
21
0.2541024409448819
0
LINE
8
BLACK
6
CONTINUOUS
10
0.4789959448818897
20
0.2541024409448819
11
0.4764573228346456
21
0.2446282677165354
0
LINE
8
BLACK
6
CONTINUOUS
10
0.4764573228346456
20
0.2446282677165354
11
0.4751771653543307
21
0.2349042125984252
0
LINE
8
BLACK
6
CONTINUOUS
10
0.4751771653543307
20
0.2349042125984252
11
0.4751771653543307
21
0.2250957480314961
0
LINE
8
BLACK
6
CONTINUOUS
10
0.4751771653543307
20
0.2250957480314961
11
0.4764573228346456
21
0.2153716929133858
0
LINE
8
BLACK
6
CONTINUOUS
10
0.4764573228346456
20
0.2153716929133858
11
0.4789959448818897
21
0.2058975196850394
0
LINE
8
BLACK
6
CONTINUOUS
10
0.4789959448818897
20
0.2058975196850394
11
0.4789959842519685
21
0.2058973622047244
0
LINE
8
BLACK
6
CONTINUOUS
10
0.4789959842519685
20
0.2058973622047244
11
0.4827494881889764
21
0.1968356299212598
0
LINE
8
BLACK
6
CONTINUOUS
10
0.4827494881889764
20
0.1968356299212598
11
0.48274968503937
21
0.1968351968503937
0
LINE
8
BLACK
6
CONTINUOUS
10
0.48274968503937
20
0.1968351968503937
11
0.4876534645669291
21
0.1883415748031496
0
LINE
8
BLACK
6
CONTINUOUS
10
0.4876534645669291
20
0.1883415748031496
11
0.4936244881889764
21
0.18056
0
LINE
8
BLACK
6
CONTINUOUS
10
0.4936244881889764
20
0.18056
11
0.493624842519685
21
0.1805595669291339
0
LINE
8
BLACK
6
CONTINUOUS
10
0.493624842519685
20
0.1805595669291339
11
0.5005595669291338
21
0.173624842519685
0
LINE
8
BLACK
6
CONTINUOUS
10
0.5005595669291338
20
0.173624842519685
11
0.50056
21
0.1736244881889764
0
LINE
8
BLACK
6
CONTINUOUS
10
0.50056
20
0.1736244881889764
11
0.5083415748031496
21
0.1676534645669291
0
LINE
8
BLACK
6
CONTINUOUS
10
0.5083415748031496
20
0.1676534645669291
11
0.5168351968503937
21
0.1627496850393701
0
LINE
8
BLACK
6
CONTINUOUS
10
0.5168351968503937
20
0.1627496850393701
11
0.5168356299212599
21
0.1627494881889764
0
LINE
8
BLACK
6
CONTINUOUS
10
0.5168356299212599
20
0.1627494881889764
11
0.5258973622047244
21
0.1589959842519685
0
LINE
8
BLACK
6
CONTINUOUS
10
0.5258973622047244
20
0.1589959842519685
11
0.5258975196850394
21
0.1589959448818898
0
LINE
8
BLACK
6
CONTINUOUS
10
0.5258975196850394
20
0.1589959448818898
11
0.5353716929133858
21
0.1564573228346457
0
LINE
8
BLACK
6
CONTINUOUS
10
0.5353716929133858
20
0.1564573228346457
11
0.5450957480314961
21
0.1551771653543307
0
LINE
8
BLACK
6
CONTINUOUS
10
0.5450957480314961
20
0.1551771653543307
11
0.5450958661417322
21
0.1551771653543307
0
LINE
8
BLACK
6
CONTINUOUS
10
0.5450958661417322
20
0.1551771653543307
11
0.5549042125984252
21
0.1551771653543307
0
LINE
8
BLACK
6
CONTINUOUS
10
0.5549042125984252
20
0.1551771653543307
11
0.5646282677165354
21
0.1564573228346457
0
LINE
8
BLACK
6
CONTINUOUS
10
0.5646282677165354
20
0.1564573228346457
11
0.5671667322834646
21
0.1571374803149606
0
LINE
8
BLACK
6
CONTINUOUS
10
0.5671667322834646
20
0.1571374803149606
11
0.5741026377952756
21
0.1589959842519685
0
LINE
8
BLACK
6
CONTINUOUS
10
0.5741026377952756
20
0.1589959842519685
11
0.5831642913385827
21
0.1627494488188976
0
LINE
8
BLACK
6
CONTINUOUS
10
0.5831642913385827
20
0.1627494488188976
11
0.5831644488188976
21
0.1627495275590551
0
LINE
8
BLACK
6
CONTINUOUS
10
0.5831644488188976
20
0.1627495275590551
11
0.5831647637795275
21
0.1627496850393701
0
LINE
8
BLACK
6
CONTINUOUS
10
0.5831647637795275
20
0.1627496850393701
11
0.5916583858267717
21
0.1676534645669291
0
LINE
8
BLACK
6
CONTINUOUS
10
0.5916583858267717
20
0.1676534645669291
11
0.5916585433070866
21
0.1676535826771653
0
LINE
8
BLACK
6
CONTINUOUS
10
0.5916585433070866
20
0.1676535826771653
11
0.59944
21
0.1736244881889764
0
LINE
8
BLACK
6
CONTINUOUS
10
0.59944
20
0.1736244881889764
11
0.599440157480315
21
0.1736246456692913
0
LINE
8
BLACK
6
CONTINUOUS
10
0.599440157480315
20
0.1736246456692913
11
0.5994403937007874
21
0.173624842519685
0
LINE
8
BLACK
6
CONTINUOUS
10
0.5994403937007874
20
0.173624842519685
11
0.6063751181102363
21
0.1805595669291339
0
LINE
8
BLACK
6
CONTINUOUS
10
0.6063751181102363
20
0.1805595669291339
11
0.6063752755905512
21
0.1805597637795276
0
LINE
8
BLACK
6
CONTINUOUS
10
0.6063752755905512
20
0.1805597637795276
11
0.6063755118110236
21
0.18056
0
LINE
8
BLACK
6
CONTINUOUS
10
0.6063755118110236
20
0.18056
11
0.6123464173228347
21
0.1883414566929134
0
LINE
8
BLACK
6
CONTINUOUS
10
0.6123464173228347
20
0.1883414566929134
11
0.6123464960629921
21
0.1883415748031496
0
LINE
8
BLACK
6
CONTINUOUS
10
0.6123464960629921
20
0.1883415748031496
11
0.6172502755905511
21
0.1968351968503937
0
LINE
8
BLACK
6
CONTINUOUS
10
0.6172502755905511
20
0.1968351968503937
11
0.6172503149606299
21
0.1968353543307086
0
LINE
8
BLACK
6
CONTINUOUS
10
0.6172503149606299
20
0.1968353543307086
11
0.6172505511811024
21
0.1968357086614173
0
LINE
8
BLACK
6
CONTINUOUS
10
0.6172505511811024
20
0.1968357086614173
11
0.6210040157480314
21
0.2058973622047244
0
LINE
8
BLACK
6
CONTINUOUS
10
0.6210040157480314
20
0.2058973622047244
11
0.6235425984251969
21
0.2153714566929134
0
LINE
8
BLACK
6
CONTINUOUS
10
0.6235425984251969
20
0.2153714566929134
11
0.6248228346456692
21
0.2250958661417323
0
LINE
8
BLACK
6
CONTINUOUS
10
0.6248228346456692
20
0.2250958661417323
11
0.6248228346456692
21
0.2349041338582677
0
LINE
8
BLACK
6
CONTINUOUS
10
0.6248228346456692
20
0.2349041338582677
11
0.6248228346456692
21
0.2349042125984252
0
LINE
8
BLACK
6
CONTINUOUS
10
0.6248228346456692
20
0.2349042125984252
11
0.6235425984251969
21
0.2446285433070866
0
LINE
8
BLACK
6
CONTINUOUS
10
0.6235425984251969
20
0.2446285433070866
11
0.6210040157480314
21
0.2541026377952756
0
LINE
8
BLACK
6
CONTINUOUS
10
0.6210040157480314
20
0.2541026377952756
11
0.6172505511811024
21
0.2631642913385827
0
LINE
8
BLACK
6
CONTINUOUS
10
0.6172505511811024
20
0.2631642913385827
11
0.6123464173228347
21
0.2716585433070866
0
LINE
8
BLACK
6
CONTINUOUS
10
0.6123464173228347
20
0.2716585433070866
11
0.6063755118110236
21
0.27944
0
LINE
8
BLACK
6
CONTINUOUS
10
0.6063755118110236
20
0.27944
11
0.59944
21
0.2863755118110236
0
LINE
8
BLACK
6
CONTINUOUS
10
0.59944
20
0.2863755118110236
11
0.5916585433070866
21
0.2923464173228346
0
LINE
8
BLACK
6
CONTINUOUS
10
0.5916585433070866
20
0.2923464173228346
11
0.5831642913385827
21
0.2972505511811023
0
LINE
8
BLACK
6
CONTINUOUS
10
0.5831642913385827
20
0.2972505511811023
11
0.5741026377952756
21
0.3010040157480315
0
LINE
8
BLACK
6
CONTINUOUS
10
0.5741026377952756
20
0.3010040157480315
11
0.5646285433070866
21
0.3035425984251968
0
LINE
8
BLACK
6
CONTINUOUS
10
0.5646285433070866
20
0.3035425984251968
11
0.5646282677165354
21
0.3035425984251968
0
LINE
8
BLACK
6
CONTINUOUS
10
0.5646282677165354
20
0.3035425984251968
11
0.5646282677165354
21
0.3035426377952756
0
LINE
8
BLACK
6
CONTINUOUS
10
0.5646282677165354
20
0.3035426377952756
11
0.5636925196850393
21
0.3036657874015748
0
LINE
8
BLACK
6
CONTINUOUS
10
0.5636925196850393
20
0.3036657874015748
11
0.5549041338582678
21
0.3048228346456693
0
LINE
8
BLACK
6
CONTINUOUS
10
0.5549041338582678
20
0.3048228346456693
11
0.5450958661417322
21
0.3048228346456693
0
LINE
8
BLACK
6
CONTINUOUS
10
0.5450958661417322
20
0.3048228346456693
11
0.5387779133858268
21
0.303991062992126
0
LINE
8
BLACK
6
CONTINUOUS
10
0.0322637795275591
20
1.1944625196850394
11
0.0322637795275591
21
1.1070904330708662
0
LINE
8
BLACK
6
CONTINUOUS
10
0.0322637795275591
20
1.1070904330708662
11
0.0330940157480315
21
1.103991968503937
0
LINE
8
BLACK
6
CONTINUOUS
10
0.0330940157480315
20
1.103991968503937
11
0.0330940157480315
21
1.1039919291338582
0
LINE
8
BLACK
6
CONTINUOUS
10
0.0330940157480315
20
1.1039919291338582
11
0.0334724015748031
21
1.1025796456692913
0
LINE
8
BLACK
6
CONTINUOUS
10
0.0334724015748031
20
1.1025796456692913
11
0.0334724803149606
21
1.1025794488188976
0
LINE
8
BLACK
6
CONTINUOUS
10
0.0334724803149606
20
1.1025794488188976
11
0.0358074015748032
21
1.0985352362204723
0
LINE
8
BLACK
6
CONTINUOUS
10
0.0358074015748032
20
1.0985352362204723
11
0.0358077165354331
21
1.098534842519685
0
LINE
8
BLACK
6
CONTINUOUS
10
0.0358077165354331
20
1.098534842519685
11
0.0769206692913386
21
1.0574218897637795
0
LINE
8
BLACK
6
CONTINUOUS
10
0.0769206692913386
20
1.0574218897637795
11
0.076921062992126
21
1.0574215748031497
0
LINE
8
BLACK
6
CONTINUOUS
10
0.076921062992126
20
1.0574215748031497
11
0.0809651181102362
21
1.0550867322834645
0
LINE
8
BLACK
6
CONTINUOUS
10
0.0809651181102362
20
1.0550867322834645
11
0.0812270078740158
21
1.0549782677165354
0
LINE
8
BLACK
6
CONTINUOUS
10
0.0812270078740158
20
1.0549782677165354
11
0.0813032677165354
21
1.0549728346456693
0
LINE
8
BLACK
6
CONTINUOUS
10
0.0813032677165354
20
1.0549728346456693
11
0.0822407874015748
21
1.0542709842519684
0
LINE
8
BLACK
6
CONTINUOUS
10
0.0822407874015748
20
1.0542709842519684
11
0.0832407874015748
21
1.0536612992125984
0
LINE
8
BLACK
6
CONTINUOUS
10
0.0832407874015748
20
1.0536612992125984
11
0.0833467322834646
21
1.0534430708661418
0
LINE
8
BLACK
6
CONTINUOUS
10
0.0833467322834646
20
1.0534430708661418
11
0.083540905511811
21
1.0532977559055119
0
LINE
8
BLACK
6
CONTINUOUS
10
0.083540905511811
20
1.0532977559055119
11
0.0839501968503937
21
1.0522003937007873
0
LINE
8
BLACK
6
CONTINUOUS
10
0.0839501968503937
20
1.0522003937007873
11
0.0844617716535433
21
1.0511469291338582
0
LINE
8
BLACK
6
CONTINUOUS
10
0.0844617716535433
20
1.0511469291338582
11
0.0844329133858268
21
1.0509061023622046
0
LINE
8
BLACK
6
CONTINUOUS
10
0.0844329133858268
20
1.0509061023622046
11
0.0845177165354331
21
1.0506788582677165
0
LINE
8
BLACK
6
CONTINUOUS
10
0.0845177165354331
20
1.0506788582677165
11
0.0842687401574803
21
1.0495343307086613
0
LINE
8
BLACK
6
CONTINUOUS
10
0.0842687401574803
20
1.0495343307086613
11
0.0841295669291339
21
1.0483715748031497
0
LINE
8
BLACK
6
CONTINUOUS
10
0.0841295669291339
20
1.0483715748031497
11
0.0839619291338583
21
1.0481239370078741
0
LINE
8
BLACK
6
CONTINUOUS
10
0.0839619291338583
20
1.0481239370078741
11
0.0839235826771653
21
1.0479475984251969
0
LINE
8
BLACK
6
CONTINUOUS
10
0.0839235826771653
20
1.0479475984251969
11
0.0830774015748031
21
1.0468172834645668
0
LINE
8
BLACK
6
CONTINUOUS
10
0.0830774015748031
20
1.0468172834645668
11
0.0779993700787402
21
1.0417392519685038
0
LINE
8
BLACK
6
CONTINUOUS
10
0.0779993700787402
20
1.0417392519685038
11
0.0763900787401575
21
1.0406638976377953
0
LINE
8
BLACK
6
CONTINUOUS
10
0.0763900787401575
20
1.0406638976377953
11
0.0755622440944882
21
1.0403210236220473
0
LINE
8
BLACK
6
CONTINUOUS
10
0.0755622440944882
20
1.0403210236220473
11
0.0713999212598425
21
1.0375398425196851
0
LINE
8
BLACK
6
CONTINUOUS
10
0.0713999212598425
20
1.0375398425196851
11
0.067860157480315
21
1.0340000787401575
0
LINE
8
BLACK
6
CONTINUOUS
10
0.067860157480315
20
1.0340000787401575
11
0.0650789763779527
21
1.0298377559055119
0
LINE
8
BLACK
6
CONTINUOUS
10
0.0650789763779527
20
1.0298377559055119
11
0.0631632283464567
21
1.0252127952755905
0
LINE
8
BLACK
6
CONTINUOUS
10
0.0631632283464567
20
1.0252127952755905
11
0.0627629921259843
21
1.0232006299212599
0
LINE
8
BLACK
6
CONTINUOUS
10
0.0627629921259843
20
1.0232006299212599
11
0.0621866141732283
21
1.0203030708661418
0
LINE
8
BLACK
6
CONTINUOUS
10
0.0621866141732283
20
1.0203030708661418
11
0.0621866141732283
21
1.0152968897637795
0
LINE
8
BLACK
6
CONTINUOUS
10
0.0621866141732283
20
1.0152968897637795
11
0.062567125984252
21
1.0133839763779526
0
LINE
8
BLACK
6
CONTINUOUS
10
0.062567125984252
20
1.0133839763779526
11
0.0631632283464567
21
1.0103872047244093
0
LINE
8
BLACK
6
CONTINUOUS
10
0.0631632283464567
20
1.0103872047244093
11
0.0650012992125984
21
1.0059497244094489
0
LINE
8
BLACK
6
CONTINUOUS
10
0.0650012992125984
20
1.0059497244094489
11
0.0650789763779527
21
1.0057622440944882
0
LINE
8
BLACK
6
CONTINUOUS
10
0.0650789763779527
20
1.0057622440944882
11
0.0678600393700787
21
1.0016000787401576
0
LINE
8
BLACK
6
CONTINUOUS
10
0.0678600393700787
20
1.0016000787401576
11
0.0678602362204724
21
1.0015998031496063
0
LINE
8
BLACK
6
CONTINUOUS
10
0.0678602362204724
20
1.0015998031496063
11
0.0713998031496063
21
0.9980602362204725
0
LINE
8
BLACK
6
CONTINUOUS
10
0.0713998031496063
20
0.9980602362204725
11
0.0714000787401575
21
0.9980600393700787
0
LINE
8
BLACK
6
CONTINUOUS
10
0.0714000787401575
20
0.9980600393700787
11
0.0732222834645669
21
0.9968424803149606
0
LINE
8
BLACK
6
CONTINUOUS
10
0.0732222834645669
20
0.9968424803149606
11
0.0755622440944882
21
0.9952789763779527
0
LINE
8
BLACK
6
CONTINUOUS
10
0.0755622440944882
20
0.9952789763779527
11
0.0801872047244094
21
0.9933632283464566
0
LINE
8
BLACK
6
CONTINUOUS
10
0.0801872047244094
20
0.9933632283464566
11
0.0814146456692913
21
0.9931190551181102
0
LINE
8
BLACK
6
CONTINUOUS
10
0.0814146456692913
20
0.9931190551181102
11
0.0850968897637795
21
0.9923866141732284
0
LINE
8
BLACK
6
CONTINUOUS
10
0.0850968897637795
20
0.9923866141732284
11
0.0850970078740158
21
0.9923866141732284
0
LINE
8
BLACK
6
CONTINUOUS
10
0.0850970078740158
20
0.9923866141732284
11
0.0901030708661417
21
0.9923866141732284
0
LINE
8
BLACK
6
CONTINUOUS
10
0.0901030708661417
20
0.9923866141732284
11
0.092557874015748
21
0.9928749212598424
0
LINE
8
BLACK
6
CONTINUOUS
10
0.092557874015748
20
0.9928749212598424
11
0.0950127952755905
21
0.9933632283464566
0
LINE
8
BLACK
6
CONTINUOUS
10
0.0950127952755905
20
0.9933632283464566
11
0.0996377559055118
21
0.9952789763779527
0
LINE
8
BLACK
6
CONTINUOUS
10
0.0996377559055118
20
0.9952789763779527
11
0.1038000787401575
21
0.998060157480315
0
LINE
8
BLACK
6
CONTINUOUS
10
0.1038000787401575
20
0.998060157480315
11
0.107339842519685
21
1.0015999212598425
0
LINE
8
BLACK
6
CONTINUOUS
10
0.107339842519685
20
1.0015999212598425
11
0.1073687401574803
21
1.0016431496062992
0
LINE
8
BLACK
6
CONTINUOUS
10
0.1073687401574803
20
1.0016431496062992
11
0.108815905511811
21
1.0038089763779527
0
LINE
8
BLACK
6
CONTINUOUS
10
0.108815905511811
20
1.0038089763779527
11
0.1109606692913386
21
1.0056014173228347
0
LINE
8
BLACK
6
CONTINUOUS
10
0.1109606692913386
20
1.0056014173228347
11
0.1137340157480315
21
1.0059497244094489
0
LINE
8
BLACK
6
CONTINUOUS
10
0.1137340157480315
20
1.0059497244094489
11
0.1156964566929134
21
1.0051776377952755
0
LINE
8
BLACK
6
CONTINUOUS
10
0.1156964566929134
20
1.0051776377952755
11
0.1172507086614173
21
1.0041390944881889
0
LINE
8
BLACK
6
CONTINUOUS
10
0.1172507086614173
20
1.0041390944881889
11
0.1172508267716535
21
1.0041390551181102
0
LINE
8
BLACK
6
CONTINUOUS
10
0.1172508267716535
20
1.0041390551181102
11
0.1195531102362205
21
1.0036811023622048
0
LINE
8
BLACK
6
CONTINUOUS
10
0.1195531102362205
20
1.0036811023622048
11
0.1195532283464567
21
1.0036811023622048
0
LINE
8
BLACK
6
CONTINUOUS
10
0.1195532283464567
20
1.0036811023622048
11
0.1228346456692913
21
1.0036811023622048
0
LINE
8
BLACK
6
CONTINUOUS
10
0.1228346456692913
20
1.0036811023622048
11
0.1255165748031496
21
1.002893622047244
0
LINE
8
BLACK
6
CONTINUOUS
10
0.1255165748031496
20
1.002893622047244
11
0.1273470078740157
21
1.0007811811023621
0
LINE
8
BLACK
6
CONTINUOUS
10
0.1273470078740157
20
1.0007811811023621
11
0.1277952755905512
21
0.9987204724409449
0
LINE
8
BLACK
6
CONTINUOUS
10
0.1277952755905512
20
0.9987204724409449
11
0.1277952755905512
21
0.9881720078740157
0
LINE
8
BLACK
6
CONTINUOUS
10
0.1277952755905512
20
0.9881720078740157
11
0.1270077952755906
21
0.9854900787401575
0
LINE
8
BLACK
6
CONTINUOUS
10
0.1270077952755906
20
0.9854900787401575
11
0.1255906299212598
21
0.9840474015748031
0
LINE
8
BLACK
6
CONTINUOUS
10
0.1255906299212598
20
0.9840474015748031
11
0.1243561417322835
21
0.9832225196850394
0
LINE
8
BLACK
6
CONTINUOUS
10
0.1243561417322835
20
0.9832225196850394
11
0.124308937007874
21
0.9831909842519685
0
LINE
8
BLACK
6
CONTINUOUS
10
0.124308937007874
20
0.9831909842519685
11
0.1225642913385827
21
0.9805799606299213
0
LINE
8
BLACK
6
CONTINUOUS
10
0.1225642913385827
20
0.9805799606299213
11
0.1225642519685039
21
0.980579842519685
0
LINE
8
BLACK
6
CONTINUOUS
10
0.1225642519685039
20
0.980579842519685
11
0.1222942519685039
21
0.9792224015748031
0
LINE
8
BLACK
6
CONTINUOUS
10
0.1222942519685039
20
0.9792224015748031
11
0.1221062992125984
21
0.9782774803149606
0
LINE
8
BLACK
6
CONTINUOUS
10
0.1221062992125984
20
0.9782774803149606
11
0.1221062992125984
21
0.9536109448818897
0
LINE
8
BLACK
6
CONTINUOUS
10
0.1221062992125984
20
0.9536109448818897
11
0.1218897637795276
21
0.9525224015748032
0
LINE
8
BLACK
6
CONTINUOUS
10
0.1218897637795276
20
0.9525224015748032
11
0.1218897637795276
21
0.9474775984251969
0
LINE
8
BLACK
6
CONTINUOUS
10
0.1218897637795276
20
0.9474775984251969
11
0.1221062992125984
21
0.9463890157480315
0
LINE
8
BLACK
6
CONTINUOUS
10
0.1221062992125984
20
0.9463890157480315
11
0.1221062992125984
21
0.9217224015748031
0
LINE
8
BLACK
6
CONTINUOUS
10
0.1221062992125984
20
0.9217224015748031
11
0.1225642519685039
21
0.9194201181102362
0
LINE
8
BLACK
6
CONTINUOUS
10
0.1225642519685039
20
0.9194201181102362
11
0.1225642913385827
21
0.91942
0
LINE
8
BLACK
6
CONTINUOUS
10
0.1225642913385827
20
0.91942
11
0.1243089763779528
21
0.9168089763779528
0
LINE
8
BLACK
6
CONTINUOUS
10
0.1243089763779528
20
0.9168089763779528
11
0.12692
21
0.9150642913385827
0
LINE
8
BLACK
6
CONTINUOUS
10
0.12692
20
0.9150642913385827
11
0.1269201181102362
21
0.9150642519685039
0
LINE
8
BLACK
6
CONTINUOUS
10
0.1269201181102362
20
0.9150642519685039
11
0.1292224015748031
21
0.9146062992125984
0
LINE
8
BLACK
6
CONTINUOUS
10
0.1292224015748031
20
0.9146062992125984
11
0.1292225196850394
21
0.9146062992125984
0
LINE
8
BLACK
6
CONTINUOUS
10
0.1292225196850394
20
0.9146062992125984
11
0.1657775590551181
21
0.9146062992125984
0
LINE
8
BLACK
6
CONTINUOUS
10
0.1657775590551181
20
0.9146062992125984
11
0.168079842519685
21
0.9150642519685039
0
LINE
8
BLACK
6
CONTINUOUS
10
0.168079842519685
20
0.9150642519685039
11
0.1680799606299213
21
0.9150642913385827
0
LINE
8
BLACK
6
CONTINUOUS
10
0.1680799606299213
20
0.9150642913385827
11
0.1706910236220472
21
0.9168089763779528
0
LINE
8
BLACK
6
CONTINUOUS
10
0.1706910236220472
20
0.9168089763779528
11
0.1724357086614173
21
0.9194200393700788
0
LINE
8
BLACK
6
CONTINUOUS
10
0.1724357086614173
20
0.9194200393700788
11
0.1726300393700787
21
0.920396968503937
0
LINE
8
BLACK
6
CONTINUOUS
10
0.1726300393700787
20
0.920396968503937
11
0.1739256299212598
21
0.9228737007874016
0
LINE
8
BLACK
6
CONTINUOUS
10
0.1739256299212598
20
0.9228737007874016
11
0.1763546062992126
21
0.924256811023622
0
LINE
8
BLACK
6
CONTINUOUS
10
0.1763546062992126
20
0.924256811023622
11
0.1774953543307086
21
0.9243897637795275
0
LINE
8
BLACK
6
CONTINUOUS
10
0.1774953543307086
20
0.9243897637795275
11
0.2375674803149606
21
0.9243897637795275
0
LINE
8
BLACK
6
CONTINUOUS
10
0.2375674803149606
20
0.9243897637795275
11
0.2385352362204724
21
0.9242944488188977
0
LINE
8
BLACK
6
CONTINUOUS
10
0.2385352362204724
20
0.9242944488188977
11
0.2420773622047244
21
0.923589842519685
0
LINE
8
BLACK
6
CONTINUOUS
10
0.2420773622047244
20
0.923589842519685
11
0.2420775984251969
21
0.923589842519685
0
LINE
8
BLACK
6
CONTINUOUS
10
0.2420775984251969
20
0.923589842519685
11
0.2471224803149606
21
0.923589842519685
0
LINE
8
BLACK
6
CONTINUOUS
10
0.2471224803149606
20
0.923589842519685
11
0.2520701968503937
21
0.9245740157480314
0
LINE
8
BLACK
6
CONTINUOUS
10
0.2520701968503937
20
0.9245740157480314
11
0.2520703937007874
21
0.9245740944881889
0
LINE
8
BLACK
6
CONTINUOUS
10
0.2520703937007874
20
0.9245740944881889
11
0.2527529527559055
21
0.924856811023622
0
LINE
8
BLACK
6
CONTINUOUS
10
0.2527529527559055
20
0.924856811023622
11
0.2567309448818897
21
0.9265045669291339
0
LINE
8
BLACK
6
CONTINUOUS
10
0.2567309448818897
20
0.9265045669291339
11
0.2609255511811023
21
0.9293072834645669
0
LINE
8
BLACK
6
CONTINUOUS
10
0.2609255511811023
20
0.9293072834645669
11
0.2609255905511811
21
0.9293073228346457
0
LINE
8
BLACK
6
CONTINUOUS
10
0.2609255905511811
20
0.9293073228346457
11
0.2609258267716535
21
0.9293075196850393
0
LINE
8
BLACK
6
CONTINUOUS
10
0.2609258267716535
20
0.9293075196850393
11
0.2644924803149606
21
0.9328741732283464
0
LINE
8
BLACK
6
CONTINUOUS
10
0.2644924803149606
20
0.9328741732283464
11
0.2644926771653544
21
0.9328744094488188
0
LINE
8
BLACK
6
CONTINUOUS
10
0.2644926771653544
20
0.9328744094488188
11
0.2644927559055118
21
0.9328744881889763
0
LINE
8
BLACK
6
CONTINUOUS
10
0.2644927559055118
20
0.9328744881889763
11
0.2672954724409449
21
0.937069094488189
0
LINE
8
BLACK
6
CONTINUOUS
10
0.2672954724409449
20
0.937069094488189
11
0.2692260236220472
21
0.9417298425196851
0
LINE
8
BLACK
6
CONTINUOUS
10
0.2692260236220472
20
0.9417298425196851
11
0.2702101968503937
21
0.9466776377952756
0
LINE
8
BLACK
6
CONTINUOUS
10
0.2702101968503937
20
0.9466776377952756
11
0.2702101968503937
21
0.9517224409448819
0
LINE
8
BLACK
6
CONTINUOUS
10
0.2702101968503937
20
0.9517224409448819
11
0.2692260236220472
21
0.9566702755905512
0
LINE
8
BLACK
6
CONTINUOUS
10
0.2692260236220472
20
0.9566702755905512
11
0.2672954724409449
21
0.9613310236220473
0
LINE
8
BLACK
6
CONTINUOUS
10
0.2672954724409449
20
0.9613310236220473
11
0.2644927559055118
21
0.9655256299212598
0
LINE
8
BLACK
6
CONTINUOUS
10
0.2644927559055118
20
0.9655256299212598
11
0.2601255905511811
21
0.9698927952755906
0
LINE
8
BLACK
6
CONTINUOUS
10
0.2601255905511811
20
0.9698927952755906
11
0.2559310236220472
21
0.9726954724409449
0
LINE
8
BLACK
6
CONTINUOUS
10
0.2559310236220472
20
0.9726954724409449
11
0.2512702755905512
21
0.9746260236220472
0
LINE
8
BLACK
6
CONTINUOUS
10
0.2512702755905512
20
0.9746260236220472
11
0.2510905118110236
21
0.9746617716535433
0
LINE
8
BLACK
6
CONTINUOUS
10
0.2510905118110236
20
0.9746617716535433
11
0.2510306299212599
21
0.9746737007874016
0
LINE
8
BLACK
6
CONTINUOUS
10
0.2510306299212599
20
0.9746737007874016
11
0.2502494488188977
21
0.9748290551181102
0
LINE
8
BLACK
6
CONTINUOUS
10
0.2502494488188977
20
0.9748290551181102
11
0.2463224409448819
21
0.9756102362204724
0
LINE
8
BLACK
6
CONTINUOUS
10
0.2463224409448819
20
0.9756102362204724
11
0.2463222834645669
21
0.9756102362204724
0
LINE
8
BLACK
6
CONTINUOUS
10
0.2463222834645669
20
0.9756102362204724
11
0.1774953543307086
21
0.9756102362204724
0
LINE
8
BLACK
6
CONTINUOUS
10
0.1774953543307086
20
0.9756102362204724
11
0.1748134251968504
21
0.9763977165354331
0
LINE
8
BLACK
6
CONTINUOUS
10
0.1748134251968504
20
0.9763977165354331
11
0.1734337401574803
21
0.9777228346456692
0
LINE
8
BLACK
6
CONTINUOUS
10
0.1734337401574803
20
0.9777228346456692
11
0.1728338188976378
21
0.9785783070866142
0
LINE
8
BLACK
6
CONTINUOUS
10
0.1728338188976378
20
0.9785783070866142
11
0.1724357086614173
21
0.9805799606299213
0
LINE
8
BLACK
6
CONTINUOUS
10
0.1724357086614173
20
0.9805799606299213
11
0.1706910236220472
21
0.9831910236220472
0
LINE
8
BLACK
6
CONTINUOUS
10
0.1706910236220472
20
0.9831910236220472
11
0.168636968503937
21
0.9845635039370079
0
LINE
8
BLACK
6
CONTINUOUS
10
0.168636968503937
20
0.9845635039370079
11
0.1681037401574803
21
0.9853239763779528
0
LINE
8
BLACK
6
CONTINUOUS
10
0.1681037401574803
20
0.9853239763779528
11
0.1679416141732283
21
0.985803622047244
0
LINE
8
BLACK
6
CONTINUOUS
10
0.1679416141732283
20
0.985803622047244
11
0.1676169291338583
21
0.9861921653543307
0
LINE
8
BLACK
6
CONTINUOUS
10
0.1676169291338583
20
0.9861921653543307
11
0.1673066535433071
21
0.9876822834645669
0
LINE
8
BLACK
6
CONTINUOUS
10
0.1673066535433071
20
0.9876822834645669
11
0.1672087795275591
21
0.987971968503937
0
LINE
8
BLACK
6
CONTINUOUS
10
0.1672087795275591
20
0.987971968503937
11
0.1672292913385827
21
0.988053937007874
0
LINE
8
BLACK
6
CONTINUOUS
10
0.1672292913385827
20
0.988053937007874
11
0.1672047244094488
21
0.9881720078740157
0
LINE
8
BLACK
6
CONTINUOUS
10
0.1672047244094488
20
0.9881720078740157
11
0.1672047244094488
21
0.9987204724409449
0
LINE
8
BLACK
6
CONTINUOUS
10
0.1672047244094488
20
0.9987204724409449
11
0.1679922047244095
21
1.0014024015748031
0
LINE
8
BLACK
6
CONTINUOUS
10
0.1679922047244095
20
1.0014024015748031
11
0.1701046456692913
21
1.0032328346456694
0
LINE
8
BLACK
6
CONTINUOUS
10
0.1701046456692913
20
1.0032328346456694
11
0.1721653543307086
21
1.0036811023622048
0
LINE
8
BLACK
6
CONTINUOUS
10
0.1721653543307086
20
1.0036811023622048
11
0.1801633858267717
21
1.0036811023622048
0
LINE
8
BLACK
6
CONTINUOUS
10
0.1801633858267717
20
1.0036811023622048
11
0.1824656692913386
21
1.0041390551181102
0
LINE
8
BLACK
6
CONTINUOUS
10
0.1824656692913386
20
1.0041390551181102
11
0.1824657874015748
21
1.0041390944881889
0
LINE
8
BLACK
6
CONTINUOUS
10
0.1824657874015748
20
1.0041390944881889
11
0.1827200393700787
21
1.0043089763779527
0
LINE
8
BLACK
6
CONTINUOUS
10
0.1827200393700787
20
1.0043089763779527
11
0.1850768503937008
21
1.005883779527559
0
LINE
8
BLACK
6
CONTINUOUS
10
0.1850768503937008
20
1.005883779527559
11
0.1868215354330709
21
1.0084948425196849
0
LINE
8
BLACK
6
CONTINUOUS
10
0.1868215354330709
20
1.0084948425196849
11
0.1872795275590551
21
1.0107973228346456
0
LINE
8
BLACK
6
CONTINUOUS
10
0.1872795275590551
20
1.0107973228346456
11
0.1872795275590551
21
1.0300688188976377
0
LINE
8
BLACK
6
CONTINUOUS
10
0.1872795275590551
20
1.0300688188976377
11
0.1868435433070866
21
1.0322606299212598
0
LINE
8
BLACK
6
CONTINUOUS
10
0.1868435433070866
20
1.0322606299212598
11
0.1868435433070866
21
1.0341960236220473
0
LINE
8
BLACK
6
CONTINUOUS
10
0.1868435433070866
20
1.0341960236220473
11
0.1872795275590551
21
1.0363878740157479
0
LINE
8
BLACK
6
CONTINUOUS
10
0.1872795275590551
20
1.0363878740157479
11
0.1872795275590551
21
1.0556593700787402
0
LINE
8
BLACK
6
CONTINUOUS
10
0.1872795275590551
20
1.0556593700787402
11
0.1868435433070866
21
1.0578511811023621
0
LINE
8
BLACK
6
CONTINUOUS
10
0.1868435433070866
20
1.0578511811023621
11
0.1868435433070866
21
1.0597865748031496
0
LINE
8
BLACK
6
CONTINUOUS
10
0.1868435433070866
20
1.0597865748031496
11
0.1872795275590551
21
1.0619784251968503
0
LINE
8
BLACK
6
CONTINUOUS
10
0.1872795275590551
20
1.0619784251968503
11
0.1872795275590551
21
1.0707841338582678
0
LINE
8
BLACK
6
CONTINUOUS
10
0.1872795275590551
20
1.0707841338582678
11
0.1880670078740158
21
1.073466062992126
0
LINE
8
BLACK
6
CONTINUOUS
10
0.1880670078740158
20
1.073466062992126
11
0.1901794488188976
21
1.075296496062992
0
LINE
8
BLACK
6
CONTINUOUS
10
0.1901794488188976
20
1.075296496062992
11
0.1929461417322835
21
1.0756942913385827
0
LINE
8
BLACK
6
CONTINUOUS
10
0.1929461417322835
20
1.0756942913385827
11
0.1954886614173228
21
1.0745331102362206
0
LINE
8
BLACK
6
CONTINUOUS
10
0.1954886614173228
20
1.0745331102362206
11
0.1957478346456693
21
1.0742918110236219
0
LINE
8
BLACK
6
CONTINUOUS
10
0.1957478346456693
20
1.0742918110236219
11
0.2904442913385827
21
0.9795953543307087
0
LINE
8
BLACK
6
CONTINUOUS
10
0.2904442913385827
20
0.9795953543307087
11
0.2917838976377953
21
0.977142125984252
0
LINE
8
BLACK
6
CONTINUOUS
10
0.2917838976377953
20
0.977142125984252
11
0.2918972440944882
21
0.9760876771653543
0
LINE
8
BLACK
6
CONTINUOUS
10
0.2918972440944882
20
0.9760876771653543
11
0.2918972440944882
21
0.7701764960629921
0
LINE
8
BLACK
6
CONTINUOUS
10
0.2918972440944882
20
0.7701764960629921
11
0.2911097637795276
21
0.7674945669291339
0
LINE
8
BLACK
6
CONTINUOUS
10
0.2911097637795276
20
0.7674945669291339
11
0.2889973228346457
21
0.7656641338582677
0
LINE
8
BLACK
6
CONTINUOUS
10
0.2889973228346457
20
0.7656641338582677
11
0.2862306299212599
21
0.7652663385826771
0
LINE
8
BLACK
6
CONTINUOUS
10
0.2862306299212599
20
0.7652663385826771
11
0.2836881102362205
21
0.7664275196850393
0
LINE
8
BLACK
6
CONTINUOUS
10
0.2836881102362205
20
0.7664275196850393
11
0.2827626771653543
21
0.7677108661417322
0
LINE
8
BLACK
6
CONTINUOUS
10
0.2827626771653543
20
0.7677108661417322
11
0.282707125984252
21
0.7676737401574802
0
LINE
8
BLACK
6
CONTINUOUS
10
0.282707125984252
20
0.7676737401574802
11
0.2824357086614173
21
0.7680798818897637
0
LINE
8
BLACK
6
CONTINUOUS
10
0.2824357086614173
20
0.7680798818897637
11
0.2824357086614173
21
0.7680799606299212
0
LINE
8
BLACK
6
CONTINUOUS
10
0.2824357086614173
20
0.7680799606299212
11
0.2806910236220472
21
0.7706910236220472
0
LINE
8
BLACK
6
CONTINUOUS
10
0.2806910236220472
20
0.7706910236220472
11
0.2780799606299212
21
0.7724357086614173
0
LINE
8
BLACK
6
CONTINUOUS
10
0.2780799606299212
20
0.7724357086614173
11
0.2757774803149606
21
0.7728937007874016
0
LINE
8
BLACK
6
CONTINUOUS
10
0.2757774803149606
20
0.7728937007874016
11
0.2142225196850394
21
0.7728937007874016
0
LINE
8
BLACK
6
CONTINUOUS
10
0.2142225196850394
20
0.7728937007874016
11
0.2119200393700787
21
0.7724357086614173
0
LINE
8
BLACK
6
CONTINUOUS
10
0.2119200393700787
20
0.7724357086614173
11
0.2093089763779528
21
0.7706910236220472
0
LINE
8
BLACK
6
CONTINUOUS
10
0.2093089763779528
20
0.7706910236220472
11
0.2080024409448819
21
0.7687356692913385
0
LINE
8
BLACK
6
CONTINUOUS
10
0.2080024409448819
20
0.7687356692913385
11
0.2075642913385827
21
0.7680799606299212
0
LINE
8
BLACK
6
CONTINUOUS
10
0.2075642913385827
20
0.7680799606299212
11
0.2075642519685039
21
0.768079842519685
0
LINE
8
BLACK
6
CONTINUOUS
10
0.2075642519685039
20
0.768079842519685
11
0.2071062992125984
21
0.7657775590551181
0
LINE
8
BLACK
6
CONTINUOUS
10
0.2071062992125984
20
0.7657775590551181
11
0.2071062992125984
21
0.7655708661417323
0
LINE
8
BLACK
6
CONTINUOUS
10
0.2071062992125984
20
0.7655708661417323
11
0.2063188188976378
21
0.762888937007874
0
LINE
8
BLACK
6
CONTINUOUS
10
0.2063188188976378
20
0.762888937007874
11
0.2042063779527559
21
0.7610585039370078
0
LINE
8
BLACK
6
CONTINUOUS
10
0.2042063779527559
20
0.7610585039370078
11
0.2021456692913386
21
0.7606102362204724
0
LINE
8
BLACK
6
CONTINUOUS
10
0.2021456692913386
20
0.7606102362204724
11
0.1878543307086614
21
0.7606102362204724
0
LINE
8
BLACK
6
CONTINUOUS
10
0.1878543307086614
20
0.7606102362204724
11
0.1851724015748031
21
0.7613977165354331
0
LINE
8
BLACK
6
CONTINUOUS
10
0.1851724015748031
20
0.7613977165354331
11
0.183341968503937
21
0.7635101574803149
0
LINE
8
BLACK
6
CONTINUOUS
10
0.183341968503937
20
0.7635101574803149
11
0.1828937007874016
21
0.7655708661417323
0
LINE
8
BLACK
6
CONTINUOUS
10
0.1828937007874016
20
0.7655708661417323
11
0.1828937007874016
21
0.7657774015748031
0
LINE
8
BLACK
6
CONTINUOUS
10
0.1828937007874016
20
0.7657774015748031
11
0.1828937007874016
21
0.7657774803149606
0
LINE
8
BLACK
6
CONTINUOUS
10
0.1828937007874016
20
0.7657774803149606
11
0.1824357086614173
21
0.7680799606299212
0
LINE
8
BLACK
6
CONTINUOUS
10
0.1824357086614173
20
0.7680799606299212
11
0.1806910236220473
21
0.7706910236220472
0
LINE
8
BLACK
6
CONTINUOUS
10
0.1806910236220473
20
0.7706910236220472
11
0.1780799606299213
21
0.7724357086614173
0
LINE
8
BLACK
6
CONTINUOUS
10
0.1780799606299213
20
0.7724357086614173
11
0.1757774803149606
21
0.7728937007874016
0
LINE
8
BLACK
6
CONTINUOUS
10
0.1757774803149606
20
0.7728937007874016
11
0.1142225196850394
21
0.7728937007874016
0
LINE
8
BLACK
6
CONTINUOUS
10
0.1142225196850394
20
0.7728937007874016
11
0.1119200393700787
21
0.7724357086614173
0
LINE
8
BLACK
6
CONTINUOUS
10
0.1119200393700787
20
0.7724357086614173
11
0.1093089763779528
21
0.7706910236220472
0
LINE
8
BLACK
6
CONTINUOUS
10
0.1093089763779528
20
0.7706910236220472
11
0.1080024409448819
21
0.7687356692913385
0
LINE
8
BLACK
6
CONTINUOUS
10
0.1080024409448819
20
0.7687356692913385
11
0.1075642913385827
21
0.7680799606299212
0
LINE
8
BLACK
6
CONTINUOUS
10
0.1075642913385827
20
0.7680799606299212
11
0.1075642519685039
21
0.768079842519685
0
LINE
8
BLACK
6
CONTINUOUS
10
0.1075642519685039
20
0.768079842519685
11
0.1071062992125984
21
0.7657775590551181
0
LINE
8
BLACK
6
CONTINUOUS
10
0.1071062992125984
20
0.7657775590551181
11
0.1071062992125984
21
0.7042224015748031
0
LINE
8
BLACK
6
CONTINUOUS
10
0.1071062992125984
20
0.7042224015748031
11
0.1075642519685039
21
0.7019201181102362
0
LINE
8
BLACK
6
CONTINUOUS
10
0.1075642519685039
20
0.7019201181102362
11
0.1075642913385827
21
0.70192
0
LINE
8
BLACK
6
CONTINUOUS
10
0.1075642913385827
20
0.70192
11
0.1093089763779528
21
0.6993089763779528
0
LINE
8
BLACK
6
CONTINUOUS
10
0.1093089763779528
20
0.6993089763779528
11
0.11192
21
0.6975642913385827
0
LINE
8
BLACK
6
CONTINUOUS
10
0.11192
20
0.6975642913385827
11
0.1119201181102362
21
0.6975642519685039
0
LINE
8
BLACK
6
CONTINUOUS
10
0.1119201181102362
20
0.6975642519685039
11
0.1142224015748032
21
0.6971062992125984
0
LINE
8
BLACK
6
CONTINUOUS
10
0.1142224015748032
20
0.6971062992125984
11
0.1142225196850394
21
0.6971062992125984
0
LINE
8
BLACK
6
CONTINUOUS
10
0.1142225196850394
20
0.6971062992125984
11
0.1757775590551181
21
0.6971062992125984
0
LINE
8
BLACK
6
CONTINUOUS
10
0.1757775590551181
20
0.6971062992125984
11
0.178079842519685
21
0.6975642519685039
0
LINE
8
BLACK
6
CONTINUOUS
10
0.178079842519685
20
0.6975642519685039
11
0.1780799606299213
21
0.6975642913385827
0
LINE
8
BLACK
6
CONTINUOUS
10
0.1780799606299213
20
0.6975642913385827
11
0.1806910236220473
21
0.6993089763779528
0
LINE
8
BLACK
6
CONTINUOUS
10
0.1806910236220473
20
0.6993089763779528
11
0.1824357086614173
21
0.7019200393700787
0
LINE
8
BLACK
6
CONTINUOUS
10
0.1824357086614173
20
0.7019200393700787
11
0.1828937007874016
21
0.7042225196850393
0
LINE
8
BLACK
6
CONTINUOUS
10
0.1828937007874016
20
0.7042225196850393
11
0.1828937007874016
21
0.7044291338582677
0
LINE
8
BLACK
6
CONTINUOUS
10
0.1828937007874016
20
0.7044291338582677
11
0.1836811811023622
21
0.707111062992126
0
LINE
8
BLACK
6
CONTINUOUS
10
0.1836811811023622
20
0.707111062992126
11
0.1857936220472441
21
0.7089414960629921
0
LINE
8
BLACK
6
CONTINUOUS
10
0.1857936220472441
20
0.7089414960629921
11
0.1878543307086614
21
0.7093897637795276
0
LINE
8
BLACK
6
CONTINUOUS
10
0.1878543307086614
20
0.7093897637795276
11
0.2021456692913386
21
0.7093897637795276
0
LINE
8
BLACK
6
CONTINUOUS
10
0.2021456692913386
20
0.7093897637795276
11
0.2048275984251968
21
0.7086022834645669
0
LINE
8
BLACK
6
CONTINUOUS
10
0.2048275984251968
20
0.7086022834645669
11
0.206658031496063
21
0.7064898425196851
0
LINE
8
BLACK
6
CONTINUOUS
10
0.206658031496063
20
0.7064898425196851
11
0.2071062992125984
21
0.7044291338582677
0
LINE
8
BLACK
6
CONTINUOUS
10
0.2071062992125984
20
0.7044291338582677
11
0.2071062992125984
21
0.7042224015748031
0
LINE
8
BLACK
6
CONTINUOUS
10
0.2071062992125984
20
0.7042224015748031
11
0.2075642519685039
21
0.7019201181102362
0
LINE
8
BLACK
6
CONTINUOUS
10
0.2075642519685039
20
0.7019201181102362
11
0.2075642913385827
21
0.70192
0
LINE
8
BLACK
6
CONTINUOUS
10
0.2075642913385827
20
0.70192
11
0.2093089763779528
21
0.6993089763779528
0
LINE
8
BLACK
6
CONTINUOUS
10
0.2093089763779528
20
0.6993089763779528
11
0.21192
21
0.6975642913385827
0
LINE
8
BLACK
6
CONTINUOUS
10
0.21192
20
0.6975642913385827
11
0.2119201181102362
21
0.6975642519685039
0
LINE
8
BLACK
6
CONTINUOUS
10
0.2119201181102362
20
0.6975642519685039
11
0.2142224015748032
21
0.6971062992125984
0
LINE
8
BLACK
6
CONTINUOUS
10
0.2142224015748032
20
0.6971062992125984
11
0.2142225196850394
21
0.6971062992125984
0
LINE
8
BLACK
6
CONTINUOUS
10
0.2142225196850394
20
0.6971062992125984
11
0.2757775590551181
21
0.6971062992125984
0
LINE
8
BLACK
6
CONTINUOUS
10
0.2757775590551181
20
0.6971062992125984
11
0.278079842519685
21
0.6975642519685039
0
LINE
8
BLACK
6
CONTINUOUS
10
0.278079842519685
20
0.6975642519685039
11
0.2780799606299212
21
0.6975642913385827
0
LINE
8
BLACK
6
CONTINUOUS
10
0.2780799606299212
20
0.6975642913385827
11
0.2806910236220472
21
0.6993089763779528
0
LINE
8
BLACK
6
CONTINUOUS
10
0.2806910236220472
20
0.6993089763779528
11
0.2824357086614173
21
0.7019200393700787
0
LINE
8
BLACK
6
CONTINUOUS
10
0.2824357086614173
20
0.7019200393700787
11
0.2828937007874016
21
0.7042225196850393
0
LINE
8
BLACK
6
CONTINUOUS
10
0.2828937007874016
20
0.7042225196850393
11
0.2828937007874016
21
0.714271653543307
0
LINE
8
BLACK
6
CONTINUOUS
10
0.2828937007874016
20
0.714271653543307
11
0.2836811811023622
21
0.7169535826771654
0
LINE
8
BLACK
6
CONTINUOUS
10
0.2836811811023622
20
0.7169535826771654
11
0.2857936220472441
21
0.7187840157480315
0
LINE
8
BLACK
6
CONTINUOUS
10
0.2857936220472441
20
0.7187840157480315
11
0.2878543307086614
21
0.7192322834645669
0
LINE
8
BLACK
6
CONTINUOUS
10
0.2878543307086614
20
0.7192322834645669
11
0.2928238582677165
21
0.7192322834645669
0
LINE
8
BLACK
6
CONTINUOUS
10
0.2928238582677165
20
0.7192322834645669
11
0.2928238976377953
21
0.7192322834645669
0
LINE
8
BLACK
6
CONTINUOUS
10
0.2928238976377953
20
0.7192322834645669
11
0.2968341732283464
21
0.720306811023622
0
LINE
8
BLACK
6
CONTINUOUS
10
0.2968341732283464
20
0.720306811023622
11
0.2968342519685039
21
0.7203068503937008
0
LINE
8
BLACK
6
CONTINUOUS
10
0.2968342519685039
20
0.7203068503937008
11
0.2968343307086614
21
0.7203068897637795
0
LINE
8
BLACK
6
CONTINUOUS
10
0.2968343307086614
20
0.7203068897637795
11
0.3004294881889764
21
0.7223825590551181
0
LINE
8
BLACK
6
CONTINUOUS
10
0.3004294881889764
20
0.7223825590551181
11
0.3004297244094488
21
0.7223827559055118
0
LINE
8
BLACK
6
CONTINUOUS
10
0.3004297244094488
20
0.7223827559055118
11
0.3064112598425197
21
0.7283642913385827
0
LINE
8
BLACK
6
CONTINUOUS
10
0.3064112598425197
20
0.7283642913385827
11
0.3125783070866142
21
0.7345313385826772
0
LINE
8
BLACK
6
CONTINUOUS
10
0.3125783070866142
20
0.7345313385826772
11
0.3150314960629921
21
0.7358708661417322
0
LINE
8
BLACK
6
CONTINUOUS
10
0.3150314960629921
20
0.7358708661417322
11
0.3160859448818897
21
0.7359842519685039
0
LINE
8
BLACK
6
CONTINUOUS
10
0.3160859448818897
20
0.7359842519685039
11
0.3290140551181102
21
0.7359842519685039
0
LINE
8
BLACK
6
CONTINUOUS
10
0.3290140551181102
20
0.7359842519685039
11
0.3316959842519685
21
0.7351967716535432
0
LINE
8
BLACK
6
CONTINUOUS
10
0.3316959842519685
20
0.7351967716535432
11
0.3325215354330708
21
0.7345314566929134
0
LINE
8
BLACK
6
CONTINUOUS
10
0.3325215354330708
20
0.7345314566929134
11
0.3341960236220473
21
0.7328570078740158
0
LINE
8
BLACK
6
CONTINUOUS
10
0.3341960236220473
20
0.7328570078740158
11
0.3358702755905512
21
0.7311827165354331
0
LINE
8
BLACK
6
CONTINUOUS
10
0.3358702755905512
20
0.7311827165354331
11
0.3358704724409449
21
0.7311825590551181
0
LINE
8
BLACK
6
CONTINUOUS
10
0.3358704724409449
20
0.7311825590551181
11
0.3394656299212598
21
0.7291068897637795
0
LINE
8
BLACK
6
CONTINUOUS
10
0.3394656299212598
20
0.7291068897637795
11
0.339465748031496
21
0.7291068503937008
0
LINE
8
BLACK
6
CONTINUOUS
10
0.339465748031496
20
0.7291068503937008
11
0.3394658267716535
21
0.7291068110236221
0
LINE
8
BLACK
6
CONTINUOUS
10
0.3394658267716535
20
0.7291068110236221
11
0.3434761023622047
21
0.7280322834645669
0
LINE
8
BLACK
6
CONTINUOUS
10
0.3434761023622047
20
0.7280322834645669
11
0.3488359842519685
21
0.7280322834645669
0
LINE
8
BLACK
6
CONTINUOUS
10
0.3488359842519685
20
0.7280322834645669
11
0.3515179133858268
21
0.7272448031496063
0
LINE
8
BLACK
6
CONTINUOUS
10
0.3515179133858268
20
0.7272448031496063
11
0.3533483464566929
21
0.7251323622047244
0
LINE
8
BLACK
6
CONTINUOUS
10
0.3533483464566929
20
0.7251323622047244
11
0.3537012992125984
21
0.7240394488188976
0
LINE
8
BLACK
6
CONTINUOUS
10
0.3537012992125984
20
0.7240394488188976
11
0.3538642519685039
21
0.7232201181102362
0
LINE
8
BLACK
6
CONTINUOUS
10
0.3538642519685039
20
0.7232201181102362
11
0.3538642913385827
21
0.72322
0
LINE
8
BLACK
6
CONTINUOUS
10
0.3538642913385827
20
0.72322
11
0.3556089763779527
21
0.7206089763779527
0
LINE
8
BLACK
6
CONTINUOUS
10
0.3556089763779527
20
0.7206089763779527
11
0.35822
21
0.7188642913385827
0
LINE
8
BLACK
6
CONTINUOUS
10
0.35822
20
0.7188642913385827
11
0.3582201181102362
21
0.7188642519685039
0
LINE
8
BLACK
6
CONTINUOUS
10
0.3582201181102362
20
0.7188642519685039
11
0.3605224015748031
21
0.7184062992125984
0
LINE
8
BLACK
6
CONTINUOUS
10
0.3605224015748031
20
0.7184062992125984
11
0.3605225196850393
21
0.7184062992125984
0
LINE
8
BLACK
6
CONTINUOUS
10
0.3605225196850393
20
0.7184062992125984
11
0.4170775590551181
21
0.7184062992125984
0
LINE
8
BLACK
6
CONTINUOUS
10
0.4170775590551181
20
0.7184062992125984
11
0.419379842519685
21
0.7188642519685039
0
LINE
8
BLACK
6
CONTINUOUS
10
0.419379842519685
20
0.7188642519685039
11
0.4193799606299213
21
0.7188642913385827
0
LINE
8
BLACK
6
CONTINUOUS
10
0.4193799606299213
20
0.7188642913385827
11
0.4219910236220472
21
0.7206089763779527
0
LINE
8
BLACK
6
CONTINUOUS
10
0.4219910236220472
20
0.7206089763779527
11
0.4237357086614173
21
0.7232200393700787
0
LINE
8
BLACK
6
CONTINUOUS
10
0.4237357086614173
20
0.7232200393700787
11
0.4241937007874015
21
0.7255225196850393
0
LINE
8
BLACK
6
CONTINUOUS
10
0.4241937007874015
20
0.7255225196850393
11
0.4241937007874015
21
0.7620774803149606
0
LINE
8
BLACK
6
CONTINUOUS
10
0.4241937007874015
20
0.7620774803149606
11
0.4237357086614173
21
0.7643799606299212
0
LINE
8
BLACK
6
CONTINUOUS
10
0.4237357086614173
20
0.7643799606299212
11
0.4219910236220472
21
0.7669910236220472
0
LINE
8
BLACK
6
CONTINUOUS
10
0.4219910236220472
20
0.7669910236220472
11
0.4193799606299213
21
0.7687357086614173
0
LINE
8
BLACK
6
CONTINUOUS
10
0.4193799606299213
20
0.7687357086614173
11
0.4170774803149606
21
0.7691937007874016
0
LINE
8
BLACK
6
CONTINUOUS
10
0.4170774803149606
20
0.7691937007874016
11
0.3605225196850393
21
0.7691937007874016
0
LINE
8
BLACK
6
CONTINUOUS
10
0.3605225196850393
20
0.7691937007874016
11
0.3582200393700787
21
0.7687357086614173
0
LINE
8
BLACK
6
CONTINUOUS
10
0.3582200393700787
20
0.7687357086614173
11
0.3560124409448819
21
0.7672605905511811
0
LINE
8
BLACK
6
CONTINUOUS
10
0.3560124409448819
20
0.7672605905511811
11
0.355608937007874
21
0.7669909842519684
0
LINE
8
BLACK
6
CONTINUOUS
10
0.355608937007874
20
0.7669909842519684
11
0.3545709448818898
21
0.7654375590551181
0
LINE
8
BLACK
6
CONTINUOUS
10
0.3545709448818898
20
0.7654375590551181
11
0.3524261811023622
21
0.7636451574803149
0
LINE
8
BLACK
6
CONTINUOUS
10
0.3524261811023622
20
0.7636451574803149
11
0.3496528346456693
21
0.7632968503937008
0
LINE
8
BLACK
6
CONTINUOUS
10
0.3496528346456693
20
0.7632968503937008
11
0.3474262992125984
21
0.7642582283464566
0
LINE
8
BLACK
6
CONTINUOUS
10
0.3474262992125984
20
0.7642582283464566
11
0.3472817322834645
21
0.7643691338582677
0
LINE
8
BLACK
6
CONTINUOUS
10
0.3472817322834645
20
0.7643691338582677
11
0.3472816141732283
21
0.7643692913385827
0
LINE
8
BLACK
6
CONTINUOUS
10
0.3472816141732283
20
0.7643692913385827
11
0.3436861417322835
21
0.7664451574803149
0
LINE
8
BLACK
6
CONTINUOUS
10
0.3436861417322835
20
0.7664451574803149
11
0.3396758661417323
21
0.7675196850393701
0
LINE
8
BLACK
6
CONTINUOUS
10
0.3396758661417323
20
0.7675196850393701
11
0.3396758267716535
21
0.7675196850393701
0
LINE
8
BLACK
6
CONTINUOUS
10
0.3396758267716535
20
0.7675196850393701
11
0.3283933070866142
21
0.7675196850393701
0
LINE
8
BLACK
6
CONTINUOUS
10
0.3283933070866142
20
0.7675196850393701
11
0.3257113779527559
21
0.7683071653543307
0
LINE
8
BLACK
6
CONTINUOUS
10
0.3257113779527559
20
0.7683071653543307
11
0.3238809448818897
21
0.7704196062992126
0
LINE
8
BLACK
6
CONTINUOUS
10
0.3238809448818897
20
0.7704196062992126
11
0.3234326771653543
21
0.7724803149606299
0
LINE
8
BLACK
6
CONTINUOUS
10
0.3234326771653543
20
0.7724803149606299
11
0.3234326771653543
21
0.8314458661417322
0
LINE
8
BLACK
6
CONTINUOUS
10
0.3234326771653543
20
0.8314458661417322
11
0.324220157480315
21
0.8341277952755906
0
LINE
8
BLACK
6
CONTINUOUS
10
0.324220157480315
20
0.8341277952755906
11
0.3263325984251969
21
0.8359582283464567
0
LINE
8
BLACK
6
CONTINUOUS
10
0.3263325984251969
20
0.8359582283464567
11
0.3290992913385827
21
0.8363560236220472
0
LINE
8
BLACK
6
CONTINUOUS
10
0.3290992913385827
20
0.8363560236220472
11
0.3316418110236221
21
0.835194842519685
0
LINE
8
BLACK
6
CONTINUOUS
10
0.3316418110236221
20
0.835194842519685
11
0.3319009842519685
21
0.8349535433070866
0
LINE
8
BLACK
6
CONTINUOUS
10
0.3319009842519685
20
0.8349535433070866
11
0.3632879921259842
21
0.8035665354330709
0
LINE
8
BLACK
6
CONTINUOUS
10
0.3632879921259842
20
0.8035665354330709
11
0.3632880708661417
21
0.8035664566929134
0
LINE
8
BLACK
6
CONTINUOUS
10
0.3632880708661417
20
0.8035664566929134
11
0.364755905511811
21
0.802098622047244
0
LINE
8
BLACK
6
CONTINUOUS
10
0.364755905511811
20
0.802098622047244
11
0.3662237007874016
21
0.8006307874015748
0
LINE
8
BLACK
6
CONTINUOUS
10
0.3662237007874016
20
0.8006307874015748
11
0.3662238976377953
21
0.8006306299212598
0
LINE
8
BLACK
6
CONTINUOUS
10
0.3662238976377953
20
0.8006306299212598
11
0.3691211417322834
21
0.7989579133858268
0
LINE
8
BLACK
6
CONTINUOUS
10
0.3691211417322834
20
0.7989579133858268
11
0.3691212204724409
21
0.7989579133858268
0
LINE
8
BLACK
6
CONTINUOUS
10
0.3691212204724409
20
0.7989579133858268
11
0.3695484645669291
21
0.7987112204724409
0
LINE
8
BLACK
6
CONTINUOUS
10
0.3695484645669291
20
0.7987112204724409
11
0.3698194094488189
21
0.7985548031496063
0
LINE
8
BLACK
6
CONTINUOUS
10
0.3698194094488189
20
0.7985548031496063
11
0.3738293700787402
21
0.7974803149606299
0
LINE
8
BLACK
6
CONTINUOUS
10
0.3738293700787402
20
0.7974803149606299
11
0.3738295275590551
21
0.7974803149606299
0
LINE
8
BLACK
6
CONTINUOUS
10
0.3738295275590551
20
0.7974803149606299
11
0.3782851181102362
21
0.7974803149606299
0
LINE
8
BLACK
6
CONTINUOUS
10
0.3782851181102362
20
0.7974803149606299
11
0.3782857480314961
21
0.7974803543307086
0
LINE
8
BLACK
6
CONTINUOUS
10
0.3782857480314961
20
0.7974803543307086
11
0.4190125196850394
21
0.7974803543307086
0
LINE
8
BLACK
6
CONTINUOUS
10
0.4190125196850394
20
0.7974803543307086
11
0.4216944488188976
21
0.7966928740157481
0
LINE
8
BLACK
6
CONTINUOUS
10
0.4216944488188976
20
0.7966928740157481
11
0.4225201968503937
21
0.7960274015748031
0
LINE
8
BLACK
6
CONTINUOUS
10
0.4225201968503937
20
0.7960274015748031
11
0.4477793307086614
21
0.7707682677165354
0
LINE
8
BLACK
6
CONTINUOUS
10
0.4477793307086614
20
0.7707682677165354
11
0.449118937007874
21
0.7683150393700787
0
LINE
8
BLACK
6
CONTINUOUS
10
0.449118937007874
20
0.7683150393700787
11
0.4492322834645669
21
0.7672605905511811
0
LINE
8
BLACK
6
CONTINUOUS
10
0.4492322834645669
20
0.7672605905511811
11
0.4492322834645669
21
0.7145774803149606
0
LINE
8
BLACK
6
CONTINUOUS
10
0.4492322834645669
20
0.7145774803149606
11
0.4493715354330708
21
0.7140578346456693
0
LINE
8
BLACK
6
CONTINUOUS
10
0.4493715354330708
20
0.7140578346456693
11
0.4493049606299213
21
0.7112635039370079
0
LINE
8
BLACK
6
CONTINUOUS
10
0.4493049606299213
20
0.7112635039370079
11
0.4477382283464567
21
0.7089487401574803
0
LINE
8
BLACK
6
CONTINUOUS
10
0.4477382283464567
20
0.7089487401574803
11
0.4451687795275591
21
0.7078484645669291
0
LINE
8
BLACK
6
CONTINUOUS
10
0.4451687795275591
20
0.7078484645669291
11
0.4445799212598425
21
0.7078133858267717
0
LINE
8
BLACK
6
CONTINUOUS
10
0.4445799212598425
20
0.7078133858267717
11
0.4412970078740157
21
0.7078133858267717
0
LINE
8
BLACK
6
CONTINUOUS
10
0.4412970078740157
20
0.7078133858267717
11
0.4363872047244094
21
0.7068367716535433
0
LINE
8
BLACK
6
CONTINUOUS
10
0.4363872047244094
20
0.7068367716535433
11
0.4317622440944882
21
0.7049210236220472
0
LINE
8
BLACK
6
CONTINUOUS
10
0.4317622440944882
20
0.7049210236220472
11
0.4275999212598425
21
0.702139842519685
0
LINE
8
BLACK
6
CONTINUOUS
10
0.4275999212598425
20
0.702139842519685
11
0.4275998031496063
21
0.7021397244094488
0
LINE
8
BLACK
6
CONTINUOUS
10
0.4275998031496063
20
0.7021397244094488
11
0.4240602362204725
21
0.6986001574803149
0
LINE
8
BLACK
6
CONTINUOUS
10
0.4240602362204725
20
0.6986001574803149
11
0.4240599212598425
21
0.6985998031496062
0
LINE
8
BLACK
6
CONTINUOUS
10
0.4240599212598425
20
0.6985998031496062
11
0.4224835433070866
21
0.696240590551181
0
LINE
8
BLACK
6
CONTINUOUS
10
0.4224835433070866
20
0.696240590551181
11
0.420338779527559
21
0.6944481889763779
0
LINE
8
BLACK
6
CONTINUOUS
10
0.420338779527559
20
0.6944481889763779
11
0.4175654330708661
21
0.6940998818897638
0
LINE
8
BLACK
6
CONTINUOUS
10
0.4175654330708661
20
0.6940998818897638
11
0.4173911023622047
21
0.6941313385826772
0
LINE
8
BLACK
6
CONTINUOUS
10
0.4173911023622047
20
0.6941313385826772
11
0.4170777559055118
21
0.6941936614173229
0
LINE
8
BLACK
6
CONTINUOUS
10
0.4170777559055118
20
0.6941936614173229
11
0.4170775196850394
21
0.6941936614173229
0
LINE
8
BLACK
6
CONTINUOUS
10
0.4170775196850394
20
0.6941936614173229
11
0.4170774803149606
21
0.6941937007874016
0
LINE
8
BLACK
6
CONTINUOUS
10
0.4170774803149606
20
0.6941937007874016
11
0.3605225196850393
21
0.6941937007874016
0
LINE
8
BLACK
6
CONTINUOUS
10
0.3605225196850393
20
0.6941937007874016
11
0.3582200393700787
21
0.6937357086614173
0
LINE
8
BLACK
6
CONTINUOUS
10
0.3582200393700787
20
0.6937357086614173
11
0.3556089763779527
21
0.6919910236220472
0
LINE
8
BLACK
6
CONTINUOUS
10
0.3556089763779527
20
0.6919910236220472
11
0.3543911023622047
21
0.6901683858267716
0
LINE
8
BLACK
6
CONTINUOUS
10
0.3543911023622047
20
0.6901683858267716
11
0.3538642913385827
21
0.6893799606299212
0
LINE
8
BLACK
6
CONTINUOUS
10
0.3538642913385827
20
0.6893799606299212
11
0.3538642519685039
21
0.689379842519685
0
LINE
8
BLACK
6
CONTINUOUS
10
0.3538642519685039
20
0.689379842519685
11
0.3534062992125984
21
0.6870775590551181
0
LINE
8
BLACK
6
CONTINUOUS
10
0.3534062992125984
20
0.6870775590551181
11
0.3534062992125984
21
0.6633277165354331
0
LINE
8
BLACK
6
CONTINUOUS
10
0.3534062992125984
20
0.6633277165354331
11
0.3530604724409449
21
0.6621499212598425
0
LINE
8
BLACK
6
CONTINUOUS
10
0.3530604724409449
20
0.6621499212598425
11
0.3527995275590551
21
0.6609503543307087
0
LINE
8
BLACK
6
CONTINUOUS
10
0.3527995275590551
20
0.6609503543307087
11
0.3526493307086614
21
0.6607497244094488
0
LINE
8
BLACK
6
CONTINUOUS
10
0.3526493307086614
20
0.6607497244094488
11
0.3526188188976378
21
0.6606457874015748
0
LINE
8
BLACK
6
CONTINUOUS
10
0.3526188188976378
20
0.6606457874015748
11
0.3519533464566929
21
0.6598200393700787
0
LINE
8
BLACK
6
CONTINUOUS
10
0.3519533464566929
20
0.6598200393700787
11
0.3482909842519685
21
0.6561576771653543
0
LINE
8
BLACK
6
CONTINUOUS
10
0.3482909842519685
20
0.6561576771653543
11
0.3458377559055118
21
0.6548180708661417
0
LINE
8
BLACK
6
CONTINUOUS
10
0.3458377559055118
20
0.6548180708661417
11
0.3447833070866141
21
0.6547047244094488
0
LINE
8
BLACK
6
CONTINUOUS
10
0.3447833070866141
20
0.6547047244094488
11
0.2878543307086614
21
0.6547047244094488
0
LINE
8
BLACK
6
CONTINUOUS
10
0.2878543307086614
20
0.6547047244094488
11
0.2851724015748032
21
0.6554922047244094
0
LINE
8
BLACK
6
CONTINUOUS
10
0.2851724015748032
20
0.6554922047244094
11
0.283341968503937
21
0.6576046456692913
0
LINE
8
BLACK
6
CONTINUOUS
10
0.283341968503937
20
0.6576046456692913
11
0.2828937007874016
21
0.6596653543307086
0
LINE
8
BLACK
6
CONTINUOUS
10
0.2828937007874016
20
0.6596653543307086
11
0.2828937007874016
21
0.6657774015748031
0
LINE
8
BLACK
6
CONTINUOUS
10
0.2828937007874016
20
0.6657774015748031
11
0.2828937007874016
21
0.6657774803149606
0
LINE
8
BLACK
6
CONTINUOUS
10
0.2828937007874016
20
0.6657774803149606
11
0.2824357086614173
21
0.6680799606299213
0
LINE
8
BLACK
6
CONTINUOUS
10
0.2824357086614173
20
0.6680799606299213
11
0.2806910236220472
21
0.6706910236220472
0
LINE
8
BLACK
6
CONTINUOUS
10
0.2806910236220472
20
0.6706910236220472
11
0.2780799606299212
21
0.6724357086614173
0
LINE
8
BLACK
6
CONTINUOUS
10
0.2780799606299212
20
0.6724357086614173
11
0.2757774803149606
21
0.6728937007874015
0
LINE
8
BLACK
6
CONTINUOUS
10
0.2757774803149606
20
0.6728937007874015
11
0.2142225196850394
21
0.6728937007874015
0
LINE
8
BLACK
6
CONTINUOUS
10
0.2142225196850394
20
0.6728937007874015
11
0.2119200393700787
21
0.6724357086614173
0
LINE
8
BLACK
6
CONTINUOUS
10
0.2119200393700787
20
0.6724357086614173
11
0.2093089763779528
21
0.6706910236220472
0
LINE
8
BLACK
6
CONTINUOUS
10
0.2093089763779528
20
0.6706910236220472
11
0.2087320472440945
21
0.6698275984251968
0
LINE
8
BLACK
6
CONTINUOUS
10
0.2087320472440945
20
0.6698275984251968
11
0.2075642913385827
21
0.6680799606299213
0
LINE
8
BLACK
6
CONTINUOUS
10
0.2075642913385827
20
0.6680799606299213
11
0.2075642519685039
21
0.668079842519685
0
LINE
8
BLACK
6
CONTINUOUS
10
0.2075642519685039
20
0.668079842519685
11
0.2071062992125984
21
0.665777559055118
0
LINE
8
BLACK
6
CONTINUOUS
10
0.2071062992125984
20
0.665777559055118
11
0.2071062992125984
21
0.6596653543307086
0
LINE
8
BLACK
6
CONTINUOUS
10
0.2071062992125984
20
0.6596653543307086
11
0.2063188188976378
21
0.6569834251968504
0
LINE
8
BLACK
6
CONTINUOUS
10
0.2063188188976378
20
0.6569834251968504
11
0.2042063779527559
21
0.6551529921259842
0
LINE
8
BLACK
6
CONTINUOUS
10
0.2042063779527559
20
0.6551529921259842
11
0.2021456692913386
21
0.6547047244094488
0
LINE
8
BLACK
6
CONTINUOUS
10
0.2021456692913386
20
0.6547047244094488
11
0.1878543307086614
21
0.6547047244094488
0
LINE
8
BLACK
6
CONTINUOUS
10
0.1878543307086614
20
0.6547047244094488
11
0.1851724015748031
21
0.6554922047244094
0
LINE
8
BLACK
6
CONTINUOUS
10
0.1851724015748031
20
0.6554922047244094
11
0.183341968503937
21
0.6576046456692913
0
LINE
8
BLACK
6
CONTINUOUS
10
0.183341968503937
20
0.6576046456692913
11
0.1828937007874016
21
0.6596653543307086
0
LINE
8
BLACK
6
CONTINUOUS
10
0.1828937007874016
20
0.6596653543307086
11
0.1828937007874016
21
0.6657774015748031
0
LINE
8
BLACK
6
CONTINUOUS
10
0.1828937007874016
20
0.6657774015748031
11
0.1828937007874016
21
0.6657774803149606
0
LINE
8
BLACK
6
CONTINUOUS
10
0.1828937007874016
20
0.6657774803149606
11
0.1824357086614173
21
0.6680799606299213
0
LINE
8
BLACK
6
CONTINUOUS
10
0.1824357086614173
20
0.6680799606299213
11
0.1806910236220473
21
0.6706910236220472
0
LINE
8
BLACK
6
CONTINUOUS
10
0.1806910236220473
20
0.6706910236220472
11
0.1780799606299213
21
0.6724357086614173
0
LINE
8
BLACK
6
CONTINUOUS
10
0.1780799606299213
20
0.6724357086614173
11
0.1757774803149606
21
0.6728937007874015
0
LINE
8
BLACK
6
CONTINUOUS
10
0.1757774803149606
20
0.6728937007874015
11
0.1142225196850394
21
0.6728937007874015
0
LINE
8
BLACK
6
CONTINUOUS
10
0.1142225196850394
20
0.6728937007874015
11
0.1119200393700787
21
0.6724357086614173
0
LINE
8
BLACK
6
CONTINUOUS
10
0.1119200393700787
20
0.6724357086614173
11
0.1093089763779528
21
0.6706910236220472
0
LINE
8
BLACK
6
CONTINUOUS
10
0.1093089763779528
20
0.6706910236220472
11
0.1087320472440945
21
0.6698275984251968
0
LINE
8
BLACK
6
CONTINUOUS
10
0.1087320472440945
20
0.6698275984251968
11
0.1075642913385827
21
0.6680799606299213
0
LINE
8
BLACK
6
CONTINUOUS
10
0.1075642913385827
20
0.6680799606299213
11
0.1075642519685039
21
0.668079842519685
0
LINE
8
BLACK
6
CONTINUOUS
10
0.1075642519685039
20
0.668079842519685
11
0.1071062992125984
21
0.665777559055118
0
LINE
8
BLACK
6
CONTINUOUS
10
0.1071062992125984
20
0.665777559055118
11
0.1071062992125984
21
0.6042224015748031
0
LINE
8
BLACK
6
CONTINUOUS
10
0.1071062992125984
20
0.6042224015748031
11
0.1075642519685039
21
0.6019201181102362
0
LINE
8
BLACK
6
CONTINUOUS
10
0.1075642519685039
20
0.6019201181102362
11
0.1075642913385827
21
0.60192
0
LINE
8
BLACK
6
CONTINUOUS
10
0.1075642913385827
20
0.60192
11
0.1093089763779528
21
0.5993089763779528
0
LINE
8
BLACK
6
CONTINUOUS
10
0.1093089763779528
20
0.5993089763779528
11
0.11192
21
0.5975642913385827
0
LINE
8
BLACK
6
CONTINUOUS
10
0.11192
20
0.5975642913385827
11
0.1119201181102362
21
0.5975642519685039
0
LINE
8
BLACK
6
CONTINUOUS
10
0.1119201181102362
20
0.5975642519685039
11
0.1142224015748032
21
0.5971062992125984
0
LINE
8
BLACK
6
CONTINUOUS
10
0.1142224015748032
20
0.5971062992125984
11
0.1142225196850394
21
0.5971062992125984
0
LINE
8
BLACK
6
CONTINUOUS
10
0.1142225196850394
20
0.5971062992125984
11
0.1757775590551181
21
0.5971062992125984
0
LINE
8
BLACK
6
CONTINUOUS
10
0.1757775590551181
20
0.5971062992125984
11
0.178079842519685
21
0.5975642519685039
0
LINE
8
BLACK
6
CONTINUOUS
10
0.178079842519685
20
0.5975642519685039
11
0.1780799606299213
21
0.5975642913385827
0
LINE
8
BLACK
6
CONTINUOUS
10
0.1780799606299213
20
0.5975642913385827
11
0.1785270472440945
21
0.597863031496063
0
LINE
8
BLACK
6
CONTINUOUS
10
0.1785270472440945
20
0.597863031496063
11
0.1806910236220473
21
0.5993089763779528
0
LINE
8
BLACK
6
CONTINUOUS
10
0.1806910236220473
20
0.5993089763779528
11
0.1824357086614173
21
0.6019200393700788
0
LINE
8
BLACK
6
CONTINUOUS
10
0.1824357086614173
20
0.6019200393700788
11
0.1828937007874016
21
0.6042225196850394
0
LINE
8
BLACK
6
CONTINUOUS
10
0.1828937007874016
20
0.6042225196850394
11
0.1828937007874016
21
0.6103346456692913
0
LINE
8
BLACK
6
CONTINUOUS
10
0.1828937007874016
20
0.6103346456692913
11
0.1836811811023622
21
0.6130165748031496
0
LINE
8
BLACK
6
CONTINUOUS
10
0.1836811811023622
20
0.6130165748031496
11
0.1857936220472441
21
0.6148470078740157
0
LINE
8
BLACK
6
CONTINUOUS
10
0.1857936220472441
20
0.6148470078740157
11
0.1878543307086614
21
0.6152952755905512
0
LINE
8
BLACK
6
CONTINUOUS
10
0.1878543307086614
20
0.6152952755905512
11
0.2021456692913386
21
0.6152952755905512
0
LINE
8
BLACK
6
CONTINUOUS
10
0.2021456692913386
20
0.6152952755905512
11
0.2048275984251968
21
0.6145077952755905
0
LINE
8
BLACK
6
CONTINUOUS
10
0.2048275984251968
20
0.6145077952755905
11
0.206658031496063
21
0.6123953543307087
0
LINE
8
BLACK
6
CONTINUOUS
10
0.206658031496063
20
0.6123953543307087
11
0.2071062992125984
21
0.6103346456692913
0
LINE
8
BLACK
6
CONTINUOUS
10
0.2071062992125984
20
0.6103346456692913
11
0.2071062992125984
21
0.6042224015748031
0
LINE
8
BLACK
6
CONTINUOUS
10
0.2071062992125984
20
0.6042224015748031
11
0.2075642519685039
21
0.6019201181102362
0
LINE
8
BLACK
6
CONTINUOUS
10
0.2075642519685039
20
0.6019201181102362
11
0.2075642913385827
21
0.60192
0
LINE
8
BLACK
6
CONTINUOUS
10
0.2075642913385827
20
0.60192
11
0.2093089763779528
21
0.5993089763779528
0
LINE
8
BLACK
6
CONTINUOUS
10
0.2093089763779528
20
0.5993089763779528
11
0.21192
21
0.5975642913385827
0
LINE
8
BLACK
6
CONTINUOUS
10
0.21192
20
0.5975642913385827
11
0.2119201181102362
21
0.5975642519685039
0
LINE
8
BLACK
6
CONTINUOUS
10
0.2119201181102362
20
0.5975642519685039
11
0.2142224015748032
21
0.5971062992125984
0
LINE
8
BLACK
6
CONTINUOUS
10
0.2142224015748032
20
0.5971062992125984
11
0.2142225196850394
21
0.5971062992125984
0
LINE
8
BLACK
6
CONTINUOUS
10
0.2142225196850394
20
0.5971062992125984
11
0.2757775590551181
21
0.5971062992125984
0
LINE
8
BLACK
6
CONTINUOUS
10
0.2757775590551181
20
0.5971062992125984
11
0.278079842519685
21
0.5975642519685039
0
LINE
8
BLACK
6
CONTINUOUS
10
0.278079842519685
20
0.5975642519685039
11
0.2780799606299212
21
0.5975642913385827
0
LINE
8
BLACK
6
CONTINUOUS
10
0.2780799606299212
20
0.5975642913385827
11
0.2785270472440945
21
0.597863031496063
0
LINE
8
BLACK
6
CONTINUOUS
10
0.2785270472440945
20
0.597863031496063
11
0.2806910236220472
21
0.5993089763779528
0
LINE
8
BLACK
6
CONTINUOUS
10
0.2806910236220472
20
0.5993089763779528
11
0.2824357086614173
21
0.6019200393700788
0
LINE
8
BLACK
6
CONTINUOUS
10
0.2824357086614173
20
0.6019200393700788
11
0.2828937007874016
21
0.6042225196850394
0
LINE
8
BLACK
6
CONTINUOUS
10
0.2828937007874016
20
0.6042225196850394
11
0.2828937007874016
21
0.6103346456692913
0
LINE
8
BLACK
6
CONTINUOUS
10
0.2828937007874016
20
0.6103346456692913
11
0.2836811811023622
21
0.6130165748031496
0
LINE
8
BLACK
6
CONTINUOUS
10
0.2836811811023622
20
0.6130165748031496
11
0.2857936220472441
21
0.6148470078740157
0
LINE
8
BLACK
6
CONTINUOUS
10
0.2857936220472441
20
0.6148470078740157
11
0.2878543307086614
21
0.6152952755905512
0
LINE
8
BLACK
6
CONTINUOUS
10
0.2878543307086614
20
0.6152952755905512
11
0.3400058267716535
21
0.6152952755905512
0
LINE
8
BLACK
6
CONTINUOUS
10
0.3400058267716535
20
0.6152952755905512
11
0.3471456692913386
21
0.6152952755905512
0
LINE
8
BLACK
6
CONTINUOUS
10
0.3471456692913386
20
0.6152952755905512
11
0.3498275984251968
21
0.6145077952755905
0
LINE
8
BLACK
6
CONTINUOUS
10
0.3498275984251968
20
0.6145077952755905
11
0.351658031496063
21
0.6123953543307087
0
LINE
8
BLACK
6
CONTINUOUS
10
0.351658031496063
20
0.6123953543307087
11
0.3521062992125984
21
0.6103346456692913
0
LINE
8
BLACK
6
CONTINUOUS
10
0.3521062992125984
20
0.6103346456692913
11
0.3521062992125984
21
0.5917224015748032
0
LINE
8
BLACK
6
CONTINUOUS
10
0.3521062992125984
20
0.5917224015748032
11
0.3525642519685039
21
0.5894201181102362
0
LINE
8
BLACK
6
CONTINUOUS
10
0.3525642519685039
20
0.5894201181102362
11
0.3525642913385827
21
0.5894199999999999
0
LINE
8
BLACK
6
CONTINUOUS
10
0.3525642913385827
20
0.5894199999999999
11
0.3543089763779527
21
0.5868089763779527
0
LINE
8
BLACK
6
CONTINUOUS
10
0.3543089763779527
20
0.5868089763779527
11
0.35692
21
0.5850642913385826
0
LINE
8
BLACK
6
CONTINUOUS
10
0.35692
20
0.5850642913385826
11
0.3569201181102362
21
0.585064251968504
0
LINE
8
BLACK
6
CONTINUOUS
10
0.3569201181102362
20
0.585064251968504
11
0.3592224015748031
21
0.5846062992125984
0
LINE
8
BLACK
6
CONTINUOUS
10
0.3592224015748031
20
0.5846062992125984
11
0.3592225196850394
21
0.5846062992125984
0
LINE
8
BLACK
6
CONTINUOUS
10
0.3592225196850394
20
0.5846062992125984
11
0.4157775590551181
21
0.5846062992125984
0
LINE
8
BLACK
6
CONTINUOUS
10
0.4157775590551181
20
0.5846062992125984
11
0.4180798425196851
21
0.585064251968504
0
LINE
8
BLACK
6
CONTINUOUS
10
0.4180798425196851
20
0.585064251968504
11
0.4180799606299213
21
0.5850642913385826
0
LINE
8
BLACK
6
CONTINUOUS
10
0.4180799606299213
20
0.5850642913385826
11
0.4183472047244094
21
0.585242874015748
0
LINE
8
BLACK
6
CONTINUOUS
10
0.4183472047244094
20
0.585242874015748
11
0.4210146456692913
21
0.5860780708661417
0
LINE
8
BLACK
6
CONTINUOUS
10
0.4210146456692913
20
0.5860780708661417
11
0.4237101968503937
21
0.5853385433070866
0
LINE
8
BLACK
6
CONTINUOUS
10
0.4237101968503937
20
0.5853385433070866
11
0.425578031496063
21
0.5832591338582677
0
LINE
8
BLACK
6
CONTINUOUS
10
0.425578031496063
20
0.5832591338582677
11
0.426063779527559
21
0.5811182283464567
0
LINE
8
BLACK
6
CONTINUOUS
10
0.426063779527559
20
0.5811182283464567
11
0.426063779527559
21
0.5638817322834646
0
LINE
8
BLACK
6
CONTINUOUS
10
0.426063779527559
20
0.5638817322834646
11
0.4252762992125984
21
0.5611998031496063
0
LINE
8
BLACK
6
CONTINUOUS
10
0.4252762992125984
20
0.5611998031496063
11
0.4231638582677165
21
0.5593693700787401
0
LINE
8
BLACK
6
CONTINUOUS
10
0.4231638582677165
20
0.5593693700787401
11
0.4203971653543307
21
0.5589715748031496
0
LINE
8
BLACK
6
CONTINUOUS
10
0.4203971653543307
20
0.5589715748031496
11
0.4183471653543307
21
0.559757125984252
0
LINE
8
BLACK
6
CONTINUOUS
10
0.4183471653543307
20
0.559757125984252
11
0.4180799606299213
21
0.5599357086614173
0
LINE
8
BLACK
6
CONTINUOUS
10
0.4180799606299213
20
0.5599357086614173
11
0.4157774803149606
21
0.5603937007874016
0
LINE
8
BLACK
6
CONTINUOUS
10
0.4157774803149606
20
0.5603937007874016
11
0.4157774409448819
21
0.5603937007874016
0
LINE
8
BLACK
6
CONTINUOUS
10
0.4157774409448819
20
0.5603937007874016
11
0.3915996456692913
21
0.5603937007874016
0
LINE
8
BLACK
6
CONTINUOUS
10
0.3915996456692913
20
0.5603937007874016
11
0.390631811023622
21
0.5604890157480314
0
LINE
8
BLACK
6
CONTINUOUS
10
0.390631811023622
20
0.5604890157480314
11
0.3906285039370079
21
0.5604896456692914
0
LINE
8
BLACK
6
CONTINUOUS
10
0.3906285039370079
20
0.5604896456692914
11
0.3900224015748032
21
0.5606102362204725
0
LINE
8
BLACK
6
CONTINUOUS
10
0.3900224015748032
20
0.5606102362204725
11
0.2878543307086614
21
0.5606102362204725
0
LINE
8
BLACK
6
CONTINUOUS
10
0.2878543307086614
20
0.5606102362204725
11
0.2851724015748032
21
0.561397716535433
0
LINE
8
BLACK
6
CONTINUOUS
10
0.2851724015748032
20
0.561397716535433
11
0.283341968503937
21
0.563510157480315
0
LINE
8
BLACK
6
CONTINUOUS
10
0.283341968503937
20
0.563510157480315
11
0.2828937007874016
21
0.5655708661417322
0
LINE
8
BLACK
6
CONTINUOUS
10
0.2828937007874016
20
0.5655708661417322
11
0.2828937007874016
21
0.5657774015748032
0
LINE
8
BLACK
6
CONTINUOUS
10
0.2828937007874016
20
0.5657774015748032
11
0.2828937007874016
21
0.5657774803149607
0
LINE
8
BLACK
6
CONTINUOUS
10
0.2828937007874016
20
0.5657774803149607
11
0.2824357086614173
21
0.5680799606299213
0
LINE
8
BLACK
6
CONTINUOUS
10
0.2824357086614173
20
0.5680799606299213
11
0.2806910236220472
21
0.5706910236220473
0
LINE
8
BLACK
6
CONTINUOUS
10
0.2806910236220472
20
0.5706910236220473
11
0.2780799606299212
21
0.5724357086614174
0
LINE
8
BLACK
6
CONTINUOUS
10
0.2780799606299212
20
0.5724357086614174
11
0.2757774803149606
21
0.5728937007874015
0
LINE
8
BLACK
6
CONTINUOUS
10
0.2757774803149606
20
0.5728937007874015
11
0.2142225196850394
21
0.5728937007874015
0
LINE
8
BLACK
6
CONTINUOUS
10
0.2142225196850394
20
0.5728937007874015
11
0.2119200393700787
21
0.5724357086614174
0
LINE
8
BLACK
6
CONTINUOUS
10
0.2119200393700787
20
0.5724357086614174
11
0.2093089763779528
21
0.5706910236220473
0
LINE
8
BLACK
6
CONTINUOUS
10
0.2093089763779528
20
0.5706910236220473
11
0.2083575984251969
21
0.5692672047244094
0
LINE
8
BLACK
6
CONTINUOUS
10
0.2083575984251969
20
0.5692672047244094
11
0.2075642913385827
21
0.5680799606299213
0
LINE
8
BLACK
6
CONTINUOUS
10
0.2075642913385827
20
0.5680799606299213
11
0.2075642519685039
21
0.568079842519685
0
LINE
8
BLACK
6
CONTINUOUS
10
0.2075642519685039
20
0.568079842519685
11
0.2071062992125984
21
0.5657775590551181
0
LINE
8
BLACK
6
CONTINUOUS
10
0.2071062992125984
20
0.5657775590551181
11
0.2071062992125984
21
0.5655708661417322
0
LINE
8
BLACK
6
CONTINUOUS
10
0.2071062992125984
20
0.5655708661417322
11
0.2063188188976378
21
0.562888937007874
0
LINE
8
BLACK
6
CONTINUOUS
10
0.2063188188976378
20
0.562888937007874
11
0.2042063779527559
21
0.5610585039370078
0
LINE
8
BLACK
6
CONTINUOUS
10
0.2042063779527559
20
0.5610585039370078
11
0.2021456692913386
21
0.5606102362204725
0
LINE
8
BLACK
6
CONTINUOUS
10
0.2021456692913386
20
0.5606102362204725
11
0.1878543307086614
21
0.5606102362204725
0
LINE
8
BLACK
6
CONTINUOUS
10
0.1878543307086614
20
0.5606102362204725
11
0.1851724015748031
21
0.561397716535433
0
LINE
8
BLACK
6
CONTINUOUS
10
0.1851724015748031
20
0.561397716535433
11
0.183341968503937
21
0.563510157480315
0
LINE
8
BLACK
6
CONTINUOUS
10
0.183341968503937
20
0.563510157480315
11
0.1828937007874016
21
0.5655708661417322
0
LINE
8
BLACK
6
CONTINUOUS
10
0.1828937007874016
20
0.5655708661417322
11
0.1828937007874016
21
0.5657774015748032
0
LINE
8
BLACK
6
CONTINUOUS
10
0.1828937007874016
20
0.5657774015748032
11
0.1828937007874016
21
0.5657774803149607
0
LINE
8
BLACK
6
CONTINUOUS
10
0.1828937007874016
20
0.5657774803149607
11
0.1824357086614173
21
0.5680799606299213
0
LINE
8
BLACK
6
CONTINUOUS
10
0.1824357086614173
20
0.5680799606299213
11
0.1806910236220473
21
0.5706910236220473
0
LINE
8
BLACK
6
CONTINUOUS
10
0.1806910236220473
20
0.5706910236220473
11
0.1780799606299213
21
0.5724357086614174
0
LINE
8
BLACK
6
CONTINUOUS
10
0.1780799606299213
20
0.5724357086614174
11
0.1757774803149606
21
0.5728937007874015
0
LINE
8
BLACK
6
CONTINUOUS
10
0.1757774803149606
20
0.5728937007874015
11
0.1142225196850394
21
0.5728937007874015
0
LINE
8
BLACK
6
CONTINUOUS
10
0.1142225196850394
20
0.5728937007874015
11
0.1119200393700787
21
0.5724357086614174
0
LINE
8
BLACK
6
CONTINUOUS
10
0.1119200393700787
20
0.5724357086614174
11
0.1093089763779528
21
0.5706910236220473
0
LINE
8
BLACK
6
CONTINUOUS
10
0.1093089763779528
20
0.5706910236220473
11
0.1083575984251968
21
0.5692672047244094
0
LINE
8
BLACK
6
CONTINUOUS
10
0.1083575984251968
20
0.5692672047244094
11
0.1075642913385827
21
0.5680799606299213
0
LINE
8
BLACK
6
CONTINUOUS
10
0.1075642913385827
20
0.5680799606299213
11
0.1075642519685039
21
0.568079842519685
0
LINE
8
BLACK
6
CONTINUOUS
10
0.1075642519685039
20
0.568079842519685
11
0.1071062992125984
21
0.5657775590551181
0
LINE
8
BLACK
6
CONTINUOUS
10
0.1071062992125984
20
0.5657775590551181
11
0.1071062992125984
21
0.5042224015748031
0
LINE
8
BLACK
6
CONTINUOUS
10
0.1071062992125984
20
0.5042224015748031
11
0.1075642519685039
21
0.5019201181102362
0
LINE
8
BLACK
6
CONTINUOUS
10
0.1075642519685039
20
0.5019201181102362
11
0.1075642913385827
21
0.50192
0
LINE
8
BLACK
6
CONTINUOUS
10
0.1075642913385827
20
0.50192
11
0.1093089763779528
21
0.4993089763779527
0
LINE
8
BLACK
6
CONTINUOUS
10
0.1093089763779528
20
0.4993089763779527
11
0.11192
21
0.4975642913385827
0
LINE
8
BLACK
6
CONTINUOUS
10
0.11192
20
0.4975642913385827
11
0.1119201181102362
21
0.4975642519685039
0
LINE
8
BLACK
6
CONTINUOUS
10
0.1119201181102362
20
0.4975642519685039
11
0.1142224015748032
21
0.4971062992125984
0
LINE
8
BLACK
6
CONTINUOUS
10
0.1142224015748032
20
0.4971062992125984
11
0.1142225196850394
21
0.4971062992125984
0
LINE
8
BLACK
6
CONTINUOUS
10
0.1142225196850394
20
0.4971062992125984
11
0.1757775590551181
21
0.4971062992125984
0
LINE
8
BLACK
6
CONTINUOUS
10
0.1757775590551181
20
0.4971062992125984
11
0.178079842519685
21
0.4975642519685039
0
LINE
8
BLACK
6
CONTINUOUS
10
0.178079842519685
20
0.4975642519685039
11
0.1780799606299213
21
0.4975642913385827
0
LINE
8
BLACK
6
CONTINUOUS
10
0.1780799606299213
20
0.4975642913385827
11
0.1797794488188976
21
0.4986998818897638
0
LINE
8
BLACK
6
CONTINUOUS
10
0.1797794488188976
20
0.4986998818897638
11
0.1806910236220473
21
0.4993089763779527
0
LINE
8
BLACK
6
CONTINUOUS
10
0.1806910236220473
20
0.4993089763779527
11
0.1824357086614173
21
0.5019200393700787
0
LINE
8
BLACK
6
CONTINUOUS
10
0.1824357086614173
20
0.5019200393700787
11
0.1828937007874016
21
0.5042225196850394
0
LINE
8
BLACK
6
CONTINUOUS
10
0.1828937007874016
20
0.5042225196850394
11
0.1828937007874016
21
0.5044291338582677
0
LINE
8
BLACK
6
CONTINUOUS
10
0.1828937007874016
20
0.5044291338582677
11
0.1836811811023622
21
0.5071110629921259
0
LINE
8
BLACK
6
CONTINUOUS
10
0.1836811811023622
20
0.5071110629921259
11
0.1857936220472441
21
0.5089414960629921
0
LINE
8
BLACK
6
CONTINUOUS
10
0.1857936220472441
20
0.5089414960629921
11
0.1878543307086614
21
0.5093897637795275
0
LINE
8
BLACK
6
CONTINUOUS
10
0.1878543307086614
20
0.5093897637795275
11
0.2021456692913386
21
0.5093897637795275
0
LINE
8
BLACK
6
CONTINUOUS
10
0.2021456692913386
20
0.5093897637795275
11
0.2048275984251968
21
0.5086022834645669
0
LINE
8
BLACK
6
CONTINUOUS
10
0.2048275984251968
20
0.5086022834645669
11
0.206658031496063
21
0.506489842519685
0
LINE
8
BLACK
6
CONTINUOUS
10
0.206658031496063
20
0.506489842519685
11
0.2071062992125984
21
0.5044291338582677
0
LINE
8
BLACK
6
CONTINUOUS
10
0.2071062992125984
20
0.5044291338582677
11
0.2071062992125984
21
0.5042224015748031
0
LINE
8
BLACK
6
CONTINUOUS
10
0.2071062992125984
20
0.5042224015748031
11
0.2075642519685039
21
0.5019201181102362
0
LINE
8
BLACK
6
CONTINUOUS
10
0.2075642519685039
20
0.5019201181102362
11
0.2075642913385827
21
0.50192
0
LINE
8
BLACK
6
CONTINUOUS
10
0.2075642913385827
20
0.50192
11
0.2093089763779528
21
0.4993089763779527
0
LINE
8
BLACK
6
CONTINUOUS
10
0.2093089763779528
20
0.4993089763779527
11
0.21192
21
0.4975642913385827
0
LINE
8
BLACK
6
CONTINUOUS
10
0.21192
20
0.4975642913385827
11
0.2119201181102362
21
0.4975642519685039
0
LINE
8
BLACK
6
CONTINUOUS
10
0.2119201181102362
20
0.4975642519685039
11
0.2142224015748032
21
0.4971062992125984
0
LINE
8
BLACK
6
CONTINUOUS
10
0.2142224015748032
20
0.4971062992125984
11
0.2142225196850394
21
0.4971062992125984
0
LINE
8
BLACK
6
CONTINUOUS
10
0.2142225196850394
20
0.4971062992125984
11
0.2757775590551181
21
0.4971062992125984
0
LINE
8
BLACK
6
CONTINUOUS
10
0.2757775590551181
20
0.4971062992125984
11
0.278079842519685
21
0.4975642519685039
0
LINE
8
BLACK
6
CONTINUOUS
10
0.278079842519685
20
0.4975642519685039
11
0.2780799606299212
21
0.4975642913385827
0
LINE
8
BLACK
6
CONTINUOUS
10
0.2780799606299212
20
0.4975642913385827
11
0.2797794488188977
21
0.4986998818897638
0
LINE
8
BLACK
6
CONTINUOUS
10
0.2797794488188977
20
0.4986998818897638
11
0.2806910236220472
21
0.4993089763779527
0
LINE
8
BLACK
6
CONTINUOUS
10
0.2806910236220472
20
0.4993089763779527
11
0.2824357086614173
21
0.5019200393700787
0
LINE
8
BLACK
6
CONTINUOUS
10
0.2824357086614173
20
0.5019200393700787
11
0.2828937007874016
21
0.5042225196850394
0
LINE
8
BLACK
6
CONTINUOUS
10
0.2828937007874016
20
0.5042225196850394
11
0.2828937007874016
21
0.5044291338582677
0
LINE
8
BLACK
6
CONTINUOUS
10
0.2828937007874016
20
0.5044291338582677
11
0.2836811811023622
21
0.5071110629921259
0
LINE
8
BLACK
6
CONTINUOUS
10
0.2836811811023622
20
0.5071110629921259
11
0.2857936220472441
21
0.5089414960629921
0
LINE
8
BLACK
6
CONTINUOUS
10
0.2857936220472441
20
0.5089414960629921
11
0.2878543307086614
21
0.5093897637795275
0
LINE
8
BLACK
6
CONTINUOUS
10
0.2878543307086614
20
0.5093897637795275
11
0.3900224015748032
21
0.5093897637795275
0
LINE
8
BLACK
6
CONTINUOUS
10
0.3900224015748032
20
0.5093897637795275
11
0.390631811023622
21
0.5095109842519685
0
LINE
8
BLACK
6
CONTINUOUS
10
0.390631811023622
20
0.5095109842519685
11
0.3915996456692913
21
0.5096062992125984
0
LINE
8
BLACK
6
CONTINUOUS
10
0.3915996456692913
20
0.5096062992125984
11
0.4157775590551181
21
0.5096062992125984
0
LINE
8
BLACK
6
CONTINUOUS
10
0.4157775590551181
20
0.5096062992125984
11
0.4180798425196851
21
0.5100642519685039
0
LINE
8
BLACK
6
CONTINUOUS
10
0.4180798425196851
20
0.5100642519685039
11
0.4180799606299213
21
0.5100642913385827
0
LINE
8
BLACK
6
CONTINUOUS
10
0.4180799606299213
20
0.5100642913385827
11
0.4183472047244094
21
0.510242874015748
0
LINE
8
BLACK
6
CONTINUOUS
10
0.4183472047244094
20
0.510242874015748
11
0.4210146456692913
21
0.5110780708661418
0
LINE
8
BLACK
6
CONTINUOUS
10
0.4210146456692913
20
0.5110780708661418
11
0.4237101968503937
21
0.5103385433070866
0
LINE
8
BLACK
6
CONTINUOUS
10
0.4237101968503937
20
0.5103385433070866
11
0.425578031496063
21
0.5082591338582677
0
LINE
8
BLACK
6
CONTINUOUS
10
0.425578031496063
20
0.5082591338582677
11
0.426063779527559
21
0.5061182283464567
0
LINE
8
BLACK
6
CONTINUOUS
10
0.426063779527559
20
0.5061182283464567
11
0.426063779527559
21
0.4907616929133858
0
LINE
8
BLACK
6
CONTINUOUS
10
0.426063779527559
20
0.4907616929133858
11
0.4262687007874016
21
0.4899968897637795
0
LINE
8
BLACK
6
CONTINUOUS
10
0.4262687007874016
20
0.4899968897637795
11
0.42699
21
0.487305
0
LINE
8
BLACK
6
CONTINUOUS
10
0.42699
20
0.487305
11
0.42699
21
0.4873049606299212
0
LINE
8
BLACK
6
CONTINUOUS
10
0.42699
20
0.4873049606299212
11
0.4272724409448819
21
0.4862507874015748
0
LINE
8
BLACK
6
CONTINUOUS
10
0.4272724409448819
20
0.4862507874015748
11
0.4272724409448819
21
0.4862507086614173
0
LINE
8
BLACK
6
CONTINUOUS
10
0.4272724409448819
20
0.4862507086614173
11
0.4296074803149606
21
0.4822064173228346
0
LINE
8
BLACK
6
CONTINUOUS
10
0.4296074803149606
20
0.4822064173228346
11
0.4296077165354331
21
0.4822061023622047
0
LINE
8
BLACK
6
CONTINUOUS
10
0.4296077165354331
20
0.4822061023622047
11
0.4681911417322834
21
0.4436226771653543
0
LINE
8
BLACK
6
CONTINUOUS
10
0.4681911417322834
20
0.4436226771653543
11
0.4681915354330708
21
0.4436223622047244
0
LINE
8
BLACK
6
CONTINUOUS
10
0.4681915354330708
20
0.4436223622047244
11
0.4722358267716535
21
0.4412874015748031
0
LINE
8
BLACK
6
CONTINUOUS
10
0.4722358267716535
20
0.4412874015748031
11
0.4731889763779528
21
0.441031968503937
0
LINE
8
BLACK
6
CONTINUOUS
10
0.4731889763779528
20
0.441031968503937
11
0.4731890157480315
21
0.4410320078740158
0
LINE
8
BLACK
6
CONTINUOUS
10
0.4731890157480315
20
0.4410320078740158
11
0.4767466929133858
21
0.4400787401574803
0
LINE
8
BLACK
6
CONTINUOUS
10
0.4767466929133858
20
0.4400787401574803
11
0.4767467322834645
21
0.4400787401574803
0
LINE
8
BLACK
6
CONTINUOUS
10
0.4767467322834645
20
0.4400787401574803
11
0.5426499212598425
21
0.4400787401574803
0
LINE
8
BLACK
6
CONTINUOUS
10
0.5426499212598425
20
0.4400787401574803
11
0.5426499606299212
21
0.4400787401574803
0
LINE
8
BLACK
6
CONTINUOUS
10
0.5426499606299212
20
0.4400787401574803
11
0.5462075984251968
21
0.4410320078740158
0
LINE
8
BLACK
6
CONTINUOUS
10
0.5462075984251968
20
0.4410320078740158
11
0.5462075984251968
21
0.441031968503937
0
LINE
8
BLACK
6
CONTINUOUS
10
0.5462075984251968
20
0.441031968503937
11
0.5471606299212598
21
0.4412873622047244
0
LINE
8
BLACK
6
CONTINUOUS
10
0.5471606299212598
20
0.4412873622047244
11
0.5471607480314961
21
0.4412874015748031
0
LINE
8
BLACK
6
CONTINUOUS
10
0.5471607480314961
20
0.4412874015748031
11
0.547160905511811
21
0.4412874409448819
0
LINE
8
BLACK
6
CONTINUOUS
10
0.547160905511811
20
0.4412874409448819
11
0.5471609842519685
21
0.4412874803149606
0
LINE
8
BLACK
6
CONTINUOUS
10
0.5471609842519685
20
0.4412874803149606
11
0.547161062992126
21
0.4412875196850394
0
LINE
8
BLACK
6
CONTINUOUS
10
0.547161062992126
20
0.4412875196850394
11
0.5512051181102362
21
0.4436223622047244
0
LINE
8
BLACK
6
CONTINUOUS
10
0.5512051181102362
20
0.4436223622047244
11
0.5512053543307086
21
0.4436225590551181
0
LINE
8
BLACK
6
CONTINUOUS
10
0.5512053543307086
20
0.4436225590551181
11
0.5743771259842519
21
0.4667942913385827
0
LINE
8
BLACK
6
CONTINUOUS
10
0.5743771259842519
20
0.4667942913385827
11
0.5752014566929133
21
0.4672444094488189
0
LINE
8
BLACK
6
CONTINUOUS
10
0.5752014566929133
20
0.4672444094488189
11
0.5759247244094488
21
0.4678435433070866
0
LINE
8
BLACK
6
CONTINUOUS
10
0.5759247244094488
20
0.4678435433070866
11
0.5764053543307086
21
0.4679017716535433
0
LINE
8
BLACK
6
CONTINUOUS
10
0.5764053543307086
20
0.4679017716535433
11
0.5768303543307086
21
0.4681338582677165
0
LINE
8
BLACK
6
CONTINUOUS
10
0.5768303543307086
20
0.4681338582677165
11
0.5777672047244095
21
0.468066811023622
0
LINE
8
BLACK
6
CONTINUOUS
10
0.5777672047244095
20
0.468066811023622
11
0.5786995275590551
21
0.468179842519685
0
LINE
8
BLACK
6
CONTINUOUS
10
0.5786995275590551
20
0.468179842519685
11
0.5793254330708661
21
0.4679553937007874
0
LINE
8
BLACK
6
CONTINUOUS
10
0.5793254330708661
20
0.4679553937007874
11
0.5796183858267716
21
0.4679344488188976
0
LINE
8
BLACK
6
CONTINUOUS
10
0.5796183858267716
20
0.4679344488188976
11
0.5800451181102362
21
0.4677520866141732
0
LINE
8
BLACK
6
CONTINUOUS
10
0.5800451181102362
20
0.4677520866141732
11
0.5802088976377953
21
0.4676728346456693
0
LINE
8
BLACK
6
CONTINUOUS
10
0.5802088976377953
20
0.4676728346456693
11
0.5831540551181102
21
0.4659724803149606
0
LINE
8
BLACK
6
CONTINUOUS
10
0.5831540551181102
20
0.4659724803149606
11
0.5839772047244094
21
0.4657519291338583
0
LINE
8
BLACK
6
CONTINUOUS
10
0.5839772047244094
20
0.4657519291338583
11
0.5844307086614173
21
0.4656303937007874
0
LINE
8
BLACK
6
CONTINUOUS
10
0.5844307086614173
20
0.4656303937007874
11
0.5844307480314961
21
0.4656303937007874
0
LINE
8
BLACK
6
CONTINUOUS
10
0.5844307480314961
20
0.4656303937007874
11
0.5853123228346456
21
0.4653941732283464
0
LINE
8
BLACK
6
CONTINUOUS
10
0.5853123228346456
20
0.4653941732283464
11
0.587665
21
0.464763779527559
0
LINE
8
BLACK
6
CONTINUOUS
10
0.587665
20
0.464763779527559
11
0.5897415748031496
21
0.464763779527559
0
LINE
8
BLACK
6
CONTINUOUS
10
0.5897415748031496
20
0.464763779527559
11
0.5924235039370078
21
0.4639762992125984
0
LINE
8
BLACK
6
CONTINUOUS
10
0.5924235039370078
20
0.4639762992125984
11
0.593249251968504
21
0.4633108267716535
0
LINE
8
BLACK
6
CONTINUOUS
10
0.593249251968504
20
0.4633108267716535
11
0.5937998031496062
21
0.4627602362204724
0
LINE
8
BLACK
6
CONTINUOUS
10
0.5937998031496062
20
0.4627602362204724
11
0.5937999212598425
21
0.462760157480315
0
LINE
8
BLACK
6
CONTINUOUS
10
0.5937999212598425
20
0.462760157480315
11
0.5979622440944882
21
0.4599789763779528
0
LINE
8
BLACK
6
CONTINUOUS
10
0.5979622440944882
20
0.4599789763779528
11
0.6025872047244094
21
0.4580632283464567
0
LINE
8
BLACK
6
CONTINUOUS
10
0.6025872047244094
20
0.4580632283464567
11
0.6038146456692913
21
0.4578190551181102
0
LINE
8
BLACK
6
CONTINUOUS
10
0.6038146456692913
20
0.4578190551181102
11
0.6074968897637795
21
0.4570866141732283
0
LINE
8
BLACK
6
CONTINUOUS
10
0.6074968897637795
20
0.4570866141732283
11
0.6074970078740157
21
0.4570866141732283
0
LINE
8
BLACK
6
CONTINUOUS
10
0.6074970078740157
20
0.4570866141732283
11
0.6125030708661418
21
0.4570866141732283
0
LINE
8
BLACK
6
CONTINUOUS
10
0.6125030708661418
20
0.4570866141732283
11
0.614957874015748
21
0.4575749212598425
0
LINE
8
BLACK
6
CONTINUOUS
10
0.614957874015748
20
0.4575749212598425
11
0.6174127952755906
21
0.4580632283464567
0
LINE
8
BLACK
6
CONTINUOUS
10
0.6174127952755906
20
0.4580632283464567
11
0.6220377559055118
21
0.4599789763779528
0
LINE
8
BLACK
6
CONTINUOUS
10
0.6220377559055118
20
0.4599789763779528
11
0.6262000787401575
21
0.462760157480315
0
LINE
8
BLACK
6
CONTINUOUS
10
0.6262000787401575
20
0.462760157480315
11
0.6297398425196851
21
0.4662999212598425
0
LINE
8
BLACK
6
CONTINUOUS
10
0.6297398425196851
20
0.4662999212598425
11
0.6325210236220472
21
0.4704622440944882
0
LINE
8
BLACK
6
CONTINUOUS
10
0.6325210236220472
20
0.4704622440944882
11
0.6344367716535433
21
0.4750872047244095
0
LINE
8
BLACK
6
CONTINUOUS
10
0.6344367716535433
20
0.4750872047244095
11
0.6354133858267716
21
0.4799970078740157
0
LINE
8
BLACK
6
CONTINUOUS
10
0.6354133858267716
20
0.4799970078740157
11
0.6354133858267716
21
0.4850029921259842
0
LINE
8
BLACK
6
CONTINUOUS
10
0.6354133858267716
20
0.4850029921259842
11
0.6344367716535433
21
0.4899127952755906
0
LINE
8
BLACK
6
CONTINUOUS
10
0.6344367716535433
20
0.4899127952755906
11
0.6325210236220472
21
0.4945377559055118
0
LINE
8
BLACK
6
CONTINUOUS
10
0.6325210236220472
20
0.4945377559055118
11
0.6297398425196851
21
0.4987000787401575
0
LINE
8
BLACK
6
CONTINUOUS
10
0.6297398425196851
20
0.4987000787401575
11
0.6262000787401575
21
0.502239842519685
0
LINE
8
BLACK
6
CONTINUOUS
10
0.6262000787401575
20
0.502239842519685
11
0.6220377559055118
21
0.5050210236220473
0
LINE
8
BLACK
6
CONTINUOUS
10
0.6220377559055118
20
0.5050210236220473
11
0.6174127952755906
21
0.5069367716535433
0
LINE
8
BLACK
6
CONTINUOUS
10
0.6174127952755906
20
0.5069367716535433
11
0.6125029921259842
21
0.5079133858267716
0
LINE
8
BLACK
6
CONTINUOUS
10
0.6125029921259842
20
0.5079133858267716
11
0.6078543307086614
21
0.5079133858267716
0
LINE
8
BLACK
6
CONTINUOUS
10
0.6078543307086614
20
0.5079133858267716
11
0.6051724015748031
21
0.5087008661417323
0
LINE
8
BLACK
6
CONTINUOUS
10
0.6051724015748031
20
0.5087008661417323
11
0.603341968503937
21
0.5108133070866142
0
LINE
8
BLACK
6
CONTINUOUS
10
0.603341968503937
20
0.5108133070866142
11
0.6028937007874016
21
0.5128740157480315
0
LINE
8
BLACK
6
CONTINUOUS
10
0.6028937007874016
20
0.5128740157480315
11
0.6028937007874016
21
0.5332774015748032
0
LINE
8
BLACK
6
CONTINUOUS
10
0.6028937007874016
20
0.5332774015748032
11
0.6028937007874016
21
0.5332774803149606
0
LINE
8
BLACK
6
CONTINUOUS
10
0.6028937007874016
20
0.5332774803149606
11
0.6024357086614173
21
0.5355799606299212
0
LINE
8
BLACK
6
CONTINUOUS
10
0.6024357086614173
20
0.5355799606299212
11
0.6006910236220472
21
0.5381910236220472
0
LINE
8
BLACK
6
CONTINUOUS
10
0.6006910236220472
20
0.5381910236220472
11
0.5980799606299212
21
0.5399357086614173
0
LINE
8
BLACK
6
CONTINUOUS
10
0.5980799606299212
20
0.5399357086614173
11
0.5957774803149606
21
0.5403937007874016
0
LINE
8
BLACK
6
CONTINUOUS
10
0.5957774803149606
20
0.5403937007874016
11
0.5592225196850393
21
0.5403937007874016
0
LINE
8
BLACK
6
CONTINUOUS
10
0.5592225196850393
20
0.5403937007874016
11
0.5569200393700787
21
0.5399357086614173
0
LINE
8
BLACK
6
CONTINUOUS
10
0.5569200393700787
20
0.5399357086614173
11
0.5543089763779527
21
0.5381910236220472
0
LINE
8
BLACK
6
CONTINUOUS
10
0.5543089763779527
20
0.5381910236220472
11
0.5525642913385826
21
0.5355799606299212
0
LINE
8
BLACK
6
CONTINUOUS
10
0.5525642913385826
20
0.5355799606299212
11
0.5525642519685039
21
0.535579842519685
0
LINE
8
BLACK
6
CONTINUOUS
10
0.5525642519685039
20
0.535579842519685
11
0.5521062992125985
21
0.5332775590551181
0
LINE
8
BLACK
6
CONTINUOUS
10
0.5521062992125985
20
0.5332775590551181
11
0.5521062992125985
21
0.4967438188976378
0
LINE
8
BLACK
6
CONTINUOUS
10
0.5521062992125985
20
0.4967438188976378
11
0.5513188188976378
21
0.4940618897637795
0
LINE
8
BLACK
6
CONTINUOUS
10
0.5513188188976378
20
0.4940618897637795
11
0.5506533464566929
21
0.4932361417322835
0
LINE
8
BLACK
6
CONTINUOUS
10
0.5506533464566929
20
0.4932361417322835
11
0.5363620078740158
21
0.4789448031496063
0
LINE
8
BLACK
6
CONTINUOUS
10
0.5363620078740158
20
0.4789448031496063
11
0.533908779527559
21
0.4776051968503937
0
LINE
8
BLACK
6
CONTINUOUS
10
0.533908779527559
20
0.4776051968503937
11
0.5311207874015748
21
0.4778046062992126
0
LINE
8
BLACK
6
CONTINUOUS
10
0.5311207874015748
20
0.4778046062992126
11
0.5288831496062992
21
0.4794796850393701
0
LINE
8
BLACK
6
CONTINUOUS
10
0.5288831496062992
20
0.4794796850393701
11
0.5279063385826771
21
0.4820985826771653
0
LINE
8
BLACK
6
CONTINUOUS
10
0.5279063385826771
20
0.4820985826771653
11
0.5278937007874016
21
0.4824524803149606
0
LINE
8
BLACK
6
CONTINUOUS
10
0.5278937007874016
20
0.4824524803149606
11
0.5278937007874016
21
0.5332774015748032
0
LINE
8
BLACK
6
CONTINUOUS
10
0.5278937007874016
20
0.5332774015748032
11
0.5278937007874016
21
0.5332774803149606
0
LINE
8
BLACK
6
CONTINUOUS
10
0.5278937007874016
20
0.5332774803149606
11
0.5274357086614173
21
0.5355799606299212
0
LINE
8
BLACK
6
CONTINUOUS
10
0.5274357086614173
20
0.5355799606299212
11
0.5256910236220472
21
0.5381910236220472
0
LINE
8
BLACK
6
CONTINUOUS
10
0.5256910236220472
20
0.5381910236220472
11
0.5230799606299212
21
0.5399357086614173
0
LINE
8
BLACK
6
CONTINUOUS
10
0.5230799606299212
20
0.5399357086614173
11
0.5230798818897637
21
0.5399357086614173
0
LINE
8
BLACK
6
CONTINUOUS
10
0.5230798818897637
20
0.5399357086614173
11
0.5226737401574802
21
0.5402071259842519
0
LINE
8
BLACK
6
CONTINUOUS
10
0.5226737401574802
20
0.5402071259842519
11
0.5227351968503937
21
0.5402990944881889
0
LINE
8
BLACK
6
CONTINUOUS
10
0.5227351968503937
20
0.5402990944881889
11
0.5226757874015748
21
0.540346968503937
0
LINE
8
BLACK
6
CONTINUOUS
10
0.5226757874015748
20
0.540346968503937
11
0.5219483464566929
21
0.5406792125984252
0
LINE
8
BLACK
6
CONTINUOUS
10
0.5219483464566929
20
0.5406792125984252
11
0.5216097637795275
21
0.5412059842519685
0
LINE
8
BLACK
6
CONTINUOUS
10
0.5216097637795275
20
0.5412059842519685
11
0.521122125984252
21
0.5415989763779527
0
LINE
8
BLACK
6
CONTINUOUS
10
0.521122125984252
20
0.5415989763779527
11
0.5208694881889764
21
0.5423578346456693
0
LINE
8
BLACK
6
CONTINUOUS
10
0.5208694881889764
20
0.5423578346456693
11
0.5204371653543307
21
0.5430306299212598
0
LINE
8
BLACK
6
CONTINUOUS
10
0.5204371653543307
20
0.5430306299212598
11
0.5202786220472441
21
0.5441329921259842
0
LINE
8
BLACK
6
CONTINUOUS
10
0.5202786220472441
20
0.5441329921259842
11
0.5202393700787401
21
0.544251062992126
0
LINE
8
BLACK
6
CONTINUOUS
10
0.5202393700787401
20
0.544251062992126
11
0.5202362204724409
21
0.5444281889763779
0
LINE
8
BLACK
6
CONTINUOUS
10
0.5202362204724409
20
0.5444281889763779
11
0.5202362204724409
21
0.5475700393700788
0
LINE
8
BLACK
6
CONTINUOUS
10
0.5202362204724409
20
0.5475700393700788
11
0.5210237007874016
21
0.550251968503937
0
LINE
8
BLACK
6
CONTINUOUS
10
0.5210237007874016
20
0.550251968503937
11
0.5231361417322834
21
0.5520824015748031
0
LINE
8
BLACK
6
CONTINUOUS
10
0.5231361417322834
20
0.5520824015748031
11
0.5259028346456692
21
0.5524801968503937
0
LINE
8
BLACK
6
CONTINUOUS
10
0.5259028346456692
20
0.5524801968503937
11
0.5261644881889763
21
0.5524353937007874
0
LINE
8
BLACK
6
CONTINUOUS
10
0.5261644881889763
20
0.5524353937007874
11
0.5262354724409448
21
0.5524212598425197
0
LINE
8
BLACK
6
CONTINUOUS
10
0.5262354724409448
20
0.5524212598425197
11
0.5262355905511811
21
0.5524212598425197
0
LINE
8
BLACK
6
CONTINUOUS
10
0.5262355905511811
20
0.5524212598425197
11
0.5336070078740157
21
0.5524212598425197
0
LINE
8
BLACK
6
CONTINUOUS
10
0.5336070078740157
20
0.5524212598425197
11
0.5408366535433071
21
0.5538593307086614
0
LINE
8
BLACK
6
CONTINUOUS
10
0.5408366535433071
20
0.5538593307086614
11
0.5408368503937008
21
0.5538594094488188
0
LINE
8
BLACK
6
CONTINUOUS
10
0.5408368503937008
20
0.5538594094488188
11
0.5430103937007874
21
0.5547597244094488
0
LINE
8
BLACK
6
CONTINUOUS
10
0.5430103937007874
20
0.5547597244094488
11
0.5476468897637795
21
0.5566802362204725
0
LINE
8
BLACK
6
CONTINUOUS
10
0.5476468897637795
20
0.5566802362204725
11
0.553775905511811
21
0.5607755118110236
0
LINE
8
BLACK
6
CONTINUOUS
10
0.553775905511811
20
0.5607755118110236
11
0.5589882677165354
21
0.565987874015748
0
LINE
8
BLACK
6
CONTINUOUS
10
0.5589882677165354
20
0.565987874015748
11
0.5630835433070867
21
0.5721168897637795
0
LINE
8
BLACK
6
CONTINUOUS
10
0.5630835433070867
20
0.5721168897637795
11
0.5659044488188977
21
0.578927125984252
0
LINE
8
BLACK
6
CONTINUOUS
10
0.5659044488188977
20
0.578927125984252
11
0.5673425196850393
21
0.5861568503937008
0
LINE
8
BLACK
6
CONTINUOUS
10
0.5673425196850393
20
0.5861568503937008
11
0.5673425196850393
21
0.5935281889763779
0
LINE
8
BLACK
6
CONTINUOUS
10
0.5673425196850393
20
0.5935281889763779
11
0.5659044488188977
21
0.6007579133858267
0
LINE
8
BLACK
6
CONTINUOUS
10
0.5659044488188977
20
0.6007579133858267
11
0.5630835433070867
21
0.6075681496062992
0
LINE
8
BLACK
6
CONTINUOUS
10
0.5630835433070867
20
0.6075681496062992
11
0.5615187401574803
21
0.60991
0
LINE
8
BLACK
6
CONTINUOUS
10
0.5615187401574803
20
0.60991
11
0.561397283464567
21
0.6102979133858267
0
LINE
8
BLACK
6
CONTINUOUS
10
0.561397283464567
20
0.6102979133858267
11
0.5611310236220473
21
0.6106052362204725
0
LINE
8
BLACK
6
CONTINUOUS
10
0.5611310236220473
20
0.6106052362204725
11
0.5609866141732284
21
0.6116094094488189
0
LINE
8
BLACK
6
CONTINUOUS
10
0.5609866141732284
20
0.6116094094488189
11
0.5606835433070866
21
0.6125774015748031
0
LINE
8
BLACK
6
CONTINUOUS
10
0.5606835433070866
20
0.6125774015748031
11
0.560791062992126
21
0.6129694488188976
0
LINE
8
BLACK
6
CONTINUOUS
10
0.560791062992126
20
0.6129694488188976
11
0.5607332283464567
21
0.6133719291338583
0
LINE
8
BLACK
6
CONTINUOUS
10
0.5607332283464567
20
0.6133719291338583
11
0.5611546456692913
21
0.61429468503937
0
LINE
8
BLACK
6
CONTINUOUS
10
0.5611546456692913
20
0.61429468503937
11
0.561423031496063
21
0.6152729527559055
0
LINE
8
BLACK
6
CONTINUOUS
10
0.561423031496063
20
0.6152729527559055
11
0.5617255118110236
21
0.6155446456692913
0
LINE
8
BLACK
6
CONTINUOUS
10
0.5617255118110236
20
0.6155446456692913
11
0.5618944094488189
21
0.6159144488188977
0
LINE
8
BLACK
6
CONTINUOUS
10
0.5618944094488189
20
0.6159144488188977
11
0.5627476377952756
21
0.6164627952755906
0
LINE
8
BLACK
6
CONTINUOUS
10
0.5627476377952756
20
0.6164627952755906
11
0.5635024409448819
21
0.6171407874015747
0
LINE
8
BLACK
6
CONTINUOUS
10
0.5635024409448819
20
0.6171407874015747
11
0.5639664173228346
21
0.6172460629921259
0
LINE
8
BLACK
6
CONTINUOUS
10
0.5639664173228346
20
0.6172460629921259
11
0.5642458267716536
21
0.6174256299212598
0
LINE
8
BLACK
6
CONTINUOUS
10
0.5642458267716536
20
0.6174256299212598
11
0.5656433858267716
21
0.6176265748031496
0
LINE
8
BLACK
6
CONTINUOUS
10
0.5656433858267716
20
0.6176265748031496
11
0.5679410236220472
21
0.6176265748031496
0
LINE
8
BLACK
6
CONTINUOUS
10
0.5679410236220472
20
0.6176265748031496
11
0.5706229527559055
21
0.616839094488189
0
LINE
8
BLACK
6
CONTINUOUS
10
0.5706229527559055
20
0.616839094488189
11
0.5714487007874015
21
0.6161736220472441
0
LINE
8
BLACK
6
CONTINUOUS
10
0.5714487007874015
20
0.6161736220472441
11
0.5779338582677165
21
0.6096884645669292
0
LINE
8
BLACK
6
CONTINUOUS
10
0.5779338582677165
20
0.6096884645669292
11
0.5779338976377952
21
0.6096884251968504
0
LINE
8
BLACK
6
CONTINUOUS
10
0.5779338976377952
20
0.6096884251968504
11
0.5804679133858267
21
0.6071544094488189
0
LINE
8
BLACK
6
CONTINUOUS
10
0.5804679133858267
20
0.6071544094488189
11
0.5826800393700787
21
0.6049422834645669
0
LINE
8
BLACK
6
CONTINUOUS
10
0.5826800393700787
20
0.6049422834645669
11
0.5840196062992126
21
0.6024890551181102
0
LINE
8
BLACK
6
CONTINUOUS
10
0.5840196062992126
20
0.6024890551181102
11
0.5840376377952756
21
0.6004668503937007
0
LINE
8
BLACK
6
CONTINUOUS
10
0.5840376377952756
20
0.6004668503937007
11
0.5826574803149606
21
0.5935283858267716
0
LINE
8
BLACK
6
CONTINUOUS
10
0.5826574803149606
20
0.5935283858267716
11
0.5826574803149606
21
0.5861567322834645
0
LINE
8
BLACK
6
CONTINUOUS
10
0.5826574803149606
20
0.5861567322834645
11
0.5840955511811023
21
0.5789270866141732
0
LINE
8
BLACK
6
CONTINUOUS
10
0.5840955511811023
20
0.5789270866141732
11
0.5840956299212599
21
0.5789268897637795
0
LINE
8
BLACK
6
CONTINUOUS
10
0.5840956299212599
20
0.5789268897637795
11
0.5869164566929134
21
0.5721168897637795
0
LINE
8
BLACK
6
CONTINUOUS
10
0.5869164566929134
20
0.5721168897637795
11
0.5910116141732283
21
0.565988031496063
0
LINE
8
BLACK
6
CONTINUOUS
10
0.5910116141732283
20
0.565988031496063
11
0.591011811023622
21
0.5659877559055118
0
LINE
8
BLACK
6
CONTINUOUS
10
0.591011811023622
20
0.5659877559055118
11
0.5962239763779528
21
0.5607755905511811
0
LINE
8
BLACK
6
CONTINUOUS
10
0.5962239763779528
20
0.5607755905511811
11
0.5962242519685039
21
0.5607753937007874
0
LINE
8
BLACK
6
CONTINUOUS
10
0.5962242519685039
20
0.5607753937007874
11
0.6023531102362205
21
0.5566802362204725
0
LINE
8
BLACK
6
CONTINUOUS
10
0.6023531102362205
20
0.5566802362204725
11
0.6091631102362205
21
0.5538594094488188
0
LINE
8
BLACK
6
CONTINUOUS
10
0.6091631102362205
20
0.5538594094488188
11
0.6091633070866141
21
0.5538593307086614
0
LINE
8
BLACK
6
CONTINUOUS
10
0.6091633070866141
20
0.5538593307086614
11
0.6163929527559054
21
0.5524212598425197
0
LINE
8
BLACK
6
CONTINUOUS
10
0.6163929527559054
20
0.5524212598425197
11
0.6163930708661417
21
0.5524212598425197
0
LINE
8
BLACK
6
CONTINUOUS
10
0.6163930708661417
20
0.5524212598425197
11
0.6237644881889763
21
0.5524212598425197
0
LINE
8
BLACK
6
CONTINUOUS
10
0.6237644881889763
20
0.5524212598425197
11
0.6309941338582677
21
0.5538593307086614
0
LINE
8
BLACK
6
CONTINUOUS
10
0.6309941338582677
20
0.5538593307086614
11
0.6309943307086614
21
0.5538594094488188
0
LINE
8
BLACK
6
CONTINUOUS
10
0.6309943307086614
20
0.5538594094488188
11
0.633167874015748
21
0.5547597244094488
0
LINE
8
BLACK
6
CONTINUOUS
10
0.633167874015748
20
0.5547597244094488
11
0.6378043700787401
21
0.5566802362204725
0
LINE
8
BLACK
6
CONTINUOUS
10
0.6378043700787401
20
0.5566802362204725
11
0.6439333858267716
21
0.5607755118110236
0
LINE
8
BLACK
6
CONTINUOUS
10
0.6439333858267716
20
0.5607755118110236
11
0.6491457480314961
21
0.565987874015748
0
LINE
8
BLACK
6
CONTINUOUS
10
0.6491457480314961
20
0.565987874015748
11
0.6532410236220473
21
0.5721168897637795
0
LINE
8
BLACK
6
CONTINUOUS
10
0.6532410236220473
20
0.5721168897637795
11
0.655003622047244
21
0.5763721653543307
0
LINE
8
BLACK
6
CONTINUOUS
10
0.655003622047244
20
0.5763721653543307
11
0.6567575196850394
21
0.5785485433070866
0
LINE
8
BLACK
6
CONTINUOUS
10
0.6567575196850394
20
0.5785485433070866
11
0.6594096062992126
21
0.5794312598425196
0
LINE
8
BLACK
6
CONTINUOUS
10
0.6594096062992126
20
0.5794312598425196
11
0.6621179527559055
21
0.5787399606299213
0
LINE
8
BLACK
6
CONTINUOUS
10
0.6621179527559055
20
0.5787399606299213
11
0.6640225984251968
21
0.5766942125984252
0
LINE
8
BLACK
6
CONTINUOUS
10
0.6640225984251968
20
0.5766942125984252
11
0.6645472834645669
21
0.5744737795275591
0
LINE
8
BLACK
6
CONTINUOUS
10
0.6645472834645669
20
0.5744737795275591
11
0.6645472834645669
21
0.4385236220472441
0
LINE
8
BLACK
6
CONTINUOUS
10
0.6645472834645669
20
0.4385236220472441
11
0.6637598031496063
21
0.4358416929133858
0
LINE
8
BLACK
6
CONTINUOUS
10
0.6637598031496063
20
0.4358416929133858
11
0.6616473622047244
21
0.4340112598425196
0
LINE
8
BLACK
6
CONTINUOUS
10
0.6616473622047244
20
0.4340112598425196
11
0.659586653543307
21
0.4335629921259843
0
LINE
8
BLACK
6
CONTINUOUS
10
0.659586653543307
20
0.4335629921259843
11
0.6565446062992126
21
0.4335629921259843
0
LINE
8
BLACK
6
CONTINUOUS
10
0.6565446062992126
20
0.4335629921259843
11
0.6500755118110236
21
0.4322762204724409
0
LINE
8
BLACK
6
CONTINUOUS
10
0.6500755118110236
20
0.4322762204724409
11
0.6439817716535433
21
0.4297520866141732
0
LINE
8
BLACK
6
CONTINUOUS
10
0.6439817716535433
20
0.4297520866141732
11
0.6398764960629921
21
0.4270090157480315
0
LINE
8
BLACK
6
CONTINUOUS
10
0.6398764960629921
20
0.4270090157480315
11
0.6384975590551181
21
0.4260876377952756
0
LINE
8
BLACK
6
CONTINUOUS
10
0.6384975590551181
20
0.4260876377952756
11
0.6384973228346457
21
0.4260874409448819
0
LINE
8
BLACK
6
CONTINUOUS
10
0.6384973228346457
20
0.4260874409448819
11
0.633833779527559
21
0.4214238976377953
0
LINE
8
BLACK
6
CONTINUOUS
10
0.633833779527559
20
0.4214238976377953
11
0.6338335826771654
21
0.4214236614173228
0
LINE
8
BLACK
6
CONTINUOUS
10
0.6338335826771654
20
0.4214236614173228
11
0.6331492125984252
21
0.4203994094488189
0
LINE
8
BLACK
6
CONTINUOUS
10
0.6331492125984252
20
0.4203994094488189
11
0.6301691732283464
21
0.4159394881889764
0
LINE
8
BLACK
6
CONTINUOUS
10
0.6301691732283464
20
0.4159394881889764
11
0.6294955511811023
21
0.4143132283464567
0
LINE
8
BLACK
6
CONTINUOUS
10
0.6294955511811023
20
0.4143132283464567
11
0.6276450787401575
21
0.4098458661417323
0
LINE
8
BLACK
6
CONTINUOUS
10
0.6276450787401575
20
0.4098458661417323
11
0.6263582677165355
21
0.4033767322834645
0
LINE
8
BLACK
6
CONTINUOUS
10
0.6263582677165355
20
0.4033767322834645
11
0.6263582677165355
21
0.3967807086614173
0
LINE
8
BLACK
6
CONTINUOUS
10
0.6263582677165355
20
0.3967807086614173
11
0.6276450787401575
21
0.3903115748031496
0
LINE
8
BLACK
6
CONTINUOUS
10
0.6276450787401575
20
0.3903115748031496
11
0.6301692125984252
21
0.3842179133858268
0
LINE
8
BLACK
6
CONTINUOUS
10
0.6301692125984252
20
0.3842179133858268
11
0.6338335826771654
21
0.378733779527559
0
LINE
8
BLACK
6
CONTINUOUS
10
0.6338335826771654
20
0.378733779527559
11
0.633833779527559
21
0.3787335433070866
0
LINE
8
BLACK
6
CONTINUOUS
10
0.633833779527559
20
0.3787335433070866
11
0.6384973228346457
21
0.37407
0
LINE
8
BLACK
6
CONTINUOUS
10
0.6384973228346457
20
0.37407
11
0.6384975590551181
21
0.3740698031496063
0
LINE
8
BLACK
6
CONTINUOUS
10
0.6384975590551181
20
0.3740698031496063
11
0.6439816929133858
21
0.3704054330708662
0
LINE
8
BLACK
6
CONTINUOUS
10
0.6439816929133858
20
0.3704054330708662
11
0.6439817322834646
21
0.3704053937007874
0
LINE
8
BLACK
6
CONTINUOUS
10
0.6439817322834646
20
0.3704053937007874
11
0.6439817716535433
21
0.3704053937007874
0
LINE
8
BLACK
6
CONTINUOUS
10
0.6439817716535433
20
0.3704053937007874
11
0.6451547637795275
21
0.3699195275590551
0
LINE
8
BLACK
6
CONTINUOUS
10
0.6451547637795275
20
0.3699195275590551
11
0.6500753543307086
21
0.3678812992125984
0
LINE
8
BLACK
6
CONTINUOUS
10
0.6500753543307086
20
0.3678812992125984
11
0.6500754724409449
21
0.3678812598425197
0
LINE
8
BLACK
6
CONTINUOUS
10
0.6500754724409449
20
0.3678812598425197
11
0.6500755118110236
21
0.3678812598425197
0
LINE
8
BLACK
6
CONTINUOUS
10
0.6500755118110236
20
0.3678812598425197
11
0.6517255905511811
21
0.367553031496063
0
LINE
8
BLACK
6
CONTINUOUS
10
0.6517255905511811
20
0.367553031496063
11
0.6565444881889764
21
0.3665944881889764
0
LINE
8
BLACK
6
CONTINUOUS
10
0.6565444881889764
20
0.3665944881889764
11
0.6565446062992126
21
0.3665944881889764
0
LINE
8
BLACK
6
CONTINUOUS
10
0.6565446062992126
20
0.3665944881889764
11
0.6631405118110236
21
0.3665944881889764
0
LINE
8
BLACK
6
CONTINUOUS
10
0.6631405118110236
20
0.3665944881889764
11
0.6663530708661417
21
0.3672335039370079
0
LINE
8
BLACK
6
CONTINUOUS
10
0.6663530708661417
20
0.3672335039370079
11
0.6696095275590551
21
0.3678812598425197
0
LINE
8
BLACK
6
CONTINUOUS
10
0.6696095275590551
20
0.3678812598425197
11
0.6696095669291339
21
0.3678812598425197
0
LINE
8
BLACK
6
CONTINUOUS
10
0.6696095669291339
20
0.3678812598425197
11
0.6696096456692914
21
0.3678812992125984
0
LINE
8
BLACK
6
CONTINUOUS
10
0.6696096456692914
20
0.3678812992125984
11
0.6757032677165354
21
0.3704053937007874
0
LINE
8
BLACK
6
CONTINUOUS
10
0.6757032677165354
20
0.3704053937007874
11
0.6784842125984252
21
0.3722635433070866
0
LINE
8
BLACK
6
CONTINUOUS
10
0.6784842125984252
20
0.3722635433070866
11
0.6788721653543307
21
0.372385
0
LINE
8
BLACK
6
CONTINUOUS
10
0.6788721653543307
20
0.372385
11
0.6791794488188976
21
0.3726512598425197
0
LINE
8
BLACK
6
CONTINUOUS
10
0.6791794488188976
20
0.3726512598425197
11
0.6801835826771654
21
0.3727956299212598
0
LINE
8
BLACK
6
CONTINUOUS
10
0.6801835826771654
20
0.3727956299212598
11
0.6811516535433071
21
0.3730987401574803
0
LINE
8
BLACK
6
CONTINUOUS
10
0.6811516535433071
20
0.3730987401574803
11
0.6815436614173228
21
0.3729911811023622
0
LINE
8
BLACK
6
CONTINUOUS
10
0.6815436614173228
20
0.3729911811023622
11
0.6819461417322834
21
0.3730490551181102
0
LINE
8
BLACK
6
CONTINUOUS
10
0.6819461417322834
20
0.3730490551181102
11
0.6828689763779527
21
0.3726275590551181
0
LINE
8
BLACK
6
CONTINUOUS
10
0.6828689763779527
20
0.3726275590551181
11
0.6838472047244094
21
0.3723592125984252
0
LINE
8
BLACK
6
CONTINUOUS
10
0.6838472047244094
20
0.3723592125984252
11
0.6841188582677166
21
0.3720567322834645
0
LINE
8
BLACK
6
CONTINUOUS
10
0.6841188582677166
20
0.3720567322834645
11
0.6844886614173228
21
0.371887874015748
0
LINE
8
BLACK
6
CONTINUOUS
10
0.6844886614173228
20
0.371887874015748
11
0.6850370078740158
21
0.3710346062992126
0
LINE
8
BLACK
6
CONTINUOUS
10
0.6850370078740158
20
0.3710346062992126
11
0.6857150393700787
21
0.3702798031496063
0
LINE
8
BLACK
6
CONTINUOUS
10
0.6857150393700787
20
0.3702798031496063
11
0.6858203149606299
21
0.3698157874015748
0
LINE
8
BLACK
6
CONTINUOUS
10
0.6858203149606299
20
0.3698157874015748
11
0.685999842519685
21
0.3695364566929134
0
LINE
8
BLACK
6
CONTINUOUS
10
0.685999842519685
20
0.3695364566929134
11
0.6862007874015748
21
0.3681388976377953
0
LINE
8
BLACK
6
CONTINUOUS
10
0.6862007874015748
20
0.3681388976377953
11
0.6862007874015748
21
0.3637023228346457
0
LINE
8
BLACK
6
CONTINUOUS
10
0.6862007874015748
20
0.3637023228346457
11
0.6854133070866142
21
0.3610203937007874
0
LINE
8
BLACK
6
CONTINUOUS
10
0.6854133070866142
20
0.3610203937007874
11
0.6839961417322834
21
0.3595777165354331
0
LINE
8
BLACK
6
CONTINUOUS
10
0.6839961417322834
20
0.3595777165354331
11
0.6786550393700788
21
0.3560088976377953
0
LINE
8
BLACK
6
CONTINUOUS
10
0.6786550393700788
20
0.3560088976377953
11
0.6786548031496062
21
0.3560087007874015
0
LINE
8
BLACK
6
CONTINUOUS
10
0.6786548031496062
20
0.3560087007874015
11
0.6739912598425196
21
0.351345157480315
0
LINE
8
BLACK
6
CONTINUOUS
10
0.6739912598425196
20
0.351345157480315
11
0.6739911023622047
21
0.3513449606299213
0
LINE
8
BLACK
6
CONTINUOUS
10
0.6739911023622047
20
0.3513449606299213
11
0.6703266535433071
21
0.3458607480314961
0
LINE
8
BLACK
6
CONTINUOUS
10
0.6703266535433071
20
0.3458607480314961
11
0.6694103937007874
21
0.3436487401574803
0
LINE
8
BLACK
6
CONTINUOUS
10
0.6694103937007874
20
0.3436487401574803
11
0.6678025590551181
21
0.339767125984252
0
LINE
8
BLACK
6
CONTINUOUS
10
0.6678025590551181
20
0.339767125984252
11
0.666515748031496
21
0.3332979921259843
0
LINE
8
BLACK
6
CONTINUOUS
10
0.666515748031496
20
0.3332979921259843
11
0.666515748031496
21
0.326701968503937
0
LINE
8
BLACK
6
CONTINUOUS
10
0.666515748031496
20
0.326701968503937
11
0.6678025590551181
21
0.3202328346456693
0
LINE
8
BLACK
6
CONTINUOUS
10
0.6678025590551181
20
0.3202328346456693
11
0.6703266929133858
21
0.3141391732283464
0
LINE
8
BLACK
6
CONTINUOUS
10
0.6703266929133858
20
0.3141391732283464
11
0.673991062992126
21
0.3086550393700787
0
LINE
8
BLACK
6
CONTINUOUS
10
0.673991062992126
20
0.3086550393700787
11
0.6739912598425196
21
0.3086548031496063
0
LINE
8
BLACK
6
CONTINUOUS
10
0.6739912598425196
20
0.3086548031496063
11
0.6786548031496062
21
0.3039912598425197
0
LINE
8
BLACK
6
CONTINUOUS
10
0.6786548031496062
20
0.3039912598425197
11
0.6786550393700788
21
0.303991062992126
0
LINE
8
BLACK
6
CONTINUOUS
10
0.6786550393700788
20
0.303991062992126
11
0.6841391732283464
21
0.3003266929133858
0
LINE
8
BLACK
6
CONTINUOUS
10
0.6841391732283464
20
0.3003266929133858
11
0.6902328346456693
21
0.2978025590551181
0
LINE
8
BLACK
6
CONTINUOUS
10
0.6902328346456693
20
0.2978025590551181
11
0.6902329527559055
21
0.2978025196850393
0
LINE
8
BLACK
6
CONTINUOUS
10
0.6902329527559055
20
0.2978025196850393
11
0.6902329921259842
21
0.2978025196850393
0
LINE
8
BLACK
6
CONTINUOUS
10
0.6902329921259842
20
0.2978025196850393
11
0.6918830708661418
21
0.2974742913385827
0
LINE
8
BLACK
6
CONTINUOUS
10
0.6918830708661418
20
0.2974742913385827
11
0.696701968503937
21
0.2965157480314961
0
LINE
8
BLACK
6
CONTINUOUS
10
0.696701968503937
20
0.2965157480314961
11
0.6967020866141732
21
0.2965157480314961
0
LINE
8
BLACK
6
CONTINUOUS
10
0.6967020866141732
20
0.2965157480314961
11
0.7032979921259842
21
0.2965157480314961
0
LINE
8
BLACK
6
CONTINUOUS
10
0.7032979921259842
20
0.2965157480314961
11
0.7069920472440945
21
0.2972505511811023
0
LINE
8
BLACK
6
CONTINUOUS
10
0.7069920472440945
20
0.2972505511811023
11
0.7097670078740157
21
0.2978025196850393
0
LINE
8
BLACK
6
CONTINUOUS
10
0.7097670078740157
20
0.2978025196850393
11
0.7097670472440945
21
0.2978025196850393
0
LINE
8
BLACK
6
CONTINUOUS
10
0.7097670472440945
20
0.2978025196850393
11
0.709767125984252
21
0.2978025590551181
0
LINE
8
BLACK
6
CONTINUOUS
10
0.709767125984252
20
0.2978025590551181
11
0.711551968503937
21
0.2985418897637795
0
LINE
8
BLACK
6
CONTINUOUS
10
0.711551968503937
20
0.2985418897637795
11
0.715860748031496
21
0.3003266535433071
0
LINE
8
BLACK
6
CONTINUOUS
10
0.715860748031496
20
0.3003266535433071
11
0.7206737401574803
21
0.3035425984251968
0
LINE
8
BLACK
6
CONTINUOUS
10
0.7206737401574803
20
0.3035425984251968
11
0.7213449212598425
21
0.303991062992126
0
LINE
8
BLACK
6
CONTINUOUS
10
0.7213449212598425
20
0.303991062992126
11
0.7213451574803149
21
0.3039912598425197
0
LINE
8
BLACK
6
CONTINUOUS
10
0.7213451574803149
20
0.3039912598425197
11
0.7260087007874015
21
0.3086548031496063
0
LINE
8
BLACK
6
CONTINUOUS
10
0.7260087007874015
20
0.3086548031496063
11
0.7260088976377953
21
0.3086550393700787
0
LINE
8
BLACK
6
CONTINUOUS
10
0.7260088976377953
20
0.3086550393700787
11
0.728157125984252
21
0.3118700787401575
0
LINE
8
BLACK
6
CONTINUOUS
10
0.728157125984252
20
0.3118700787401575
11
0.7296733464566929
21
0.314139251968504
0
LINE
8
BLACK
6
CONTINUOUS
10
0.7296733464566929
20
0.314139251968504
11
0.7321974803149606
21
0.3202329921259842
0
LINE
8
BLACK
6
CONTINUOUS
10
0.7321974803149606
20
0.3202329921259842
11
0.733484251968504
21
0.3267020866141732
0
LINE
8
BLACK
6
CONTINUOUS
10
0.733484251968504
20
0.3267020866141732
11
0.733484251968504
21
0.3332979133858268
0
LINE
8
BLACK
6
CONTINUOUS
10
0.733484251968504
20
0.3332979133858268
11
0.7321974803149606
21
0.3397670078740158
0
LINE
8
BLACK
6
CONTINUOUS
10
0.7321974803149606
20
0.3397670078740158
11
0.7296733464566929
21
0.3458607480314961
0
LINE
8
BLACK
6
CONTINUOUS
10
0.7296733464566929
20
0.3458607480314961
11
0.7260088976377953
21
0.3513449606299213
0
LINE
8
BLACK
6
CONTINUOUS
10
0.7260088976377953
20
0.3513449606299213
11
0.7213449606299213
21
0.3560088976377953
0
LINE
8
BLACK
6
CONTINUOUS
10
0.7213449606299213
20
0.3560088976377953
11
0.7160038188976378
21
0.3595777165354331
0
LINE
8
BLACK
6
CONTINUOUS
10
0.7160038188976378
20
0.3595777165354331
11
0.7158001574803149
21
0.3598214173228346
0
LINE
8
BLACK
6
CONTINUOUS
10
0.7158001574803149
20
0.3598214173228346
11
0.7155113385826771
21
0.3599533464566929
0
LINE
8
BLACK
6
CONTINUOUS
10
0.7155113385826771
20
0.3599533464566929
11
0.714916811023622
21
0.3608783858267716
0
LINE
8
BLACK
6
CONTINUOUS
10
0.714916811023622
20
0.3608783858267716
11
0.7142114173228347
21
0.3617224803149606
0
LINE
8
BLACK
6
CONTINUOUS
10
0.7142114173228347
20
0.3617224803149606
11
0.7141333070866142
21
0.3620975196850393
0
LINE
8
BLACK
6
CONTINUOUS
10
0.7141333070866142
20
0.3620975196850393
11
0.714000157480315
21
0.3623047637795275
0
LINE
8
BLACK
6
CONTINUOUS
10
0.714000157480315
20
0.3623047637795275
11
0.7137992125984252
21
0.3637023228346457
0
LINE
8
BLACK
6
CONTINUOUS
10
0.7137992125984252
20
0.3637023228346457
11
0.7137992125984252
21
0.3678758661417323
0
LINE
8
BLACK
6
CONTINUOUS
10
0.7137992125984252
20
0.3678758661417323
11
0.7145866929133858
21
0.3705577952755905
0
LINE
8
BLACK
6
CONTINUOUS
10
0.7145866929133858
20
0.3705577952755905
11
0.7166991338582677
21
0.3723882283464567
0
LINE
8
BLACK
6
CONTINUOUS
10
0.7166991338582677
20
0.3723882283464567
11
0.7194658267716535
21
0.3727860236220472
0
LINE
8
BLACK
6
CONTINUOUS
10
0.7194658267716535
20
0.3727860236220472
11
0.7215158267716535
21
0.3720004724409449
0
LINE
8
BLACK
6
CONTINUOUS
10
0.7215158267716535
20
0.3720004724409449
11
0.7239029527559055
21
0.3704054330708662
0
LINE
8
BLACK
6
CONTINUOUS
10
0.7239029527559055
20
0.3704054330708662
11
0.7239029921259842
21
0.3704053937007874
0
LINE
8
BLACK
6
CONTINUOUS
10
0.7239029921259842
20
0.3704053937007874
11
0.7239030314960629
21
0.3704053937007874
0
LINE
8
BLACK
6
CONTINUOUS
10
0.7239030314960629
20
0.3704053937007874
11
0.7250760236220473
21
0.3699195275590551
0
LINE
8
BLACK
6
CONTINUOUS
10
0.7250760236220473
20
0.3699195275590551
11
0.7299966141732284
21
0.3678812992125984
0
LINE
8
BLACK
6
CONTINUOUS
10
0.7299966141732284
20
0.3678812992125984
11
0.7299967322834645
21
0.3678812598425197
0
LINE
8
BLACK
6
CONTINUOUS
10
0.7299967322834645
20
0.3678812598425197
11
0.7299967716535433
21
0.3678812598425197
0
LINE
8
BLACK
6
CONTINUOUS
10
0.7299967716535433
20
0.3678812598425197
11
0.7316468503937008
21
0.367553031496063
0
LINE
8
BLACK
6
CONTINUOUS
10
0.7316468503937008
20
0.367553031496063
11
0.736465748031496
21
0.3665944881889764
0
LINE
8
BLACK
6
CONTINUOUS
10
0.736465748031496
20
0.3665944881889764
11
0.7364658661417323
21
0.3665944881889764
0
LINE
8
BLACK
6
CONTINUOUS
10
0.7364658661417323
20
0.3665944881889764
11
0.7430617716535433
21
0.3665944881889764
0
LINE
8
BLACK
6
CONTINUOUS
10
0.7430617716535433
20
0.3665944881889764
11
0.7462743307086614
21
0.3672335039370079
0
LINE
8
BLACK
6
CONTINUOUS
10
0.7462743307086614
20
0.3672335039370079
11
0.7495307874015747
21
0.3678812598425197
0
LINE
8
BLACK
6
CONTINUOUS
10
0.7495307874015747
20
0.3678812598425197
11
0.7495308267716535
21
0.3678812598425197
0
LINE
8
BLACK
6
CONTINUOUS
10
0.7495308267716535
20
0.3678812598425197
11
0.749530905511811
21
0.3678812992125984
0
LINE
8
BLACK
6
CONTINUOUS
10
0.749530905511811
20
0.3678812992125984
11
0.7535267322834646
21
0.3695364566929134
0
LINE
8
BLACK
6
CONTINUOUS
10
0.7535267322834646
20
0.3695364566929134
11
0.7556245275590551
21
0.3704053937007874
0
LINE
8
BLACK
6
CONTINUOUS
10
0.7556245275590551
20
0.3704053937007874
11
0.76058468503937
21
0.3737196850393701
0
LINE
8
BLACK
6
CONTINUOUS
10
0.76058468503937
20
0.3737196850393701
11
0.7609490157480315
21
0.3739631102362205
0
LINE
8
BLACK
6
CONTINUOUS
10
0.7609490157480315
20
0.3739631102362205
11
0.7636164566929133
21
0.3747983464566929
0
LINE
8
BLACK
6
CONTINUOUS
10
0.7636164566929133
20
0.3747983464566929
11
0.7663120078740158
21
0.3740588582677165
0
LINE
8
BLACK
6
CONTINUOUS
10
0.7663120078740158
20
0.3740588582677165
11
0.7680010236220473
21
0.3723188582677165
0
LINE
8
BLACK
6
CONTINUOUS
10
0.7680010236220473
20
0.3723188582677165
11
0.7688793307086614
21
0.3707975590551181
0
LINE
8
BLACK
6
CONTINUOUS
10
0.7688793307086614
20
0.3707975590551181
11
0.7688795669291338
21
0.3707972440944882
0
LINE
8
BLACK
6
CONTINUOUS
10
0.7688795669291338
20
0.3707972440944882
11
0.7808548031496063
21
0.3588220078740157
0
LINE
8
BLACK
6
CONTINUOUS
10
0.7808548031496063
20
0.3588220078740157
11
0.7808551968503937
21
0.3588216929133858
0
LINE
8
BLACK
6
CONTINUOUS
10
0.7808551968503937
20
0.3588216929133858
11
0.7837770472440945
21
0.3571347637795276
0
LINE
8
BLACK
6
CONTINUOUS
10
0.7837770472440945
20
0.3571347637795276
11
0.7837771653543307
21
0.3571347244094488
0
LINE
8
BLACK
6
CONTINUOUS
10
0.7837771653543307
20
0.3571347244094488
11
0.7837772440944881
21
0.3571346850393701
0
LINE
8
BLACK
6
CONTINUOUS
10
0.7837772440944881
20
0.3571346850393701
11
0.7870365354330708
21
0.3562613779527559
0
LINE
8
BLACK
6
CONTINUOUS
10
0.7870365354330708
20
0.3562613779527559
11
0.7893607874015748
21
0.3562613779527559
0
LINE
8
BLACK
6
CONTINUOUS
10
0.7893607874015748
20
0.3562613779527559
11
0.792042716535433
21
0.3554738976377952
0
LINE
8
BLACK
6
CONTINUOUS
10
0.792042716535433
20
0.3554738976377952
11
0.7928684645669292
21
0.3548084251968504
0
LINE
8
BLACK
6
CONTINUOUS
10
0.7928684645669292
20
0.3548084251968504
11
0.7997992519685039
21
0.3478775984251968
0
LINE
8
BLACK
6
CONTINUOUS
10
0.7997992519685039
20
0.3478775984251968
11
0.7997994881889764
21
0.3478773622047244
0
LINE
8
BLACK
6
CONTINUOUS
10
0.7997994881889764
20
0.3478773622047244
11
0.7999548818897637
21
0.3477220078740157
0
LINE
8
BLACK
6
CONTINUOUS
10
0.7999548818897637
20
0.3477220078740157
11
0.7999549606299212
21
0.3477219291338582
0
LINE
8
BLACK
6
CONTINUOUS
10
0.7999549606299212
20
0.3477219291338582
11
0.802340905511811
21
0.3453359842519685
0
LINE
8
BLACK
6
CONTINUOUS
10
0.802340905511811
20
0.3453359842519685
11
0.8035646850393701
21
0.3446294488188976
0
LINE
8
BLACK
6
CONTINUOUS
10
0.8035646850393701
20
0.3446294488188976
11
0.803937716535433
21
0.3444140157480315
0
LINE
8
BLACK
6
CONTINUOUS
10
0.803937716535433
20
0.3444140157480315
11
0.8039377952755905
21
0.3444140157480315
0
LINE
8
BLACK
6
CONTINUOUS
10
0.8039377952755905
20
0.3444140157480315
11
0.8052629921259842
21
0.3436488976377953
0
LINE
8
BLACK
6
CONTINUOUS
10
0.8052629921259842
20
0.3436488976377953
11
0.8052633070866142
21
0.3436487401574803
0
LINE
8
BLACK
6
CONTINUOUS
10
0.8052633070866142
20
0.3436487401574803
11
0.8085222047244094
21
0.3427755118110236
0
LINE
8
BLACK
6
CONTINUOUS
10
0.8085222047244094
20
0.3427755118110236
11
0.8085223622047244
21
0.3427755118110236
0
LINE
8
BLACK
6
CONTINUOUS
10
0.8085223622047244
20
0.3427755118110236
11
0.8122004724409448
21
0.3427755118110236
0
LINE
8
BLACK
6
CONTINUOUS
10
0.8122004724409448
20
0.3427755118110236
11
0.8122011023622047
21
0.3427755511811024
0
LINE
8
BLACK
6
CONTINUOUS
10
0.8122011023622047
20
0.3427755511811024
11
0.8221989370078739
21
0.3427755511811024
0
LINE
8
BLACK
6
CONTINUOUS
10
0.8221989370078739
20
0.3427755511811024
11
0.8248808661417323
21
0.3419880708661417
0
LINE
8
BLACK
6
CONTINUOUS
10
0.8248808661417323
20
0.3419880708661417
11
0.8267112992125984
21
0.3398756299212599
0
LINE
8
BLACK
6
CONTINUOUS
10
0.8267112992125984
20
0.3398756299212599
11
0.8271090944881889
21
0.337108937007874
0
LINE
8
BLACK
6
CONTINUOUS
10
0.8271090944881889
20
0.337108937007874
11
0.827064251968504
21
0.336847125984252
0
LINE
8
BLACK
6
CONTINUOUS
10
0.827064251968504
20
0.336847125984252
11
0.8263582677165354
21
0.3332979921259843
0
LINE
8
BLACK
6
CONTINUOUS
10
0.8263582677165354
20
0.3332979921259843
11
0.8263582677165354
21
0.326701968503937
0
LINE
8
BLACK
6
CONTINUOUS
10
0.8263582677165354
20
0.326701968503937
11
0.8276450787401575
21
0.3202328346456693
0
LINE
8
BLACK
6
CONTINUOUS
10
0.8276450787401575
20
0.3202328346456693
11
0.8301692125984251
21
0.3141391732283464
0
LINE
8
BLACK
6
CONTINUOUS
10
0.8301692125984251
20
0.3141391732283464
11
0.8338335826771653
21
0.3086550393700787
0
LINE
8
BLACK
6
CONTINUOUS
10
0.8338335826771653
20
0.3086550393700787
11
0.833833779527559
21
0.3086548031496063
0
LINE
8
BLACK
6
CONTINUOUS
10
0.833833779527559
20
0.3086548031496063
11
0.8384973228346456
21
0.3039912598425197
0
LINE
8
BLACK
6
CONTINUOUS
10
0.8384973228346456
20
0.3039912598425197
11
0.8384975590551181
21
0.303991062992126
0
LINE
8
BLACK
6
CONTINUOUS
10
0.8384975590551181
20
0.303991062992126
11
0.8439816929133858
21
0.3003266929133858
0
LINE
8
BLACK
6
CONTINUOUS
10
0.8439816929133858
20
0.3003266929133858
11
0.8500753543307087
21
0.2978025590551181
0
LINE
8
BLACK
6
CONTINUOUS
10
0.8500753543307087
20
0.2978025590551181
11
0.8500754724409448
21
0.2978025196850393
0
LINE
8
BLACK
6
CONTINUOUS
10
0.8500754724409448
20
0.2978025196850393
11
0.8500755118110236
21
0.2978025196850393
0
LINE
8
BLACK
6
CONTINUOUS
10
0.8500755118110236
20
0.2978025196850393
11
0.8517255905511811
21
0.2974742913385827
0
LINE
8
BLACK
6
CONTINUOUS
10
0.8517255905511811
20
0.2974742913385827
11
0.8565444881889763
21
0.2965157480314961
0
LINE
8
BLACK
6
CONTINUOUS
10
0.8565444881889763
20
0.2965157480314961
11
0.8565446062992126
21
0.2965157480314961
0
LINE
8
BLACK
6
CONTINUOUS
10
0.8565446062992126
20
0.2965157480314961
11
0.8631405118110236
21
0.2965157480314961
0
LINE
8
BLACK
6
CONTINUOUS
10
0.8631405118110236
20
0.2965157480314961
11
0.8668345669291339
21
0.2972505511811023
0
LINE
8
BLACK
6
CONTINUOUS
10
0.8668345669291339
20
0.2972505511811023
11
0.8696095275590551
21
0.2978025196850393
0
LINE
8
BLACK
6
CONTINUOUS
10
0.8696095275590551
20
0.2978025196850393
11
0.8696095669291338
21
0.2978025196850393
0
LINE
8
BLACK
6
CONTINUOUS
10
0.8696095669291338
20
0.2978025196850393
11
0.8696096456692913
21
0.2978025590551181
0
LINE
8
BLACK
6
CONTINUOUS
10
0.8696096456692913
20
0.2978025590551181
11
0.8713944881889764
21
0.2985418897637795
0
LINE
8
BLACK
6
CONTINUOUS
10
0.8713944881889764
20
0.2985418897637795
11
0.8757032677165354
21
0.3003266535433071
0
LINE
8
BLACK
6
CONTINUOUS
10
0.8757032677165354
20
0.3003266535433071
11
0.8805162598425197
21
0.3035425984251968
0
LINE
8
BLACK
6
CONTINUOUS
10
0.8805162598425197
20
0.3035425984251968
11
0.8811874409448819
21
0.303991062992126
0
LINE
8
BLACK
6
CONTINUOUS
10
0.8811874409448819
20
0.303991062992126
11
0.8811876771653543
21
0.3039912598425197
0
LINE
8
BLACK
6
CONTINUOUS
10
0.8811876771653543
20
0.3039912598425197
11
0.8858512204724409
21
0.3086548031496063
0
LINE
8
BLACK
6
CONTINUOUS
10
0.8858512204724409
20
0.3086548031496063
11
0.8858514173228347
21
0.3086550393700787
0
LINE
8
BLACK
6
CONTINUOUS
10
0.8858514173228347
20
0.3086550393700787
11
0.8879996456692913
21
0.3118700787401575
0
LINE
8
BLACK
6
CONTINUOUS
10
0.8879996456692913
20
0.3118700787401575
11
0.8895158661417323
21
0.314139251968504
0
LINE
8
BLACK
6
CONTINUOUS
10
0.8895158661417323
20
0.314139251968504
11
0.8920399999999999
21
0.3202329921259842
0
LINE
8
BLACK
6
CONTINUOUS
10
0.8920399999999999
20
0.3202329921259842
11
0.8933267716535432
21
0.3267020866141732
0
LINE
8
BLACK
6
CONTINUOUS
10
0.8933267716535432
20
0.3267020866141732
11
0.8933267716535432
21
0.3332979133858268
0
LINE
8
BLACK
6
CONTINUOUS
10
0.8933267716535432
20
0.3332979133858268
11
0.8920399999999999
21
0.3397670078740158
0
LINE
8
BLACK
6
CONTINUOUS
10
0.8920399999999999
20
0.3397670078740158
11
0.8895158661417323
21
0.3458607480314961
0
LINE
8
BLACK
6
CONTINUOUS
10
0.8895158661417323
20
0.3458607480314961
11
0.8858514173228347
21
0.3513449606299213
0
LINE
8
BLACK
6
CONTINUOUS
10
0.8858514173228347
20
0.3513449606299213
11
0.8811874803149606
21
0.3560088976377953
0
LINE
8
BLACK
6
CONTINUOUS
10
0.8811874803149606
20
0.3560088976377953
11
0.8757032677165354
21
0.3596733464566929
0
LINE
8
BLACK
6
CONTINUOUS
10
0.8757032677165354
20
0.3596733464566929
11
0.8696095275590551
21
0.3621974803149606
0
LINE
8
BLACK
6
CONTINUOUS
10
0.8696095275590551
20
0.3621974803149606
11
0.8631404330708661
21
0.3634842519685039
0
LINE
8
BLACK
6
CONTINUOUS
10
0.8631404330708661
20
0.3634842519685039
11
0.8565446062992126
21
0.3634842519685039
0
LINE
8
BLACK
6
CONTINUOUS
10
0.8565446062992126
20
0.3634842519685039
11
0.8500755118110236
21
0.3621974803149606
0
LINE
8
BLACK
6
CONTINUOUS
10
0.8500755118110236
20
0.3621974803149606
11
0.8500752362204724
21
0.3621973622047244
0
LINE
8
BLACK
6
CONTINUOUS
10
0.8500752362204724
20
0.3621973622047244
11
0.8498420472440945
21
0.3621266535433071
0
LINE
8
BLACK
6
CONTINUOUS
10
0.8498420472440945
20
0.3621266535433071
11
0.8498270866141732
21
0.3621758267716536
0
LINE
8
BLACK
6
CONTINUOUS
10
0.8498270866141732
20
0.3621758267716536
11
0.8494175590551181
21
0.362131811023622
0
LINE
8
BLACK
6
CONTINUOUS
10
0.8494175590551181
20
0.362131811023622
11
0.8487944094488189
21
0.3618631889763779
0
LINE
8
BLACK
6
CONTINUOUS
10
0.8487944094488189
20
0.3618631889763779
11
0.8480565354330708
21
0.3619854330708661
0
LINE
8
BLACK
6
CONTINUOUS
10
0.8480565354330708
20
0.3619854330708661
11
0.847313031496063
21
0.3619054724409449
0
LINE
8
BLACK
6
CONTINUOUS
10
0.847313031496063
20
0.3619054724409449
11
0.8466897244094488
21
0.3622118897637795
0
LINE
8
BLACK
6
CONTINUOUS
10
0.8466897244094488
20
0.3622118897637795
11
0.8460368503937008
21
0.3623200787401575
0
LINE
8
BLACK
6
CONTINUOUS
10
0.8460368503937008
20
0.3623200787401575
11
0.8450637007874016
21
0.3630112598425197
0
LINE
8
BLACK
6
CONTINUOUS
10
0.8450637007874016
20
0.3630112598425197
11
0.8448656692913386
21
0.3631086614173228
0
LINE
8
BLACK
6
CONTINUOUS
10
0.8448656692913386
20
0.3631086614173228
11
0.8447741732283465
21
0.3631914173228347
0
LINE
8
BLACK
6
CONTINUOUS
10
0.8447741732283465
20
0.3631914173228347
11
0.842120590551181
21
0.3658450393700787
0
LINE
8
BLACK
6
CONTINUOUS
10
0.842120590551181
20
0.3658450393700787
11
0.8413476377952755
21
0.3662912598425197
0
LINE
8
BLACK
6
CONTINUOUS
10
0.8413476377952755
20
0.3662912598425197
11
0.8409567322834646
21
0.3666449606299212
0
LINE
8
BLACK
6
CONTINUOUS
10
0.8409567322834646
20
0.3666449606299212
11
0.8404908267716535
21
0.3674051574803149
0
LINE
8
BLACK
6
CONTINUOUS
10
0.8404908267716535
20
0.3674051574803149
11
0.8398755511811024
21
0.3680504330708662
0
LINE
8
BLACK
6
CONTINUOUS
10
0.8398755511811024
20
0.3680504330708662
11
0.8397746456692913
21
0.3685737401574803
0
LINE
8
BLACK
6
CONTINUOUS
10
0.8397746456692913
20
0.3685737401574803
11
0.8394961811023622
21
0.369028188976378
0
LINE
8
BLACK
6
CONTINUOUS
10
0.8394961811023622
20
0.369028188976378
11
0.8395152362204724
21
0.3699195275590551
0
LINE
8
BLACK
6
CONTINUOUS
10
0.8395152362204724
20
0.3699195275590551
11
0.8393464960629921
21
0.3707950393700787
0
LINE
8
BLACK
6
CONTINUOUS
10
0.8393464960629921
20
0.3707950393700787
11
0.8395445669291338
21
0.3712898425196851
0
LINE
8
BLACK
6
CONTINUOUS
10
0.8395445669291338
20
0.3712898425196851
11
0.8395559842519685
21
0.3718226771653543
0
LINE
8
BLACK
6
CONTINUOUS
10
0.8395559842519685
20
0.3718226771653543
11
0.8400538582677165
21
0.3725621653543307
0
LINE
8
BLACK
6
CONTINUOUS
10
0.8400538582677165
20
0.3725621653543307
11
0.8403852755905512
21
0.37339
0
LINE
8
BLACK
6
CONTINUOUS
10
0.8403852755905512
20
0.37339
11
0.8408701968503937
21
0.373885
0
LINE
8
BLACK
6
CONTINUOUS
10
0.8408701968503937
20
0.373885
11
0.8408577165354331
21
0.3738975196850394
0
LINE
8
BLACK
6
CONTINUOUS
10
0.8408577165354331
20
0.3738975196850394
11
0.8456937401574803
21
0.3787335433070866
0
LINE
8
BLACK
6
CONTINUOUS
10
0.8456937401574803
20
0.3787335433070866
11
0.845693937007874
21
0.378733779527559
0
LINE
8
BLACK
6
CONTINUOUS
10
0.845693937007874
20
0.378733779527559
11
0.8462401968503936
21
0.3795512992125984
0
LINE
8
BLACK
6
CONTINUOUS
10
0.8462401968503936
20
0.3795512992125984
11
0.8493583858267716
21
0.3842179921259842
0
LINE
8
BLACK
6
CONTINUOUS
10
0.8493583858267716
20
0.3842179921259842
11
0.8518825196850394
21
0.3903117322834646
0
LINE
8
BLACK
6
CONTINUOUS
10
0.8518825196850394
20
0.3903117322834646
11
0.8531692913385827
21
0.3967808267716535
0
LINE
8
BLACK
6
CONTINUOUS
10
0.8531692913385827
20
0.3967808267716535
11
0.8531692913385827
21
0.4033766535433071
0
LINE
8
BLACK
6
CONTINUOUS
10
0.8531692913385827
20
0.4033766535433071
11
0.8531692913385827
21
0.4033767322834645
0
LINE
8
BLACK
6
CONTINUOUS
10
0.8531692913385827
20
0.4033767322834645
11
0.8518825196850394
21
0.409845748031496
0
LINE
8
BLACK
6
CONTINUOUS
10
0.8518825196850394
20
0.409845748031496
11
0.8493583858267716
21
0.4159394881889764
0
LINE
8
BLACK
6
CONTINUOUS
10
0.8493583858267716
20
0.4159394881889764
11
0.845693937007874
21
0.4214237007874015
0
LINE
8
BLACK
6
CONTINUOUS
10
0.845693937007874
20
0.4214237007874015
11
0.8410299999999999
21
0.4260876377952756
0
LINE
8
BLACK
6
CONTINUOUS
10
0.8410299999999999
20
0.4260876377952756
11
0.8355457874015748
21
0.4297520866141732
0
LINE
8
BLACK
6
CONTINUOUS
10
0.8355457874015748
20
0.4297520866141732
11
0.8294520472440945
21
0.4322762204724409
0
LINE
8
BLACK
6
CONTINUOUS
10
0.8294520472440945
20
0.4322762204724409
11
0.8229829527559055
21
0.4335629921259843
0
LINE
8
BLACK
6
CONTINUOUS
10
0.8229829527559055
20
0.4335629921259843
11
0.816387125984252
21
0.4335629921259843
0
LINE
8
BLACK
6
CONTINUOUS
10
0.816387125984252
20
0.4335629921259843
11
0.809918031496063
21
0.4322762204724409
0
LINE
8
BLACK
6
CONTINUOUS
10
0.809918031496063
20
0.4322762204724409
11
0.8038242913385827
21
0.4297520866141732
0
LINE
8
BLACK
6
CONTINUOUS
10
0.8038242913385827
20
0.4297520866141732
11
0.7997190157480315
21
0.4270090157480315
0
LINE
8
BLACK
6
CONTINUOUS
10
0.7997190157480315
20
0.4270090157480315
11
0.7983400787401574
21
0.4260876377952756
0
LINE
8
BLACK
6
CONTINUOUS
10
0.7983400787401574
20
0.4260876377952756
11
0.798339842519685
21
0.4260874409448819
0
LINE
8
BLACK
6
CONTINUOUS
10
0.798339842519685
20
0.4260874409448819
11
0.7982339763779528
21
0.4259815748031496
0
LINE
8
BLACK
6
CONTINUOUS
10
0.7982339763779528
20
0.4259815748031496
11
0.798164842519685
21
0.4259438188976378
0
LINE
8
BLACK
6
CONTINUOUS
10
0.798164842519685
20
0.4259438188976378
11
0.7981516929133858
21
0.425933031496063
0
LINE
8
BLACK
6
CONTINUOUS
10
0.7981516929133858
20
0.425933031496063
11
0.7981496456692914
21
0.4259355118110236
0
LINE
8
BLACK
6
CONTINUOUS
10
0.7981496456692914
20
0.4259355118110236
11
0.795780748031496
21
0.424641968503937
0
LINE
8
BLACK
6
CONTINUOUS
10
0.795780748031496
20
0.424641968503937
11
0.7929927559055118
21
0.4248413779527559
0
LINE
8
BLACK
6
CONTINUOUS
10
0.7929927559055118
20
0.4248413779527559
11
0.7907551181102362
21
0.4265164566929134
0
LINE
8
BLACK
6
CONTINUOUS
10
0.7907551181102362
20
0.4265164566929134
11
0.7904302362204724
21
0.4270090157480315
0
LINE
8
BLACK
6
CONTINUOUS
10
0.7904302362204724
20
0.4270090157480315
11
0.7901761023622047
21
0.4274491732283465
0
LINE
8
BLACK
6
CONTINUOUS
10
0.7901761023622047
20
0.4274491732283465
11
0.7901760236220472
21
0.4274493307086614
0
LINE
8
BLACK
6
CONTINUOUS
10
0.7901760236220472
20
0.4274493307086614
11
0.7766693700787402
21
0.4409559448818898
0
LINE
8
BLACK
6
CONTINUOUS
10
0.7766693700787402
20
0.4409559448818898
11
0.7753298818897638
21
0.4434091338582677
0
LINE
8
BLACK
6
CONTINUOUS
10
0.7753298818897638
20
0.4434091338582677
11
0.7752164960629921
21
0.4444635826771653
0
LINE
8
BLACK
6
CONTINUOUS
10
0.7752164960629921
20
0.4444635826771653
11
0.7752164960629921
21
0.6036467322834645
0
LINE
8
BLACK
6
CONTINUOUS
10
0.7752164960629921
20
0.6036467322834645
11
0.7760039763779527
21
0.6063286614173228
0
LINE
8
BLACK
6
CONTINUOUS
10
0.7760039763779527
20
0.6063286614173228
11
0.7766694488188977
21
0.6071544094488189
0
LINE
8
BLACK
6
CONTINUOUS
10
0.7766694488188977
20
0.6071544094488189
11
0.8401683858267717
21
0.6706533464566929
0
LINE
8
BLACK
6
CONTINUOUS
10
0.8401683858267717
20
0.6706533464566929
11
0.8426216141732283
21
0.6719929527559055
0
LINE
8
BLACK
6
CONTINUOUS
10
0.8426216141732283
20
0.6719929527559055
11
0.8436760629921259
21
0.6721062992125985
0
LINE
8
BLACK
6
CONTINUOUS
10
0.8436760629921259
20
0.6721062992125985
11
0.8907775590551181
21
0.6721062992125985
0
LINE
8
BLACK
6
CONTINUOUS
10
0.8907775590551181
20
0.6721062992125985
11
0.893079842519685
21
0.6725642519685039
0
LINE
8
BLACK
6
CONTINUOUS
10
0.893079842519685
20
0.6725642519685039
11
0.8930799606299212
21
0.6725642913385826
0
LINE
8
BLACK
6
CONTINUOUS
10
0.8930799606299212
20
0.6725642913385826
11
0.8935729527559055
21
0.6728937007874015
0
LINE
8
BLACK
6
CONTINUOUS
10
0.8935729527559055
20
0.6728937007874015
11
0.8956910236220472
21
0.6743089763779527
0
LINE
8
BLACK
6
CONTINUOUS
10
0.8956910236220472
20
0.6743089763779527
11
0.8974357086614173
21
0.6769200393700787
0
LINE
8
BLACK
6
CONTINUOUS
10
0.8974357086614173
20
0.6769200393700787
11
0.8978937007874016
21
0.6792225196850393
0
LINE
8
BLACK
6
CONTINUOUS
10
0.8978937007874016
20
0.6792225196850393
11
0.8978937007874016
21
0.7407774803149606
0
LINE
8
BLACK
6
CONTINUOUS
10
0.8978937007874016
20
0.7407774803149606
11
0.8974357086614173
21
0.7430799606299212
0
LINE
8
BLACK
6
CONTINUOUS
10
0.8974357086614173
20
0.7430799606299212
11
0.8956910236220472
21
0.7456910236220472
0
LINE
8
BLACK
6
CONTINUOUS
10
0.8956910236220472
20
0.7456910236220472
11
0.8930799606299212
21
0.7474357086614173
0
LINE
8
BLACK
6
CONTINUOUS
10
0.8930799606299212
20
0.7474357086614173
11
0.8907774803149606
21
0.7478937007874016
0
LINE
8
BLACK
6
CONTINUOUS
10
0.8907774803149606
20
0.7478937007874016
11
0.8907774409448819
21
0.7478937007874016
0
LINE
8
BLACK
6
CONTINUOUS
10
0.8907774409448819
20
0.7478937007874016
11
0.878759842519685
21
0.7478937007874016
0
LINE
8
BLACK
6
CONTINUOUS
10
0.878759842519685
20
0.7478937007874016
11
0.8760779133858267
21
0.7486811811023621
0
LINE
8
BLACK
6
CONTINUOUS
10
0.8760779133858267
20
0.7486811811023621
11
0.8742474803149606
21
0.7507936220472441
0
LINE
8
BLACK
6
CONTINUOUS
10
0.8742474803149606
20
0.7507936220472441
11
0.8737992125984252
21
0.7528543307086614
0
LINE
8
BLACK
6
CONTINUOUS
10
0.8737992125984252
20
0.7528543307086614
11
0.8737992125984252
21
0.7671456692913385
0
LINE
8
BLACK
6
CONTINUOUS
10
0.8737992125984252
20
0.7671456692913385
11
0.8745866929133858
21
0.7698275984251969
0
LINE
8
BLACK
6
CONTINUOUS
10
0.8745866929133858
20
0.7698275984251969
11
0.8766991338582677
21
0.7716580314960629
0
LINE
8
BLACK
6
CONTINUOUS
10
0.8766991338582677
20
0.7716580314960629
11
0.878759842519685
21
0.7721062992125984
0
LINE
8
BLACK
6
CONTINUOUS
10
0.878759842519685
20
0.7721062992125984
11
0.8907775590551181
21
0.7721062992125984
0
LINE
8
BLACK
6
CONTINUOUS
10
0.8907775590551181
20
0.7721062992125984
11
0.893079842519685
21
0.7725642519685039
0
LINE
8
BLACK
6
CONTINUOUS
10
0.893079842519685
20
0.7725642519685039
11
0.8930799606299212
21
0.7725642913385826
0
LINE
8
BLACK
6
CONTINUOUS
10
0.8930799606299212
20
0.7725642913385826
11
0.8935729527559055
21
0.7728937007874016
0
LINE
8
BLACK
6
CONTINUOUS
10
0.8935729527559055
20
0.7728937007874016
11
0.8956910236220472
21
0.7743089763779527
0
LINE
8
BLACK
6
CONTINUOUS
10
0.8956910236220472
20
0.7743089763779527
11
0.8974357086614173
21
0.7769200393700787
0
LINE
8
BLACK
6
CONTINUOUS
10
0.8974357086614173
20
0.7769200393700787
11
0.8978937007874016
21
0.7792225196850393
0
LINE
8
BLACK
6
CONTINUOUS
10
0.8978937007874016
20
0.7792225196850393
11
0.8978937007874016
21
0.8407774803149606
0
LINE
8
BLACK
6
CONTINUOUS
10
0.8978937007874016
20
0.8407774803149606
11
0.8974357086614173
21
0.8430799606299212
0
LINE
8
BLACK
6
CONTINUOUS
10
0.8974357086614173
20
0.8430799606299212
11
0.8956910236220472
21
0.8456910236220472
0
LINE
8
BLACK
6
CONTINUOUS
10
0.8956910236220472
20
0.8456910236220472
11
0.8930799606299212
21
0.8474357086614173
0
LINE
8
BLACK
6
CONTINUOUS
10
0.8930799606299212
20
0.8474357086614173
11
0.8907774803149606
21
0.8478937007874016
0
LINE
8
BLACK
6
CONTINUOUS
10
0.8907774803149606
20
0.8478937007874016
11
0.8907774409448819
21
0.8478937007874016
0
LINE
8
BLACK
6
CONTINUOUS
10
0.8907774409448819
20
0.8478937007874016
11
0.861259842519685
21
0.8478937007874016
0
LINE
8
BLACK
6
CONTINUOUS
10
0.861259842519685
20
0.8478937007874016
11
0.8585779133858268
21
0.8486811811023622
0
LINE
8
BLACK
6
CONTINUOUS
10
0.8585779133858268
20
0.8486811811023622
11
0.8567474803149606
21
0.8507936220472441
0
LINE
8
BLACK
6
CONTINUOUS
10
0.8567474803149606
20
0.8507936220472441
11
0.8562992125984252
21
0.8528543307086613
0
LINE
8
BLACK
6
CONTINUOUS
10
0.8562992125984252
20
0.8528543307086613
11
0.8562992125984252
21
1.0198189370078741
0
LINE
8
BLACK
6
CONTINUOUS
10
0.8562992125984252
20
1.0198189370078741
11
0.8570866929133858
21
1.0225008661417323
0
LINE
8
BLACK
6
CONTINUOUS
10
0.8570866929133858
20
1.0225008661417323
11
0.8585037795275591
21
1.0239435039370079
0
LINE
8
BLACK
6
CONTINUOUS
10
0.8585037795275591
20
1.0239435039370079
11
0.8604461811023622
21
1.0252414173228346
0
LINE
8
BLACK
6
CONTINUOUS
10
0.8604461811023622
20
1.0252414173228346
11
0.8620984645669291
21
1.0268937007874015
0
LINE
8
BLACK
6
CONTINUOUS
10
0.8620984645669291
20
1.0268937007874015
11
0.8639859448818897
21
1.0287811811023622
0
LINE
8
BLACK
6
CONTINUOUS
10
0.8639859448818897
20
1.0287811811023622
11
0.866767125984252
21
1.0329435039370078
0
LINE
8
BLACK
6
CONTINUOUS
10
0.866767125984252
20
1.0329435039370078
11
0.8686828740157481
21
1.0375684645669292
0
LINE
8
BLACK
6
CONTINUOUS
10
0.8686828740157481
20
1.0375684645669292
11
0.8696594881889763
21
1.0424782677165354
0
LINE
8
BLACK
6
CONTINUOUS
10
0.8696594881889763
20
1.0424782677165354
11
0.8696594881889763
21
1.0474842519685039
0
LINE
8
BLACK
6
CONTINUOUS
10
0.8696594881889763
20
1.0474842519685039
11
0.8693206299212598
21
1.0491877559055118
0
LINE
8
BLACK
6
CONTINUOUS
10
0.8693206299212598
20
1.0491877559055118
11
0.869348937007874
21
1.049504094488189
0
LINE
8
BLACK
6
CONTINUOUS
10
0.869348937007874
20
1.049504094488189
11
0.8692379527559055
21
1.049801653543307
0
LINE
8
BLACK
6
CONTINUOUS
10
0.8692379527559055
20
1.049801653543307
11
0.8694716929133858
21
1.0508762204724409
0
LINE
8
BLACK
6
CONTINUOUS
10
0.8694716929133858
20
1.0508762204724409
11
0.8695697244094488
21
1.0519717322834645
0
LINE
8
BLACK
6
CONTINUOUS
10
0.8695697244094488
20
1.0519717322834645
11
0.8697796850393701
21
1.0522921259842519
0
LINE
8
BLACK
6
CONTINUOUS
10
0.8697796850393701
20
1.0522921259842519
11
0.8698320866141732
21
1.0525329133858268
0
LINE
8
BLACK
6
CONTINUOUS
10
0.8698320866141732
20
1.0525329133858268
11
0.8706782677165354
21
1.0536632283464566
0
LINE
8
BLACK
6
CONTINUOUS
10
0.8706782677165354
20
1.0536632283464566
11
0.8743351181102362
21
1.0573200787401575
0
LINE
8
BLACK
6
CONTINUOUS
10
0.8743351181102362
20
1.0573200787401575
11
0.8767883464566929
21
1.0586596850393701
0
LINE
8
BLACK
6
CONTINUOUS
10
0.8767883464566929
20
1.0586596850393701
11
0.8795763385826771
21
1.0584602755905512
0
LINE
8
BLACK
6
CONTINUOUS
10
0.8795763385826771
20
1.0584602755905512
11
0.8818139763779528
21
1.0567851968503936
0
LINE
8
BLACK
6
CONTINUOUS
10
0.8818139763779528
20
1.0567851968503936
11
0.8819673228346456
21
1.0565685039370079
0
LINE
8
BLACK
6
CONTINUOUS
10
0.8819673228346456
20
1.0565685039370079
11
0.882808937007874
21
1.0553089763779526
0
LINE
8
BLACK
6
CONTINUOUS
10
0.882808937007874
20
1.0553089763779526
11
0.88542
21
1.0535642913385828
0
LINE
8
BLACK
6
CONTINUOUS
10
0.88542
20
1.0535642913385828
11
0.8854201181102362
21
1.053564251968504
0
LINE
8
BLACK
6
CONTINUOUS
10
0.8854201181102362
20
1.053564251968504
11
0.8877224015748031
21
1.0531062992125984
0
LINE
8
BLACK
6
CONTINUOUS
10
0.8877224015748031
20
1.0531062992125984
11
0.8877225196850393
21
1.0531062992125984
0
LINE
8
BLACK
6
CONTINUOUS
10
0.8877225196850393
20
1.0531062992125984
11
0.8933031496062992
21
1.0531062992125984
0
LINE
8
BLACK
6
CONTINUOUS
10
0.8933031496062992
20
1.0531062992125984
11
0.8959850787401574
21
1.0523188188976378
0
LINE
8
BLACK
6
CONTINUOUS
10
0.8959850787401574
20
1.0523188188976378
11
0.8978155118110236
21
1.050206377952756
0
LINE
8
BLACK
6
CONTINUOUS
10
0.8978155118110236
20
1.050206377952756
11
0.898263779527559
21
1.0481456692913385
0
LINE
8
BLACK
6
CONTINUOUS
10
0.898263779527559
20
1.0481456692913385
11
0.898263779527559
21
1.0368543307086613
0
LINE
8
BLACK
6
CONTINUOUS
10
0.898263779527559
20
1.0368543307086613
11
0.8974762992125984
21
1.0341724015748031
0
LINE
8
BLACK
6
CONTINUOUS
10
0.8974762992125984
20
1.0341724015748031
11
0.8953638582677165
21
1.032341968503937
0
LINE
8
BLACK
6
CONTINUOUS
10
0.8953638582677165
20
1.032341968503937
11
0.8933031496062992
21
1.0318937007874016
0
LINE
8
BLACK
6
CONTINUOUS
10
0.8933031496062992
20
1.0318937007874016
11
0.8877225196850393
21
1.0318937007874016
0
LINE
8
BLACK
6
CONTINUOUS
10
0.8877225196850393
20
1.0318937007874016
11
0.8854200393700787
21
1.0314357086614172
0
LINE
8
BLACK
6
CONTINUOUS
10
0.8854200393700787
20
1.0314357086614172
11
0.8828089763779527
21
1.0296910236220471
0
LINE
8
BLACK
6
CONTINUOUS
10
0.8828089763779527
20
1.0296910236220471
11
0.8817264173228346
21
1.0280708661417322
0
LINE
8
BLACK
6
CONTINUOUS
10
0.8817264173228346
20
1.0280708661417322
11
0.8810642913385827
21
1.0270799606299212
0
LINE
8
BLACK
6
CONTINUOUS
10
0.8810642913385827
20
1.0270799606299212
11
0.8810642519685039
21
1.027079842519685
0
LINE
8
BLACK
6
CONTINUOUS
10
0.8810642519685039
20
1.027079842519685
11
0.8806062992125984
21
1.024777559055118
0
LINE
8
BLACK
6
CONTINUOUS
10
0.8806062992125984
20
1.024777559055118
11
0.8806062992125984
21
0.9882224015748031
0
LINE
8
BLACK
6
CONTINUOUS
10
0.8806062992125984
20
0.9882224015748031
11
0.8810642519685039
21
0.9859201181102362
0
LINE
8
BLACK
6
CONTINUOUS
10
0.8810642519685039
20
0.9859201181102362
11
0.8810642913385827
21
0.98592
0
LINE
8
BLACK
6
CONTINUOUS
10
0.8810642913385827
20
0.98592
11
0.8828089763779527
21
0.9833089763779528
0
LINE
8
BLACK
6
CONTINUOUS
10
0.8828089763779527
20
0.9833089763779528
11
0.88542
21
0.9815642913385827
0
LINE
8
BLACK
6
CONTINUOUS
10
0.88542
20
0.9815642913385827
11
0.8854201181102362
21
0.9815642519685039
0
LINE
8
BLACK
6
CONTINUOUS
10
0.8854201181102362
20
0.9815642519685039
11
0.8877224015748031
21
0.9811062992125984
0
LINE
8
BLACK
6
CONTINUOUS
10
0.8877224015748031
20
0.9811062992125984
11
0.8877225196850393
21
0.9811062992125984
0
LINE
8
BLACK
6
CONTINUOUS
10
0.8877225196850393
20
0.9811062992125984
11
0.9442775590551181
21
0.9811062992125984
0
LINE
8
BLACK
6
CONTINUOUS
10
0.9442775590551181
20
0.9811062992125984
11
0.946579842519685
21
0.9815642519685039
0
LINE
8
BLACK
6
CONTINUOUS
10
0.946579842519685
20
0.9815642519685039
11
0.9465799606299212
21
0.9815642913385827
0
LINE
8
BLACK
6
CONTINUOUS
10
0.9465799606299212
20
0.9815642913385827
11
0.9491910236220472
21
0.9833089763779528
0
LINE
8
BLACK
6
CONTINUOUS
10
0.9491910236220472
20
0.9833089763779528
11
0.9509357086614173
21
0.9859200393700788
0
LINE
8
BLACK
6
CONTINUOUS
10
0.9509357086614173
20
0.9859200393700788
11
0.9513937007874016
21
0.9882225196850394
0
LINE
8
BLACK
6
CONTINUOUS
10
0.9513937007874016
20
0.9882225196850394
11
0.9513937007874016
21
1.0247774803149605
0
LINE
8
BLACK
6
CONTINUOUS
10
0.9513937007874016
20
1.0247774803149605
11
0.9509357086614173
21
1.0270799606299212
0
LINE
8
BLACK
6
CONTINUOUS
10
0.9509357086614173
20
1.0270799606299212
11
0.9491910236220472
21
1.0296910236220471
0
LINE
8
BLACK
6
CONTINUOUS
10
0.9491910236220472
20
1.0296910236220471
11
0.9465799606299212
21
1.0314357086614172
0
LINE
8
BLACK
6
CONTINUOUS
10
0.9465799606299212
20
1.0314357086614172
11
0.9442774803149606
21
1.0318937007874016
0
LINE
8
BLACK
6
CONTINUOUS
10
0.9442774803149606
20
1.0318937007874016
11
0.9442774409448819
21
1.0318937007874016
0
LINE
8
BLACK
6
CONTINUOUS
10
0.9442774409448819
20
1.0318937007874016
11
0.9386968503937008
21
1.0318937007874016
0
LINE
8
BLACK
6
CONTINUOUS
10
0.9386968503937008
20
1.0318937007874016
11
0.9360149212598425
21
1.0326811811023622
0
LINE
8
BLACK
6
CONTINUOUS
10
0.9360149212598425
20
1.0326811811023622
11
0.9341844881889764
21
1.034793622047244
0
LINE
8
BLACK
6
CONTINUOUS
10
0.9341844881889764
20
1.034793622047244
11
0.9337362204724409
21
1.0368543307086613
0
LINE
8
BLACK
6
CONTINUOUS
10
0.9337362204724409
20
1.0368543307086613
11
0.9337362204724409
21
1.0481456692913385
0
LINE
8
BLACK
6
CONTINUOUS
10
0.9337362204724409
20
1.0481456692913385
11
0.9345237007874015
21
1.0508275984251969
0
LINE
8
BLACK
6
CONTINUOUS
10
0.9345237007874015
20
1.0508275984251969
11
0.9366361417322835
21
1.052658031496063
0
LINE
8
BLACK
6
CONTINUOUS
10
0.9366361417322835
20
1.052658031496063
11
0.9386968503937008
21
1.0531062992125984
0
LINE
8
BLACK
6
CONTINUOUS
10
0.9386968503937008
20
1.0531062992125984
11
0.9442775590551181
21
1.0531062992125984
0
LINE
8
BLACK
6
CONTINUOUS
10
0.9442775590551181
20
1.0531062992125984
11
0.946579842519685
21
1.053564251968504
0
LINE
8
BLACK
6
CONTINUOUS
10
0.946579842519685
20
1.053564251968504
11
0.9465799606299212
21
1.0535642913385828
0
LINE
8
BLACK
6
CONTINUOUS
10
0.9465799606299212
20
1.0535642913385828
11
0.946728031496063
21
1.0536632283464566
0
LINE
8
BLACK
6
CONTINUOUS
10
0.946728031496063
20
1.0536632283464566
11
0.9491910236220472
21
1.0553089763779526
0
LINE
8
BLACK
6
CONTINUOUS
10
0.9491910236220472
20
1.0553089763779526
11
0.9509357086614173
21
1.0579200393700787
0
LINE
8
BLACK
6
CONTINUOUS
10
0.9509357086614173
20
1.0579200393700787
11
0.9513937007874016
21
1.0602225196850394
0
LINE
8
BLACK
6
CONTINUOUS
10
0.9513937007874016
20
1.0602225196850394
11
0.9513937007874016
21
1.0967774803149606
0
LINE
8
BLACK
6
CONTINUOUS
10
0.9513937007874016
20
1.0967774803149606
11
0.9509357086614173
21
1.0990799606299213
0
LINE
8
BLACK
6
CONTINUOUS
10
0.9509357086614173
20
1.0990799606299213
11
0.9491910236220472
21
1.1016910236220472
0
LINE
8
BLACK
6
CONTINUOUS
10
0.9491910236220472
20
1.1016910236220472
11
0.9465799606299212
21
1.1034357086614173
0
LINE
8
BLACK
6
CONTINUOUS
10
0.9465799606299212
20
1.1034357086614173
11
0.9442774803149606
21
1.1038937007874015
0
LINE
8
BLACK
6
CONTINUOUS
10
0.9442774803149606
20
1.1038937007874015
11
0.8903847244094488
21
1.1038937007874015
0
LINE
8
BLACK
6
CONTINUOUS
10
0.8903847244094488
20
1.1038937007874015
11
0.8877027952755905
21
1.1046811811023622
0
LINE
8
BLACK
6
CONTINUOUS
10
0.8877027952755905
20
1.1046811811023622
11
0.8858723622047244
21
1.1067936220472441
0
LINE
8
BLACK
6
CONTINUOUS
10
0.8858723622047244
20
1.1067936220472441
11
0.8854745669291338
21
1.1095603149606299
0
LINE
8
BLACK
6
CONTINUOUS
10
0.8854745669291338
20
1.1095603149606299
11
0.886635748031496
21
1.1121028346456692
0
LINE
8
BLACK
6
CONTINUOUS
10
0.886635748031496
20
1.1121028346456692
11
0.8868770472440944
21
1.1123620078740157
0
LINE
8
BLACK
6
CONTINUOUS
10
0.8868770472440944
20
1.1123620078740157
11
0.899262874015748
21
1.1247478346456692
0
LINE
8
BLACK
6
CONTINUOUS
10
0.899262874015748
20
1.1247478346456692
11
0.9017161023622047
21
1.1260874409448818
0
LINE
8
BLACK
6
CONTINUOUS
10
0.9017161023622047
20
1.1260874409448818
11
0.9027705511811024
21
1.1262007874015747
0
LINE
8
BLACK
6
CONTINUOUS
10
0.9027705511811024
20
1.1262007874015747
11
0.9178166141732284
21
1.1262007874015747
0
LINE
8
BLACK
6
CONTINUOUS
10
0.9178166141732284
20
1.1262007874015747
11
0.9178166929133859
21
1.1262007874015747
0
LINE
8
BLACK
6
CONTINUOUS
10
0.9178166929133859
20
1.1262007874015747
11
0.9206019291338583
21
1.1269470866141733
0
LINE
8
BLACK
6
CONTINUOUS
10
0.9206019291338583
20
1.1269470866141733
11
0.9213261811023622
21
1.1271411417322834
0
LINE
8
BLACK
6
CONTINUOUS
10
0.9213261811023622
20
1.1271411417322834
11
0.9213262204724409
21
1.1271411417322834
0
LINE
8
BLACK
6
CONTINUOUS
10
0.9213262204724409
20
1.1271411417322834
11
0.9213262992125985
21
1.1271411811023622
0
LINE
8
BLACK
6
CONTINUOUS
10
0.9213262992125985
20
1.1271411811023622
11
0.9218468503937007
21
1.1274417322834644
0
LINE
8
BLACK
6
CONTINUOUS
10
0.9218468503937007
20
1.1274417322834644
11
0.9243271259842519
21
1.1281062992125983
0
LINE
8
BLACK
6
CONTINUOUS
10
0.9243271259842519
20
1.1281062992125983
11
0.9442775590551181
21
1.1281062992125983
0
LINE
8
BLACK
6
CONTINUOUS
10
0.9442775590551181
20
1.1281062992125983
11
0.946579842519685
21
1.128564251968504
0
LINE
8
BLACK
6
CONTINUOUS
10
0.946579842519685
20
1.128564251968504
11
0.9465799606299212
21
1.1285642913385827
0
LINE
8
BLACK
6
CONTINUOUS
10
0.9465799606299212
20
1.1285642913385827
11
0.9477996062992126
21
1.129379251968504
0
LINE
8
BLACK
6
CONTINUOUS
10
0.9477996062992126
20
1.129379251968504
11
0.9491910236220472
21
1.1303089763779528
0
LINE
8
BLACK
6
CONTINUOUS
10
0.9491910236220472
20
1.1303089763779528
11
0.9509357086614173
21
1.1329200393700787
0
LINE
8
BLACK
6
CONTINUOUS
10
0.9509357086614173
20
1.1329200393700787
11
0.9513937007874016
21
1.1352225196850394
0
LINE
8
BLACK
6
CONTINUOUS
10
0.9513937007874016
20
1.1352225196850394
11
0.9513937007874016
21
1.1717774803149605
0
LINE
8
BLACK
6
CONTINUOUS
10
0.9513937007874016
20
1.1717774803149605
11
0.9509357086614173
21
1.1740799606299213
0
LINE
8
BLACK
6
CONTINUOUS
10
0.9509357086614173
20
1.1740799606299213
11
0.9491910236220472
21
1.1766910236220471
0
LINE
8
BLACK
6
CONTINUOUS
10
0.9491910236220472
20
1.1766910236220471
11
0.9465799606299212
21
1.1784357086614172
0
LINE
8
BLACK
6
CONTINUOUS
10
0.9465799606299212
20
1.1784357086614172
11
0.9455796456692913
21
1.1786346850393701
0
LINE
8
BLACK
6
CONTINUOUS
10
0.9455796456692913
20
1.1786346850393701
11
0.9431029133858267
21
1.1799302755905512
0
LINE
8
BLACK
6
CONTINUOUS
10
0.9431029133858267
20
1.1799302755905512
11
0.9417197637795275
21
1.1823592125984252
0
LINE
8
BLACK
6
CONTINUOUS
10
0.9417197637795275
20
1.1823592125984252
11
0.9418693700787402
21
1.1851503543307087
0
LINE
8
BLACK
6
CONTINUOUS
10
0.9418693700787402
20
1.1851503543307087
11
0.943504251968504
21
1.1874175196850394
0
LINE
8
BLACK
6
CONTINUOUS
10
0.943504251968504
20
1.1874175196850394
11
0.9455796456692913
21
1.1883653149606299
0
LINE
8
BLACK
6
CONTINUOUS
10
0.9455796456692913
20
1.1883653149606299
11
0.946579842519685
21
1.188564251968504
0
LINE
8
BLACK
6
CONTINUOUS
10
0.946579842519685
20
1.188564251968504
11
0.9465799606299212
21
1.1885642913385825
0
LINE
8
BLACK
6
CONTINUOUS
10
0.9465799606299212
20
1.1885642913385825
11
0.9467253937007873
21
1.1886614566929135
0
LINE
8
BLACK
6
CONTINUOUS
10
0.9467253937007873
20
1.1886614566929135
11
0.9491910236220472
21
1.1903089763779526
0
LINE
8
BLACK
6
CONTINUOUS
10
0.9491910236220472
20
1.1903089763779526
11
0.9509357086614173
21
1.1929200393700787
0
LINE
8
BLACK
6
CONTINUOUS
10
0.9509357086614173
20
1.1929200393700787
11
0.9513937007874016
21
1.1952225196850395
0
LINE
8
BLACK
6
CONTINUOUS
10
0.9513937007874016
20
1.1952225196850395
11
0.9513937007874016
21
1.2317774803149606
0
LINE
8
BLACK
6
CONTINUOUS
10
0.9513937007874016
20
1.2317774803149606
11
0.9509357086614173
21
1.2340799606299213
0
LINE
8
BLACK
6
CONTINUOUS
10
0.9509357086614173
20
1.2340799606299213
11
0.9491910236220472
21
1.2366910236220472
0
LINE
8
BLACK
6
CONTINUOUS
10
0.9491910236220472
20
1.2366910236220472
11
0.9465799606299212
21
1.2384357086614173
0
LINE
8
BLACK
6
CONTINUOUS
10
0.9465799606299212
20
1.2384357086614173
11
0.9442774803149606
21
1.2388937007874015
0
LINE
8
BLACK
6
CONTINUOUS
10
0.9442774803149606
20
1.2388937007874015
11
0.8877225196850393
21
1.2388937007874015
0
LINE
8
BLACK
6
CONTINUOUS
10
0.8877225196850393
20
1.2388937007874015
11
0.8854200393700787
21
1.2384357086614173
0
LINE
8
BLACK
6
CONTINUOUS
10
0.8854200393700787
20
1.2384357086614173
11
0.8828089763779527
21
1.2366910236220472
0
LINE
8
BLACK
6
CONTINUOUS
10
0.8828089763779527
20
1.2366910236220472
11
0.8811595669291339
21
1.2342225590551181
0
LINE
8
BLACK
6
CONTINUOUS
10
0.8811595669291339
20
1.2342225590551181
11
0.8810642913385827
21
1.2340799606299213
0
LINE
8
BLACK
6
CONTINUOUS
10
0.8810642913385827
20
1.2340799606299213
11
0.8810642519685039
21
1.2340798425196851
0
LINE
8
BLACK
6
CONTINUOUS
10
0.8810642519685039
20
1.2340798425196851
11
0.8806062992125984
21
1.2317775590551181
0
LINE
8
BLACK
6
CONTINUOUS
10
0.8806062992125984
20
1.2317775590551181
11
0.8806062992125984
21
1.1952224015748032
0
LINE
8
BLACK
6
CONTINUOUS
10
0.8806062992125984
20
1.1952224015748032
11
0.8810642519685039
21
1.1929201181102362
0
LINE
8
BLACK
6
CONTINUOUS
10
0.8810642519685039
20
1.1929201181102362
11
0.8810642913385827
21
1.19292
0
LINE
8
BLACK
6
CONTINUOUS
10
0.8810642913385827
20
1.19292
11
0.8828089763779527
21
1.1903089763779526
0
LINE
8
BLACK
6
CONTINUOUS
10
0.8828089763779527
20
1.1903089763779526
11
0.88542
21
1.1885642913385825
0
LINE
8
BLACK
6
CONTINUOUS
10
0.88542
20
1.1885642913385825
11
0.8854201181102362
21
1.188564251968504
0
LINE
8
BLACK
6
CONTINUOUS
10
0.8854201181102362
20
1.188564251968504
11
0.8864203149606299
21
1.1883653149606299
0
LINE
8
BLACK
6
CONTINUOUS
10
0.8864203149606299
20
1.1883653149606299
11
0.8888970866141732
21
1.1870697244094488
0
LINE
8
BLACK
6
CONTINUOUS
10
0.8888970866141732
20
1.1870697244094488
11
0.8902801968503937
21
1.1846407874015747
0
LINE
8
BLACK
6
CONTINUOUS
10
0.8902801968503937
20
1.1846407874015747
11
0.890130590551181
21
1.1818496456692913
0
LINE
8
BLACK
6
CONTINUOUS
10
0.890130590551181
20
1.1818496456692913
11
0.8884957086614172
21
1.1795824803149606
0
LINE
8
BLACK
6
CONTINUOUS
10
0.8884957086614172
20
1.1795824803149606
11
0.8864203149606299
21
1.1786346850393701
0
LINE
8
BLACK
6
CONTINUOUS
10
0.8864203149606299
20
1.1786346850393701
11
0.8861452362204724
21
1.1785799606299212
0
LINE
8
BLACK
6
CONTINUOUS
10
0.8861452362204724
20
1.1785799606299212
11
0.8854200393700787
21
1.1784357086614172
0
LINE
8
BLACK
6
CONTINUOUS
10
0.8854200393700787
20
1.1784357086614172
11
0.8828089763779527
21
1.1766910236220471
0
LINE
8
BLACK
6
CONTINUOUS
10
0.8828089763779527
20
1.1766910236220471
11
0.8824809448818898
21
1.1762000787401574
0
LINE
8
BLACK
6
CONTINUOUS
10
0.8824809448818898
20
1.1762000787401574
11
0.8810642913385827
21
1.1740799606299213
0
LINE
8
BLACK
6
CONTINUOUS
10
0.8810642913385827
20
1.1740799606299213
11
0.8810642519685039
21
1.174079842519685
0
LINE
8
BLACK
6
CONTINUOUS
10
0.8810642519685039
20
1.174079842519685
11
0.8806062992125984
21
1.171777559055118
0
LINE
8
BLACK
6
CONTINUOUS
10
0.8806062992125984
20
1.171777559055118
11
0.8806062992125984
21
1.1471760629921259
0
LINE
8
BLACK
6
CONTINUOUS
10
0.8806062992125984
20
1.1471760629921259
11
0.8798188188976378
21
1.1444941338582677
0
LINE
8
BLACK
6
CONTINUOUS
10
0.8798188188976378
20
1.1444941338582677
11
0.8791533464566929
21
1.1436683858267715
0
LINE
8
BLACK
6
CONTINUOUS
10
0.8791533464566929
20
1.1436683858267715
11
0.7978309842519685
21
1.062346062992126
0
LINE
8
BLACK
6
CONTINUOUS
10
0.7978309842519685
20
1.062346062992126
11
0.7978306692913386
21
1.0623456692913387
0
LINE
8
BLACK
6
CONTINUOUS
10
0.7978306692913386
20
1.0623456692913387
11
0.7963661417322835
21
1.0598089763779528
0
LINE
8
BLACK
6
CONTINUOUS
10
0.7963661417322835
20
1.0598089763779528
11
0.7962893307086614
21
1.0596759448818898
0
LINE
8
BLACK
6
CONTINUOUS
10
0.7962893307086614
20
1.0596759448818898
11
0.7960140944881889
21
1.0591992125984251
0
LINE
8
BLACK
6
CONTINUOUS
10
0.7960140944881889
20
1.0591992125984251
11
0.7950737007874016
21
1.0556896062992125
0
LINE
8
BLACK
6
CONTINUOUS
10
0.7950737007874016
20
1.0556896062992125
11
0.7950737007874016
21
1.055689527559055
0
LINE
8
BLACK
6
CONTINUOUS
10
0.7950737007874016
20
1.055689527559055
11
0.7950737007874016
21
1.0419506299212598
0
LINE
8
BLACK
6
CONTINUOUS
10
0.7950737007874016
20
1.0419506299212598
11
0.7942862204724409
21
1.0392687007874015
0
LINE
8
BLACK
6
CONTINUOUS
10
0.7942862204724409
20
1.0392687007874015
11
0.7936207480314961
21
1.0384429527559056
0
LINE
8
BLACK
6
CONTINUOUS
10
0.7936207480314961
20
1.0384429527559056
11
0.7900879921259842
21
1.0349101968503938
0
LINE
8
BLACK
6
CONTINUOUS
10
0.7900879921259842
20
1.0349101968503938
11
0.787306811023622
21
1.0307478740157481
0
LINE
8
BLACK
6
CONTINUOUS
10
0.787306811023622
20
1.0307478740157481
11
0.785391062992126
21
1.0261229133858267
0
LINE
8
BLACK
6
CONTINUOUS
10
0.785391062992126
20
1.0261229133858267
11
0.7849883858267717
21
1.0240984645669291
0
LINE
8
BLACK
6
CONTINUOUS
10
0.7849883858267717
20
1.0240984645669291
11
0.7844144488188977
21
1.021213188976378
0
LINE
8
BLACK
6
CONTINUOUS
10
0.7844144488188977
20
1.021213188976378
11
0.7844144488188977
21
1.0162070078740157
0
LINE
8
BLACK
6
CONTINUOUS
10
0.7844144488188977
20
1.0162070078740157
11
0.7849760236220472
21
1.0133838188976378
0
LINE
8
BLACK
6
CONTINUOUS
10
0.7849760236220472
20
1.0133838188976378
11
0.785391062992126
21
1.0112973228346456
0
LINE
8
BLACK
6
CONTINUOUS
10
0.785391062992126
20
1.0112973228346456
11
0.7862520866141732
21
1.0092186220472441
0
LINE
8
BLACK
6
CONTINUOUS
10
0.7862520866141732
20
1.0092186220472441
11
0.787306811023622
21
1.0066723622047244
0
LINE
8
BLACK
6
CONTINUOUS
10
0.787306811023622
20
1.0066723622047244
11
0.790087874015748
21
1.0025101968503938
0
LINE
8
BLACK
6
CONTINUOUS
10
0.790087874015748
20
1.0025101968503938
11
0.7900879133858267
21
1.0025101181102363
0
LINE
8
BLACK
6
CONTINUOUS
10
0.7900879133858267
20
1.0025101181102363
11
0.792247874015748
21
1.0003501574803149
0
LINE
8
BLACK
6
CONTINUOUS
10
0.792247874015748
20
1.0003501574803149
11
0.7935874409448819
21
0.9978968897637795
0
LINE
8
BLACK
6
CONTINUOUS
10
0.7935874409448819
20
0.9978968897637795
11
0.7937007874015748
21
0.9968424803149606
0
LINE
8
BLACK
6
CONTINUOUS
10
0.7937007874015748
20
0.9968424803149606
11
0.7937007874015748
21
0.8652705511811023
0
LINE
8
BLACK
6
CONTINUOUS
10
0.7937007874015748
20
0.8652705511811023
11
0.7929133070866141
21
0.8625886220472441
0
LINE
8
BLACK
6
CONTINUOUS
10
0.7929133070866141
20
0.8625886220472441
11
0.7922478346456693
21
0.861762874015748
0
LINE
8
BLACK
6
CONTINUOUS
10
0.7922478346456693
20
0.861762874015748
11
0.7798316141732283
21
0.8493466535433071
0
LINE
8
BLACK
6
CONTINUOUS
10
0.7798316141732283
20
0.8493466535433071
11
0.7773783858267717
21
0.8480070472440945
0
LINE
8
BLACK
6
CONTINUOUS
10
0.7773783858267717
20
0.8480070472440945
11
0.7763239370078739
21
0.8478937007874016
0
LINE
8
BLACK
6
CONTINUOUS
10
0.7763239370078739
20
0.8478937007874016
11
0.7292225196850394
21
0.8478937007874016
0
LINE
8
BLACK
6
CONTINUOUS
10
0.7292225196850394
20
0.8478937007874016
11
0.7269200393700788
21
0.8474357086614173
0
LINE
8
BLACK
6
CONTINUOUS
10
0.7269200393700788
20
0.8474357086614173
11
0.7243089763779528
21
0.8456910236220472
0
LINE
8
BLACK
6
CONTINUOUS
10
0.7243089763779528
20
0.8456910236220472
11
0.7234224409448818
21
0.844364251968504
0
LINE
8
BLACK
6
CONTINUOUS
10
0.7234224409448818
20
0.844364251968504
11
0.7225642913385827
21
0.8430799606299212
0
LINE
8
BLACK
6
CONTINUOUS
10
0.7225642913385827
20
0.8430799606299212
11
0.7225642519685039
21
0.843079842519685
0
LINE
8
BLACK
6
CONTINUOUS
10
0.7225642519685039
20
0.843079842519685
11
0.7221062992125984
21
0.8407775590551181
0
LINE
8
BLACK
6
CONTINUOUS
10
0.7221062992125984
20
0.8407775590551181
11
0.7221062992125984
21
0.7792224015748032
0
LINE
8
BLACK
6
CONTINUOUS
10
0.7221062992125984
20
0.7792224015748032
11
0.7225642519685039
21
0.7769201181102362
0
LINE
8
BLACK
6
CONTINUOUS
10
0.7225642519685039
20
0.7769201181102362
11
0.7225642913385827
21
0.7769199999999999
0
LINE
8
BLACK
6
CONTINUOUS
10
0.7225642913385827
20
0.7769199999999999
11
0.7243089763779528
21
0.7743089763779527
0
LINE
8
BLACK
6
CONTINUOUS
10
0.7243089763779528
20
0.7743089763779527
11
0.72692
21
0.7725642913385826
0
LINE
8
BLACK
6
CONTINUOUS
10
0.72692
20
0.7725642913385826
11
0.7269201181102362
21
0.7725642519685039
0
LINE
8
BLACK
6
CONTINUOUS
10
0.7269201181102362
20
0.7725642519685039
11
0.7292224015748031
21
0.7721062992125984
0
LINE
8
BLACK
6
CONTINUOUS
10
0.7292224015748031
20
0.7721062992125984
11
0.7292225196850394
21
0.7721062992125984
0
LINE
8
BLACK
6
CONTINUOUS
10
0.7292225196850394
20
0.7721062992125984
11
0.7412401574803149
21
0.7721062992125984
0
LINE
8
BLACK
6
CONTINUOUS
10
0.7412401574803149
20
0.7721062992125984
11
0.7439220866141733
21
0.7713188188976378
0
LINE
8
BLACK
6
CONTINUOUS
10
0.7439220866141733
20
0.7713188188976378
11
0.7457525196850393
21
0.7692063779527559
0
LINE
8
BLACK
6
CONTINUOUS
10
0.7457525196850393
20
0.7692063779527559
11
0.7462007874015748
21
0.7671456692913385
0
LINE
8
BLACK
6
CONTINUOUS
10
0.7462007874015748
20
0.7671456692913385
11
0.7462007874015748
21
0.7528543307086614
0
LINE
8
BLACK
6
CONTINUOUS
10
0.7462007874015748
20
0.7528543307086614
11
0.7454133070866141
21
0.7501724015748031
0
LINE
8
BLACK
6
CONTINUOUS
10
0.7454133070866141
20
0.7501724015748031
11
0.7433008661417323
21
0.748341968503937
0
LINE
8
BLACK
6
CONTINUOUS
10
0.7433008661417323
20
0.748341968503937
11
0.7412401574803149
21
0.7478937007874016
0
LINE
8
BLACK
6
CONTINUOUS
10
0.7412401574803149
20
0.7478937007874016
11
0.7292225196850394
21
0.7478937007874016
0
LINE
8
BLACK
6
CONTINUOUS
10
0.7292225196850394
20
0.7478937007874016
11
0.7269200393700788
21
0.7474357086614173
0
LINE
8
BLACK
6
CONTINUOUS
10
0.7269200393700788
20
0.7474357086614173
11
0.7243089763779528
21
0.7456910236220472
0
LINE
8
BLACK
6
CONTINUOUS
10
0.7243089763779528
20
0.7456910236220472
11
0.7225642913385827
21
0.7430799606299212
0
LINE
8
BLACK
6
CONTINUOUS
10
0.7225642913385827
20
0.7430799606299212
11
0.7225642519685039
21
0.7430798425196851
0
LINE
8
BLACK
6
CONTINUOUS
10
0.7225642519685039
20
0.7430798425196851
11
0.7221062992125984
21
0.7407775590551181
0
LINE
8
BLACK
6
CONTINUOUS
10
0.7221062992125984
20
0.7407775590551181
11
0.7221062992125984
21
0.6792224015748032
0
LINE
8
BLACK
6
CONTINUOUS
10
0.7221062992125984
20
0.6792224015748032
11
0.7225642519685039
21
0.6769201181102362
0
LINE
8
BLACK
6
CONTINUOUS
10
0.7225642519685039
20
0.6769201181102362
11
0.7225642913385827
21
0.67692
0
LINE
8
BLACK
6
CONTINUOUS
10
0.7225642913385827
20
0.67692
11
0.7243089763779528
21
0.6743089763779527
0
LINE
8
BLACK
6
CONTINUOUS
10
0.7243089763779528
20
0.6743089763779527
11
0.72692
21
0.6725642913385826
0
LINE
8
BLACK
6
CONTINUOUS
10
0.72692
20
0.6725642913385826
11
0.7269201181102362
21
0.6725642519685039
0
LINE
8
BLACK
6
CONTINUOUS
10
0.7269201181102362
20
0.6725642519685039
11
0.7292224015748031
21
0.6721062992125985
0
LINE
8
BLACK
6
CONTINUOUS
10
0.7292224015748031
20
0.6721062992125985
11
0.7292225196850394
21
0.6721062992125985
0
LINE
8
BLACK
6
CONTINUOUS
10
0.7292225196850394
20
0.6721062992125985
11
0.7412401574803149
21
0.6721062992125985
0
LINE
8
BLACK
6
CONTINUOUS
10
0.7412401574803149
20
0.6721062992125985
11
0.7439220866141733
21
0.6713188188976378
0
LINE
8
BLACK
6
CONTINUOUS
10
0.7439220866141733
20
0.6713188188976378
11
0.7457525196850393
21
0.6692063779527558
0
LINE
8
BLACK
6
CONTINUOUS
10
0.7457525196850393
20
0.6692063779527558
11
0.7462007874015748
21
0.6671456692913386
0
LINE
8
BLACK
6
CONTINUOUS
10
0.7462007874015748
20
0.6671456692913386
11
0.7462007874015748
21
0.6483932677165354
0
LINE
8
BLACK
6
CONTINUOUS
10
0.7462007874015748
20
0.6483932677165354
11
0.7454133070866141
21
0.6457113385826772
0
LINE
8
BLACK
6
CONTINUOUS
10
0.7454133070866141
20
0.6457113385826772
11
0.7447479921259842
21
0.644885748031496
0
LINE
8
BLACK
6
CONTINUOUS
10
0.7447479921259842
20
0.644885748031496
11
0.7287216535433071
21
0.6288594094488189
0
LINE
8
BLACK
6
CONTINUOUS
10
0.7287216535433071
20
0.6288594094488189
11
0.7278004330708662
21
0.6272637401574803
0
LINE
8
BLACK
6
CONTINUOUS
10
0.7278004330708662
20
0.6272637401574803
11
0.7275176771653543
21
0.6267740157480315
0
LINE
8
BLACK
6
CONTINUOUS
10
0.7275176771653543
20
0.6267740157480315
11
0.7275176377952756
21
0.6267739763779527
0
LINE
8
BLACK
6
CONTINUOUS
10
0.7275176377952756
20
0.6267739763779527
11
0.7269050393700788
21
0.6257129527559055
0
LINE
8
BLACK
6
CONTINUOUS
10
0.7269050393700788
20
0.6257129527559055
11
0.7269049212598425
21
0.6257126771653543
0
LINE
8
BLACK
6
CONTINUOUS
10
0.7269049212598425
20
0.6257126771653543
11
0.726771968503937
21
0.6252164960629921
0
LINE
8
BLACK
6
CONTINUOUS
10
0.726771968503937
20
0.6252164960629921
11
0.7259645669291338
21
0.6222031889763779
0
LINE
8
BLACK
6
CONTINUOUS
10
0.7259645669291338
20
0.6222031889763779
11
0.7259645669291338
21
0.6222031102362204
0
LINE
8
BLACK
6
CONTINUOUS
10
0.7259645669291338
20
0.6222031102362204
11
0.7259645669291338
21
0.433781062992126
0
LINE
8
BLACK
6
CONTINUOUS
10
0.7259645669291338
20
0.433781062992126
11
0.7258750787401574
21
0.4334763779527559
0
LINE
8
BLACK
6
CONTINUOUS
10
0.7258750787401574
20
0.4334763779527559
11
0.725925905511811
21
0.4331629133858267
0
LINE
8
BLACK
6
CONTINUOUS
10
0.725925905511811
20
0.4331629133858267
11
0.7254869291338583
21
0.4321544094488189
0
LINE
8
BLACK
6
CONTINUOUS
10
0.7254869291338583
20
0.4321544094488189
11
0.7251770866141732
21
0.4310991338582677
0
LINE
8
BLACK
6
CONTINUOUS
10
0.7251770866141732
20
0.4310991338582677
11
0.7249086614173228
21
0.4308258661417323
0
LINE
8
BLACK
6
CONTINUOUS
10
0.7249086614173228
20
0.4308258661417323
11
0.7248103543307086
21
0.4306
0
LINE
8
BLACK
6
CONTINUOUS
10
0.7248103543307086
20
0.4306
11
0.7237599606299212
21
0.4296564960629921
0
LINE
8
BLACK
6
CONTINUOUS
10
0.7237599606299212
20
0.4296564960629921
11
0.7215157874015747
21
0.428156968503937
0
LINE
8
BLACK
6
CONTINUOUS
10
0.7215157874015747
20
0.428156968503937
11
0.7188484251968503
21
0.4273217322834645
0
LINE
8
BLACK
6
CONTINUOUS
10
0.7188484251968503
20
0.4273217322834645
11
0.716152874015748
21
0.4280611811023622
0
LINE
8
BLACK
6
CONTINUOUS
10
0.716152874015748
20
0.4280611811023622
11
0.7142849999999999
21
0.4301405905511811
0
LINE
8
BLACK
6
CONTINUOUS
10
0.7142849999999999
20
0.4301405905511811
11
0.7137992125984252
21
0.4322815748031496
0
LINE
8
BLACK
6
CONTINUOUS
10
0.7137992125984252
20
0.4322815748031496
11
0.7137992125984252
21
0.6064546456692913
0
LINE
8
BLACK
6
CONTINUOUS
10
0.7137992125984252
20
0.6064546456692913
11
0.7137992125984252
21
0.6064547244094488
0
LINE
8
BLACK
6
CONTINUOUS
10
0.7137992125984252
20
0.6064547244094488
11
0.7128588188976378
21
0.6099643307086614
0
LINE
8
BLACK
6
CONTINUOUS
10
0.7128588188976378
20
0.6099643307086614
11
0.712404094488189
21
0.6107519291338582
0
LINE
8
BLACK
6
CONTINUOUS
10
0.712404094488189
20
0.6107519291338582
11
0.711042125984252
21
0.6131109448818898
0
LINE
8
BLACK
6
CONTINUOUS
10
0.711042125984252
20
0.6131109448818898
11
0.6752520866141732
21
0.6489009448818898
0
LINE
8
BLACK
6
CONTINUOUS
10
0.6752520866141732
20
0.6489009448818898
11
0.6739125984251968
21
0.6513541338582677
0
LINE
8
BLACK
6
CONTINUOUS
10
0.6739125984251968
20
0.6513541338582677
11
0.6737992125984252
21
0.6524085826771654
0
LINE
8
BLACK
6
CONTINUOUS
10
0.6737992125984252
20
0.6524085826771654
11
0.6737992125984252
21
0.6671456692913386
0
LINE
8
BLACK
6
CONTINUOUS
10
0.6737992125984252
20
0.6671456692913386
11
0.6745866929133858
21
0.6698275984251968
0
LINE
8
BLACK
6
CONTINUOUS
10
0.6745866929133858
20
0.6698275984251968
11
0.6766991338582677
21
0.671658031496063
0
LINE
8
BLACK
6
CONTINUOUS
10
0.6766991338582677
20
0.671658031496063
11
0.678759842519685
21
0.6721062992125985
0
LINE
8
BLACK
6
CONTINUOUS
10
0.678759842519685
20
0.6721062992125985
11
0.6907775590551181
21
0.6721062992125985
0
LINE
8
BLACK
6
CONTINUOUS
10
0.6907775590551181
20
0.6721062992125985
11
0.693079842519685
21
0.6725642519685039
0
LINE
8
BLACK
6
CONTINUOUS
10
0.693079842519685
20
0.6725642519685039
11
0.6930799606299213
21
0.6725642913385826
0
LINE
8
BLACK
6
CONTINUOUS
10
0.6930799606299213
20
0.6725642913385826
11
0.6935729527559055
21
0.6728937007874015
0
LINE
8
BLACK
6
CONTINUOUS
10
0.6935729527559055
20
0.6728937007874015
11
0.6956910236220473
21
0.6743089763779527
0
LINE
8
BLACK
6
CONTINUOUS
10
0.6956910236220473
20
0.6743089763779527
11
0.6974357086614174
21
0.6769200393700787
0
LINE
8
BLACK
6
CONTINUOUS
10
0.6974357086614174
20
0.6769200393700787
11
0.6978937007874015
21
0.6792225196850393
0
LINE
8
BLACK
6
CONTINUOUS
10
0.6978937007874015
20
0.6792225196850393
11
0.6978937007874015
21
0.7407774803149606
0
LINE
8
BLACK
6
CONTINUOUS
10
0.6978937007874015
20
0.7407774803149606
11
0.6974357086614174
21
0.7430799606299212
0
LINE
8
BLACK
6
CONTINUOUS
10
0.6974357086614174
20
0.7430799606299212
11
0.6956910236220473
21
0.7456910236220472
0
LINE
8
BLACK
6
CONTINUOUS
10
0.6956910236220473
20
0.7456910236220472
11
0.6930799606299213
21
0.7474357086614173
0
LINE
8
BLACK
6
CONTINUOUS
10
0.6930799606299213
20
0.7474357086614173
11
0.6907774803149607
21
0.7478937007874016
0
LINE
8
BLACK
6
CONTINUOUS
10
0.6907774803149607
20
0.7478937007874016
11
0.6907774409448819
21
0.7478937007874016
0
LINE
8
BLACK
6
CONTINUOUS
10
0.6907774409448819
20
0.7478937007874016
11
0.678759842519685
21
0.7478937007874016
0
LINE
8
BLACK
6
CONTINUOUS
10
0.678759842519685
20
0.7478937007874016
11
0.6760779133858268
21
0.7486811811023621
0
LINE
8
BLACK
6
CONTINUOUS
10
0.6760779133858268
20
0.7486811811023621
11
0.6742474803149606
21
0.7507936220472441
0
LINE
8
BLACK
6
CONTINUOUS
10
0.6742474803149606
20
0.7507936220472441
11
0.6737992125984252
21
0.7528543307086614
0
LINE
8
BLACK
6
CONTINUOUS
10
0.6737992125984252
20
0.7528543307086614
11
0.6737992125984252
21
0.7671456692913385
0
LINE
8
BLACK
6
CONTINUOUS
10
0.6737992125984252
20
0.7671456692913385
11
0.6745866929133858
21
0.7698275984251969
0
LINE
8
BLACK
6
CONTINUOUS
10
0.6745866929133858
20
0.7698275984251969
11
0.6766991338582677
21
0.7716580314960629
0
LINE
8
BLACK
6
CONTINUOUS
10
0.6766991338582677
20
0.7716580314960629
11
0.678759842519685
21
0.7721062992125984
0
LINE
8
BLACK
6
CONTINUOUS
10
0.678759842519685
20
0.7721062992125984
11
0.6907775590551181
21
0.7721062992125984
0
LINE
8
BLACK
6
CONTINUOUS
10
0.6907775590551181
20
0.7721062992125984
11
0.693079842519685
21
0.7725642519685039
0
LINE
8
BLACK
6
CONTINUOUS
10
0.693079842519685
20
0.7725642519685039
11
0.6930799606299213
21
0.7725642913385826
0
LINE
8
BLACK
6
CONTINUOUS
10
0.6930799606299213
20
0.7725642913385826
11
0.6935729527559055
21
0.7728937007874016
0
LINE
8
BLACK
6
CONTINUOUS
10
0.6935729527559055
20
0.7728937007874016
11
0.6956910236220473
21
0.7743089763779527
0
LINE
8
BLACK
6
CONTINUOUS
10
0.6956910236220473
20
0.7743089763779527
11
0.6974357086614174
21
0.7769200393700787
0
LINE
8
BLACK
6
CONTINUOUS
10
0.6974357086614174
20
0.7769200393700787
11
0.6978937007874015
21
0.7792225196850393
0
LINE
8
BLACK
6
CONTINUOUS
10
0.6978937007874015
20
0.7792225196850393
11
0.6978937007874015
21
0.8407774803149606
0
LINE
8
BLACK
6
CONTINUOUS
10
0.6978937007874015
20
0.8407774803149606
11
0.6974357086614174
21
0.8430799606299212
0
LINE
8
BLACK
6
CONTINUOUS
10
0.6974357086614174
20
0.8430799606299212
11
0.6956910236220473
21
0.8456910236220472
0
LINE
8
BLACK
6
CONTINUOUS
10
0.6956910236220473
20
0.8456910236220472
11
0.6930799606299213
21
0.8474357086614173
0
LINE
8
BLACK
6
CONTINUOUS
10
0.6930799606299213
20
0.8474357086614173
11
0.6907774803149607
21
0.8478937007874016
0
LINE
8
BLACK
6
CONTINUOUS
10
0.6907774803149607
20
0.8478937007874016
11
0.6907774409448819
21
0.8478937007874016
0
LINE
8
BLACK
6
CONTINUOUS
10
0.6907774409448819
20
0.8478937007874016
11
0.643676062992126
21
0.8478937007874016
0
LINE
8
BLACK
6
CONTINUOUS
10
0.643676062992126
20
0.8478937007874016
11
0.6409941338582678
21
0.8486811811023622
0
LINE
8
BLACK
6
CONTINUOUS
10
0.6409941338582678
20
0.8486811811023622
11
0.6401683858267716
21
0.8493466535433071
0
LINE
8
BLACK
6
CONTINUOUS
10
0.6401683858267716
20
0.8493466535433071
11
0.5949375984251969
21
0.8945774409448819
0
LINE
8
BLACK
6
CONTINUOUS
10
0.5949375984251969
20
0.8945774409448819
11
0.5935979921259842
21
0.8970306692913386
0
LINE
8
BLACK
6
CONTINUOUS
10
0.5935979921259842
20
0.8970306692913386
11
0.5934846456692914
21
0.8980851181102362
0
LINE
8
BLACK
6
CONTINUOUS
10
0.5934846456692914
20
0.8980851181102362
11
0.5934846456692914
21
1.0673089370078739
0
LINE
8
BLACK
6
CONTINUOUS
10
0.5934846456692914
20
1.0673089370078739
11
0.5942721259842519
21
1.0699908661417323
0
LINE
8
BLACK
6
CONTINUOUS
10
0.5942721259842519
20
1.0699908661417323
11
0.5949375590551181
21
1.0708166141732283
0
LINE
8
BLACK
6
CONTINUOUS
10
0.5949375590551181
20
1.0708166141732283
11
0.6197497244094488
21
1.0956288188976377
0
LINE
8
BLACK
6
CONTINUOUS
10
0.6197497244094488
20
1.0956288188976377
11
0.6222029921259843
21
1.0969683858267716
0
LINE
8
BLACK
6
CONTINUOUS
10
0.6222029921259843
20
1.0969683858267716
11
0.6242251968503937
21
1.0969864566929133
0
LINE
8
BLACK
6
CONTINUOUS
10
0.6242251968503937
20
1.0969864566929133
11
0.6244560236220472
21
1.0969405118110236
0
LINE
8
BLACK
6
CONTINUOUS
10
0.6244560236220472
20
1.0969405118110236
11
0.6244562598425196
21
1.0969405118110236
0
LINE
8
BLACK
6
CONTINUOUS
10
0.6244562598425196
20
1.0969405118110236
11
0.6294623228346456
21
1.0969405118110236
0
LINE
8
BLACK
6
CONTINUOUS
10
0.6294623228346456
20
1.0969405118110236
11
0.6321692913385827
21
1.0974789763779527
0
LINE
8
BLACK
6
CONTINUOUS
10
0.6321692913385827
20
1.0974789763779527
11
0.6343720472440945
21
1.097917125984252
0
LINE
8
BLACK
6
CONTINUOUS
10
0.6343720472440945
20
1.097917125984252
11
0.6389970078740157
21
1.0998328740157479
0
LINE
8
BLACK
6
CONTINUOUS
10
0.6389970078740157
20
1.0998328740157479
11
0.6431593307086614
21
1.1026140551181103
0
LINE
8
BLACK
6
CONTINUOUS
10
0.6431593307086614
20
1.1026140551181103
11
0.646699094488189
21
1.1061538188976379
0
LINE
8
BLACK
6
CONTINUOUS
10
0.646699094488189
20
1.1061538188976379
11
0.6467574409448819
21
1.1062121653543306
0
LINE
8
BLACK
6
CONTINUOUS
10
0.6467574409448819
20
1.1062121653543306
11
0.6492106692913385
21
1.1075517322834645
0
LINE
8
BLACK
6
CONTINUOUS
10
0.6492106692913385
20
1.1075517322834645
11
0.6519987007874015
21
1.1073522834645668
0
LINE
8
BLACK
6
CONTINUOUS
10
0.6519987007874015
20
1.1073522834645668
11
0.6537727952755905
21
1.1062121653543306
0
LINE
8
BLACK
6
CONTINUOUS
10
0.6537727952755905
20
1.1062121653543306
11
0.6696533858267716
21
1.0903315354330709
0
LINE
8
BLACK
6
CONTINUOUS
10
0.6696533858267716
20
1.0903315354330709
11
0.6709929133858268
21
1.0878783858267715
0
LINE
8
BLACK
6
CONTINUOUS
10
0.6709929133858268
20
1.0878783858267715
11
0.6711062992125985
21
1.0868239370078741
0
LINE
8
BLACK
6
CONTINUOUS
10
0.6711062992125985
20
1.0868239370078741
11
0.6711062992125985
21
1.0647224015748031
0
LINE
8
BLACK
6
CONTINUOUS
10
0.6711062992125985
20
1.0647224015748031
11
0.6715642519685039
21
1.0624201181102362
0
LINE
8
BLACK
6
CONTINUOUS
10
0.6715642519685039
20
1.0624201181102362
11
0.6715642913385826
21
1.0624199999999999
0
LINE
8
BLACK
6
CONTINUOUS
10
0.6715642913385826
20
1.0624199999999999
11
0.6733089763779527
21
1.059808937007874
0
LINE
8
BLACK
6
CONTINUOUS
10
0.6733089763779527
20
1.059808937007874
11
0.6744590551181102
21
1.0590404724409448
0
LINE
8
BLACK
6
CONTINUOUS
10
0.6744590551181102
20
1.0590404724409448
11
0.6762514566929134
21
1.0568956692913385
0
LINE
8
BLACK
6
CONTINUOUS
10
0.6762514566929134
20
1.0568956692913385
11
0.6765997637795276
21
1.0541223228346457
0
LINE
8
BLACK
6
CONTINUOUS
10
0.6765997637795276
20
1.0541223228346457
11
0.6753933858267717
21
1.0516009448818897
0
LINE
8
BLACK
6
CONTINUOUS
10
0.6753933858267717
20
1.0516009448818897
11
0.6744591338582677
21
1.0507913779527558
0
LINE
8
BLACK
6
CONTINUOUS
10
0.6744591338582677
20
1.0507913779527558
11
0.6743089763779527
21
1.0506910236220472
0
LINE
8
BLACK
6
CONTINUOUS
10
0.6743089763779527
20
1.0506910236220472
11
0.6725642913385826
21
1.0480799606299211
0
LINE
8
BLACK
6
CONTINUOUS
10
0.6725642913385826
20
1.0480799606299211
11
0.6725642519685039
21
1.0480798425196851
0
LINE
8
BLACK
6
CONTINUOUS
10
0.6725642519685039
20
1.0480798425196851
11
0.6721062992125985
21
1.0457775590551182
0
LINE
8
BLACK
6
CONTINUOUS
10
0.6721062992125985
20
1.0457775590551182
11
0.6721062992125985
21
1.009222401574803
0
LINE
8
BLACK
6
CONTINUOUS
10
0.6721062992125985
20
1.009222401574803
11
0.6725642519685039
21
1.0069201181102363
0
LINE
8
BLACK
6
CONTINUOUS
10
0.6725642519685039
20
1.0069201181102363
11
0.6725642913385826
21
1.00692
0
LINE
8
BLACK
6
CONTINUOUS
10
0.6725642913385826
20
1.00692
11
0.6743089763779527
21
1.0043089763779527
0
LINE
8
BLACK
6
CONTINUOUS
10
0.6743089763779527
20
1.0043089763779527
11
0.67692
21
1.0025642913385826
0
LINE
8
BLACK
6
CONTINUOUS
10
0.67692
20
1.0025642913385826
11
0.6769201181102362
21
1.0025642519685039
0
LINE
8
BLACK
6
CONTINUOUS
10
0.6769201181102362
20
1.0025642519685039
11
0.6792224015748032
21
1.0021062992125984
0
LINE
8
BLACK
6
CONTINUOUS
10
0.6792224015748032
20
1.0021062992125984
11
0.6792225196850393
21
1.0021062992125984
0
LINE
8
BLACK
6
CONTINUOUS
10
0.6792225196850393
20
1.0021062992125984
11
0.7357775590551181
21
1.0021062992125984
0
LINE
8
BLACK
6
CONTINUOUS
10
0.7357775590551181
20
1.0021062992125984
11
0.7380798425196851
21
1.0025642519685039
0
LINE
8
BLACK
6
CONTINUOUS
10
0.7380798425196851
20
1.0025642519685039
11
0.7380799606299212
21
1.0025642913385826
0
LINE
8
BLACK
6
CONTINUOUS
10
0.7380799606299212
20
1.0025642913385826
11
0.7406910236220472
21
1.0043089763779527
0
LINE
8
BLACK
6
CONTINUOUS
10
0.7406910236220472
20
1.0043089763779527
11
0.7424357086614173
21
1.0069200393700788
0
LINE
8
BLACK
6
CONTINUOUS
10
0.7424357086614173
20
1.0069200393700788
11
0.7428937007874016
21
1.0092225196850393
0
LINE
8
BLACK
6
CONTINUOUS
10
0.7428937007874016
20
1.0092225196850393
11
0.7428937007874016
21
1.0457774803149607
0
LINE
8
BLACK
6
CONTINUOUS
10
0.7428937007874016
20
1.0457774803149607
11
0.7424357086614173
21
1.0480799606299211
0
LINE
8
BLACK
6
CONTINUOUS
10
0.7424357086614173
20
1.0480799606299211
11
0.7406910236220472
21
1.0506910236220472
0
LINE
8
BLACK
6
CONTINUOUS
10
0.7406910236220472
20
1.0506910236220472
11
0.7395409448818897
21
1.0514594488188975
0
LINE
8
BLACK
6
CONTINUOUS
10
0.7395409448818897
20
1.0514594488188975
11
0.7377485433070866
21
1.0536041338582678
0
LINE
8
BLACK
6
CONTINUOUS
10
0.7377485433070866
20
1.0536041338582678
11
0.737400157480315
21
1.0563774803149606
0
LINE
8
BLACK
6
CONTINUOUS
10
0.737400157480315
20
1.0563774803149606
11
0.7386064566929134
21
1.0588989370078741
0
LINE
8
BLACK
6
CONTINUOUS
10
0.7386064566929134
20
1.0588989370078741
11
0.7395407480314961
21
1.0597085433070865
0
LINE
8
BLACK
6
CONTINUOUS
10
0.7395407480314961
20
1.0597085433070865
11
0.7396909842519684
21
1.059808937007874
0
LINE
8
BLACK
6
CONTINUOUS
10
0.7396909842519684
20
1.059808937007874
11
0.7399672834645669
21
1.0602224015748032
0
LINE
8
BLACK
6
CONTINUOUS
10
0.7399672834645669
20
1.0602224015748032
11
0.7414357086614173
21
1.0624200393700787
0
LINE
8
BLACK
6
CONTINUOUS
10
0.7414357086614173
20
1.0624200393700787
11
0.7418937007874016
21
1.0647225196850394
0
LINE
8
BLACK
6
CONTINUOUS
10
0.7418937007874016
20
1.0647225196850394
11
0.7418937007874016
21
1.1012774803149605
0
LINE
8
BLACK
6
CONTINUOUS
10
0.7418937007874016
20
1.1012774803149605
11
0.7414357086614173
21
1.1035799606299213
0
LINE
8
BLACK
6
CONTINUOUS
10
0.7414357086614173
20
1.1035799606299213
11
0.7396910236220472
21
1.1061910236220471
0
LINE
8
BLACK
6
CONTINUOUS
10
0.7396910236220472
20
1.1061910236220471
11
0.7370799606299212
21
1.1079357086614172
0
LINE
8
BLACK
6
CONTINUOUS
10
0.7370799606299212
20
1.1079357086614172
11
0.7347774803149606
21
1.1083937007874016
0
LINE
8
BLACK
6
CONTINUOUS
10
0.7347774803149606
20
1.1083937007874016
11
0.7347774409448818
21
1.1083937007874016
0
LINE
8
BLACK
6
CONTINUOUS
10
0.7347774409448818
20
1.1083937007874016
11
0.6926760629921259
21
1.1083937007874016
0
LINE
8
BLACK
6
CONTINUOUS
10
0.6926760629921259
20
1.1083937007874016
11
0.6899941338582677
21
1.1091811811023622
0
LINE
8
BLACK
6
CONTINUOUS
10
0.6899941338582677
20
1.1091811811023622
11
0.6891683464566929
21
1.1098466535433071
0
LINE
8
BLACK
6
CONTINUOUS
10
0.6891683464566929
20
1.1098466535433071
11
0.6748770472440945
21
1.1241379921259842
0
LINE
8
BLACK
6
CONTINUOUS
10
0.6748770472440945
20
1.1241379921259842
11
0.6735374803149606
21
1.1265912204724409
0
LINE
8
BLACK
6
CONTINUOUS
10
0.6735374803149606
20
1.1265912204724409
11
0.6737368897637795
21
1.129379251968504
0
LINE
8
BLACK
6
CONTINUOUS
10
0.6737368897637795
20
1.129379251968504
11
0.675411968503937
21
1.1316168503937007
0
LINE
8
BLACK
6
CONTINUOUS
10
0.675411968503937
20
1.1316168503937007
11
0.6780308661417322
21
1.1325936614173229
0
LINE
8
BLACK
6
CONTINUOUS
10
0.6780308661417322
20
1.1325936614173229
11
0.6783847637795275
21
1.1326062992125985
0
LINE
8
BLACK
6
CONTINUOUS
10
0.6783847637795275
20
1.1326062992125985
11
0.7347775590551181
21
1.1326062992125985
0
LINE
8
BLACK
6
CONTINUOUS
10
0.7347775590551181
20
1.1326062992125985
11
0.7370798425196851
21
1.1330642519685039
0
LINE
8
BLACK
6
CONTINUOUS
10
0.7370798425196851
20
1.1330642519685039
11
0.7370799606299212
21
1.1330642913385827
0
LINE
8
BLACK
6
CONTINUOUS
10
0.7370799606299212
20
1.1330642913385827
11
0.7381635039370078
21
1.1337883070866142
0
LINE
8
BLACK
6
CONTINUOUS
10
0.7381635039370078
20
1.1337883070866142
11
0.7396910236220472
21
1.1348089763779527
0
LINE
8
BLACK
6
CONTINUOUS
10
0.7396910236220472
20
1.1348089763779527
11
0.7414357086614173
21
1.1374200393700786
0
LINE
8
BLACK
6
CONTINUOUS
10
0.7414357086614173
20
1.1374200393700786
11
0.7418937007874016
21
1.1397225196850393
0
LINE
8
BLACK
6
CONTINUOUS
10
0.7418937007874016
20
1.1397225196850393
11
0.7418937007874016
21
1.1762774803149607
0
LINE
8
BLACK
6
CONTINUOUS
10
0.7418937007874016
20
1.1762774803149607
11
0.7414357086614173
21
1.1785799606299212
0
LINE
8
BLACK
6
CONTINUOUS
10
0.7414357086614173
20
1.1785799606299212
11
0.7396910236220472
21
1.1811910236220473
0
LINE
8
BLACK
6
CONTINUOUS
10
0.7396910236220472
20
1.1811910236220473
11
0.7370799606299212
21
1.1829357086614174
0
LINE
8
BLACK
6
CONTINUOUS
10
0.7370799606299212
20
1.1829357086614174
11
0.7347774803149606
21
1.1833937007874016
0
LINE
8
BLACK
6
CONTINUOUS
10
0.7347774803149606
20
1.1833937007874016
11
0.7347774409448818
21
1.1833937007874016
0
LINE
8
BLACK
6
CONTINUOUS
10
0.7347774409448818
20
1.1833937007874016
11
0.7291968503937007
21
1.1833937007874016
0
LINE
8
BLACK
6
CONTINUOUS
10
0.7291968503937007
20
1.1833937007874016
11
0.7288493700787402
21
1.1834957086614173
0
LINE
8
BLACK
6
CONTINUOUS
10
0.7288493700787402
20
1.1834957086614173
11
0.7284908661417323
21
1.1834441732283465
0
LINE
8
BLACK
6
CONTINUOUS
10
0.7284908661417323
20
1.1834441732283465
11
0.7275292125984252
21
1.1838833464566929
0
LINE
8
BLACK
6
CONTINUOUS
10
0.7275292125984252
20
1.1838833464566929
11
0.7265149212598425
21
1.1841811811023621
0
LINE
8
BLACK
6
CONTINUOUS
10
0.7265149212598425
20
1.1841811811023621
11
0.726277716535433
21
1.1844549212598425
0
LINE
8
BLACK
6
CONTINUOUS
10
0.726277716535433
20
1.1844549212598425
11
0.7259483464566929
21
1.1846053543307087
0
LINE
8
BLACK
6
CONTINUOUS
10
0.7259483464566929
20
1.1846053543307087
11
0.7253768897637796
21
1.1854945275590552
0
LINE
8
BLACK
6
CONTINUOUS
10
0.7253768897637796
20
1.1854945275590552
11
0.7246844881889764
21
1.186293622047244
0
LINE
8
BLACK
6
CONTINUOUS
10
0.7246844881889764
20
1.186293622047244
11
0.7245929527559055
21
1.1867143307086614
0
LINE
8
BLACK
6
CONTINUOUS
10
0.7245929527559055
20
1.1867143307086614
11
0.7244371653543307
21
1.1869567716535432
0
LINE
8
BLACK
6
CONTINUOUS
10
0.7244371653543307
20
1.1869567716535432
11
0.724236220472441
21
1.1883543307086615
0
LINE
8
BLACK
6
CONTINUOUS
10
0.724236220472441
20
1.1883543307086615
11
0.724236220472441
21
1.1921456692913386
0
LINE
8
BLACK
6
CONTINUOUS
10
0.724236220472441
20
1.1921456692913386
11
0.7250237007874015
21
1.1948275984251968
0
LINE
8
BLACK
6
CONTINUOUS
10
0.7250237007874015
20
1.1948275984251968
11
0.7271361417322835
21
1.1966580314960629
0
LINE
8
BLACK
6
CONTINUOUS
10
0.7271361417322835
20
1.1966580314960629
11
0.7291968503937007
21
1.1971062992125985
0
LINE
8
BLACK
6
CONTINUOUS
10
0.7291968503937007
20
1.1971062992125985
11
0.735277559055118
21
1.1971062992125985
0
LINE
8
BLACK
6
CONTINUOUS
10
0.735277559055118
20
1.1971062992125985
11
0.737579842519685
21
1.1975642519685039
0
LINE
8
BLACK
6
CONTINUOUS
10
0.737579842519685
20
1.1975642519685039
11
0.7375799606299213
21
1.1975642913385827
0
LINE
8
BLACK
6
CONTINUOUS
10
0.7375799606299213
20
1.1975642913385827
11
0.7377154330708662
21
1.1976548031496064
0
LINE
8
BLACK
6
CONTINUOUS
10
0.7377154330708662
20
1.1976548031496064
11
0.7401910236220473
21
1.1993089763779528
0
LINE
8
BLACK
6
CONTINUOUS
10
0.7401910236220473
20
1.1993089763779528
11
0.7419357086614173
21
1.2019200393700786
0
LINE
8
BLACK
6
CONTINUOUS
10
0.7419357086614173
20
1.2019200393700786
11
0.7423937007874015
21
1.2042225196850393
0
LINE
8
BLACK
6
CONTINUOUS
10
0.7423937007874015
20
1.2042225196850393
11
0.7423937007874015
21
1.2407774803149607
0
LINE
8
BLACK
6
CONTINUOUS
10
0.7423937007874015
20
1.2407774803149607
11
0.7419357086614173
21
1.2430799606299212
0
LINE
8
BLACK
6
CONTINUOUS
10
0.7419357086614173
20
1.2430799606299212
11
0.7401910236220473
21
1.2456910236220473
0
LINE
8
BLACK
6
CONTINUOUS
10
0.7401910236220473
20
1.2456910236220473
11
0.7375799606299213
21
1.2474357086614174
0
LINE
8
BLACK
6
CONTINUOUS
10
0.7375799606299213
20
1.2474357086614174
11
0.7352774803149607
21
1.2478937007874016
0
LINE
8
BLACK
6
CONTINUOUS
10
0.7352774803149607
20
1.2478937007874016
11
0.6787225196850394
21
1.2478937007874016
0
LINE
8
BLACK
6
CONTINUOUS
10
0.6787225196850394
20
1.2478937007874016
11
0.6764200393700788
21
1.2474357086614174
0
LINE
8
BLACK
6
CONTINUOUS
10
0.6764200393700788
20
1.2474357086614174
11
0.6738089763779528
21
1.2456910236220473
0
LINE
8
BLACK
6
CONTINUOUS
10
0.6738089763779528
20
1.2456910236220473
11
0.6720642913385827
21
1.2430799606299212
0
LINE
8
BLACK
6
CONTINUOUS
10
0.6720642913385827
20
1.2430799606299212
11
0.6720642519685039
21
1.243079842519685
0
LINE
8
BLACK
6
CONTINUOUS
10
0.6720642519685039
20
1.243079842519685
11
0.6716062992125984
21
1.240777559055118
0
LINE
8
BLACK
6
CONTINUOUS
10
0.6716062992125984
20
1.240777559055118
11
0.6716062992125984
21
1.2042224015748031
0
LINE
8
BLACK
6
CONTINUOUS
10
0.6716062992125984
20
1.2042224015748031
11
0.6720642519685039
21
1.2019201181102361
0
LINE
8
BLACK
6
CONTINUOUS
10
0.6720642519685039
20
1.2019201181102361
11
0.6720642913385827
21
1.2019199999999999
0
LINE
8
BLACK
6
CONTINUOUS
10
0.6720642913385827
20
1.2019199999999999
11
0.6738089763779528
21
1.1993089763779528
0
LINE
8
BLACK
6
CONTINUOUS
10
0.6738089763779528
20
1.1993089763779528
11
0.67642
21
1.1975642913385827
0
LINE
8
BLACK
6
CONTINUOUS
10
0.67642
20
1.1975642913385827
11
0.6764201181102362
21
1.1975642519685039
0
LINE
8
BLACK
6
CONTINUOUS
10
0.6764201181102362
20
1.1975642519685039
11
0.6787224015748031
21
1.1971062992125985
0
LINE
8
BLACK
6
CONTINUOUS
10
0.6787224015748031
20
1.1971062992125985
11
0.6787225196850394
21
1.1971062992125985
0
LINE
8
BLACK
6
CONTINUOUS
10
0.6787225196850394
20
1.1971062992125985
11
0.6838031496062992
21
1.1971062992125985
0
LINE
8
BLACK
6
CONTINUOUS
10
0.6838031496062992
20
1.1971062992125985
11
0.6841505905511811
21
1.197004251968504
0
LINE
8
BLACK
6
CONTINUOUS
10
0.6841505905511811
20
1.197004251968504
11
0.6845091338582677
21
1.1970558267716536
0
LINE
8
BLACK
6
CONTINUOUS
10
0.6845091338582677
20
1.1970558267716536
11
0.6854707480314961
21
1.1966166141732284
0
LINE
8
BLACK
6
CONTINUOUS
10
0.6854707480314961
20
1.1966166141732284
11
0.6864850787401575
21
1.1963188188976377
0
LINE
8
BLACK
6
CONTINUOUS
10
0.6864850787401575
20
1.1963188188976377
11
0.6867222440944881
21
1.1960450393700788
0
LINE
8
BLACK
6
CONTINUOUS
10
0.6867222440944881
20
1.1960450393700788
11
0.6870516535433071
21
1.1958946456692914
0
LINE
8
BLACK
6
CONTINUOUS
10
0.6870516535433071
20
1.1958946456692914
11
0.6876230708661417
21
1.1950054330708662
0
LINE
8
BLACK
6
CONTINUOUS
10
0.6876230708661417
20
1.1950054330708662
11
0.6883155118110236
21
1.1942063779527559
0
LINE
8
BLACK
6
CONTINUOUS
10
0.6883155118110236
20
1.1942063779527559
11
0.6884070078740158
21
1.1937856299212599
0
LINE
8
BLACK
6
CONTINUOUS
10
0.6884070078740158
20
1.1937856299212599
11
0.6885628346456693
21
1.1935432283464567
0
LINE
8
BLACK
6
CONTINUOUS
10
0.6885628346456693
20
1.1935432283464567
11
0.6887637795275591
21
1.1921456692913386
0
LINE
8
BLACK
6
CONTINUOUS
10
0.6887637795275591
20
1.1921456692913386
11
0.6887637795275591
21
1.1883543307086615
0
LINE
8
BLACK
6
CONTINUOUS
10
0.6887637795275591
20
1.1883543307086615
11
0.6879762992125984
21
1.185672401574803
0
LINE
8
BLACK
6
CONTINUOUS
10
0.6879762992125984
20
1.185672401574803
11
0.6858638582677166
21
1.183841968503937
0
LINE
8
BLACK
6
CONTINUOUS
10
0.6858638582677166
20
1.183841968503937
11
0.6838031496062992
21
1.1833937007874016
0
LINE
8
BLACK
6
CONTINUOUS
10
0.6838031496062992
20
1.1833937007874016
11
0.6782225196850393
21
1.1833937007874016
0
LINE
8
BLACK
6
CONTINUOUS
10
0.6782225196850393
20
1.1833937007874016
11
0.6759200393700787
21
1.1829357086614174
0
LINE
8
BLACK
6
CONTINUOUS
10
0.6759200393700787
20
1.1829357086614174
11
0.6752994881889763
21
1.1825210629921259
0
LINE
8
BLACK
6
CONTINUOUS
10
0.6752994881889763
20
1.1825210629921259
11
0.6739245669291338
21
1.1816023622047245
0
LINE
8
BLACK
6
CONTINUOUS
10
0.6739245669291338
20
1.1816023622047245
11
0.6712571259842519
21
1.180767125984252
0
LINE
8
BLACK
6
CONTINUOUS
10
0.6712571259842519
20
1.180767125984252
11
0.6685615748031496
21
1.1815066141732282
0
LINE
8
BLACK
6
CONTINUOUS
10
0.6685615748031496
20
1.1815066141732282
11
0.6684142913385827
21
1.1816012204724409
0
LINE
8
BLACK
6
CONTINUOUS
10
0.6684142913385827
20
1.1816012204724409
11
0.6670377559055118
21
1.1825210236220471
0
LINE
8
BLACK
6
CONTINUOUS
10
0.6670377559055118
20
1.1825210236220471
11
0.6624127952755905
21
1.1844367716535433
0
LINE
8
BLACK
6
CONTINUOUS
10
0.6624127952755905
20
1.1844367716535433
11
0.6575029921259843
21
1.1854133858267717
0
LINE
8
BLACK
6
CONTINUOUS
10
0.6575029921259843
20
1.1854133858267717
11
0.6524970078740158
21
1.1854133858267717
0
LINE
8
BLACK
6
CONTINUOUS
10
0.6524970078740158
20
1.1854133858267717
11
0.6475872047244094
21
1.1844367716535433
0
LINE
8
BLACK
6
CONTINUOUS
10
0.6475872047244094
20
1.1844367716535433
11
0.6429622440944882
21
1.1825210236220471
0
LINE
8
BLACK
6
CONTINUOUS
10
0.6429622440944882
20
1.1825210236220471
11
0.6387999212598425
21
1.179739842519685
0
LINE
8
BLACK
6
CONTINUOUS
10
0.6387999212598425
20
1.179739842519685
11
0.6352601574803149
21
1.1762000787401574
0
LINE
8
BLACK
6
CONTINUOUS
10
0.6352601574803149
20
1.1762000787401574
11
0.6351290551181102
21
1.1760038582677166
0
LINE
8
BLACK
6
CONTINUOUS
10
0.6351290551181102
20
1.1760038582677166
11
0.6329844094488188
21
1.1742114566929134
0
LINE
8
BLACK
6
CONTINUOUS
10
0.6329844094488188
20
1.1742114566929134
11
0.6310044488188976
21
1.1737992125984251
0
LINE
8
BLACK
6
CONTINUOUS
10
0.6310044488188976
20
1.1737992125984251
11
0.616465748031496
21
1.1737992125984251
0
LINE
8
BLACK
6
CONTINUOUS
10
0.616465748031496
20
1.1737992125984251
11
0.6129561417322834
21
1.1728588188976379
0
LINE
8
BLACK
6
CONTINUOUS
10
0.6129561417322834
20
1.1728588188976379
11
0.6129560236220473
21
1.1728587401574804
0
LINE
8
BLACK
6
CONTINUOUS
10
0.6129560236220473
20
1.1728587401574804
11
0.6129559448818898
21
1.1728587401574804
0
LINE
8
BLACK
6
CONTINUOUS
10
0.6129559448818898
20
1.1728587401574804
11
0.6098096456692913
21
1.1710422047244093
0
LINE
8
BLACK
6
CONTINUOUS
10
0.6098096456692913
20
1.1710422047244093
11
0.6098095275590552
21
1.1710421259842518
0
LINE
8
BLACK
6
CONTINUOUS
10
0.6098095275590552
20
1.1710421259842518
11
0.6019619291338583
21
1.1631945275590552
0
LINE
8
BLACK
6
CONTINUOUS
10
0.6019619291338583
20
1.1631945275590552
11
0.5995088188976377
21
1.1618550393700786
0
LINE
8
BLACK
6
CONTINUOUS
10
0.5995088188976377
20
1.1618550393700786
11
0.5967207874015747
21
1.1620544094488188
0
LINE
8
BLACK
6
CONTINUOUS
10
0.5967207874015747
20
1.1620544094488188
11
0.5944831496062992
21
1.1637294881889764
0
LINE
8
BLACK
6
CONTINUOUS
10
0.5944831496062992
20
1.1637294881889764
11
0.5935063385826772
21
1.1663483858267716
0
LINE
8
BLACK
6
CONTINUOUS
10
0.5935063385826772
20
1.1663483858267716
11
0.5934937007874016
21
1.1667022834645668
0
LINE
8
BLACK
6
CONTINUOUS
10
0.5934937007874016
20
1.1667022834645668
11
0.5934937007874016
21
1.1670274015748032
0
LINE
8
BLACK
6
CONTINUOUS
10
0.5934937007874016
20
1.1670274015748032
11
0.5934937007874016
21
1.1670274803149605
0
LINE
8
BLACK
6
CONTINUOUS
10
0.5934937007874016
20
1.1670274803149605
11
0.5930357086614173
21
1.1693299606299212
0
LINE
8
BLACK
6
CONTINUOUS
10
0.5930357086614173
20
1.1693299606299212
11
0.5912910236220472
21
1.1719410236220471
0
LINE
8
BLACK
6
CONTINUOUS
10
0.5912910236220472
20
1.1719410236220471
11
0.5890789370078739
21
1.173419094488189
0
LINE
8
BLACK
6
CONTINUOUS
10
0.5890789370078739
20
1.173419094488189
11
0.5872866535433071
21
1.1755637007874016
0
LINE
8
BLACK
6
CONTINUOUS
10
0.5872866535433071
20
1.1755637007874016
11
0.5869382677165355
21
1.1783370472440944
0
LINE
8
BLACK
6
CONTINUOUS
10
0.5869382677165355
20
1.1783370472440944
11
0.5877523622047244
21
1.1803613385826772
0
LINE
8
BLACK
6
CONTINUOUS
10
0.5877523622047244
20
1.1803613385826772
11
0.5880084251968504
21
1.1807323622047243
0
LINE
8
BLACK
6
CONTINUOUS
10
0.5880084251968504
20
1.1807323622047243
11
0.5907421259842519
21
1.1834660629921259
0
LINE
8
BLACK
6
CONTINUOUS
10
0.5907421259842519
20
1.1834660629921259
11
0.5925588188976377
21
1.1866126771653542
0
LINE
8
BLACK
6
CONTINUOUS
10
0.5925588188976377
20
1.1866126771653542
11
0.5926490944881889
21
1.1869496062992126
0
LINE
8
BLACK
6
CONTINUOUS
10
0.5926490944881889
20
1.1869496062992126
11
0.5934992125984252
21
1.1901222834645668
0
LINE
8
BLACK
6
CONTINUOUS
10
0.5934992125984252
20
1.1901222834645668
11
0.5934992125984252
21
1.2144166929133857
0
LINE
8
BLACK
6
CONTINUOUS
10
0.5934992125984252
20
1.2144166929133857
11
0.5934992125984252
21
1.2146999606299211
0
LINE
8
BLACK
6
CONTINUOUS
10
0.5934992125984252
20
1.2146999606299211
11
0.5934937007874016
21
1.2147839370078739
0
LINE
8
BLACK
6
CONTINUOUS
10
0.5934937007874016
20
1.2147839370078739
11
0.5934937007874016
21
1.2222274015748031
0
LINE
8
BLACK
6
CONTINUOUS
10
0.5934937007874016
20
1.2222274015748031
11
0.5934937007874016
21
1.2222274803149606
0
LINE
8
BLACK
6
CONTINUOUS
10
0.5934937007874016
20
1.2222274803149606
11
0.5930357086614173
21
1.2245299606299211
0
LINE
8
BLACK
6
CONTINUOUS
10
0.5930357086614173
20
1.2245299606299211
11
0.5912910236220472
21
1.2271410236220472
0
LINE
8
BLACK
6
CONTINUOUS
10
0.5912910236220472
20
1.2271410236220472
11
0.5886799606299212
21
1.2288857086614173
0
LINE
8
BLACK
6
CONTINUOUS
10
0.5886799606299212
20
1.2288857086614173
11
0.5863774803149606
21
1.2293437007874015
0
LINE
8
BLACK
6
CONTINUOUS
10
0.5863774803149606
20
1.2293437007874015
11
0.5730225196850394
21
1.2293437007874015
0
LINE
8
BLACK
6
CONTINUOUS
10
0.5730225196850394
20
1.2293437007874015
11
0.5707200393700788
21
1.2288857086614173
0
LINE
8
BLACK
6
CONTINUOUS
10
0.5707200393700788
20
1.2288857086614173
11
0.5681089763779528
21
1.2271410236220472
0
LINE
8
BLACK
6
CONTINUOUS
10
0.5681089763779528
20
1.2271410236220472
11
0.5676133070866142
21
1.2263992125984251
0
LINE
8
BLACK
6
CONTINUOUS
10
0.5676133070866142
20
1.2263992125984251
11
0.5663642913385827
21
1.2245299606299211
0
LINE
8
BLACK
6
CONTINUOUS
10
0.5663642913385827
20
1.2245299606299211
11
0.5663642519685039
21
1.2245298425196851
0
LINE
8
BLACK
6
CONTINUOUS
10
0.5663642519685039
20
1.2245298425196851
11
0.5659062992125984
21
1.2222275590551182
0
LINE
8
BLACK
6
CONTINUOUS
10
0.5659062992125984
20
1.2222275590551182
11
0.5659062992125984
21
1.2147839370078739
0
LINE
8
BLACK
6
CONTINUOUS
10
0.5659062992125984
20
1.2147839370078739
11
0.5659
21
1.2147624803149606
0
LINE
8
BLACK
6
CONTINUOUS
10
0.5659
20
1.2147624803149606
11
0.5659
21
1.2147421259842519
0
LINE
8
BLACK
6
CONTINUOUS
10
0.5659
20
1.2147421259842519
11
0.5659007874015748
21
1.2147421259842519
0
LINE
8
BLACK
6
CONTINUOUS
10
0.5659007874015748
20
1.2147421259842519
11
0.5659007874015748
21
1.199709527559055
0
LINE
8
BLACK
6
CONTINUOUS
10
0.5659007874015748
20
1.199709527559055
11
0.5651133070866141
21
1.1970275984251968
0
LINE
8
BLACK
6
CONTINUOUS
10
0.5651133070866141
20
1.1970275984251968
11
0.5644478346456693
21
1.1962018503937009
0
LINE
8
BLACK
6
CONTINUOUS
10
0.5644478346456693
20
1.1962018503937009
11
0.5635277165354331
21
1.1952817322834646
0
LINE
8
BLACK
6
CONTINUOUS
10
0.5635277165354331
20
1.1952817322834646
11
0.5610744881889763
21
1.193942125984252
0
LINE
8
BLACK
6
CONTINUOUS
10
0.5610744881889763
20
1.193942125984252
11
0.5600200393700787
21
1.1938287795275591
0
LINE
8
BLACK
6
CONTINUOUS
10
0.5600200393700787
20
1.1938287795275591
11
0.558226062992126
21
1.1938287795275591
0
LINE
8
BLACK
6
CONTINUOUS
10
0.558226062992126
20
1.1938287795275591
11
0.5555441338582677
21
1.1946162598425196
0
LINE
8
BLACK
6
CONTINUOUS
10
0.5555441338582677
20
1.1946162598425196
11
0.5537137007874016
21
1.1967287007874015
0
LINE
8
BLACK
6
CONTINUOUS
10
0.5537137007874016
20
1.1967287007874015
11
0.553315905511811
21
1.1994953937007873
0
LINE
8
BLACK
6
CONTINUOUS
10
0.553315905511811
20
1.1994953937007873
11
0.553629094488189
21
1.2006369291338583
0
LINE
8
BLACK
6
CONTINUOUS
10
0.553629094488189
20
1.2006369291338583
11
0.5536356299212598
21
1.2006699606299212
0
LINE
8
BLACK
6
CONTINUOUS
10
0.5536356299212598
20
1.2006699606299212
11
0.5536357086614173
21
1.2006700393700787
0
LINE
8
BLACK
6
CONTINUOUS
10
0.5536357086614173
20
1.2006700393700787
11
0.5540937007874016
21
1.2029725196850394
0
LINE
8
BLACK
6
CONTINUOUS
10
0.5540937007874016
20
1.2029725196850394
11
0.5540937007874016
21
1.2104165354330709
0
LINE
8
BLACK
6
CONTINUOUS
10
0.5540937007874016
20
1.2104165354330709
11
0.5540992125984252
21
1.2105007086614172
0
LINE
8
BLACK
6
CONTINUOUS
10
0.5540992125984252
20
1.2105007086614172
11
0.5540992125984252
21
1.2146999606299211
0
LINE
8
BLACK
6
CONTINUOUS
10
0.5540992125984252
20
1.2146999606299211
11
0.5540937007874016
21
1.2147839370078739
0
LINE
8
BLACK
6
CONTINUOUS
10
0.5540937007874016
20
1.2147839370078739
11
0.5540937007874016
21
1.2222274015748031
0
LINE
8
BLACK
6
CONTINUOUS
10
0.5540937007874016
20
1.2222274015748031
11
0.5540937007874016
21
1.2222274803149606
0
LINE
8
BLACK
6
CONTINUOUS
10
0.5540937007874016
20
1.2222274803149606
11
0.5536357086614173
21
1.2245299606299211
0
LINE
8
BLACK
6
CONTINUOUS
10
0.5536357086614173
20
1.2245299606299211
11
0.5518910236220472
21
1.2271410236220472
0
LINE
8
BLACK
6
CONTINUOUS
10
0.5518910236220472
20
1.2271410236220472
11
0.5492799606299212
21
1.2288857086614173
0
LINE
8
BLACK
6
CONTINUOUS
10
0.5492799606299212
20
1.2288857086614173
11
0.5469774803149606
21
1.2293437007874015
0
LINE
8
BLACK
6
CONTINUOUS
10
0.5469774803149606
20
1.2293437007874015
11
0.5336225196850394
21
1.2293437007874015
0
LINE
8
BLACK
6
CONTINUOUS
10
0.5336225196850394
20
1.2293437007874015
11
0.5313200393700788
21
1.2288857086614173
0
LINE
8
BLACK
6
CONTINUOUS
10
0.5313200393700788
20
1.2288857086614173
11
0.53132
21
1.2288856692913386
0
LINE
8
BLACK
6
CONTINUOUS
10
0.53132
20
1.2288856692913386
11
0.5288499606299213
21
1.2272352362204724
0
LINE
8
BLACK
6
CONTINUOUS
10
0.5288499606299213
20
1.2272352362204724
11
0.5261825196850394
21
1.2263999999999999
0
LINE
8
BLACK
6
CONTINUOUS
10
0.5261825196850394
20
1.2263999999999999
11
0.5260939763779527
21
1.2263992125984251
0
LINE
8
BLACK
6
CONTINUOUS
10
0.5260939763779527
20
1.2263992125984251
11
0.4957833070866142
21
1.2263992125984251
0
LINE
8
BLACK
6
CONTINUOUS
10
0.4957833070866142
20
1.2263992125984251
11
0.4922737007874016
21
1.2254588188976379
0
LINE
8
BLACK
6
CONTINUOUS
10
0.4922737007874016
20
1.2254588188976379
11
0.4922735039370079
21
1.2254587007874016
0
LINE
8
BLACK
6
CONTINUOUS
10
0.4922735039370079
20
1.2254587007874016
11
0.489127125984252
21
1.223642125984252
0
LINE
8
BLACK
6
CONTINUOUS
10
0.489127125984252
20
1.223642125984252
11
0.4722098818897638
21
1.2067249212598425
0
LINE
8
BLACK
6
CONTINUOUS
10
0.4722098818897638
20
1.2067249212598425
11
0.4697566535433071
21
1.2053853543307087
0
LINE
8
BLACK
6
CONTINUOUS
10
0.4697566535433071
20
1.2053853543307087
11
0.4677345275590551
21
1.2053673228346455
0
LINE
8
BLACK
6
CONTINUOUS
10
0.4677345275590551
20
1.2053673228346455
11
0.4675029921259842
21
1.2054133858267717
0
LINE
8
BLACK
6
CONTINUOUS
10
0.4675029921259842
20
1.2054133858267717
11
0.4624970078740158
21
1.2054133858267717
0
LINE
8
BLACK
6
CONTINUOUS
10
0.4624970078740158
20
1.2054133858267717
11
0.4575872047244094
21
1.2044367716535433
0
LINE
8
BLACK
6
CONTINUOUS
10
0.4575872047244094
20
1.2044367716535433
11
0.4529622440944882
21
1.2025210236220472
0
LINE
8
BLACK
6
CONTINUOUS
10
0.4529622440944882
20
1.2025210236220472
11
0.4487999212598425
21
1.199739842519685
0
LINE
8
BLACK
6
CONTINUOUS
10
0.4487999212598425
20
1.199739842519685
11
0.4452601574803149
21
1.1962000787401574
0
LINE
8
BLACK
6
CONTINUOUS
10
0.4452601574803149
20
1.1962000787401574
11
0.4424789763779527
21
1.1920377559055118
0
LINE
8
BLACK
6
CONTINUOUS
10
0.4424789763779527
20
1.1920377559055118
11
0.4424789763779527
21
1.192037716535433
0
LINE
8
BLACK
6
CONTINUOUS
10
0.4424789763779527
20
1.192037716535433
11
0.441981968503937
21
1.1908378740157479
0
LINE
8
BLACK
6
CONTINUOUS
10
0.441981968503937
20
1.1908378740157479
11
0.4402280708661417
21
1.1886614566929135
0
LINE
8
BLACK
6
CONTINUOUS
10
0.4402280708661417
20
1.1886614566929135
11
0.4375759842519685
21
1.1877787401574802
0
LINE
8
BLACK
6
CONTINUOUS
10
0.4375759842519685
20
1.1877787401574802
11
0.437398937007874
21
1.1877755905511811
0
LINE
8
BLACK
6
CONTINUOUS
10
0.437398937007874
20
1.1877755905511811
11
0.4245236220472441
21
1.1877755905511811
0
LINE
8
BLACK
6
CONTINUOUS
10
0.4245236220472441
20
1.1877755905511811
11
0.4218416929133858
21
1.1885630708661417
0
LINE
8
BLACK
6
CONTINUOUS
10
0.4218416929133858
20
1.1885630708661417
11
0.4200112598425197
21
1.1906755118110235
0
LINE
8
BLACK
6
CONTINUOUS
10
0.4200112598425197
20
1.1906755118110235
11
0.4195629921259842
21
1.192736220472441
0
LINE
8
BLACK
6
CONTINUOUS
10
0.4195629921259842
20
1.192736220472441
11
0.4195629921259842
21
1.2092025984251968
0
LINE
8
BLACK
6
CONTINUOUS
10
0.4195629921259842
20
1.2092025984251968
11
0.4195629921259842
21
1.2092026771653543
0
LINE
8
BLACK
6
CONTINUOUS
10
0.4195629921259842
20
1.2092026771653543
11
0.419105
21
1.2115051574803148
0
LINE
8
BLACK
6
CONTINUOUS
10
0.419105
20
1.2115051574803148
11
0.4173603149606299
21
1.2141162204724409
0
LINE
8
BLACK
6
CONTINUOUS
10
0.4173603149606299
20
1.2141162204724409
11
0.4147492519685039
21
1.215860905511811
0
LINE
8
BLACK
6
CONTINUOUS
10
0.4147492519685039
20
1.215860905511811
11
0.4124467716535433
21
1.2163188976377952
0
LINE
8
BLACK
6
CONTINUOUS
10
0.4124467716535433
20
1.2163188976377952
11
0.4124467322834646
21
1.2163188976377952
0
LINE
8
BLACK
6
CONTINUOUS
10
0.4124467322834646
20
1.2163188976377952
11
0.4028700787401575
21
1.2163188976377952
0
LINE
8
BLACK
6
CONTINUOUS
10
0.4028700787401575
20
1.2163188976377952
11
0.4001881496062992
21
1.2171063779527558
0
LINE
8
BLACK
6
CONTINUOUS
10
0.4001881496062992
20
1.2171063779527558
11
0.3983577165354331
21
1.2192188188976378
0
LINE
8
BLACK
6
CONTINUOUS
10
0.3983577165354331
20
1.2192188188976378
11
0.3979094488188976
21
1.2212795275590551
0
LINE
8
BLACK
6
CONTINUOUS
10
0.3979094488188976
20
1.2212795275590551
11
0.3979094488188976
21
1.2597988582677164
0
LINE
8
BLACK
6
CONTINUOUS
10
0.3979094488188976
20
1.2597988582677164
11
0.3986969291338582
21
1.2624807874015749
0
LINE
8
BLACK
6
CONTINUOUS
10
0.3986969291338582
20
1.2624807874015749
11
0.4001140157480315
21
1.2639234251968503
0
LINE
8
BLACK
6
CONTINUOUS
10
0.4001140157480315
20
1.2639234251968503
11
0.4006910236220472
21
1.2643089763779527
0
LINE
8
BLACK
6
CONTINUOUS
10
0.4006910236220472
20
1.2643089763779527
11
0.4013592125984252
21
1.2653089763779528
0
LINE
8
BLACK
6
CONTINUOUS
10
0.4013592125984252
20
1.2653089763779528
11
0.4024357086614173
21
1.2669200393700788
0
LINE
8
BLACK
6
CONTINUOUS
10
0.4024357086614173
20
1.2669200393700788
11
0.4028937007874016
21
1.2692225196850393
0
LINE
8
BLACK
6
CONTINUOUS
10
0.4028937007874016
20
1.2692225196850393
11
0.4028937007874016
21
1.3200475196850394
0
LINE
8
BLACK
6
CONTINUOUS
10
0.4028937007874016
20
1.3200475196850394
11
0.4036811811023622
21
1.3227294488188976
0
LINE
8
BLACK
6
CONTINUOUS
10
0.4036811811023622
20
1.3227294488188976
11
0.4057936220472441
21
1.3245598818897637
0
LINE
8
BLACK
6
CONTINUOUS
10
0.4057936220472441
20
1.3245598818897637
11
0.4085603149606299
21
1.3249576771653544
0
LINE
8
BLACK
6
CONTINUOUS
10
0.4085603149606299
20
1.3249576771653544
11
0.4111028346456693
21
1.323796496062992
0
LINE
8
BLACK
6
CONTINUOUS
10
0.4111028346456693
20
1.323796496062992
11
0.4113620078740157
21
1.3235551968503936
0
LINE
8
BLACK
6
CONTINUOUS
10
0.4113620078740157
20
1.3235551968503936
11
0.4256533464566929
21
1.3092638582677165
0
LINE
8
BLACK
6
CONTINUOUS
10
0.4256533464566929
20
1.3092638582677165
11
0.4269929527559055
21
1.3068106299212598
0
LINE
8
BLACK
6
CONTINUOUS
10
0.4269929527559055
20
1.3068106299212598
11
0.4271062992125984
21
1.3057561811023621
0
LINE
8
BLACK
6
CONTINUOUS
10
0.4271062992125984
20
1.3057561811023621
11
0.4271062992125984
21
1.269222401574803
0
LINE
8
BLACK
6
CONTINUOUS
10
0.4271062992125984
20
1.269222401574803
11
0.4275642519685039
21
1.2669201181102361
0
LINE
8
BLACK
6
CONTINUOUS
10
0.4275642519685039
20
1.2669201181102361
11
0.4275642913385826
21
1.26692
0
LINE
8
BLACK
6
CONTINUOUS
10
0.4275642913385826
20
1.26692
11
0.4293089763779527
21
1.2643089763779527
0
LINE
8
BLACK
6
CONTINUOUS
10
0.4293089763779527
20
1.2643089763779527
11
0.43192
21
1.2625642913385826
0
LINE
8
BLACK
6
CONTINUOUS
10
0.43192
20
1.2625642913385826
11
0.4319201181102362
21
1.2625642519685039
0
LINE
8
BLACK
6
CONTINUOUS
10
0.4319201181102362
20
1.2625642519685039
11
0.4342224015748031
21
1.2621062992125984
0
LINE
8
BLACK
6
CONTINUOUS
10
0.4342224015748031
20
1.2621062992125984
11
0.4342225196850394
21
1.2621062992125984
0
LINE
8
BLACK
6
CONTINUOUS
10
0.4342225196850394
20
1.2621062992125984
11
0.4707775590551181
21
1.2621062992125984
0
LINE
8
BLACK
6
CONTINUOUS
10
0.4707775590551181
20
1.2621062992125984
11
0.473079842519685
21
1.2625642519685039
0
LINE
8
BLACK
6
CONTINUOUS
10
0.473079842519685
20
1.2625642519685039
11
0.4730799606299212
21
1.2625642913385826
0
LINE
8
BLACK
6
CONTINUOUS
10
0.4730799606299212
20
1.2625642913385826
11
0.4756910236220472
21
1.2643089763779527
0
LINE
8
BLACK
6
CONTINUOUS
10
0.4756910236220472
20
1.2643089763779527
11
0.4774357086614173
21
1.2669200393700788
0
LINE
8
BLACK
6
CONTINUOUS
10
0.4774357086614173
20
1.2669200393700788
11
0.4778937007874016
21
1.2692225196850393
0
LINE
8
BLACK
6
CONTINUOUS
10
0.4778937007874016
20
1.2692225196850393
11
0.4778937007874016
21
1.3257774803149607
0
LINE
8
BLACK
6
CONTINUOUS
10
0.4778937007874016
20
1.3257774803149607
11
0.4774357086614173
21
1.3280799606299212
0
LINE
8
BLACK
6
CONTINUOUS
10
0.4774357086614173
20
1.3280799606299212
11
0.4756910236220472
21
1.3306910236220473
0
LINE
8
BLACK
6
CONTINUOUS
10
0.4756910236220472
20
1.3306910236220473
11
0.4730799606299212
21
1.3324357086614174
0
LINE
8
BLACK
6
CONTINUOUS
10
0.4730799606299212
20
1.3324357086614174
11
0.4707774803149606
21
1.3328937007874015
0
LINE
8
BLACK
6
CONTINUOUS
10
0.4707774803149606
20
1.3328937007874015
11
0.4707774409448819
21
1.3328937007874015
0
LINE
8
BLACK
6
CONTINUOUS
10
0.4707774409448819
20
1.3328937007874015
11
0.4542438188976378
21
1.3328937007874015
0
LINE
8
BLACK
6
CONTINUOUS
10
0.4542438188976378
20
1.3328937007874015
11
0.4515618897637795
21
1.3336811811023621
0
LINE
8
BLACK
6
CONTINUOUS
10
0.4515618897637795
20
1.3336811811023621
11
0.4507361417322834
21
1.3343466535433071
0
LINE
8
BLACK
6
CONTINUOUS
10
0.4507361417322834
20
1.3343466535433071
11
0.4416227165354331
21
1.3434600787401574
0
LINE
8
BLACK
6
CONTINUOUS
10
0.4416227165354331
20
1.3434600787401574
11
0.4275797244094488
21
1.3575030708661417
0
LINE
8
BLACK
6
CONTINUOUS
10
0.4275797244094488
20
1.3575030708661417
11
0.4076903937007874
21
1.3773924015748031
0
LINE
8
BLACK
6
CONTINUOUS
10
0.4076903937007874
20
1.3773924015748031
11
0.4036460236220472
21
1.3797274409448819
0
LINE
8
BLACK
6
CONTINUOUS
10
0.4036460236220472
20
1.3797274409448819
11
0.402692716535433
21
1.3799828346456693
0
LINE
8
BLACK
6
CONTINUOUS
10
0.402692716535433
20
1.3799828346456693
11
0.3991350787401575
21
1.3809361417322834
0
LINE
8
BLACK
6
CONTINUOUS
10
0.3991350787401575
20
1.3809361417322834
11
0.3892584251968504
21
1.3809361417322834
0
LINE
8
BLACK
6
CONTINUOUS
10
0.3892584251968504
20
1.3809361417322834
11
0.3865764960629921
21
1.381723622047244
0
LINE
8
BLACK
6
CONTINUOUS
10
0.3865764960629921
20
1.381723622047244
11
0.3857507480314961
21
1.3823890944881889
0
LINE
8
BLACK
6
CONTINUOUS
10
0.3857507480314961
20
1.3823890944881889
11
0.3852000787401575
21
1.3829397637795275
0
LINE
8
BLACK
6
CONTINUOUS
10
0.3852000787401575
20
1.3829397637795275
11
0.3810377559055118
21
1.3857209448818897
0
LINE
8
BLACK
6
CONTINUOUS
10
0.3810377559055118
20
1.3857209448818897
11
0.3764127952755905
21
1.3876366929133859
0
LINE
8
BLACK
6
CONTINUOUS
10
0.3764127952755905
20
1.3876366929133859
11
0.3715029921259843
21
1.3886133070866142
0
LINE
8
BLACK
6
CONTINUOUS
10
0.3715029921259843
20
1.3886133070866142
11
0.3664970078740157
21
1.3886133070866142
0
LINE
8
BLACK
6
CONTINUOUS
10
0.3664970078740157
20
1.3886133070866142
11
0.3615872047244094
21
1.3876366929133859
0
LINE
8
BLACK
6
CONTINUOUS
10
0.3615872047244094
20
1.3876366929133859
11
0.3569622440944882
21
1.3857209448818897
0
LINE
8
BLACK
6
CONTINUOUS
10
0.3569622440944882
20
1.3857209448818897
11
0.3529528346456693
21
1.3830419291338583
0
LINE
8
BLACK
6
CONTINUOUS
10
0.3529528346456693
20
1.3830419291338583
11
0.3502853937007874
21
1.3822066929133858
0
LINE
8
BLACK
6
CONTINUOUS
10
0.3502853937007874
20
1.3822066929133858
11
0.3475898425196851
21
1.3829461811023622
0
LINE
8
BLACK
6
CONTINUOUS
10
0.3475898425196851
20
1.3829461811023622
11
0.3457220078740157
21
1.385025590551181
0
LINE
8
BLACK
6
CONTINUOUS
10
0.3457220078740157
20
1.385025590551181
11
0.345236220472441
21
1.3871665354330709
0
LINE
8
BLACK
6
CONTINUOUS
10
0.345236220472441
20
1.3871665354330709
11
0.345236220472441
21
1.4645199606299213
0
LINE
8
BLACK
6
CONTINUOUS
10
0.345236220472441
20
1.4645199606299213
11
0.345236220472441
21
1.4645200393700788
0
LINE
8
BLACK
6
CONTINUOUS
10
0.345236220472441
20
1.4645200393700788
11
0.3440275196850394
21
1.4690309448818897
0
LINE
8
BLACK
6
CONTINUOUS
10
0.3440275196850394
20
1.4690309448818897
11
0.3427484251968504
21
1.4712463779527558
0
LINE
8
BLACK
6
CONTINUOUS
10
0.3427484251968504
20
1.4712463779527558
11
0.3416924803149606
21
1.4730753543307087
0
LINE
8
BLACK
6
CONTINUOUS
10
0.3416924803149606
20
1.4730753543307087
11
0.3080753543307087
21
1.5066924803149606
0
LINE
8
BLACK
6
CONTINUOUS
10
0.3080753543307087
20
1.5066924803149606
11
0.3040309842519685
21
1.5090275196850393
0
LINE
8
BLACK
6
CONTINUOUS
10
0.3040309842519685
20
1.5090275196850393
11
0.3030776771653543
21
1.5092829133858268
0
LINE
8
BLACK
6
CONTINUOUS
10
0.3030776771653543
20
1.5092829133858268
11
0.2995200393700787
21
1.5102362204724409
0
LINE
8
BLACK
6
CONTINUOUS
10
0.2995200393700787
20
1.5102362204724409
11
0.2903543307086614
21
1.5102362204724409
0
LINE
8
BLACK
6
CONTINUOUS
10
0.2903543307086614
20
1.5102362204724409
11
0.2876724015748031
21
1.5110237007874014
0
LINE
8
BLACK
6
CONTINUOUS
10
0.2876724015748031
20
1.5110237007874014
11
0.285841968503937
21
1.5131361417322835
0
LINE
8
BLACK
6
CONTINUOUS
10
0.285841968503937
20
1.5131361417322835
11
0.2853937007874016
21
1.5151968503937008
0
LINE
8
BLACK
6
CONTINUOUS
10
0.2853937007874016
20
1.5151968503937008
11
0.2853937007874016
21
1.5232774015748032
0
LINE
8
BLACK
6
CONTINUOUS
10
0.2853937007874016
20
1.5232774015748032
11
0.2853937007874016
21
1.5232774803149607
0
LINE
8
BLACK
6
CONTINUOUS
10
0.2853937007874016
20
1.5232774803149607
11
0.2849357086614173
21
1.5255799606299212
0
LINE
8
BLACK
6
CONTINUOUS
10
0.2849357086614173
20
1.5255799606299212
11
0.2831910236220472
21
1.5281910236220473
0
LINE
8
BLACK
6
CONTINUOUS
10
0.2831910236220472
20
1.5281910236220473
11
0.2805799606299212
21
1.5299357086614174
0
LINE
8
BLACK
6
CONTINUOUS
10
0.2805799606299212
20
1.5299357086614174
11
0.2782774803149606
21
1.5303937007874016
0
LINE
8
BLACK
6
CONTINUOUS
10
0.2782774803149606
20
1.5303937007874016
11
0.2167225196850394
21
1.5303937007874016
0
LINE
8
BLACK
6
CONTINUOUS
10
0.2167225196850394
20
1.5303937007874016
11
0.2144200393700787
21
1.5299357086614174
0
LINE
8
BLACK
6
CONTINUOUS
10
0.2144200393700787
20
1.5299357086614174
11
0.2118089763779528
21
1.5281910236220473
0
LINE
8
BLACK
6
CONTINUOUS
10
0.2118089763779528
20
1.5281910236220473
11
0.2100642913385827
21
1.5255799606299212
0
LINE
8
BLACK
6
CONTINUOUS
10
0.2100642913385827
20
1.5255799606299212
11
0.2100642519685039
21
1.5255798425196849
0
LINE
8
BLACK
6
CONTINUOUS
10
0.2100642519685039
20
1.5255798425196849
11
0.2096062992125984
21
1.523277559055118
0
LINE
8
BLACK
6
CONTINUOUS
10
0.2096062992125984
20
1.523277559055118
11
0.2096062992125984
21
1.4617224015748032
0
LINE
8
BLACK
6
CONTINUOUS
10
0.2096062992125984
20
1.4617224015748032
11
0.2100642519685039
21
1.4594201181102362
0
LINE
8
BLACK
6
CONTINUOUS
10
0.2100642519685039
20
1.4594201181102362
11
0.2100642913385827
21
1.4594199999999999
0
LINE
8
BLACK
6
CONTINUOUS
10
0.2100642913385827
20
1.4594199999999999
11
0.2118089763779528
21
1.4568089763779528
0
LINE
8
BLACK
6
CONTINUOUS
10
0.2118089763779528
20
1.4568089763779528
11
0.21442
21
1.4550642913385827
0
LINE
8
BLACK
6
CONTINUOUS
10
0.21442
20
1.4550642913385827
11
0.2144201181102362
21
1.455064251968504
0
LINE
8
BLACK
6
CONTINUOUS
10
0.2144201181102362
20
1.455064251968504
11
0.2167224015748032
21
1.4546062992125983
0
LINE
8
BLACK
6
CONTINUOUS
10
0.2167224015748032
20
1.4546062992125983
11
0.2167225196850394
21
1.4546062992125983
0
LINE
8
BLACK
6
CONTINUOUS
10
0.2167225196850394
20
1.4546062992125983
11
0.2782775590551181
21
1.4546062992125983
0
LINE
8
BLACK
6
CONTINUOUS
10
0.2782775590551181
20
1.4546062992125983
11
0.280579842519685
21
1.455064251968504
0
LINE
8
BLACK
6
CONTINUOUS
10
0.280579842519685
20
1.455064251968504
11
0.2805799606299212
21
1.4550642913385827
0
LINE
8
BLACK
6
CONTINUOUS
10
0.2805799606299212
20
1.4550642913385827
11
0.2831910236220472
21
1.4568089763779528
0
LINE
8
BLACK
6
CONTINUOUS
10
0.2831910236220472
20
1.4568089763779528
11
0.2849357086614173
21
1.4594200393700787
0
LINE
8
BLACK
6
CONTINUOUS
10
0.2849357086614173
20
1.4594200393700787
11
0.2853937007874016
21
1.4617225196850394
0
LINE
8
BLACK
6
CONTINUOUS
10
0.2853937007874016
20
1.4617225196850394
11
0.2853937007874016
21
1.4672325590551181
0
LINE
8
BLACK
6
CONTINUOUS
10
0.2853937007874016
20
1.4672325590551181
11
0.2861811811023622
21
1.4699144881889763
0
LINE
8
BLACK
6
CONTINUOUS
10
0.2861811811023622
20
1.4699144881889763
11
0.2882936220472441
21
1.4717449212598426
0
LINE
8
BLACK
6
CONTINUOUS
10
0.2882936220472441
20
1.4717449212598426
11
0.2910603149606299
21
1.472142716535433
0
LINE
8
BLACK
6
CONTINUOUS
10
0.2910603149606299
20
1.472142716535433
11
0.2936028346456693
21
1.4709815354330709
0
LINE
8
BLACK
6
CONTINUOUS
10
0.2936028346456693
20
1.4709815354330709
11
0.2938620078740157
21
1.4707402362204725
0
LINE
8
BLACK
6
CONTINUOUS
10
0.2938620078740157
20
1.4707402362204725
11
0.3083108267716536
21
1.4562914173228345
0
LINE
8
BLACK
6
CONTINUOUS
10
0.3083108267716536
20
1.4562914173228345
11
0.3096504330708661
21
1.4538381889763778
0
LINE
8
BLACK
6
CONTINUOUS
10
0.3096504330708661
20
1.4538381889763778
11
0.3097637795275591
21
1.4527837401574804
0
LINE
8
BLACK
6
CONTINUOUS
10
0.3097637795275591
20
1.4527837401574804
11
0.3097637795275591
21
1.3076650393700786
0
LINE
8
BLACK
6
CONTINUOUS
10
0.3097637795275591
20
1.3076650393700786
11
0.3097637401574803
21
1.3076650393700786
0
LINE
8
BLACK
6
CONTINUOUS
10
0.3097637401574803
20
1.3076650393700786
11
0.3109724803149606
21
1.3031540551181102
0
LINE
8
BLACK
6
CONTINUOUS
10
0.3109724803149606
20
1.3031540551181102
11
0.3133074015748031
21
1.299109842519685
0
LINE
8
BLACK
6
CONTINUOUS
10
0.3133074015748031
20
1.299109842519685
11
0.313307716535433
21
1.2991094488188977
0
LINE
8
BLACK
6
CONTINUOUS
10
0.313307716535433
20
1.2991094488188977
11
0.3166095669291338
21
1.2958075984251969
0
LINE
8
BLACK
6
CONTINUOUS
10
0.3166095669291338
20
1.2958075984251969
11
0.316609842519685
21
1.2958073622047244
0
LINE
8
BLACK
6
CONTINUOUS
10
0.316609842519685
20
1.2958073622047244
11
0.3167896456692914
21
1.2957035826771652
0
LINE
8
BLACK
6
CONTINUOUS
10
0.3167896456692914
20
1.2957035826771652
11
0.3178166535433071
21
1.2949154330708661
0
LINE
8
BLACK
6
CONTINUOUS
10
0.3178166535433071
20
1.2949154330708661
11
0.3294243700787401
21
1.2833076771653542
0
LINE
8
BLACK
6
CONTINUOUS
10
0.3294243700787401
20
1.2833076771653542
11
0.3294246850393701
21
1.2833074409448819
0
LINE
8
BLACK
6
CONTINUOUS
10
0.3294246850393701
20
1.2833074409448819
11
0.333469094488189
21
1.2809724015748032
0
LINE
8
BLACK
6
CONTINUOUS
10
0.333469094488189
20
1.2809724015748032
11
0.3344222047244094
21
1.2807170078740158
0
LINE
8
BLACK
6
CONTINUOUS
10
0.3344222047244094
20
1.2807170078740158
11
0.3344222440944882
21
1.2807170472440945
0
LINE
8
BLACK
6
CONTINUOUS
10
0.3344222440944882
20
1.2807170472440945
11
0.3379799212598425
21
1.2797637795275589
0
LINE
8
BLACK
6
CONTINUOUS
10
0.3379799212598425
20
1.2797637795275589
11
0.3379799606299212
21
1.2797637795275589
0
LINE
8
BLACK
6
CONTINUOUS
10
0.3379799606299212
20
1.2797637795275589
11
0.3471456692913386
21
1.2797637795275589
0
LINE
8
BLACK
6
CONTINUOUS
10
0.3471456692913386
20
1.2797637795275589
11
0.3498275984251968
21
1.2789762992125984
0
LINE
8
BLACK
6
CONTINUOUS
10
0.3498275984251968
20
1.2789762992125984
11
0.351658031496063
21
1.2768638582677165
0
LINE
8
BLACK
6
CONTINUOUS
10
0.351658031496063
20
1.2768638582677165
11
0.3521062992125984
21
1.2748031496062993
0
LINE
8
BLACK
6
CONTINUOUS
10
0.3521062992125984
20
1.2748031496062993
11
0.3521062992125984
21
1.269222401574803
0
LINE
8
BLACK
6
CONTINUOUS
10
0.3521062992125984
20
1.269222401574803
11
0.3525642519685039
21
1.2669201181102361
0
LINE
8
BLACK
6
CONTINUOUS
10
0.3525642519685039
20
1.2669201181102361
11
0.3525642913385827
21
1.26692
0
LINE
8
BLACK
6
CONTINUOUS
10
0.3525642913385827
20
1.26692
11
0.3543089763779527
21
1.2643089763779527
0
LINE
8
BLACK
6
CONTINUOUS
10
0.3543089763779527
20
1.2643089763779527
11
0.35692
21
1.2625642913385826
0
LINE
8
BLACK
6
CONTINUOUS
10
0.35692
20
1.2625642913385826
11
0.3569201181102362
21
1.2625642519685039
0
LINE
8
BLACK
6
CONTINUOUS
10
0.3569201181102362
20
1.2625642519685039
11
0.3592224015748031
21
1.2621062992125984
0
LINE
8
BLACK
6
CONTINUOUS
10
0.3592224015748031
20
1.2621062992125984
11
0.3592225196850394
21
1.2621062992125984
0
LINE
8
BLACK
6
CONTINUOUS
10
0.3592225196850394
20
1.2621062992125984
11
0.3614133858267716
21
1.2621062992125984
0
LINE
8
BLACK
6
CONTINUOUS
10
0.3614133858267716
20
1.2621062992125984
11
0.3640953149606299
21
1.2613188188976379
0
LINE
8
BLACK
6
CONTINUOUS
10
0.3640953149606299
20
1.2613188188976379
11
0.3659257480314961
21
1.2592063779527558
0
LINE
8
BLACK
6
CONTINUOUS
10
0.3659257480314961
20
1.2592063779527558
11
0.3663740157480315
21
1.2571456692913385
0
LINE
8
BLACK
6
CONTINUOUS
10
0.3663740157480315
20
1.2571456692913385
11
0.3663740157480315
21
1.2212795275590551
0
LINE
8
BLACK
6
CONTINUOUS
10
0.3663740157480315
20
1.2212795275590551
11
0.3655865354330708
21
1.2185975984251969
0
LINE
8
BLACK
6
CONTINUOUS
10
0.3655865354330708
20
1.2185975984251969
11
0.363474094488189
21
1.2167671653543306
0
LINE
8
BLACK
6
CONTINUOUS
10
0.363474094488189
20
1.2167671653543306
11
0.3614133858267716
21
1.2163188976377952
0
LINE
8
BLACK
6
CONTINUOUS
10
0.3614133858267716
20
1.2163188976377952
11
0.3518366929133858
21
1.2163188976377952
0
LINE
8
BLACK
6
CONTINUOUS
10
0.3518366929133858
20
1.2163188976377952
11
0.3495342125984252
21
1.215860905511811
0
LINE
8
BLACK
6
CONTINUOUS
10
0.3495342125984252
20
1.215860905511811
11
0.3469231496062992
21
1.2141162204724409
0
LINE
8
BLACK
6
CONTINUOUS
10
0.3469231496062992
20
1.2141162204724409
11
0.3459535039370079
21
1.2126650393700786
0
LINE
8
BLACK
6
CONTINUOUS
10
0.3459535039370079
20
1.2126650393700786
11
0.3451784645669291
21
1.2115051574803148
0
LINE
8
BLACK
6
CONTINUOUS
10
0.3451784645669291
20
1.2115051574803148
11
0.3451784251968504
21
1.2115050393700788
0
LINE
8
BLACK
6
CONTINUOUS
10
0.3451784251968504
20
1.2115050393700788
11
0.3447204724409449
21
1.2092027559055119
0
LINE
8
BLACK
6
CONTINUOUS
10
0.3447204724409449
20
1.2092027559055119
11
0.3447204724409449
21
1.1899309448818898
0
LINE
8
BLACK
6
CONTINUOUS
10
0.3447204724409449
20
1.1899309448818898
11
0.3451564173228346
21
1.187739409448819
0
LINE
8
BLACK
6
CONTINUOUS
10
0.3451564173228346
20
1.187739409448819
11
0.3451564173228346
21
1.1858038976377951
0
LINE
8
BLACK
6
CONTINUOUS
10
0.3451564173228346
20
1.1858038976377951
11
0.3447204724409449
21
1.1836123228346456
0
LINE
8
BLACK
6
CONTINUOUS
10
0.3447204724409449
20
1.1836123228346456
11
0.3447204724409449
21
1.1643403937007875
0
LINE
8
BLACK
6
CONTINUOUS
10
0.3447204724409449
20
1.1643403937007875
11
0.3451564173228346
21
1.1621488582677164
0
LINE
8
BLACK
6
CONTINUOUS
10
0.3451564173228346
20
1.1621488582677164
11
0.3451564173228346
21
1.1602133464566928
0
LINE
8
BLACK
6
CONTINUOUS
10
0.3451564173228346
20
1.1602133464566928
11
0.3447204724409449
21
1.1580217716535433
0
LINE
8
BLACK
6
CONTINUOUS
10
0.3447204724409449
20
1.1580217716535433
11
0.3447204724409449
21
1.1387498425196849
0
LINE
8
BLACK
6
CONTINUOUS
10
0.3447204724409449
20
1.1387498425196849
11
0.3451564173228346
21
1.1365583070866141
0
LINE
8
BLACK
6
CONTINUOUS
10
0.3451564173228346
20
1.1365583070866141
11
0.3451564173228346
21
1.1346227952755905
0
LINE
8
BLACK
6
CONTINUOUS
10
0.3451564173228346
20
1.1346227952755905
11
0.3447204724409449
21
1.1324312204724409
0
LINE
8
BLACK
6
CONTINUOUS
10
0.3447204724409449
20
1.1324312204724409
11
0.3447204724409449
21
1.1131592913385826
0
LINE
8
BLACK
6
CONTINUOUS
10
0.3447204724409449
20
1.1131592913385826
11
0.3451564173228346
21
1.1109677559055118
0
LINE
8
BLACK
6
CONTINUOUS
10
0.3451564173228346
20
1.1109677559055118
11
0.3451564173228346
21
1.1090322440944882
0
LINE
8
BLACK
6
CONTINUOUS
10
0.3451564173228346
20
1.1090322440944882
11
0.3447204724409449
21
1.1068406692913386
0
LINE
8
BLACK
6
CONTINUOUS
10
0.3447204724409449
20
1.1068406692913386
11
0.3447204724409449
21
1.0875687401574803
0
LINE
8
BLACK
6
CONTINUOUS
10
0.3447204724409449
20
1.0875687401574803
11
0.3451564173228346
21
1.0853772047244095
0
LINE
8
BLACK
6
CONTINUOUS
10
0.3451564173228346
20
1.0853772047244095
11
0.3451564173228346
21
1.0834416929133859
0
LINE
8
BLACK
6
CONTINUOUS
10
0.3451564173228346
20
1.0834416929133859
11
0.3447204724409449
21
1.0812501181102363
0
LINE
8
BLACK
6
CONTINUOUS
10
0.3447204724409449
20
1.0812501181102363
11
0.3447204724409449
21
1.061978188976378
0
LINE
8
BLACK
6
CONTINUOUS
10
0.3447204724409449
20
1.061978188976378
11
0.3449101968503937
21
1.0610245275590551
0
LINE
8
BLACK
6
CONTINUOUS
10
0.3449101968503937
20
1.0610245275590551
11
0.344661062992126
21
1.0582405118110236
0
LINE
8
BLACK
6
CONTINUOUS
10
0.344661062992126
20
1.0582405118110236
11
0.3429462992125984
21
1.0560331496062991
0
LINE
8
BLACK
6
CONTINUOUS
10
0.3429462992125984
20
1.0560331496062991
11
0.3403103937007874
21
1.0551032677165355
0
LINE
8
BLACK
6
CONTINUOUS
10
0.3403103937007874
20
1.0551032677165355
11
0.337590157480315
21
1.055746062992126
0
LINE
8
BLACK
6
CONTINUOUS
10
0.337590157480315
20
1.055746062992126
11
0.3365373622047244
21
1.056548937007874
0
LINE
8
BLACK
6
CONTINUOUS
10
0.3365373622047244
20
1.056548937007874
11
0.246070905511811
21
1.1470154330708662
0
LINE
8
BLACK
6
CONTINUOUS
10
0.246070905511811
20
1.1470154330708662
11
0.2447312992125984
21
1.1494686614173228
0
LINE
8
BLACK
6
CONTINUOUS
10
0.2447312992125984
20
1.1494686614173228
11
0.2449307086614173
21
1.1522566929133857
0
LINE
8
BLACK
6
CONTINUOUS
10
0.2449307086614173
20
1.1522566929133857
11
0.2460708267716535
21
1.1540307086614172
0
LINE
8
BLACK
6
CONTINUOUS
10
0.2460708267716535
20
1.1540307086614172
11
0.2601173228346457
21
1.1680772047244095
0
LINE
8
BLACK
6
CONTINUOUS
10
0.2601173228346457
20
1.1680772047244095
11
0.2608406299212598
21
1.1693299606299212
0
LINE
8
BLACK
6
CONTINUOUS
10
0.2608406299212598
20
1.1693299606299212
11
0.2621930708661417
21
1.1716724803149605
0
LINE
8
BLACK
6
CONTINUOUS
10
0.2621930708661417
20
1.1716724803149605
11
0.2621931889763779
21
1.1716726771653543
0
LINE
8
BLACK
6
CONTINUOUS
10
0.2621931889763779
20
1.1716726771653543
11
0.2632677165354331
21
1.1756829527559054
0
LINE
8
BLACK
6
CONTINUOUS
10
0.2632677165354331
20
1.1756829527559054
11
0.2632677165354331
21
1.1798346850393699
0
LINE
8
BLACK
6
CONTINUOUS
10
0.2632677165354331
20
1.1798346850393699
11
0.2632677165354331
21
1.3496456692913386
0
LINE
8
BLACK
6
CONTINUOUS
10
0.2632677165354331
20
1.3496456692913386
11
0.2640551968503937
21
1.3523275984251968
0
LINE
8
BLACK
6
CONTINUOUS
10
0.2640551968503937
20
1.3523275984251968
11
0.2661676377952756
21
1.3541580314960631
0
LINE
8
BLACK
6
CONTINUOUS
10
0.2661676377952756
20
1.3541580314960631
11
0.2682283464566929
21
1.3546062992125985
0
LINE
8
BLACK
6
CONTINUOUS
10
0.2682283464566929
20
1.3546062992125985
11
0.2782775590551181
21
1.3546062992125985
0
LINE
8
BLACK
6
CONTINUOUS
10
0.2782775590551181
20
1.3546062992125985
11
0.280579842519685
21
1.3550642519685039
0
LINE
8
BLACK
6
CONTINUOUS
10
0.280579842519685
20
1.3550642519685039
11
0.2805799606299212
21
1.3550642913385826
0
LINE
8
BLACK
6
CONTINUOUS
10
0.2805799606299212
20
1.3550642913385826
11
0.2814859842519685
21
1.3556696850393701
0
LINE
8
BLACK
6
CONTINUOUS
10
0.2814859842519685
20
1.3556696850393701
11
0.2831910236220472
21
1.3568089763779527
0
LINE
8
BLACK
6
CONTINUOUS
10
0.2831910236220472
20
1.3568089763779527
11
0.2849357086614173
21
1.3594200393700786
0
LINE
8
BLACK
6
CONTINUOUS
10
0.2849357086614173
20
1.3594200393700786
11
0.2853937007874016
21
1.3617225196850393
0
LINE
8
BLACK
6
CONTINUOUS
10
0.2853937007874016
20
1.3617225196850393
11
0.2853937007874016
21
1.4232774803149606
0
LINE
8
BLACK
6
CONTINUOUS
10
0.2853937007874016
20
1.4232774803149606
11
0.2849357086614173
21
1.4255799606299213
0
LINE
8
BLACK
6
CONTINUOUS
10
0.2849357086614173
20
1.4255799606299213
11
0.2831910236220472
21
1.4281910236220472
0
LINE
8
BLACK
6
CONTINUOUS
10
0.2831910236220472
20
1.4281910236220472
11
0.2805799606299212
21
1.4299357086614173
0
LINE
8
BLACK
6
CONTINUOUS
10
0.2805799606299212
20
1.4299357086614173
11
0.2782774803149606
21
1.4303937007874015
0
LINE
8
BLACK
6
CONTINUOUS
10
0.2782774803149606
20
1.4303937007874015
11
0.2167225196850394
21
1.4303937007874015
0
LINE
8
BLACK
6
CONTINUOUS
10
0.2167225196850394
20
1.4303937007874015
11
0.2144200393700787
21
1.4299357086614173
0
LINE
8
BLACK
6
CONTINUOUS
10
0.2144200393700787
20
1.4299357086614173
11
0.2118089763779528
21
1.4281910236220472
0
LINE
8
BLACK
6
CONTINUOUS
10
0.2118089763779528
20
1.4281910236220472
11
0.2100642913385827
21
1.4255799606299213
0
LINE
8
BLACK
6
CONTINUOUS
10
0.2100642913385827
20
1.4255799606299213
11
0.2100642519685039
21
1.4255798425196851
0
LINE
8
BLACK
6
CONTINUOUS
10
0.2100642519685039
20
1.4255798425196851
11
0.2096062992125984
21
1.4232775590551181
0
LINE
8
BLACK
6
CONTINUOUS
10
0.2096062992125984
20
1.4232775590551181
11
0.2096062992125984
21
1.4132283464566928
0
LINE
8
BLACK
6
CONTINUOUS
10
0.2096062992125984
20
1.4132283464566928
11
0.2088188188976378
21
1.4105464173228346
0
LINE
8
BLACK
6
CONTINUOUS
10
0.2088188188976378
20
1.4105464173228346
11
0.2067063779527559
21
1.4087159842519685
0
LINE
8
BLACK
6
CONTINUOUS
10
0.2067063779527559
20
1.4087159842519685
11
0.2046456692913386
21
1.4082677165354331
0
LINE
8
BLACK
6
CONTINUOUS
10
0.2046456692913386
20
1.4082677165354331
11
0.1903543307086614
21
1.4082677165354331
0
LINE
8
BLACK
6
CONTINUOUS
10
0.1903543307086614
20
1.4082677165354331
11
0.1876724015748031
21
1.4090551968503937
0
LINE
8
BLACK
6
CONTINUOUS
10
0.1876724015748031
20
1.4090551968503937
11
0.185841968503937
21
1.4111676377952755
0
LINE
8
BLACK
6
CONTINUOUS
10
0.185841968503937
20
1.4111676377952755
11
0.1853937007874016
21
1.4132283464566928
0
LINE
8
BLACK
6
CONTINUOUS
10
0.1853937007874016
20
1.4132283464566928
11
0.1853937007874016
21
1.4232774015748031
0
LINE
8
BLACK
6
CONTINUOUS
10
0.1853937007874016
20
1.4232774015748031
11
0.1853937007874016
21
1.4232774803149606
0
LINE
8
BLACK
6
CONTINUOUS
10
0.1853937007874016
20
1.4232774803149606
11
0.1849357086614173
21
1.4255799606299213
0
LINE
8
BLACK
6
CONTINUOUS
10
0.1849357086614173
20
1.4255799606299213
11
0.1831910236220472
21
1.4281910236220472
0
LINE
8
BLACK
6
CONTINUOUS
10
0.1831910236220472
20
1.4281910236220472
11
0.1805799606299213
21
1.4299357086614173
0
LINE
8
BLACK
6
CONTINUOUS
10
0.1805799606299213
20
1.4299357086614173
11
0.1782774803149606
21
1.4303937007874015
0
LINE
8
BLACK
6
CONTINUOUS
10
0.1782774803149606
20
1.4303937007874015
11
0.1167225196850394
21
1.4303937007874015
0
LINE
8
BLACK
6
CONTINUOUS
10
0.1167225196850394
20
1.4303937007874015
11
0.1144200393700787
21
1.4299357086614173
0
LINE
8
BLACK
6
CONTINUOUS
10
0.1144200393700787
20
1.4299357086614173
11
0.1118089763779528
21
1.4281910236220472
0
LINE
8
BLACK
6
CONTINUOUS
10
0.1118089763779528
20
1.4281910236220472
11
0.1100642913385827
21
1.4255799606299213
0
LINE
8
BLACK
6
CONTINUOUS
10
0.1100642913385827
20
1.4255799606299213
11
0.1100642519685039
21
1.4255798425196851
0
LINE
8
BLACK
6
CONTINUOUS
10
0.1100642519685039
20
1.4255798425196851
11
0.1096062992125984
21
1.4232775590551181
0
LINE
8
BLACK
6
CONTINUOUS
10
0.1096062992125984
20
1.4232775590551181
11
0.1096062992125984
21
1.3617224015748031
0
LINE
8
BLACK
6
CONTINUOUS
10
0.1096062992125984
20
1.3617224015748031
11
0.1100642519685039
21
1.3594201181102361
0
LINE
8
BLACK
6
CONTINUOUS
10
0.1100642519685039
20
1.3594201181102361
11
0.1100642913385827
21
1.3594200000000001
0
LINE
8
BLACK
6
CONTINUOUS
10
0.1100642913385827
20
1.3594200000000001
11
0.1118089763779528
21
1.3568089763779527
0
LINE
8
BLACK
6
CONTINUOUS
10
0.1118089763779528
20
1.3568089763779527
11
0.11442
21
1.3550642913385826
0
LINE
8
BLACK
6
CONTINUOUS
10
0.11442
20
1.3550642913385826
11
0.1144201181102362
21
1.3550642519685039
0
LINE
8
BLACK
6
CONTINUOUS
10
0.1144201181102362
20
1.3550642519685039
11
0.1167224015748032
21
1.3546062992125985
0
LINE
8
BLACK
6
CONTINUOUS
10
0.1167224015748032
20
1.3546062992125985
11
0.1167225196850394
21
1.3546062992125985
0
LINE
8
BLACK
6
CONTINUOUS
10
0.1167225196850394
20
1.3546062992125985
11
0.1782775590551181
21
1.3546062992125985
0
LINE
8
BLACK
6
CONTINUOUS
10
0.1782775590551181
20
1.3546062992125985
11
0.180579842519685
21
1.3550642519685039
0
LINE
8
BLACK
6
CONTINUOUS
10
0.180579842519685
20
1.3550642519685039
11
0.1805799606299213
21
1.3550642913385826
0
LINE
8
BLACK
6
CONTINUOUS
10
0.1805799606299213
20
1.3550642913385826
11
0.1814859842519685
21
1.3556696850393701
0
LINE
8
BLACK
6
CONTINUOUS
10
0.1814859842519685
20
1.3556696850393701
11
0.1831910236220472
21
1.3568089763779527
0
LINE
8
BLACK
6
CONTINUOUS
10
0.1831910236220472
20
1.3568089763779527
11
0.1849357086614173
21
1.3594200393700786
0
LINE
8
BLACK
6
CONTINUOUS
10
0.1849357086614173
20
1.3594200393700786
11
0.1853937007874016
21
1.3617225196850393
0
LINE
8
BLACK
6
CONTINUOUS
10
0.1853937007874016
20
1.3617225196850393
11
0.1853937007874016
21
1.3717716535433071
0
LINE
8
BLACK
6
CONTINUOUS
10
0.1853937007874016
20
1.3717716535433071
11
0.1861811811023622
21
1.3744535826771653
0
LINE
8
BLACK
6
CONTINUOUS
10
0.1861811811023622
20
1.3744535826771653
11
0.1882936220472441
21
1.3762840157480314
0
LINE
8
BLACK
6
CONTINUOUS
10
0.1882936220472441
20
1.3762840157480314
11
0.1903543307086614
21
1.376732283464567
0
LINE
8
BLACK
6
CONTINUOUS
10
0.1903543307086614
20
1.376732283464567
11
0.2046456692913386
21
1.376732283464567
0
LINE
8
BLACK
6
CONTINUOUS
10
0.2046456692913386
20
1.376732283464567
11
0.2073275984251969
21
1.3759448031496062
0
LINE
8
BLACK
6
CONTINUOUS
10
0.2073275984251969
20
1.3759448031496062
11
0.209158031496063
21
1.3738323622047244
0
LINE
8
BLACK
6
CONTINUOUS
10
0.209158031496063
20
1.3738323622047244
11
0.2096062992125984
21
1.3717716535433071
0
LINE
8
BLACK
6
CONTINUOUS
10
0.2096062992125984
20
1.3717716535433071
11
0.2096062992125984
21
1.3617224015748031
0
LINE
8
BLACK
6
CONTINUOUS
10
0.2096062992125984
20
1.3617224015748031
11
0.2100642519685039
21
1.3594201181102361
0
LINE
8
BLACK
6
CONTINUOUS
10
0.2100642519685039
20
1.3594201181102361
11
0.2100642913385827
21
1.3594200000000001
0
LINE
8
BLACK
6
CONTINUOUS
10
0.2100642913385827
20
1.3594200000000001
11
0.2118089763779528
21
1.3568089763779527
0
LINE
8
BLACK
6
CONTINUOUS
10
0.2118089763779528
20
1.3568089763779527
11
0.21442
21
1.3550642913385826
0
LINE
8
BLACK
6
CONTINUOUS
10
0.21442
20
1.3550642913385826
11
0.2144201181102362
21
1.3550642519685039
0
LINE
8
BLACK
6
CONTINUOUS
10
0.2144201181102362
20
1.3550642519685039
11
0.2167224015748032
21
1.3546062992125985
0
LINE
8
BLACK
6
CONTINUOUS
10
0.2167224015748032
20
1.3546062992125985
11
0.2167225196850394
21
1.3546062992125985
0
LINE
8
BLACK
6
CONTINUOUS
10
0.2167225196850394
20
1.3546062992125985
11
0.2267716535433071
21
1.3546062992125985
0
LINE
8
BLACK
6
CONTINUOUS
10
0.2267716535433071
20
1.3546062992125985
11
0.2294535826771653
21
1.3538188188976377
0
LINE
8
BLACK
6
CONTINUOUS
10
0.2294535826771653
20
1.3538188188976377
11
0.2312840157480315
21
1.3517063779527558
0
LINE
8
BLACK
6
CONTINUOUS
10
0.2312840157480315
20
1.3517063779527558
11
0.2317322834645669
21
1.3496456692913386
0
LINE
8
BLACK
6
CONTINUOUS
10
0.2317322834645669
20
1.3496456692913386
11
0.2317322834645669
21
1.1863447637795275
0
LINE
8
BLACK
6
CONTINUOUS
10
0.2317322834645669
20
1.1863447637795275
11
0.2309448031496063
21
1.1836628346456692
0
LINE
8
BLACK
6
CONTINUOUS
10
0.2309448031496063
20
1.1836628346456692
11
0.2302793307086614
21
1.1828370866141733
0
LINE
8
BLACK
6
CONTINUOUS
10
0.2302793307086614
20
1.1828370866141733
11
0.215186062992126
21
1.1677438188976377
0
LINE
8
BLACK
6
CONTINUOUS
10
0.215186062992126
20
1.1677438188976377
11
0.2127328346456693
21
1.1664042125984251
0
LINE
8
BLACK
6
CONTINUOUS
10
0.2127328346456693
20
1.1664042125984251
11
0.2116783858267716
21
1.1662908661417322
0
LINE
8
BLACK
6
CONTINUOUS
10
0.2116783858267716
20
1.1662908661417322
11
0.1922401574803149
21
1.1662908661417322
0
LINE
8
BLACK
6
CONTINUOUS
10
0.1922401574803149
20
1.1662908661417322
11
0.1895582283464567
21
1.1670783464566929
0
LINE
8
BLACK
6
CONTINUOUS
10
0.1895582283464567
20
1.1670783464566929
11
0.1877277952755906
21
1.1691907874015748
0
LINE
8
BLACK
6
CONTINUOUS
10
0.1877277952755906
20
1.1691907874015748
11
0.1872795275590551
21
1.1712514960629921
0
LINE
8
BLACK
6
CONTINUOUS
10
0.1872795275590551
20
1.1712514960629921
11
0.1872795275590551
21
1.1836120472440945
0
LINE
8
BLACK
6
CONTINUOUS
10
0.1872795275590551
20
1.1836120472440945
11
0.1872795275590551
21
1.183612125984252
0
LINE
8
BLACK
6
CONTINUOUS
10
0.1872795275590551
20
1.183612125984252
11
0.1868215354330709
21
1.1859146062992125
0
LINE
8
BLACK
6
CONTINUOUS
10
0.1868215354330709
20
1.1859146062992125
11
0.1850768503937008
21
1.1885256692913386
0
LINE
8
BLACK
6
CONTINUOUS
10
0.1850768503937008
20
1.1885256692913386
11
0.1824657874015748
21
1.1902703543307087
0
LINE
8
BLACK
6
CONTINUOUS
10
0.1824657874015748
20
1.1902703543307087
11
0.1801633070866142
21
1.1907283464566929
0
LINE
8
BLACK
6
CONTINUOUS
10
0.1801633070866142
20
1.1907283464566929
11
0.1793858267716535
21
1.1907283464566929
0
LINE
8
BLACK
6
CONTINUOUS
10
0.1793858267716535
20
1.1907283464566929
11
0.1793858267716535
21
1.1907086614173228
0
LINE
8
BLACK
6
CONTINUOUS
10
0.1793858267716535
20
1.1907086614173228
11
0.1203307086614173
21
1.1907086614173228
0
LINE
8
BLACK
6
CONTINUOUS
10
0.1203307086614173
20
1.1907086614173228
11
0.1203307086614173
21
1.1907283464566929
0
LINE
8
BLACK
6
CONTINUOUS
10
0.1203307086614173
20
1.1907283464566929
11
0.1195532283464567
21
1.1907283464566929
0
LINE
8
BLACK
6
CONTINUOUS
10
0.1195532283464567
20
1.1907283464566929
11
0.1172507480314961
21
1.1902703543307087
0
LINE
8
BLACK
6
CONTINUOUS
10
0.1172507480314961
20
1.1902703543307087
11
0.1172507086614173
21
1.19027031496063
0
LINE
8
BLACK
6
CONTINUOUS
10
0.1172507086614173
20
1.19027031496063
11
0.1168917322834646
21
1.190121653543307
0
LINE
8
BLACK
6
CONTINUOUS
10
0.1168917322834646
20
1.190121653543307
11
0.1165645669291339
21
1.1900565748031495
0
LINE
8
BLACK
6
CONTINUOUS
10
0.1165645669291339
20
1.1900565748031495
11
0.1163910236220472
21
1.1899450393700788
0
LINE
8
BLACK
6
CONTINUOUS
10
0.1163910236220472
20
1.1899450393700788
11
0.1149934645669291
21
1.189744094488189
0
LINE
8
BLACK
6
CONTINUOUS
10
0.1149934645669291
20
1.189744094488189
11
0.1140323622047244
21
1.189744094488189
0
LINE
8
BLACK
6
CONTINUOUS
10
0.1140323622047244
20
1.189744094488189
11
0.1113504330708661
21
1.1905315748031495
0
LINE
8
BLACK
6
CONTINUOUS
10
0.1113504330708661
20
1.1905315748031495
11
0.1099077952755906
21
1.1919486614173227
0
LINE
8
BLACK
6
CONTINUOUS
10
0.1099077952755906
20
1.1919486614173227
11
0.109739842519685
21
1.1922000787401574
0
LINE
8
BLACK
6
CONTINUOUS
10
0.109739842519685
20
1.1922000787401574
11
0.1062000787401575
21
1.195739842519685
0
LINE
8
BLACK
6
CONTINUOUS
10
0.1062000787401575
20
1.195739842519685
11
0.1020377559055118
21
1.1985210236220472
0
LINE
8
BLACK
6
CONTINUOUS
10
0.1020377559055118
20
1.1985210236220472
11
0.0974127952755905
21
1.2004367716535433
0
LINE
8
BLACK
6
CONTINUOUS
10
0.0974127952755905
20
1.2004367716535433
11
0.0929848818897638
21
1.2013175196850394
0
LINE
8
BLACK
6
CONTINUOUS
10
0.0929848818897638
20
1.2013175196850394
11
0.090508188976378
21
1.2026131102362205
0
LINE
8
BLACK
6
CONTINUOUS
10
0.090508188976378
20
1.2026131102362205
11
0.0891250393700787
21
1.2050420472440944
0
LINE
8
BLACK
6
CONTINUOUS
10
0.0891250393700787
20
1.2050420472440944
11
0.0892746456692913
21
1.207833188976378
0
LINE
8
BLACK
6
CONTINUOUS
10
0.0892746456692913
20
1.207833188976378
11
0.089369842519685
21
1.2080815354330707
0
LINE
8
BLACK
6
CONTINUOUS
10
0.089369842519685
20
1.2080815354330707
11
0.0893997637795276
21
1.2081538188976377
0
LINE
8
BLACK
6
CONTINUOUS
10
0.0893997637795276
20
1.2081538188976377
11
0.0893999212598425
21
1.2081540551181102
0
LINE
8
BLACK
6
CONTINUOUS
10
0.0893999212598425
20
1.2081540551181102
11
0.0894
21
1.2081543307086613
0
LINE
8
BLACK
6
CONTINUOUS
10
0.0894
20
1.2081543307086613
11
0.0901183070866142
21
1.2108349999999999
0
LINE
8
BLACK
6
CONTINUOUS
10
0.0901183070866142
20
1.2108349999999999
11
0.0904013385826772
21
1.2118914960629921
0
LINE
8
BLACK
6
CONTINUOUS
10
0.0904013385826772
20
1.2118914960629921
11
0.0906086220472441
21
1.2126649999999999
0
LINE
8
BLACK
6
CONTINUOUS
10
0.0906086220472441
20
1.2126649999999999
11
0.0906086220472441
21
1.5581561417322833
0
LINE
8
BLACK
6
CONTINUOUS
10
0.0906086220472441
20
1.5581561417322833
11
0.0913961023622047
21
1.5608380708661418
0
LINE
8
BLACK
6
CONTINUOUS
10
0.0913961023622047
20
1.5608380708661418
11
0.0920615748031496
21
1.5616638188976377
0
LINE
8
BLACK
6
CONTINUOUS
10
0.0920615748031496
20
1.5616638188976377
11
0.1016379921259842
21
1.5712402362204725
0
LINE
8
BLACK
6
CONTINUOUS
10
0.1016379921259842
20
1.5712402362204725
11
0.1040912204724409
21
1.5725798425196851
0
LINE
8
BLACK
6
CONTINUOUS
10
0.1040912204724409
20
1.5725798425196851
11
0.1068792125984252
21
1.5723804330708662
0
LINE
8
BLACK
6
CONTINUOUS
10
0.1068792125984252
20
1.5723804330708662
11
0.1091168503937008
21
1.5707053543307086
0
LINE
8
BLACK
6
CONTINUOUS
10
0.1091168503937008
20
1.5707053543307086
11
0.1100936614173228
21
1.5680864566929134
0
LINE
8
BLACK
6
CONTINUOUS
10
0.1100936614173228
20
1.5680864566929134
11
0.1101062992125984
21
1.5677325590551181
0
LINE
8
BLACK
6
CONTINUOUS
10
0.1101062992125984
20
1.5677325590551181
11
0.1101062992125984
21
1.5612224015748031
0
LINE
8
BLACK
6
CONTINUOUS
10
0.1101062992125984
20
1.5612224015748031
11
0.1105642519685039
21
1.5589201181102361
0
LINE
8
BLACK
6
CONTINUOUS
10
0.1105642519685039
20
1.5589201181102361
11
0.1105642913385827
21
1.5589199999999999
0
LINE
8
BLACK
6
CONTINUOUS
10
0.1105642913385827
20
1.5589199999999999
11
0.1123089763779528
21
1.5563089763779527
0
LINE
8
BLACK
6
CONTINUOUS
10
0.1123089763779528
20
1.5563089763779527
11
0.11492
21
1.5545642913385826
0
LINE
8
BLACK
6
CONTINUOUS
10
0.11492
20
1.5545642913385826
11
0.1149201181102362
21
1.5545642519685039
0
LINE
8
BLACK
6
CONTINUOUS
10
0.1149201181102362
20
1.5545642519685039
11
0.1172224015748032
21
1.5541062992125985
0
LINE
8
BLACK
6
CONTINUOUS
10
0.1172224015748032
20
1.5541062992125985
11
0.1172225196850394
21
1.5541062992125985
0
LINE
8
BLACK
6
CONTINUOUS
10
0.1172225196850394
20
1.5541062992125985
11
0.1787775590551181
21
1.5541062992125985
0
LINE
8
BLACK
6
CONTINUOUS
10
0.1787775590551181
20
1.5541062992125985
11
0.181079842519685
21
1.5545642519685039
0
LINE
8
BLACK
6
CONTINUOUS
10
0.181079842519685
20
1.5545642519685039
11
0.1810799606299213
21
1.5545642913385826
0
LINE
8
BLACK
6
CONTINUOUS
10
0.1810799606299213
20
1.5545642913385826
11
0.1836910236220472
21
1.5563089763779527
0
LINE
8
BLACK
6
CONTINUOUS
10
0.1836910236220472
20
1.5563089763779527
11
0.1854357086614173
21
1.5589200393700786
0
LINE
8
BLACK
6
CONTINUOUS
10
0.1854357086614173
20
1.5589200393700786
11
0.1858937007874016
21
1.5612225196850393
0
LINE
8
BLACK
6
CONTINUOUS
10
0.1858937007874016
20
1.5612225196850393
11
0.1858937007874016
21
1.6227774803149606
0
LINE
8
BLACK
6
CONTINUOUS
10
0.1858937007874016
20
1.6227774803149606
11
0.1858937007874016
21
1.6227775590551181
0
LINE
8
BLACK
6
CONTINUOUS
10
0.1858937007874016
20
1.6227775590551181
11
0.1854357086614173
21
1.6250799606299213
0
LINE
8
BLACK
6
CONTINUOUS
10
0.1854357086614173
20
1.6250799606299213
11
0.1836910236220472
21
1.6276910236220472
0
LINE
8
BLACK
6
CONTINUOUS
10
0.1836910236220472
20
1.6276910236220472
11
0.1810799606299213
21
1.6294357086614173
0
LINE
8
BLACK
6
CONTINUOUS
10
0.1810799606299213
20
1.6294357086614173
11
0.1787774803149606
21
1.6298937007874015
0
LINE
8
BLACK
6
CONTINUOUS
10
0.1787774803149606
20
1.6298937007874015
11
0.1172225196850394
21
1.6298937007874015
0
LINE
8
BLACK
6
CONTINUOUS
10
0.1172225196850394
20
1.6298937007874015
11
0.1149200393700787
21
1.6294357086614173
0
LINE
8
BLACK
6
CONTINUOUS
10
0.1149200393700787
20
1.6294357086614173
11
0.1123089763779528
21
1.6276910236220472
0
LINE
8
BLACK
6
CONTINUOUS
10
0.1123089763779528
20
1.6276910236220472
11
0.1105642913385827
21
1.6250799606299213
0
LINE
8
BLACK
6
CONTINUOUS
10
0.1105642913385827
20
1.6250799606299213
11
0.1105642519685039
21
1.6250798425196851
0
LINE
8
BLACK
6
CONTINUOUS
10
0.1105642519685039
20
1.6250798425196851
11
0.1101062992125984
21
1.6227775590551181
0
LINE
8
BLACK
6
CONTINUOUS
10
0.1101062992125984
20
1.6227775590551181
11
0.1101062992125984
21
1.6151968503937006
0
LINE
8
BLACK
6
CONTINUOUS
10
0.1101062992125984
20
1.6151968503937006
11
0.1093188188976378
21
1.6125149212598424
0
LINE
8
BLACK
6
CONTINUOUS
10
0.1093188188976378
20
1.6125149212598424
11
0.1072063779527559
21
1.6106844881889764
0
LINE
8
BLACK
6
CONTINUOUS
10
0.1072063779527559
20
1.6106844881889764
11
0.1051456692913386
21
1.610236220472441
0
LINE
8
BLACK
6
CONTINUOUS
10
0.1051456692913386
20
1.610236220472441
11
0.0954799606299213
21
1.610236220472441
0
LINE
8
BLACK
6
CONTINUOUS
10
0.0954799606299213
20
1.610236220472441
11
0.0909690551181102
21
1.6090275196850394
0
LINE
8
BLACK
6
CONTINUOUS
10
0.0909690551181102
20
1.6090275196850394
11
0.0892597637795276
21
1.6080406299212597
0
LINE
8
BLACK
6
CONTINUOUS
10
0.0892597637795276
20
1.6080406299212597
11
0.0892597244094488
21
1.6080406299212597
0
LINE
8
BLACK
6
CONTINUOUS
10
0.0892597244094488
20
1.6080406299212597
11
0.0876662204724409
21
1.6071206299212597
0
LINE
8
BLACK
6
CONTINUOUS
10
0.0876662204724409
20
1.6071206299212597
11
0.0869246456692913
21
1.6066924803149607
0
LINE
8
BLACK
6
CONTINUOUS
10
0.0869246456692913
20
1.6066924803149607
11
0.0869245275590551
21
1.6066923622047244
0
LINE
8
BLACK
6
CONTINUOUS
10
0.0869245275590551
20
1.6066923622047244
11
0.0869243307086614
21
1.6066922047244094
0
LINE
8
BLACK
6
CONTINUOUS
10
0.0869243307086614
20
1.6066922047244094
11
0.0586801181102362
21
1.5784479921259842
0
LINE
8
BLACK
6
CONTINUOUS
10
0.0586801181102362
20
1.5784479921259842
11
0.0586798031496063
21
1.5784475984251969
0
LINE
8
BLACK
6
CONTINUOUS
10
0.0586798031496063
20
1.5784475984251969
11
0.056344842519685
21
1.5744033464566929
0
LINE
8
BLACK
6
CONTINUOUS
10
0.056344842519685
20
1.5744033464566929
11
0.0563448818897638
21
1.5744033464566929
0
LINE
8
BLACK
6
CONTINUOUS
10
0.0563448818897638
20
1.5744033464566929
11
0.0551361811023622
21
1.5698924409448818
0
LINE
8
BLACK
6
CONTINUOUS
10
0.0551361811023622
20
1.5698924409448818
11
0.0551361811023622
21
1.5698923622047243
0
LINE
8
BLACK
6
CONTINUOUS
10
0.0551361811023622
20
1.5698923622047243
11
0.0551361811023622
21
1.2244012992125983
0
LINE
8
BLACK
6
CONTINUOUS
10
0.0551361811023622
20
1.2244012992125983
11
0.0543487007874016
21
1.2217193700787401
0
LINE
8
BLACK
6
CONTINUOUS
10
0.0543487007874016
20
1.2217193700787401
11
0.0536833858267717
21
1.220893779527559
0
LINE
8
BLACK
6
CONTINUOUS
10
0.0536833858267717
20
1.220893779527559
11
0.0442947637795276
21
1.2115051574803148
0
LINE
8
BLACK
6
CONTINUOUS
10
0.0442947637795276
20
1.2115051574803148
11
0.0358075984251969
21
1.2030179921259843
0
LINE
8
BLACK
6
CONTINUOUS
10
0.0358075984251969
20
1.2030179921259843
11
0.0358074015748032
21
1.2030177559055117
0
LINE
8
BLACK
6
CONTINUOUS
10
0.0358074015748032
20
1.2030177559055117
11
0.0334724409448819
21
1.1989735039370077
0
LINE
8
BLACK
6
CONTINUOUS
10
0.0334724409448819
20
1.1989735039370077
11
0.0334724803149606
21
1.1989735039370077
0
LINE
8
BLACK
6
CONTINUOUS
10
0.0334724803149606
20
1.1989735039370077
11
0.0322637795275591
21
1.1944625984251969
0
LINE
8
BLACK
6
CONTINUOUS
10
0.0322637795275591
20
1.1944625984251969
11
0.0322637795275591
21
1.1944625196850394
0
LINE
8
BLACK
6
CONTINUOUS
10
0.8661220472440945
20
0.3967807086614173
11
0.8674088582677165
21
0.3903115748031496
0
LINE
8
BLACK
6
CONTINUOUS
10
0.8674088582677165
20
0.3903115748031496
11
0.8699329921259842
21
0.3842179133858268
0
LINE
8
BLACK
6
CONTINUOUS
10
0.8699329921259842
20
0.3842179133858268
11
0.8735973622047244
21
0.378733779527559
0
LINE
8
BLACK
6
CONTINUOUS
10
0.8735973622047244
20
0.378733779527559
11
0.873597559055118
21
0.3787335433070866
0
LINE
8
BLACK
6
CONTINUOUS
10
0.873597559055118
20
0.3787335433070866
11
0.8782611023622047
21
0.37407
0
LINE
8
BLACK
6
CONTINUOUS
10
0.8782611023622047
20
0.37407
11
0.8782613385826772
21
0.3740698031496063
0
LINE
8
BLACK
6
CONTINUOUS
10
0.8782613385826772
20
0.3740698031496063
11
0.8837454724409448
21
0.3704054330708662
0
LINE
8
BLACK
6
CONTINUOUS
10
0.8837454724409448
20
0.3704054330708662
11
0.8837455118110236
21
0.3704053937007874
0
LINE
8
BLACK
6
CONTINUOUS
10
0.8837455118110236
20
0.3704053937007874
11
0.8837455511811023
21
0.3704053937007874
0
LINE
8
BLACK
6
CONTINUOUS
10
0.8837455511811023
20
0.3704053937007874
11
0.8849185433070866
21
0.3699195275590551
0
LINE
8
BLACK
6
CONTINUOUS
10
0.8849185433070866
20
0.3699195275590551
11
0.8898391338582677
21
0.3678812992125984
0
LINE
8
BLACK
6
CONTINUOUS
10
0.8898391338582677
20
0.3678812992125984
11
0.8898392519685039
21
0.3678812598425197
0
LINE
8
BLACK
6
CONTINUOUS
10
0.8898392519685039
20
0.3678812598425197
11
0.8898392913385826
21
0.3678812598425197
0
LINE
8
BLACK
6
CONTINUOUS
10
0.8898392913385826
20
0.3678812598425197
11
0.8914893700787402
21
0.367553031496063
0
LINE
8
BLACK
6
CONTINUOUS
10
0.8914893700787402
20
0.367553031496063
11
0.8963082677165354
21
0.3665944881889764
0
LINE
8
BLACK
6
CONTINUOUS
10
0.8963082677165354
20
0.3665944881889764
11
0.8963083858267716
21
0.3665944881889764
0
LINE
8
BLACK
6
CONTINUOUS
10
0.8963083858267716
20
0.3665944881889764
11
0.9029042913385826
21
0.3665944881889764
0
LINE
8
BLACK
6
CONTINUOUS
10
0.9029042913385826
20
0.3665944881889764
11
0.9061168503937007
21
0.3672335039370079
0
LINE
8
BLACK
6
CONTINUOUS
10
0.9061168503937007
20
0.3672335039370079
11
0.9093733070866141
21
0.3678812598425197
0
LINE
8
BLACK
6
CONTINUOUS
10
0.9093733070866141
20
0.3678812598425197
11
0.9093733464566929
21
0.3678812598425197
0
LINE
8
BLACK
6
CONTINUOUS
10
0.9093733464566929
20
0.3678812598425197
11
0.9093734251968504
21
0.3678812992125984
0
LINE
8
BLACK
6
CONTINUOUS
10
0.9093734251968504
20
0.3678812992125984
11
0.9154670472440944
21
0.3704053937007874
0
LINE
8
BLACK
6
CONTINUOUS
10
0.9154670472440944
20
0.3704053937007874
11
0.9182479921259842
21
0.3722635433070866
0
LINE
8
BLACK
6
CONTINUOUS
10
0.9182479921259842
20
0.3722635433070866
11
0.9186359448818897
21
0.372385
0
LINE
8
BLACK
6
CONTINUOUS
10
0.9186359448818897
20
0.372385
11
0.9189432283464567
21
0.3726512598425197
0
LINE
8
BLACK
6
CONTINUOUS
10
0.9189432283464567
20
0.3726512598425197
11
0.9199473622047244
21
0.3727956299212598
0
LINE
8
BLACK
6
CONTINUOUS
10
0.9199473622047244
20
0.3727956299212598
11
0.9209154330708661
21
0.3730987401574803
0
LINE
8
BLACK
6
CONTINUOUS
10
0.9209154330708661
20
0.3730987401574803
11
0.9213074409448818
21
0.3729911811023622
0
LINE
8
BLACK
6
CONTINUOUS
10
0.9213074409448818
20
0.3729911811023622
11
0.9217099212598425
21
0.3730490551181102
0
LINE
8
BLACK
6
CONTINUOUS
10
0.9217099212598425
20
0.3730490551181102
11
0.9226327559055117
21
0.3726275590551181
0
LINE
8
BLACK
6
CONTINUOUS
10
0.9226327559055117
20
0.3726275590551181
11
0.9236109842519685
21
0.3723592125984252
0
LINE
8
BLACK
6
CONTINUOUS
10
0.9236109842519685
20
0.3723592125984252
11
0.9238826377952756
21
0.3720567322834645
0
LINE
8
BLACK
6
CONTINUOUS
10
0.9238826377952756
20
0.3720567322834645
11
0.9242524409448819
21
0.371887874015748
0
LINE
8
BLACK
6
CONTINUOUS
10
0.9242524409448819
20
0.371887874015748
11
0.9248007874015748
21
0.3710346062992126
0
LINE
8
BLACK
6
CONTINUOUS
10
0.9248007874015748
20
0.3710346062992126
11
0.9254788188976377
21
0.3702798031496063
0
LINE
8
BLACK
6
CONTINUOUS
10
0.9254788188976377
20
0.3702798031496063
11
0.9255840944881889
21
0.3698157874015748
0
LINE
8
BLACK
6
CONTINUOUS
10
0.9255840944881889
20
0.3698157874015748
11
0.9257636220472441
21
0.3695364566929134
0
LINE
8
BLACK
6
CONTINUOUS
10
0.9257636220472441
20
0.3695364566929134
11
0.9259645669291339
21
0.3681388976377953
0
LINE
8
BLACK
6
CONTINUOUS
10
0.9259645669291339
20
0.3681388976377953
11
0.9259645669291339
21
0.3637023228346457
0
LINE
8
BLACK
6
CONTINUOUS
10
0.9259645669291339
20
0.3637023228346457
11
0.9251770866141732
21
0.3610203937007874
0
LINE
8
BLACK
6
CONTINUOUS
10
0.9251770866141732
20
0.3610203937007874
11
0.9237599212598425
21
0.3595777165354331
0
LINE
8
BLACK
6
CONTINUOUS
10
0.9237599212598425
20
0.3595777165354331
11
0.9184188188976378
21
0.3560088976377953
0
LINE
8
BLACK
6
CONTINUOUS
10
0.9184188188976378
20
0.3560088976377953
11
0.9184185826771654
21
0.3560087007874015
0
LINE
8
BLACK
6
CONTINUOUS
10
0.9184185826771654
20
0.3560087007874015
11
0.9137550393700787
21
0.351345157480315
0
LINE
8
BLACK
6
CONTINUOUS
10
0.9137550393700787
20
0.351345157480315
11
0.9137548818897637
21
0.3513449606299213
0
LINE
8
BLACK
6
CONTINUOUS
10
0.9137548818897637
20
0.3513449606299213
11
0.9100904330708661
21
0.3458607480314961
0
LINE
8
BLACK
6
CONTINUOUS
10
0.9100904330708661
20
0.3458607480314961
11
0.9091741732283465
21
0.3436487401574803
0
LINE
8
BLACK
6
CONTINUOUS
10
0.9091741732283465
20
0.3436487401574803
11
0.9075663385826771
21
0.339767125984252
0
LINE
8
BLACK
6
CONTINUOUS
10
0.9075663385826771
20
0.339767125984252
11
0.9062795275590551
21
0.3332979921259843
0
LINE
8
BLACK
6
CONTINUOUS
10
0.9062795275590551
20
0.3332979921259843
11
0.9062795275590551
21
0.326701968503937
0
LINE
8
BLACK
6
CONTINUOUS
10
0.9062795275590551
20
0.326701968503937
11
0.9075663385826771
21
0.3202328346456693
0
LINE
8
BLACK
6
CONTINUOUS
10
0.9075663385826771
20
0.3202328346456693
11
0.9100904724409449
21
0.3141391732283464
0
LINE
8
BLACK
6
CONTINUOUS
10
0.9100904724409449
20
0.3141391732283464
11
0.913754842519685
21
0.3086550393700787
0
LINE
8
BLACK
6
CONTINUOUS
10
0.913754842519685
20
0.3086550393700787
11
0.9137550393700787
21
0.3086548031496063
0
LINE
8
BLACK
6
CONTINUOUS
10
0.9137550393700787
20
0.3086548031496063
11
0.9184185826771654
21
0.3039912598425197
0
LINE
8
BLACK
6
CONTINUOUS
10
0.9184185826771654
20
0.3039912598425197
11
0.9184188188976378
21
0.303991062992126
0
LINE
8
BLACK
6
CONTINUOUS
10
0.9184188188976378
20
0.303991062992126
11
0.9239029527559055
21
0.3003266929133858
0
LINE
8
BLACK
6
CONTINUOUS
10
0.9239029527559055
20
0.3003266929133858
11
0.9299966141732283
21
0.2978025590551181
0
LINE
8
BLACK
6
CONTINUOUS
10
0.9299966141732283
20
0.2978025590551181
11
0.9299967322834646
21
0.2978025196850393
0
LINE
8
BLACK
6
CONTINUOUS
10
0.9299967322834646
20
0.2978025196850393
11
0.9299967716535433
21
0.2978025196850393
0
LINE
8
BLACK
6
CONTINUOUS
10
0.9299967716535433
20
0.2978025196850393
11
0.9316468503937008
21
0.2974742913385827
0
LINE
8
BLACK
6
CONTINUOUS
10
0.9316468503937008
20
0.2974742913385827
11
0.9364657480314961
21
0.2965157480314961
0
LINE
8
BLACK
6
CONTINUOUS
10
0.9364657480314961
20
0.2965157480314961
11
0.9364658661417322
21
0.2965157480314961
0
LINE
8
BLACK
6
CONTINUOUS
10
0.9364658661417322
20
0.2965157480314961
11
0.9430617716535433
21
0.2965157480314961
0
LINE
8
BLACK
6
CONTINUOUS
10
0.9430617716535433
20
0.2965157480314961
11
0.9467558267716535
21
0.2972505511811023
0
LINE
8
BLACK
6
CONTINUOUS
10
0.9467558267716535
20
0.2972505511811023
11
0.9495307874015748
21
0.2978025196850393
0
LINE
8
BLACK
6
CONTINUOUS
10
0.9495307874015748
20
0.2978025196850393
11
0.9495308267716536
21
0.2978025196850393
0
LINE
8
BLACK
6
CONTINUOUS
10
0.9495308267716536
20
0.2978025196850393
11
0.949530905511811
21
0.2978025590551181
0
LINE
8
BLACK
6
CONTINUOUS
10
0.949530905511811
20
0.2978025590551181
11
0.951315748031496
21
0.2985418897637795
0
LINE
8
BLACK
6
CONTINUOUS
10
0.951315748031496
20
0.2985418897637795
11
0.9556245275590551
21
0.3003266535433071
0
LINE
8
BLACK
6
CONTINUOUS
10
0.9556245275590551
20
0.3003266535433071
11
0.9604375196850393
21
0.3035425984251968
0
LINE
8
BLACK
6
CONTINUOUS
10
0.9604375196850393
20
0.3035425984251968
11
0.9611087007874015
21
0.303991062992126
0
LINE
8
BLACK
6
CONTINUOUS
10
0.9611087007874015
20
0.303991062992126
11
0.961108937007874
21
0.3039912598425197
0
LINE
8
BLACK
6
CONTINUOUS
10
0.961108937007874
20
0.3039912598425197
11
0.9657724803149607
21
0.3086548031496063
0
LINE
8
BLACK
6
CONTINUOUS
10
0.9657724803149607
20
0.3086548031496063
11
0.9657726771653543
21
0.3086550393700787
0
LINE
8
BLACK
6
CONTINUOUS
10
0.9657726771653543
20
0.3086550393700787
11
0.967920905511811
21
0.3118700787401575
0
LINE
8
BLACK
6
CONTINUOUS
10
0.967920905511811
20
0.3118700787401575
11
0.9694371259842519
21
0.314139251968504
0
LINE
8
BLACK
6
CONTINUOUS
10
0.9694371259842519
20
0.314139251968504
11
0.9719612598425197
21
0.3202329921259842
0
LINE
8
BLACK
6
CONTINUOUS
10
0.9719612598425197
20
0.3202329921259842
11
0.973248031496063
21
0.3267020866141732
0
LINE
8
BLACK
6
CONTINUOUS
10
0.973248031496063
20
0.3267020866141732
11
0.973248031496063
21
0.3332979133858268
0
LINE
8
BLACK
6
CONTINUOUS
10
0.973248031496063
20
0.3332979133858268
11
0.9719612598425197
21
0.3397670078740158
0
LINE
8
BLACK
6
CONTINUOUS
10
0.9719612598425197
20
0.3397670078740158
11
0.9694371259842519
21
0.3458607480314961
0
LINE
8
BLACK
6
CONTINUOUS
10
0.9694371259842519
20
0.3458607480314961
11
0.9657726771653543
21
0.3513449606299213
0
LINE
8
BLACK
6
CONTINUOUS
10
0.9657726771653543
20
0.3513449606299213
11
0.9611087401574803
21
0.3560088976377953
0
LINE
8
BLACK
6
CONTINUOUS
10
0.9611087401574803
20
0.3560088976377953
11
0.9557675984251969
21
0.3595777165354331
0
LINE
8
BLACK
6
CONTINUOUS
10
0.9557675984251969
20
0.3595777165354331
11
0.955563937007874
21
0.3598214173228346
0
LINE
8
BLACK
6
CONTINUOUS
10
0.955563937007874
20
0.3598214173228346
11
0.9552751181102362
21
0.3599533464566929
0
LINE
8
BLACK
6
CONTINUOUS
10
0.9552751181102362
20
0.3599533464566929
11
0.954680590551181
21
0.3608783858267716
0
LINE
8
BLACK
6
CONTINUOUS
10
0.954680590551181
20
0.3608783858267716
11
0.9539751968503937
21
0.3617224803149606
0
LINE
8
BLACK
6
CONTINUOUS
10
0.9539751968503937
20
0.3617224803149606
11
0.9538970866141732
21
0.3620975196850393
0
LINE
8
BLACK
6
CONTINUOUS
10
0.9538970866141732
20
0.3620975196850393
11
0.953763937007874
21
0.3623047637795275
0
LINE
8
BLACK
6
CONTINUOUS
10
0.953763937007874
20
0.3623047637795275
11
0.9535629921259843
21
0.3637023228346457
0
LINE
8
BLACK
6
CONTINUOUS
10
0.9535629921259843
20
0.3637023228346457
11
0.9535629921259843
21
0.3692238976377953
0
LINE
8
BLACK
6
CONTINUOUS
10
0.9535629921259843
20
0.3692238976377953
11
0.9535629921259843
21
0.4546904724409448
0
LINE
8
BLACK
6
CONTINUOUS
10
0.9535629921259843
20
0.4546904724409448
11
0.9543504724409448
21
0.4573724015748031
0
LINE
8
BLACK
6
CONTINUOUS
10
0.9543504724409448
20
0.4573724015748031
11
0.9564629133858268
21
0.4592028346456693
0
LINE
8
BLACK
6
CONTINUOUS
10
0.9564629133858268
20
0.4592028346456693
11
0.9590095275590551
21
0.4596272440944882
0
LINE
8
BLACK
6
CONTINUOUS
10
0.9590095275590551
20
0.4596272440944882
11
0.9592223228346457
21
0.4596062992125984
0
LINE
8
BLACK
6
CONTINUOUS
10
0.9592223228346457
20
0.4596062992125984
11
0.9592225196850394
21
0.4596062992125984
0
LINE
8
BLACK
6
CONTINUOUS
10
0.9592225196850394
20
0.4596062992125984
11
0.9957775590551181
21
0.4596062992125984
0
LINE
8
BLACK
6
CONTINUOUS
10
0.9957775590551181
20
0.4596062992125984
11
0.9980798425196851
21
0.4600642519685039
0
LINE
8
BLACK
6
CONTINUOUS
10
0.9980798425196851
20
0.4600642519685039
11
0.9980799606299212
21
0.4600642913385827
0
LINE
8
BLACK
6
CONTINUOUS
10
0.9980799606299212
20
0.4600642913385827
11
1.0006910236220472
21
0.4618089763779528
0
LINE
8
BLACK
6
CONTINUOUS
10
1.0006910236220472
20
0.4618089763779528
11
1.0024357086614173
21
0.4644200393700788
0
LINE
8
BLACK
6
CONTINUOUS
10
1.0024357086614173
20
0.4644200393700788
11
1.0028937007874015
21
0.4667225196850394
0
LINE
8
BLACK
6
CONTINUOUS
10
1.0028937007874015
20
0.4667225196850394
11
1.0028937007874015
21
0.480375157480315
0
LINE
8
BLACK
6
CONTINUOUS
10
1.0028937007874015
20
0.480375157480315
11
1.0032712992125985
21
0.4822735433070866
0
LINE
8
BLACK
6
CONTINUOUS
10
1.0032712992125985
20
0.4822735433070866
11
1.0044018897637794
21
0.4850029921259842
0
LINE
8
BLACK
6
CONTINUOUS
10
1.0044018897637794
20
0.4850029921259842
11
1.0044367716535434
21
0.4850872047244094
0
LINE
8
BLACK
6
CONTINUOUS
10
1.0044367716535434
20
0.4850872047244094
11
1.0054133858267715
21
0.4899970078740157
0
LINE
8
BLACK
6
CONTINUOUS
10
1.0054133858267715
20
0.4899970078740157
11
1.0054133858267715
21
0.4950029921259843
0
LINE
8
BLACK
6
CONTINUOUS
10
1.0054133858267715
20
0.4950029921259843
11
1.0044367716535434
21
0.4999127952755905
0
LINE
8
BLACK
6
CONTINUOUS
10
1.0044367716535434
20
0.4999127952755905
11
1.0032712992125985
21
0.5027264566929134
0
LINE
8
BLACK
6
CONTINUOUS
10
1.0032712992125985
20
0.5027264566929134
11
1.0028937007874015
21
0.5046248031496063
0
LINE
8
BLACK
6
CONTINUOUS
10
1.0028937007874015
20
0.5046248031496063
11
1.0028937007874015
21
0.5232774015748032
0
LINE
8
BLACK
6
CONTINUOUS
10
1.0028937007874015
20
0.5232774015748032
11
1.0028937007874015
21
0.5232774803149606
0
LINE
8
BLACK
6
CONTINUOUS
10
1.0028937007874015
20
0.5232774803149606
11
1.0024357086614173
21
0.5255799606299213
0
LINE
8
BLACK
6
CONTINUOUS
10
1.0024357086614173
20
0.5255799606299213
11
1.0006910236220472
21
0.5281910236220473
0
LINE
8
BLACK
6
CONTINUOUS
10
1.0006910236220472
20
0.5281910236220473
11
0.9980799606299212
21
0.5299357086614173
0
LINE
8
BLACK
6
CONTINUOUS
10
0.9980799606299212
20
0.5299357086614173
11
0.9957774803149606
21
0.5303937007874016
0
LINE
8
BLACK
6
CONTINUOUS
10
0.9957774803149606
20
0.5303937007874016
11
0.9592225196850394
21
0.5303937007874016
0
LINE
8
BLACK
6
CONTINUOUS
10
0.9592225196850394
20
0.5303937007874016
11
0.9592224803149606
21
0.5303936614173228
0
LINE
8
BLACK
6
CONTINUOUS
10
0.9592224803149606
20
0.5303936614173228
11
0.9590099606299213
21
0.5303727559055118
0
LINE
8
BLACK
6
CONTINUOUS
10
0.9590099606299213
20
0.5303727559055118
11
0.9562637401574803
21
0.5308935039370078
0
LINE
8
BLACK
6
CONTINUOUS
10
0.9562637401574803
20
0.5308935039370078
11
0.9542350393700787
21
0.5328162992125984
0
LINE
8
BLACK
6
CONTINUOUS
10
0.9542350393700787
20
0.5328162992125984
11
0.9535629921259843
21
0.5353094881889764
0
LINE
8
BLACK
6
CONTINUOUS
10
0.9535629921259843
20
0.5353094881889764
11
0.9535629921259843
21
0.5531676771653543
0
LINE
8
BLACK
6
CONTINUOUS
10
0.9535629921259843
20
0.5531676771653543
11
0.9543504724409448
21
0.5558496062992125
0
LINE
8
BLACK
6
CONTINUOUS
10
0.9543504724409448
20
0.5558496062992125
11
0.9564629133858268
21
0.5576800393700787
0
LINE
8
BLACK
6
CONTINUOUS
10
0.9564629133858268
20
0.5576800393700787
11
0.9592296062992126
21
0.5580778346456693
0
LINE
8
BLACK
6
CONTINUOUS
10
0.9592296062992126
20
0.5580778346456693
11
0.9612795275590551
21
0.5572923228346457
0
LINE
8
BLACK
6
CONTINUOUS
10
0.9612795275590551
20
0.5572923228346457
11
0.9621954724409448
21
0.5566802755905512
0
LINE
8
BLACK
6
CONTINUOUS
10
0.9621954724409448
20
0.5566802755905512
11
0.9621955905511811
21
0.5566802362204725
0
LINE
8
BLACK
6
CONTINUOUS
10
0.9621955905511811
20
0.5566802362204725
11
0.9690056299212598
21
0.5538594094488188
0
LINE
8
BLACK
6
CONTINUOUS
10
0.9690056299212598
20
0.5538594094488188
11
0.9690058267716535
21
0.5538593307086614
0
LINE
8
BLACK
6
CONTINUOUS
10
0.9690058267716535
20
0.5538593307086614
11
0.9762354724409449
21
0.5524212598425197
0
LINE
8
BLACK
6
CONTINUOUS
10
0.9762354724409449
20
0.5524212598425197
11
0.976235590551181
21
0.5524212598425197
0
LINE
8
BLACK
6
CONTINUOUS
10
0.976235590551181
20
0.5524212598425197
11
0.9836071259842519
21
0.5524212598425197
0
LINE
8
BLACK
6
CONTINUOUS
10
0.9836071259842519
20
0.5524212598425197
11
0.9882235039370079
21
0.5533395275590551
0
LINE
8
BLACK
6
CONTINUOUS
10
0.9882235039370079
20
0.5533395275590551
11
0.9910075196850393
21
0.5530903937007874
0
LINE
8
BLACK
6
CONTINUOUS
10
0.9910075196850393
20
0.5530903937007874
11
0.992698937007874
21
0.5519819291338582
0
LINE
8
BLACK
6
CONTINUOUS
10
0.992698937007874
20
0.5519819291338582
11
1.0256533464566928
21
0.5190275590551181
0
LINE
8
BLACK
6
CONTINUOUS
10
1.0256533464566928
20
0.5190275590551181
11
1.0269929133858267
21
0.5165742913385827
0
LINE
8
BLACK
6
CONTINUOUS
10
1.0269929133858267
20
0.5165742913385827
11
1.0271062992125983
21
0.5155198425196851
0
LINE
8
BLACK
6
CONTINUOUS
10
1.0271062992125983
20
0.5155198425196851
11
1.0271062992125983
21
0.4667224015748032
0
LINE
8
BLACK
6
CONTINUOUS
10
1.0271062992125983
20
0.4667224015748032
11
1.027564251968504
21
0.4644201181102362
0
LINE
8
BLACK
6
CONTINUOUS
10
1.027564251968504
20
0.4644201181102362
11
1.0275642913385827
21
0.46442
0
LINE
8
BLACK
6
CONTINUOUS
10
1.0275642913385827
20
0.46442
11
1.0293089763779528
21
0.4618089763779528
0
LINE
8
BLACK
6
CONTINUOUS
10
1.0293089763779528
20
0.4618089763779528
11
1.0319199999999999
21
0.4600642913385827
0
LINE
8
BLACK
6
CONTINUOUS
10
1.0319199999999999
20
0.4600642913385827
11
1.0319201181102362
21
0.4600642519685039
0
LINE
8
BLACK
6
CONTINUOUS
10
1.0319201181102362
20
0.4600642519685039
11
1.0342224015748032
21
0.4596062992125984
0
LINE
8
BLACK
6
CONTINUOUS
10
1.0342224015748032
20
0.4596062992125984
11
1.0342225196850394
21
0.4596062992125984
0
LINE
8
BLACK
6
CONTINUOUS
10
1.0342225196850394
20
0.4596062992125984
11
1.0707775590551181
21
0.4596062992125984
0
LINE
8
BLACK
6
CONTINUOUS
10
1.0707775590551181
20
0.4596062992125984
11
1.073079842519685
21
0.4600642519685039
0
LINE
8
BLACK
6
CONTINUOUS
10
1.073079842519685
20
0.4600642519685039
11
1.0730799606299213
21
0.4600642913385827
0
LINE
8
BLACK
6
CONTINUOUS
10
1.0730799606299213
20
0.4600642913385827
11
1.0756910236220472
21
0.4618089763779528
0
LINE
8
BLACK
6
CONTINUOUS
10
1.0756910236220472
20
0.4618089763779528
11
1.0774357086614172
21
0.4644200393700788
0
LINE
8
BLACK
6
CONTINUOUS
10
1.0774357086614172
20
0.4644200393700788
11
1.0778937007874017
21
0.4667225196850394
0
LINE
8
BLACK
6
CONTINUOUS
10
1.0778937007874017
20
0.4667225196850394
11
1.0778937007874017
21
0.5207775590551181
0
LINE
8
BLACK
6
CONTINUOUS
10
1.0778937007874017
20
0.5207775590551181
11
1.0778937007874017
21
0.5232774803149606
0
LINE
8
BLACK
6
CONTINUOUS
10
1.0778937007874017
20
0.5232774803149606
11
1.0774357086614172
21
0.5255799606299213
0
LINE
8
BLACK
6
CONTINUOUS
10
1.0774357086614172
20
0.5255799606299213
11
1.0756910236220472
21
0.5281910236220473
0
LINE
8
BLACK
6
CONTINUOUS
10
1.0756910236220472
20
0.5281910236220473
11
1.0730799606299213
21
0.5299357086614173
0
LINE
8
BLACK
6
CONTINUOUS
10
1.0730799606299213
20
0.5299357086614173
11
1.0707774803149606
21
0.5303937007874016
0
LINE
8
BLACK
6
CONTINUOUS
10
1.0707774803149606
20
0.5303937007874016
11
1.0707774409448818
21
0.5303937007874016
0
LINE
8
BLACK
6
CONTINUOUS
10
1.0707774409448818
20
0.5303937007874016
11
1.0665076377952756
21
0.5303937007874016
0
LINE
8
BLACK
6
CONTINUOUS
10
1.0665076377952756
20
0.5303937007874016
11
1.0638257086614173
21
0.5311811811023622
0
LINE
8
BLACK
6
CONTINUOUS
10
1.0638257086614173
20
0.5311811811023622
11
1.0630001181102362
21
0.5318464173228347
0
LINE
8
BLACK
6
CONTINUOUS
10
1.0630001181102362
20
0.5318464173228347
11
1.045212874015748
21
0.5496336614173228
0
LINE
8
BLACK
6
CONTINUOUS
10
1.045212874015748
20
0.5496336614173228
11
1.0438734645669292
21
0.5520867322834646
0
LINE
8
BLACK
6
CONTINUOUS
10
1.0438734645669292
20
0.5520867322834646
11
1.0440728346456694
21
0.5548747244094488
0
LINE
8
BLACK
6
CONTINUOUS
10
1.0440728346456694
20
0.5548747244094488
11
1.0457479133858267
21
0.5571123622047244
0
LINE
8
BLACK
6
CONTINUOUS
10
1.0457479133858267
20
0.5571123622047244
11
1.0483668110236219
21
0.5580891732283464
0
LINE
8
BLACK
6
CONTINUOUS
10
1.0483668110236219
20
0.5580891732283464
11
1.0510980708661417
21
0.5574950393700787
0
LINE
8
BLACK
6
CONTINUOUS
10
1.0510980708661417
20
0.5574950393700787
11
1.0514765354330708
21
0.557265905511811
0
LINE
8
BLACK
6
CONTINUOUS
10
1.0514765354330708
20
0.557265905511811
11
1.0523531102362205
21
0.5566801968503937
0
LINE
8
BLACK
6
CONTINUOUS
10
1.0523531102362205
20
0.5566801968503937
11
1.0591631102362205
21
0.5538594094488188
0
LINE
8
BLACK
6
CONTINUOUS
10
1.0591631102362205
20
0.5538594094488188
11
1.0591633070866142
21
0.5538593307086614
0
LINE
8
BLACK
6
CONTINUOUS
10
1.0591633070866142
20
0.5538593307086614
11
1.0663929527559055
21
0.5524212598425197
0
LINE
8
BLACK
6
CONTINUOUS
10
1.0663929527559055
20
0.5524212598425197
11
1.0663930708661418
21
0.5524212598425197
0
LINE
8
BLACK
6
CONTINUOUS
10
1.0663930708661418
20
0.5524212598425197
11
1.0737644881889763
21
0.5524212598425197
0
LINE
8
BLACK
6
CONTINUOUS
10
1.0737644881889763
20
0.5524212598425197
11
1.0809941338582676
21
0.5538593307086614
0
LINE
8
BLACK
6
CONTINUOUS
10
1.0809941338582676
20
0.5538593307086614
11
1.0809943307086614
21
0.5538594094488188
0
LINE
8
BLACK
6
CONTINUOUS
10
1.0809943307086614
20
0.5538594094488188
11
1.083167874015748
21
0.5547597244094488
0
LINE
8
BLACK
6
CONTINUOUS
10
1.083167874015748
20
0.5547597244094488
11
1.0878043700787401
21
0.5566802362204725
0
LINE
8
BLACK
6
CONTINUOUS
10
1.0878043700787401
20
0.5566802362204725
11
1.0939333858267717
21
0.5607755118110236
0
LINE
8
BLACK
6
CONTINUOUS
10
1.0939333858267717
20
0.5607755118110236
11
1.0991457480314961
21
0.565987874015748
0
LINE
8
BLACK
6
CONTINUOUS
10
1.0991457480314961
20
0.565987874015748
11
1.1032410236220471
21
0.5721168897637795
0
LINE
8
BLACK
6
CONTINUOUS
10
1.1032410236220471
20
0.5721168897637795
11
1.1060619291338583
21
0.578927125984252
0
LINE
8
BLACK
6
CONTINUOUS
10
1.1060619291338583
20
0.578927125984252
11
1.1074999999999999
21
0.5861568503937008
0
LINE
8
BLACK
6
CONTINUOUS
10
1.1074999999999999
20
0.5861568503937008
11
1.1074999999999999
21
0.5935281889763779
0
LINE
8
BLACK
6
CONTINUOUS
10
1.1074999999999999
20
0.5935281889763779
11
1.1060619291338583
21
0.6007579133858267
0
LINE
8
BLACK
6
CONTINUOUS
10
1.1060619291338583
20
0.6007579133858267
11
1.1032410236220471
21
0.6075681496062992
0
LINE
8
BLACK
6
CONTINUOUS
10
1.1032410236220471
20
0.6075681496062992
11
1.0991457480314961
21
0.6136971653543307
0
LINE
8
BLACK
6
CONTINUOUS
10
1.0991457480314961
20
0.6136971653543307
11
1.0939333858267717
21
0.6189095275590552
0
LINE
8
BLACK
6
CONTINUOUS
10
1.0939333858267717
20
0.6189095275590552
11
1.0878043700787401
21
0.6230048031496063
0
LINE
8
BLACK
6
CONTINUOUS
10
1.0878043700787401
20
0.6230048031496063
11
1.0809941338582676
21
0.6258257086614173
0
LINE
8
BLACK
6
CONTINUOUS
10
1.0809941338582676
20
0.6258257086614173
11
1.0737644094488188
21
0.6272637795275591
0
LINE
8
BLACK
6
CONTINUOUS
10
1.0737644094488188
20
0.6272637795275591
11
1.0663930708661418
21
0.6272637795275591
0
LINE
8
BLACK
6
CONTINUOUS
10
1.0663930708661418
20
0.6272637795275591
11
1.059163346456693
21
0.6258257086614173
0
LINE
8
BLACK
6
CONTINUOUS
10
1.059163346456693
20
0.6258257086614173
11
1.0523531102362205
21
0.6230048031496063
0
LINE
8
BLACK
6
CONTINUOUS
10
1.0523531102362205
20
0.6230048031496063
11
1.0462240944881889
21
0.6189095275590552
0
LINE
8
BLACK
6
CONTINUOUS
10
1.0462240944881889
20
0.6189095275590552
11
1.0410117322834644
21
0.6136971653543307
0
LINE
8
BLACK
6
CONTINUOUS
10
1.0410117322834644
20
0.6136971653543307
11
1.0369164566929134
21
0.6075681496062992
0
LINE
8
BLACK
6
CONTINUOUS
10
1.0369164566929134
20
0.6075681496062992
11
1.034576968503937
21
0.6019201181102362
0
LINE
8
BLACK
6
CONTINUOUS
10
1.034576968503937
20
0.6019201181102362
11
1.0340956299212598
21
0.6007581102362205
0
LINE
8
BLACK
6
CONTINUOUS
10
1.0340956299212598
20
0.6007581102362205
11
1.0340955511811023
21
0.6007579133858267
0
LINE
8
BLACK
6
CONTINUOUS
10
1.0340955511811023
20
0.6007579133858267
11
1.0326574803149606
21
0.5935282677165354
0
LINE
8
BLACK
6
CONTINUOUS
10
1.0326574803149606
20
0.5935282677165354
11
1.0326574803149606
21
0.5861567322834645
0
LINE
8
BLACK
6
CONTINUOUS
10
1.0326574803149606
20
0.5861567322834645
11
1.0340955511811023
21
0.5789270866141732
0
LINE
8
BLACK
6
CONTINUOUS
10
1.0340955511811023
20
0.5789270866141732
11
1.0340956299212598
21
0.5789268897637795
0
LINE
8
BLACK
6
CONTINUOUS
10
1.0340956299212598
20
0.5789268897637795
11
1.0369164566929134
21
0.5721168503937007
0
LINE
8
BLACK
6
CONTINUOUS
10
1.0369164566929134
20
0.5721168503937007
11
1.0369164566929134
21
0.572116811023622
0
LINE
8
BLACK
6
CONTINUOUS
10
1.0369164566929134
20
0.572116811023622
11
1.0375021259842518
21
0.5712403149606299
0
LINE
8
BLACK
6
CONTINUOUS
10
1.0375021259842518
20
0.5712403149606299
11
1.038337283464567
21
0.5685728346456693
0
LINE
8
BLACK
6
CONTINUOUS
10
1.038337283464567
20
0.5685728346456693
11
1.0375977165354331
21
0.5658773228346456
0
LINE
8
BLACK
6
CONTINUOUS
10
1.0375977165354331
20
0.5658773228346456
11
1.0355182677165353
21
0.5640095275590551
0
LINE
8
BLACK
6
CONTINUOUS
10
1.0355182677165353
20
0.5640095275590551
11
1.032759094488189
21
0.5635625196850393
0
LINE
8
BLACK
6
CONTINUOUS
10
1.032759094488189
20
0.5635625196850393
11
1.0301962598425196
21
0.5646781496062993
0
LINE
8
BLACK
6
CONTINUOUS
10
1.0301962598425196
20
0.5646781496062993
11
1.0298703543307086
21
0.5649762204724409
0
LINE
8
BLACK
6
CONTINUOUS
10
1.0298703543307086
20
0.5649762204724409
11
1.0177817322834646
21
0.5770648031496063
0
LINE
8
BLACK
6
CONTINUOUS
10
1.0177817322834646
20
0.5770648031496063
11
1.0164422047244095
21
0.5795179527559055
0
LINE
8
BLACK
6
CONTINUOUS
10
1.0164422047244095
20
0.5795179527559055
11
1.0164241732283463
21
0.5815400787401575
0
LINE
8
BLACK
6
CONTINUOUS
10
1.0164241732283463
20
0.5815400787401575
11
1.0173425196850394
21
0.5861568503937008
0
LINE
8
BLACK
6
CONTINUOUS
10
1.0173425196850394
20
0.5861568503937008
11
1.0173425196850394
21
0.5935281889763779
0
LINE
8
BLACK
6
CONTINUOUS
10
1.0173425196850394
20
0.5935281889763779
11
1.0159044488188975
21
0.6007579133858267
0
LINE
8
BLACK
6
CONTINUOUS
10
1.0159044488188975
20
0.6007579133858267
11
1.0130835433070866
21
0.6075681496062992
0
LINE
8
BLACK
6
CONTINUOUS
10
1.0130835433070866
20
0.6075681496062992
11
1.0089882677165354
21
0.6136971653543307
0
LINE
8
BLACK
6
CONTINUOUS
10
1.0089882677165354
20
0.6136971653543307
11
1.003775905511811
21
0.6189095275590552
0
LINE
8
BLACK
6
CONTINUOUS
10
1.003775905511811
20
0.6189095275590552
11
0.9976468897637795
21
0.6230048031496063
0
LINE
8
BLACK
6
CONTINUOUS
10
0.9976468897637795
20
0.6230048031496063
11
0.9908366535433071
21
0.6258257086614173
0
LINE
8
BLACK
6
CONTINUOUS
10
0.9908366535433071
20
0.6258257086614173
11
0.9836069291338583
21
0.6272637795275591
0
LINE
8
BLACK
6
CONTINUOUS
10
0.9836069291338583
20
0.6272637795275591
11
0.9836068897637795
21
0.6272637795275591
0
LINE
8
BLACK
6
CONTINUOUS
10
0.9836068897637795
20
0.6272637795275591
11
0.9835610236220472
21
0.6272683070866142
0
LINE
8
BLACK
6
CONTINUOUS
10
0.9835610236220472
20
0.6272683070866142
11
0.9835385039370078
21
0.6272773622047244
0
LINE
8
BLACK
6
CONTINUOUS
10
0.9835385039370078
20
0.6272773622047244
11
0.983367874015748
21
0.6273113385826772
0
LINE
8
BLACK
6
CONTINUOUS
10
0.983367874015748
20
0.6273113385826772
11
0.9833742913385827
21
0.6273436614173228
0
LINE
8
BLACK
6
CONTINUOUS
10
0.9833742913385827
20
0.6273436614173228
11
0.9809690944881889
21
0.6283146062992125
0
LINE
8
BLACK
6
CONTINUOUS
10
0.9809690944881889
20
0.6283146062992125
11
0.9793543307086614
21
0.6305961023622048
0
LINE
8
BLACK
6
CONTINUOUS
10
0.9793543307086614
20
0.6305961023622048
11
0.9792293700787401
21
0.6333884645669291
0
LINE
8
BLACK
6
CONTINUOUS
10
0.9792293700787401
20
0.6333884645669291
11
0.980539094488189
21
0.6357127559055118
0
LINE
8
BLACK
6
CONTINUOUS
10
0.980539094488189
20
0.6357127559055118
11
0.9957946062992126
21
0.6509682677165354
0
LINE
8
BLACK
6
CONTINUOUS
10
0.9957946062992126
20
0.6509682677165354
11
0.9982478346456692
21
0.652307874015748
0
LINE
8
BLACK
6
CONTINUOUS
10
0.9982478346456692
20
0.652307874015748
11
0.999302283464567
21
0.6524212204724409
0
LINE
8
BLACK
6
CONTINUOUS
10
0.999302283464567
20
0.6524212204724409
11
1.0180370472440945
21
0.6524212204724409
0
LINE
8
BLACK
6
CONTINUOUS
10
1.0180370472440945
20
0.6524212204724409
11
1.018037125984252
21
0.6524212204724409
0
LINE
8
BLACK
6
CONTINUOUS
10
1.018037125984252
20
0.6524212204724409
11
1.0215467322834646
21
0.6533616141732284
0
LINE
8
BLACK
6
CONTINUOUS
10
1.0215467322834646
20
0.6533616141732284
11
1.0215468503937009
21
0.6533616535433071
0
LINE
8
BLACK
6
CONTINUOUS
10
1.0215468503937009
20
0.6533616535433071
11
1.0217544881889764
21
0.6534815354330709
0
LINE
8
BLACK
6
CONTINUOUS
10
1.0217544881889764
20
0.6534815354330709
11
1.024693188976378
21
0.6551781889763779
0
LINE
8
BLACK
6
CONTINUOUS
10
1.024693188976378
20
0.6551781889763779
11
1.0246934251968505
21
0.6551783858267717
0
LINE
8
BLACK
6
CONTINUOUS
10
1.0246934251968505
20
0.6551783858267717
11
1.0316649606299213
21
0.6621499212598425
0
LINE
8
BLACK
6
CONTINUOUS
10
1.0316649606299213
20
0.6621499212598425
11
1.0401684251968504
21
0.6706533858267716
0
LINE
8
BLACK
6
CONTINUOUS
10
1.0401684251968504
20
0.6706533858267716
11
1.0426216141732283
21
0.6719929133858268
0
LINE
8
BLACK
6
CONTINUOUS
10
1.0426216141732283
20
0.6719929133858268
11
1.043676062992126
21
0.6721062992125985
0
LINE
8
BLACK
6
CONTINUOUS
10
1.043676062992126
20
0.6721062992125985
11
1.0907775590551181
21
0.6721062992125985
0
LINE
8
BLACK
6
CONTINUOUS
10
1.0907775590551181
20
0.6721062992125985
11
1.093079842519685
21
0.6725642519685039
0
LINE
8
BLACK
6
CONTINUOUS
10
1.093079842519685
20
0.6725642519685039
11
1.0930799606299213
21
0.6725642913385826
0
LINE
8
BLACK
6
CONTINUOUS
10
1.0930799606299213
20
0.6725642913385826
11
1.0935729527559055
21
0.6728937007874015
0
LINE
8
BLACK
6
CONTINUOUS
10
1.0935729527559055
20
0.6728937007874015
11
1.0956910236220472
21
0.6743089763779527
0
LINE
8
BLACK
6
CONTINUOUS
10
1.0956910236220472
20
0.6743089763779527
11
1.0974357086614173
21
0.6769200393700787
0
LINE
8
BLACK
6
CONTINUOUS
10
1.0974357086614173
20
0.6769200393700787
11
1.0978937007874014
21
0.6792225196850393
0
LINE
8
BLACK
6
CONTINUOUS
10
1.0978937007874014
20
0.6792225196850393
11
1.0978937007874014
21
0.7407774803149606
0
LINE
8
BLACK
6
CONTINUOUS
10
1.0978937007874014
20
0.7407774803149606
11
1.0974357086614173
21
0.7430799606299212
0
LINE
8
BLACK
6
CONTINUOUS
10
1.0974357086614173
20
0.7430799606299212
11
1.0956910236220472
21
0.7456910236220472
0
LINE
8
BLACK
6
CONTINUOUS
10
1.0956910236220472
20
0.7456910236220472
11
1.0930799606299213
21
0.7474357086614173
0
LINE
8
BLACK
6
CONTINUOUS
10
1.0930799606299213
20
0.7474357086614173
11
1.0907774803149606
21
0.7478937007874016
0
LINE
8
BLACK
6
CONTINUOUS
10
1.0907774803149606
20
0.7478937007874016
11
1.0907774409448818
21
0.7478937007874016
0
LINE
8
BLACK
6
CONTINUOUS
10
1.0907774409448818
20
0.7478937007874016
11
1.0787598425196849
21
0.7478937007874016
0
LINE
8
BLACK
6
CONTINUOUS
10
1.0787598425196849
20
0.7478937007874016
11
1.0760779133858267
21
0.7486811811023621
0
LINE
8
BLACK
6
CONTINUOUS
10
1.0760779133858267
20
0.7486811811023621
11
1.0742474803149606
21
0.7507936220472441
0
LINE
8
BLACK
6
CONTINUOUS
10
1.0742474803149606
20
0.7507936220472441
11
1.0737992125984253
21
0.7528543307086614
0
LINE
8
BLACK
6
CONTINUOUS
10
1.0737992125984253
20
0.7528543307086614
11
1.0737992125984253
21
0.7671456692913385
0
LINE
8
BLACK
6
CONTINUOUS
10
1.0737992125984253
20
0.7671456692913385
11
1.0745866929133858
21
0.7698275984251969
0
LINE
8
BLACK
6
CONTINUOUS
10
1.0745866929133858
20
0.7698275984251969
11
1.0766991338582677
21
0.7716580314960629
0
LINE
8
BLACK
6
CONTINUOUS
10
1.0766991338582677
20
0.7716580314960629
11
1.0787598425196849
21
0.7721062992125984
0
LINE
8
BLACK
6
CONTINUOUS
10
1.0787598425196849
20
0.7721062992125984
11
1.0907775590551181
21
0.7721062992125984
0
LINE
8
BLACK
6
CONTINUOUS
10
1.0907775590551181
20
0.7721062992125984
11
1.093079842519685
21
0.7725642519685039
0
LINE
8
BLACK
6
CONTINUOUS
10
1.093079842519685
20
0.7725642519685039
11
1.0930799606299213
21
0.7725642913385826
0
LINE
8
BLACK
6
CONTINUOUS
10
1.0930799606299213
20
0.7725642913385826
11
1.0935729527559055
21
0.7728937007874016
0
LINE
8
BLACK
6
CONTINUOUS
10
1.0935729527559055
20
0.7728937007874016
11
1.0956910236220472
21
0.7743089763779527
0
LINE
8
BLACK
6
CONTINUOUS
10
1.0956910236220472
20
0.7743089763779527
11
1.0974357086614173
21
0.7769200393700787
0
LINE
8
BLACK
6
CONTINUOUS
10
1.0974357086614173
20
0.7769200393700787
11
1.0978937007874014
21
0.7792225196850393
0
LINE
8
BLACK
6
CONTINUOUS
10
1.0978937007874014
20
0.7792225196850393
11
1.0978937007874014
21
0.8407774803149606
0
LINE
8
BLACK
6
CONTINUOUS
10
1.0978937007874014
20
0.8407774803149606
11
1.0974357086614173
21
0.8430799606299212
0
LINE
8
BLACK
6
CONTINUOUS
10
1.0974357086614173
20
0.8430799606299212
11
1.0956910236220472
21
0.8456910236220472
0
LINE
8
BLACK
6
CONTINUOUS
10
1.0956910236220472
20
0.8456910236220472
11
1.0930799606299213
21
0.8474357086614173
0
LINE
8
BLACK
6
CONTINUOUS
10
1.0930799606299213
20
0.8474357086614173
11
1.0907774803149606
21
0.8478937007874016
0
LINE
8
BLACK
6
CONTINUOUS
10
1.0907774803149606
20
0.8478937007874016
11
1.0907774409448818
21
0.8478937007874016
0
LINE
8
BLACK
6
CONTINUOUS
10
1.0907774409448818
20
0.8478937007874016
11
1.046259842519685
21
0.8478937007874016
0
LINE
8
BLACK
6
CONTINUOUS
10
1.046259842519685
20
0.8478937007874016
11
1.0435779133858267
21
0.8486811811023622
0
LINE
8
BLACK
6
CONTINUOUS
10
1.0435779133858267
20
0.8486811811023622
11
1.0417474803149607
21
0.8507936220472441
0
LINE
8
BLACK
6
CONTINUOUS
10
1.0417474803149607
20
0.8507936220472441
11
1.0412992125984253
21
0.8528543307086613
0
LINE
8
BLACK
6
CONTINUOUS
10
1.0412992125984253
20
0.8528543307086613
11
1.0412992125984253
21
1.0297294488188977
0
LINE
8
BLACK
6
CONTINUOUS
10
1.0412992125984253
20
1.0297294488188977
11
1.0416449999999999
21
1.0309072047244094
0
LINE
8
BLACK
6
CONTINUOUS
10
1.0416449999999999
20
1.0309072047244094
11
1.0419059842519685
21
1.032106811023622
0
LINE
8
BLACK
6
CONTINUOUS
10
1.0419059842519685
20
1.032106811023622
11
1.0420561417322833
21
1.0323074015748031
0
LINE
8
BLACK
6
CONTINUOUS
10
1.0420561417322833
20
1.0323074015748031
11
1.0420866929133858
21
1.0324113779527559
0
LINE
8
BLACK
6
CONTINUOUS
10
1.0420866929133858
20
1.0324113779527559
11
1.0427521653543308
21
1.0332371259842519
0
LINE
8
BLACK
6
CONTINUOUS
10
1.0427521653543308
20
1.0332371259842519
11
1.0427900393700786
21
1.0332749999999999
0
LINE
8
BLACK
6
CONTINUOUS
10
1.0427900393700786
20
1.0332749999999999
11
1.0452432677165353
21
1.0346146062992125
0
LINE
8
BLACK
6
CONTINUOUS
10
1.0452432677165353
20
1.0346146062992125
11
1.0472653149606299
21
1.0346326771653542
0
LINE
8
BLACK
6
CONTINUOUS
10
1.0472653149606299
20
1.0346326771653542
11
1.0474967716535433
21
1.0345866141732283
0
LINE
8
BLACK
6
CONTINUOUS
10
1.0474967716535433
20
1.0345866141732283
11
1.0474970078740158
21
1.0345866141732283
0
LINE
8
BLACK
6
CONTINUOUS
10
1.0474970078740158
20
1.0345866141732283
11
1.0525030708661418
21
1.0345866141732283
0
LINE
8
BLACK
6
CONTINUOUS
10
1.0525030708661418
20
1.0345866141732283
11
1.0549578740157479
21
1.0350749212598425
0
LINE
8
BLACK
6
CONTINUOUS
10
1.0549578740157479
20
1.0350749212598425
11
1.0574127952755905
21
1.0355632283464566
0
LINE
8
BLACK
6
CONTINUOUS
10
1.0574127952755905
20
1.0355632283464566
11
1.0620377559055119
21
1.0374789763779528
0
LINE
8
BLACK
6
CONTINUOUS
10
1.0620377559055119
20
1.0374789763779528
11
1.0662000787401575
21
1.040260157480315
0
LINE
8
BLACK
6
CONTINUOUS
10
1.0662000787401575
20
1.040260157480315
11
1.0697398425196851
21
1.0437999212598426
0
LINE
8
BLACK
6
CONTINUOUS
10
1.0697398425196851
20
1.0437999212598426
11
1.0725210236220473
21
1.0479622440944882
0
LINE
8
BLACK
6
CONTINUOUS
10
1.0725210236220473
20
1.0479622440944882
11
1.0744367716535432
21
1.0525872047244094
0
LINE
8
BLACK
6
CONTINUOUS
10
1.0744367716535432
20
1.0525872047244094
11
1.0750575196850394
21
1.0557079527559055
0
LINE
8
BLACK
6
CONTINUOUS
10
1.0750575196850394
20
1.0557079527559055
11
1.0756462204724409
21
1.0568333464566928
0
LINE
8
BLACK
6
CONTINUOUS
10
1.0756462204724409
20
1.0568333464566928
11
1.0761738582677165
21
1.0579886614173228
0
LINE
8
BLACK
6
CONTINUOUS
10
1.0761738582677165
20
1.0579886614173228
11
1.0762894094488189
21
1.0580629133858268
0
LINE
8
BLACK
6
CONTINUOUS
10
1.0762894094488189
20
1.0580629133858268
11
1.0763531102362205
21
1.0581846850393701
0
LINE
8
BLACK
6
CONTINUOUS
10
1.0763531102362205
20
1.0581846850393701
11
1.0774569291338583
21
1.0588132283464566
0
LINE
8
BLACK
6
CONTINUOUS
10
1.0774569291338583
20
1.0588132283464566
11
1.0785252755905512
21
1.0594998425196851
0
LINE
8
BLACK
6
CONTINUOUS
10
1.0785252755905512
20
1.0594998425196851
11
1.0787090157480315
21
1.0595262598425197
0
LINE
8
BLACK
6
CONTINUOUS
10
1.0787090157480315
20
1.0595262598425197
11
1.0787820472440945
21
1.0595678346456692
0
LINE
8
BLACK
6
CONTINUOUS
10
1.0787820472440945
20
1.0595678346456692
11
1.0799228346456693
21
1.0597007874015747
0
LINE
8
BLACK
6
CONTINUOUS
10
1.0799228346456693
20
1.0597007874015747
11
1.0896691732283463
21
1.0597007874015747
0
LINE
8
BLACK
6
CONTINUOUS
10
1.0896691732283463
20
1.0597007874015747
11
1.0923511023622048
21
1.0589133070866141
0
LINE
8
BLACK
6
CONTINUOUS
10
1.0923511023622048
20
1.0589133070866141
11
1.0941815354330708
21
1.0568008661417323
0
LINE
8
BLACK
6
CONTINUOUS
10
1.0941815354330708
20
1.0568008661417323
11
1.0945433070866142
21
1.0554585039370079
0
LINE
8
BLACK
6
CONTINUOUS
10
1.0945433070866142
20
1.0554585039370079
11
1.0945587401574803
21
1.0554615748031495
0
LINE
8
BLACK
6
CONTINUOUS
10
1.0945587401574803
20
1.0554615748031495
11
1.094604527559055
21
1.0552312598425198
0
LINE
8
BLACK
6
CONTINUOUS
10
1.094604527559055
20
1.0552312598425198
11
1.0946059448818897
21
1.0552261023622047
0
LINE
8
BLACK
6
CONTINUOUS
10
1.0946059448818897
20
1.0552261023622047
11
1.0946062992125984
21
1.0552224409448818
0
LINE
8
BLACK
6
CONTINUOUS
10
1.0946062992125984
20
1.0552224409448818
11
1.0950642519685039
21
1.0529201181102361
0
LINE
8
BLACK
6
CONTINUOUS
10
1.0950642519685039
20
1.0529201181102361
11
1.0950642913385826
21
1.0529200000000001
0
LINE
8
BLACK
6
CONTINUOUS
10
1.0950642913385826
20
1.0529200000000001
11
1.0968089763779527
21
1.0503089763779527
0
LINE
8
BLACK
6
CONTINUOUS
10
1.0968089763779527
20
1.0503089763779527
11
1.0994200000000001
21
1.0485642913385826
0
LINE
8
BLACK
6
CONTINUOUS
10
1.0994200000000001
20
1.0485642913385826
11
1.0994201181102361
21
1.0485642519685039
0
LINE
8
BLACK
6
CONTINUOUS
10
1.0994201181102361
20
1.0485642519685039
11
1.1017224015748031
21
1.0481062992125985
0
LINE
8
BLACK
6
CONTINUOUS
10
1.1017224015748031
20
1.0481062992125985
11
1.1017225196850393
21
1.0481062992125985
0
LINE
8
BLACK
6
CONTINUOUS
10
1.1017225196850393
20
1.0481062992125985
11
1.1073031496062993
21
1.0481062992125985
0
LINE
8
BLACK
6
CONTINUOUS
10
1.1073031496062993
20
1.0481062992125985
11
1.1099850787401575
21
1.0473188188976377
0
LINE
8
BLACK
6
CONTINUOUS
10
1.1099850787401575
20
1.0473188188976377
11
1.1118155118110236
21
1.0452063779527558
0
LINE
8
BLACK
6
CONTINUOUS
10
1.1118155118110236
20
1.0452063779527558
11
1.1122637795275589
21
1.0431456692913386
0
LINE
8
BLACK
6
CONTINUOUS
10
1.1122637795275589
20
1.0431456692913386
11
1.1122637795275589
21
1.0318543307086614
0
LINE
8
BLACK
6
CONTINUOUS
10
1.1122637795275589
20
1.0318543307086614
11
1.1114762992125984
21
1.0291724015748032
0
LINE
8
BLACK
6
CONTINUOUS
10
1.1114762992125984
20
1.0291724015748032
11
1.1093638582677166
21
1.0273419685039369
0
LINE
8
BLACK
6
CONTINUOUS
10
1.1093638582677166
20
1.0273419685039369
11
1.1073031496062993
21
1.0268937007874015
0
LINE
8
BLACK
6
CONTINUOUS
10
1.1073031496062993
20
1.0268937007874015
11
1.1017225196850393
21
1.0268937007874015
0
LINE
8
BLACK
6
CONTINUOUS
10
1.1017225196850393
20
1.0268937007874015
11
1.0994200393700788
21
1.0264357086614173
0
LINE
8
BLACK
6
CONTINUOUS
10
1.0994200393700788
20
1.0264357086614173
11
1.0968089763779527
21
1.0246910236220472
0
LINE
8
BLACK
6
CONTINUOUS
10
1.0968089763779527
20
1.0246910236220472
11
1.0956538188976377
21
1.0229622440944881
0
LINE
8
BLACK
6
CONTINUOUS
10
1.0956538188976377
20
1.0229622440944881
11
1.0950642913385826
21
1.0220799606299213
0
LINE
8
BLACK
6
CONTINUOUS
10
1.0950642913385826
20
1.0220799606299213
11
1.0950642519685039
21
1.0220798425196851
0
LINE
8
BLACK
6
CONTINUOUS
10
1.0950642519685039
20
1.0220798425196851
11
1.0946062992125984
21
1.0197775590551181
0
LINE
8
BLACK
6
CONTINUOUS
10
1.0946062992125984
20
1.0197775590551181
11
1.0946062992125984
21
0.9832224015748031
0
LINE
8
BLACK
6
CONTINUOUS
10
1.0946062992125984
20
0.9832224015748031
11
1.0950642519685039
21
0.9809201181102362
0
LINE
8
BLACK
6
CONTINUOUS
10
1.0950642519685039
20
0.9809201181102362
11
1.0950642913385826
21
0.98092
0
LINE
8
BLACK
6
CONTINUOUS
10
1.0950642913385826
20
0.98092
11
1.0968089763779527
21
0.9783089763779528
0
LINE
8
BLACK
6
CONTINUOUS
10
1.0968089763779527
20
0.9783089763779528
11
1.0994200000000001
21
0.9765642913385827
0
LINE
8
BLACK
6
CONTINUOUS
10
1.0994200000000001
20
0.9765642913385827
11
1.0994201181102361
21
0.9765642519685039
0
LINE
8
BLACK
6
CONTINUOUS
10
1.0994201181102361
20
0.9765642519685039
11
1.1017224015748031
21
0.9761062992125984
0
LINE
8
BLACK
6
CONTINUOUS
10
1.1017224015748031
20
0.9761062992125984
11
1.1017225196850393
21
0.9761062992125984
0
LINE
8
BLACK
6
CONTINUOUS
10
1.1017225196850393
20
0.9761062992125984
11
1.158277559055118
21
0.9761062992125984
0
LINE
8
BLACK
6
CONTINUOUS
10
1.158277559055118
20
0.9761062992125984
11
1.1605798425196849
21
0.9765642519685039
0
LINE
8
BLACK
6
CONTINUOUS
10
1.1605798425196849
20
0.9765642519685039
11
1.1605799606299212
21
0.9765642913385827
0
LINE
8
BLACK
6
CONTINUOUS
10
1.1605799606299212
20
0.9765642913385827
11
1.1607723228346456
21
0.9766928346456693
0
LINE
8
BLACK
6
CONTINUOUS
10
1.1607723228346456
20
0.9766928346456693
11
1.1631910236220473
21
0.9783089763779528
0
LINE
8
BLACK
6
CONTINUOUS
10
1.1631910236220473
20
0.9783089763779528
11
1.1649357086614174
21
0.9809200393700788
0
LINE
8
BLACK
6
CONTINUOUS
10
1.1649357086614174
20
0.9809200393700788
11
1.1653937007874016
21
0.9832225196850394
0
LINE
8
BLACK
6
CONTINUOUS
10
1.1653937007874016
20
0.9832225196850394
11
1.1653937007874016
21
1.0157775590551181
0
LINE
8
BLACK
6
CONTINUOUS
10
1.1653937007874016
20
1.0157775590551181
11
1.1653937007874016
21
1.0197774803149606
0
LINE
8
BLACK
6
CONTINUOUS
10
1.1653937007874016
20
1.0197774803149606
11
1.1649357086614174
21
1.0220799606299213
0
LINE
8
BLACK
6
CONTINUOUS
10
1.1649357086614174
20
1.0220799606299213
11
1.1631910236220473
21
1.0246910236220472
0
LINE
8
BLACK
6
CONTINUOUS
10
1.1631910236220473
20
1.0246910236220472
11
1.1605799606299212
21
1.0264357086614173
0
LINE
8
BLACK
6
CONTINUOUS
10
1.1605799606299212
20
1.0264357086614173
11
1.1582774803149607
21
1.0268937007874015
0
LINE
8
BLACK
6
CONTINUOUS
10
1.1582774803149607
20
1.0268937007874015
11
1.1582774409448819
21
1.0268937007874015
0
LINE
8
BLACK
6
CONTINUOUS
10
1.1582774409448819
20
1.0268937007874015
11
1.1526968503937007
21
1.0268937007874015
0
LINE
8
BLACK
6
CONTINUOUS
10
1.1526968503937007
20
1.0268937007874015
11
1.1500149212598425
21
1.0276811811023623
0
LINE
8
BLACK
6
CONTINUOUS
10
1.1500149212598425
20
1.0276811811023623
11
1.1481844881889764
21
1.0297936220472441
0
LINE
8
BLACK
6
CONTINUOUS
10
1.1481844881889764
20
1.0297936220472441
11
1.1477362204724408
21
1.0318543307086614
0
LINE
8
BLACK
6
CONTINUOUS
10
1.1477362204724408
20
1.0318543307086614
11
1.1477362204724408
21
1.0431456692913386
0
LINE
8
BLACK
6
CONTINUOUS
10
1.1477362204724408
20
1.0431456692913386
11
1.1485237007874016
21
1.0458275984251968
0
LINE
8
BLACK
6
CONTINUOUS
10
1.1485237007874016
20
1.0458275984251968
11
1.1506361417322835
21
1.0476580314960631
0
LINE
8
BLACK
6
CONTINUOUS
10
1.1506361417322835
20
1.0476580314960631
11
1.1526968503937007
21
1.0481062992125985
0
LINE
8
BLACK
6
CONTINUOUS
10
1.1526968503937007
20
1.0481062992125985
11
1.158277559055118
21
1.0481062992125985
0
LINE
8
BLACK
6
CONTINUOUS
10
1.158277559055118
20
1.0481062992125985
11
1.1605798425196849
21
1.0485642519685039
0
LINE
8
BLACK
6
CONTINUOUS
10
1.1605798425196849
20
1.0485642519685039
11
1.1605799606299212
21
1.0485642913385826
0
LINE
8
BLACK
6
CONTINUOUS
10
1.1605799606299212
20
1.0485642913385826
11
1.1615129527559054
21
1.0491877165354331
0
LINE
8
BLACK
6
CONTINUOUS
10
1.1615129527559054
20
1.0491877165354331
11
1.1631910236220473
21
1.0503089763779527
0
LINE
8
BLACK
6
CONTINUOUS
10
1.1631910236220473
20
1.0503089763779527
11
1.1649357086614174
21
1.0529200393700786
0
LINE
8
BLACK
6
CONTINUOUS
10
1.1649357086614174
20
1.0529200393700786
11
1.1653937007874016
21
1.0552225196850393
0
LINE
8
BLACK
6
CONTINUOUS
10
1.1653937007874016
20
1.0552225196850393
11
1.1653937007874016
21
1.0917774803149607
0
LINE
8
BLACK
6
CONTINUOUS
10
1.1653937007874016
20
1.0917774803149607
11
1.1649357086614174
21
1.0940799606299212
0
LINE
8
BLACK
6
CONTINUOUS
10
1.1649357086614174
20
1.0940799606299212
11
1.1631910236220473
21
1.0966910236220473
0
LINE
8
BLACK
6
CONTINUOUS
10
1.1631910236220473
20
1.0966910236220473
11
1.1605799606299212
21
1.0984357086614174
0
LINE
8
BLACK
6
CONTINUOUS
10
1.1605799606299212
20
1.0984357086614174
11
1.1582774803149607
21
1.0988937007874016
0
LINE
8
BLACK
6
CONTINUOUS
10
1.1582774803149607
20
1.0988937007874016
11
1.1018847244094487
21
1.0988937007874016
0
LINE
8
BLACK
6
CONTINUOUS
10
1.1018847244094487
20
1.0988937007874016
11
1.0992027952755905
21
1.0996811811023621
0
LINE
8
BLACK
6
CONTINUOUS
10
1.0992027952755905
20
1.0996811811023621
11
1.0973723622047244
21
1.101793622047244
0
LINE
8
BLACK
6
CONTINUOUS
10
1.0973723622047244
20
1.101793622047244
11
1.0969745669291338
21
1.1045603149606298
0
LINE
8
BLACK
6
CONTINUOUS
10
1.0969745669291338
20
1.1045603149606298
11
1.0981357480314959
21
1.1071028346456693
0
LINE
8
BLACK
6
CONTINUOUS
10
1.0981357480314959
20
1.1071028346456693
11
1.0983770472440946
21
1.1073620078740156
0
LINE
8
BLACK
6
CONTINUOUS
10
1.0983770472440946
20
1.1073620078740156
11
1.1126683858267716
21
1.1216533464566929
0
LINE
8
BLACK
6
CONTINUOUS
10
1.1126683858267716
20
1.1216533464566929
11
1.1151216141732283
21
1.1229929527559055
0
LINE
8
BLACK
6
CONTINUOUS
10
1.1151216141732283
20
1.1229929527559055
11
1.116176062992126
21
1.1231062992125984
0
LINE
8
BLACK
6
CONTINUOUS
10
1.116176062992126
20
1.1231062992125984
11
1.158277559055118
21
1.1231062992125984
0
LINE
8
BLACK
6
CONTINUOUS
10
1.158277559055118
20
1.1231062992125984
11
1.1605798425196849
21
1.1235642519685038
0
LINE
8
BLACK
6
CONTINUOUS
10
1.1605798425196849
20
1.1235642519685038
11
1.1605799606299212
21
1.1235642913385826
0
LINE
8
BLACK
6
CONTINUOUS
10
1.1605799606299212
20
1.1235642913385826
11
1.1623512204724409
21
1.1247478346456692
0
LINE
8
BLACK
6
CONTINUOUS
10
1.1623512204724409
20
1.1247478346456692
11
1.1631910236220473
21
1.1253089763779527
0
LINE
8
BLACK
6
CONTINUOUS
10
1.1631910236220473
20
1.1253089763779527
11
1.1649357086614174
21
1.1279200393700788
0
LINE
8
BLACK
6
CONTINUOUS
10
1.1649357086614174
20
1.1279200393700788
11
1.1653937007874016
21
1.1302225196850393
0
LINE
8
BLACK
6
CONTINUOUS
10
1.1653937007874016
20
1.1302225196850393
11
1.1653937007874016
21
1.1667774803149606
0
LINE
8
BLACK
6
CONTINUOUS
10
1.1653937007874016
20
1.1667774803149606
11
1.1649357086614174
21
1.1690799606299211
0
LINE
8
BLACK
6
CONTINUOUS
10
1.1649357086614174
20
1.1690799606299211
11
1.1631910236220473
21
1.1716910236220472
0
LINE
8
BLACK
6
CONTINUOUS
10
1.1631910236220473
20
1.1716910236220472
11
1.1605799606299212
21
1.1734357086614173
0
LINE
8
BLACK
6
CONTINUOUS
10
1.1605799606299212
20
1.1734357086614173
11
1.1595796456692913
21
1.17363468503937
0
LINE
8
BLACK
6
CONTINUOUS
10
1.1595796456692913
20
1.17363468503937
11
1.1571029133858268
21
1.1749302755905511
0
LINE
8
BLACK
6
CONTINUOUS
10
1.1571029133858268
20
1.1749302755905511
11
1.1557197637795276
21
1.1773592125984251
0
LINE
8
BLACK
6
CONTINUOUS
10
1.1557197637795276
20
1.1773592125984251
11
1.1558693700787401
21
1.1801503543307086
0
LINE
8
BLACK
6
CONTINUOUS
10
1.1558693700787401
20
1.1801503543307086
11
1.1575042519685039
21
1.1824175196850393
0
LINE
8
BLACK
6
CONTINUOUS
10
1.1575042519685039
20
1.1824175196850393
11
1.1595796456692913
21
1.1833653149606298
0
LINE
8
BLACK
6
CONTINUOUS
10
1.1595796456692913
20
1.1833653149606298
11
1.1605798425196849
21
1.1835642519685039
0
LINE
8
BLACK
6
CONTINUOUS
10
1.1605798425196849
20
1.1835642519685039
11
1.1605799606299212
21
1.1835642913385827
0
LINE
8
BLACK
6
CONTINUOUS
10
1.1605799606299212
20
1.1835642913385827
11
1.1616661023622048
21
1.1842900393700788
0
LINE
8
BLACK
6
CONTINUOUS
10
1.1616661023622048
20
1.1842900393700788
11
1.1631910236220473
21
1.1853089763779527
0
LINE
8
BLACK
6
CONTINUOUS
10
1.1631910236220473
20
1.1853089763779527
11
1.1649357086614174
21
1.1879200393700786
0
LINE
8
BLACK
6
CONTINUOUS
10
1.1649357086614174
20
1.1879200393700786
11
1.1653937007874016
21
1.1902225196850393
0
LINE
8
BLACK
6
CONTINUOUS
10
1.1653937007874016
20
1.1902225196850393
11
1.1653937007874016
21
1.2267774803149607
0
LINE
8
BLACK
6
CONTINUOUS
10
1.1653937007874016
20
1.2267774803149607
11
1.1649357086614174
21
1.2290799606299212
0
LINE
8
BLACK
6
CONTINUOUS
10
1.1649357086614174
20
1.2290799606299212
11
1.1631910236220473
21
1.2316910236220473
0
LINE
8
BLACK
6
CONTINUOUS
10
1.1631910236220473
20
1.2316910236220473
11
1.1605799606299212
21
1.2334357086614174
0
LINE
8
BLACK
6
CONTINUOUS
10
1.1605799606299212
20
1.2334357086614174
11
1.1582774803149607
21
1.2338937007874016
0
LINE
8
BLACK
6
CONTINUOUS
10
1.1582774803149607
20
1.2338937007874016
11
1.1017225196850393
21
1.2338937007874016
0
LINE
8
BLACK
6
CONTINUOUS
10
1.1017225196850393
20
1.2338937007874016
11
1.0994200393700788
21
1.2334357086614174
0
LINE
8
BLACK
6
CONTINUOUS
10
1.0994200393700788
20
1.2334357086614174
11
1.0968089763779527
21
1.2316910236220473
0
LINE
8
BLACK
6
CONTINUOUS
10
1.0968089763779527
20
1.2316910236220473
11
1.0952405118110236
21
1.2293437007874015
0
LINE
8
BLACK
6
CONTINUOUS
10
1.0952405118110236
20
1.2293437007874015
11
1.0950642913385826
21
1.2290799606299212
0
LINE
8
BLACK
6
CONTINUOUS
10
1.0950642913385826
20
1.2290799606299212
11
1.0950642519685039
21
1.2290798425196849
0
LINE
8
BLACK
6
CONTINUOUS
10
1.0950642519685039
20
1.2290798425196849
11
1.0946062992125984
21
1.226777559055118
0
LINE
8
BLACK
6
CONTINUOUS
10
1.0946062992125984
20
1.226777559055118
11
1.0946062992125984
21
1.1902224015748031
0
LINE
8
BLACK
6
CONTINUOUS
10
1.0946062992125984
20
1.1902224015748031
11
1.0950642519685039
21
1.1879201181102361
0
LINE
8
BLACK
6
CONTINUOUS
10
1.0950642519685039
20
1.1879201181102361
11
1.0950642913385826
21
1.1879199999999999
0
LINE
8
BLACK
6
CONTINUOUS
10
1.0950642913385826
20
1.1879199999999999
11
1.0968089763779527
21
1.1853089763779527
0
LINE
8
BLACK
6
CONTINUOUS
10
1.0968089763779527
20
1.1853089763779527
11
1.0994200000000001
21
1.1835642913385827
0
LINE
8
BLACK
6
CONTINUOUS
10
1.0994200000000001
20
1.1835642913385827
11
1.0994201181102361
21
1.1835642519685039
0
LINE
8
BLACK
6
CONTINUOUS
10
1.0994201181102361
20
1.1835642519685039
11
1.10042031496063
21
1.1833653149606298
0
LINE
8
BLACK
6
CONTINUOUS
10
1.10042031496063
20
1.1833653149606298
11
1.1028970866141732
21
1.1820697244094487
0
LINE
8
BLACK
6
CONTINUOUS
10
1.1028970866141732
20
1.1820697244094487
11
1.1042801968503937
21
1.1796407874015749
0
LINE
8
BLACK
6
CONTINUOUS
10
1.1042801968503937
20
1.1796407874015749
11
1.1041305905511811
21
1.1768496456692914
0
LINE
8
BLACK
6
CONTINUOUS
10
1.1041305905511811
20
1.1768496456692914
11
1.1024957086614173
21
1.1745824803149607
0
LINE
8
BLACK
6
CONTINUOUS
10
1.1024957086614173
20
1.1745824803149607
11
1.10042031496063
21
1.17363468503937
0
LINE
8
BLACK
6
CONTINUOUS
10
1.10042031496063
20
1.17363468503937
11
1.1000538976377952
21
1.1735617716535434
0
LINE
8
BLACK
6
CONTINUOUS
10
1.1000538976377952
20
1.1735617716535434
11
1.0994200393700788
21
1.1734357086614173
0
LINE
8
BLACK
6
CONTINUOUS
10
1.0994200393700788
20
1.1734357086614173
11
1.0968089763779527
21
1.1716910236220472
0
LINE
8
BLACK
6
CONTINUOUS
10
1.0968089763779527
20
1.1716910236220472
11
1.0963753937007874
21
1.1710421259842518
0
LINE
8
BLACK
6
CONTINUOUS
10
1.0963753937007874
20
1.1710421259842518
11
1.0950642913385826
21
1.1690799606299211
0
LINE
8
BLACK
6
CONTINUOUS
10
1.0950642913385826
20
1.1690799606299211
11
1.0950642519685039
21
1.1690798425196851
0
LINE
8
BLACK
6
CONTINUOUS
10
1.0950642519685039
20
1.1690798425196851
11
1.0946062992125984
21
1.1667775590551182
0
LINE
8
BLACK
6
CONTINUOUS
10
1.0946062992125984
20
1.1667775590551182
11
1.0946062992125984
21
1.144676062992126
0
LINE
8
BLACK
6
CONTINUOUS
10
1.0946062992125984
20
1.144676062992126
11
1.0938188188976379
21
1.1419941338582678
0
LINE
8
BLACK
6
CONTINUOUS
10
1.0938188188976379
20
1.1419941338582678
11
1.0931533464566929
21
1.1411683858267716
0
LINE
8
BLACK
6
CONTINUOUS
10
1.0931533464566929
20
1.1411683858267716
11
1.0633642125984251
21
1.111379251968504
0
LINE
8
BLACK
6
CONTINUOUS
10
1.0633642125984251
20
1.111379251968504
11
1.0609109842519684
21
1.1100396456692914
0
LINE
8
BLACK
6
CONTINUOUS
10
1.0609109842519684
20
1.1100396456692914
11
1.0598565354330709
21
1.1099262992125984
0
LINE
8
BLACK
6
CONTINUOUS
10
1.0598565354330709
20
1.1099262992125984
11
1.0380683858267716
21
1.1099262992125984
0
LINE
8
BLACK
6
CONTINUOUS
10
1.0380683858267716
20
1.1099262992125984
11
1.0353864566929134
21
1.110713779527559
0
LINE
8
BLACK
6
CONTINUOUS
10
1.0353864566929134
20
1.110713779527559
11
1.0345607086614172
21
1.1113792125984252
0
LINE
8
BLACK
6
CONTINUOUS
10
1.0345607086614172
20
1.1113792125984252
11
1.0338370866141733
21
1.1121028346456692
0
LINE
8
BLACK
6
CONTINUOUS
10
1.0338370866141733
20
1.1121028346456692
11
1.0310279133858267
21
1.1149120078740158
0
LINE
8
BLACK
6
CONTINUOUS
10
1.0310279133858267
20
1.1149120078740158
11
1.026865590551181
21
1.1176931889763779
0
LINE
8
BLACK
6
CONTINUOUS
10
1.026865590551181
20
1.1176931889763779
11
1.0222406299212599
21
1.1196089370078739
0
LINE
8
BLACK
6
CONTINUOUS
10
1.0222406299212599
20
1.1196089370078739
11
1.0173308267716534
21
1.1205855511811023
0
LINE
8
BLACK
6
CONTINUOUS
10
1.0173308267716534
20
1.1205855511811023
11
1.0123248425196849
21
1.1205855511811023
0
LINE
8
BLACK
6
CONTINUOUS
10
1.0123248425196849
20
1.1205855511811023
11
1.0074150393700787
21
1.1196089370078739
0
LINE
8
BLACK
6
CONTINUOUS
10
1.0074150393700787
20
1.1196089370078739
11
1.0027900787401574
21
1.1176931889763779
0
LINE
8
BLACK
6
CONTINUOUS
10
1.0027900787401574
20
1.1176931889763779
11
0.9986277559055118
21
1.1149120078740158
0
LINE
8
BLACK
6
CONTINUOUS
10
0.9986277559055118
20
1.1149120078740158
11
0.9950879921259842
21
1.1113722440944882
0
LINE
8
BLACK
6
CONTINUOUS
10
0.9950879921259842
20
1.1113722440944882
11
0.9923068110236221
21
1.1072099212598425
0
LINE
8
BLACK
6
CONTINUOUS
10
0.9923068110236221
20
1.1072099212598425
11
0.990391062992126
21
1.1025849606299212
0
LINE
8
BLACK
6
CONTINUOUS
10
0.990391062992126
20
1.1025849606299212
11
0.9901173622047243
21
1.1012089370078739
0
LINE
8
BLACK
6
CONTINUOUS
10
0.9901173622047243
20
1.1012089370078739
11
0.9894144488188976
21
1.0976752362204725
0
LINE
8
BLACK
6
CONTINUOUS
10
0.9894144488188976
20
1.0976752362204725
11
0.9894144488188976
21
1.0926689370078739
0
LINE
8
BLACK
6
CONTINUOUS
10
0.9894144488188976
20
1.0926689370078739
11
0.9894605118110236
21
1.0924374803149606
0
LINE
8
BLACK
6
CONTINUOUS
10
0.9894605118110236
20
1.0924374803149606
11
0.9893392519685039
21
1.0910831889763779
0
LINE
8
BLACK
6
CONTINUOUS
10
0.9893392519685039
20
1.0910831889763779
11
0.9892399606299213
21
1.0897281889763779
0
LINE
8
BLACK
6
CONTINUOUS
10
0.9892399606299213
20
1.0897281889763779
11
0.9892143700787401
21
1.0896884645669291
0
LINE
8
BLACK
6
CONTINUOUS
10
0.9892143700787401
20
1.0896884645669291
11
0.9892112598425197
21
1.0896535039370079
0
LINE
8
BLACK
6
CONTINUOUS
10
0.9892112598425197
20
1.0896535039370079
11
0.9885611417322835
21
1.0884901181102362
0
LINE
8
BLACK
6
CONTINUOUS
10
0.9885611417322835
20
1.0884901181102362
11
0.9883508267716535
21
1.0882101968503937
0
LINE
8
BLACK
6
CONTINUOUS
10
0.9883508267716535
20
1.0882101968503937
11
0.9862660629921259
21
1.0861254330708661
0
LINE
8
BLACK
6
CONTINUOUS
10
0.9862660629921259
20
1.0861254330708661
11
0.9846957480314961
21
1.0834055511811023
0
LINE
8
BLACK
6
CONTINUOUS
10
0.9846957480314961
20
1.0834055511811023
11
0.9845457480314961
21
1.0831457874015749
0
LINE
8
BLACK
6
CONTINUOUS
10
0.9845457480314961
20
1.0831457874015749
11
0.9845455905511811
21
1.0831455511811023
0
LINE
8
BLACK
6
CONTINUOUS
10
0.9845455905511811
20
1.0831455511811023
11
0.9844494488188976
21
1.0829790157480315
0
LINE
8
BLACK
6
CONTINUOUS
10
0.9844494488188976
20
1.0829790157480315
11
0.9844493700787401
21
1.0829788188976377
0
LINE
8
BLACK
6
CONTINUOUS
10
0.9844493700787401
20
1.0829788188976377
11
0.9835089763779528
21
1.0794692125984251
0
LINE
8
BLACK
6
CONTINUOUS
10
0.9835089763779528
20
1.0794692125984251
11
0.9835089763779528
21
1.0794691338582676
0
LINE
8
BLACK
6
CONTINUOUS
10
0.9835089763779528
20
1.0794691338582676
11
0.9835089763779528
21
1.0158750393700786
0
LINE
8
BLACK
6
CONTINUOUS
10
0.9835089763779528
20
1.0158750393700786
11
0.9841764960629921
21
1.0133839763779526
0
LINE
8
BLACK
6
CONTINUOUS
10
0.9841764960629921
20
1.0133839763779526
11
0.9841765748031496
21
1.0133837401574803
0
LINE
8
BLACK
6
CONTINUOUS
10
0.9841765748031496
20
1.0133837401574803
11
0.9844493307086614
21
1.0123655511811023
0
LINE
8
BLACK
6
CONTINUOUS
10
0.9844493307086614
20
1.0123655511811023
11
0.9844494094488189
21
1.0123653543307087
0
LINE
8
BLACK
6
CONTINUOUS
10
0.9844494094488189
20
1.0123653543307087
11
0.9862659448818898
21
1.0092190157480314
0
LINE
8
BLACK
6
CONTINUOUS
10
0.9862659448818898
20
1.0092190157480314
11
0.9862662598425197
21
1.0092186220472441
0
LINE
8
BLACK
6
CONTINUOUS
10
0.9862662598425197
20
1.0092186220472441
11
0.9897478346456693
21
1.0057370866141733
0
LINE
8
BLACK
6
CONTINUOUS
10
0.9897478346456693
20
1.0057370866141733
11
0.9910874409448819
21
1.0032838582677166
0
LINE
8
BLACK
6
CONTINUOUS
10
0.9910874409448819
20
1.0032838582677166
11
0.9912007874015748
21
1.0022294094488189
0
LINE
8
BLACK
6
CONTINUOUS
10
0.9912007874015748
20
1.0022294094488189
11
0.9912007874015748
21
0.9077705511811024
0
LINE
8
BLACK
6
CONTINUOUS
10
0.9912007874015748
20
0.9077705511811024
11
0.9904133070866141
21
0.9050886220472441
0
LINE
8
BLACK
6
CONTINUOUS
10
0.9904133070866141
20
0.9050886220472441
11
0.9897478346456693
21
0.904262874015748
0
LINE
8
BLACK
6
CONTINUOUS
10
0.9897478346456693
20
0.904262874015748
11
0.9489577559055118
21
0.8634727952755905
0
LINE
8
BLACK
6
CONTINUOUS
10
0.9489577559055118
20
0.8634727952755905
11
0.9485846456692913
21
0.8628264566929134
0
LINE
8
BLACK
6
CONTINUOUS
10
0.9485846456692913
20
0.8628264566929134
11
0.9485845669291338
21
0.8628262992125985
0
LINE
8
BLACK
6
CONTINUOUS
10
0.9485845669291338
20
0.8628262992125985
11
0.9484473622047244
21
0.8625886220472441
0
LINE
8
BLACK
6
CONTINUOUS
10
0.9484473622047244
20
0.8625886220472441
11
0.9471411811023622
21
0.8603262992125984
0
LINE
8
BLACK
6
CONTINUOUS
10
0.9471411811023622
20
0.8603262992125984
11
0.9462007874015748
21
0.8568166929133858
0
LINE
8
BLACK
6
CONTINUOUS
10
0.9462007874015748
20
0.8568166929133858
11
0.9462007874015748
21
0.8568166141732283
0
LINE
8
BLACK
6
CONTINUOUS
10
0.9462007874015748
20
0.8568166141732283
11
0.9462007874015748
21
0.8528543307086613
0
LINE
8
BLACK
6
CONTINUOUS
10
0.9462007874015748
20
0.8528543307086613
11
0.9454133070866142
21
0.8501724015748031
0
LINE
8
BLACK
6
CONTINUOUS
10
0.9454133070866142
20
0.8501724015748031
11
0.9433008661417323
21
0.8483419685039369
0
LINE
8
BLACK
6
CONTINUOUS
10
0.9433008661417323
20
0.8483419685039369
11
0.941240157480315
21
0.8478937007874016
0
LINE
8
BLACK
6
CONTINUOUS
10
0.941240157480315
20
0.8478937007874016
11
0.9292225196850393
21
0.8478937007874016
0
LINE
8
BLACK
6
CONTINUOUS
10
0.9292225196850393
20
0.8478937007874016
11
0.9269200393700787
21
0.8474357086614173
0
LINE
8
BLACK
6
CONTINUOUS
10
0.9269200393700787
20
0.8474357086614173
11
0.9243089763779527
21
0.8456910236220472
0
LINE
8
BLACK
6
CONTINUOUS
10
0.9243089763779527
20
0.8456910236220472
11
0.9234224409448819
21
0.844364251968504
0
LINE
8
BLACK
6
CONTINUOUS
10
0.9234224409448819
20
0.844364251968504
11
0.9225642913385826
21
0.8430799606299212
0
LINE
8
BLACK
6
CONTINUOUS
10
0.9225642913385826
20
0.8430799606299212
11
0.9225642519685039
21
0.843079842519685
0
LINE
8
BLACK
6
CONTINUOUS
10
0.9225642519685039
20
0.843079842519685
11
0.9221062992125985
21
0.8407775590551181
0
LINE
8
BLACK
6
CONTINUOUS
10
0.9221062992125985
20
0.8407775590551181
11
0.9221062992125985
21
0.7792224015748032
0
LINE
8
BLACK
6
CONTINUOUS
10
0.9221062992125985
20
0.7792224015748032
11
0.9225642519685039
21
0.7769201181102362
0
LINE
8
BLACK
6
CONTINUOUS
10
0.9225642519685039
20
0.7769201181102362
11
0.9225642913385826
21
0.7769199999999999
0
LINE
8
BLACK
6
CONTINUOUS
10
0.9225642913385826
20
0.7769199999999999
11
0.9243089763779527
21
0.7743089763779527
0
LINE
8
BLACK
6
CONTINUOUS
10
0.9243089763779527
20
0.7743089763779527
11
0.92692
21
0.7725642913385826
0
LINE
8
BLACK
6
CONTINUOUS
10
0.92692
20
0.7725642913385826
11
0.9269201181102362
21
0.7725642519685039
0
LINE
8
BLACK
6
CONTINUOUS
10
0.9269201181102362
20
0.7725642519685039
11
0.9292224015748032
21
0.7721062992125984
0
LINE
8
BLACK
6
CONTINUOUS
10
0.9292224015748032
20
0.7721062992125984
11
0.9292225196850393
21
0.7721062992125984
0
LINE
8
BLACK
6
CONTINUOUS
10
0.9292225196850393
20
0.7721062992125984
11
0.941240157480315
21
0.7721062992125984
0
LINE
8
BLACK
6
CONTINUOUS
10
0.941240157480315
20
0.7721062992125984
11
0.9439220866141732
21
0.7713188188976378
0
LINE
8
BLACK
6
CONTINUOUS
10
0.9439220866141732
20
0.7713188188976378
11
0.9457525196850394
21
0.7692063779527559
0
LINE
8
BLACK
6
CONTINUOUS
10
0.9457525196850394
20
0.7692063779527559
11
0.9462007874015748
21
0.7671456692913385
0
LINE
8
BLACK
6
CONTINUOUS
10
0.9462007874015748
20
0.7671456692913385
11
0.9462007874015748
21
0.7528543307086614
0
LINE
8
BLACK
6
CONTINUOUS
10
0.9462007874015748
20
0.7528543307086614
11
0.9454133070866142
21
0.7501724015748031
0
LINE
8
BLACK
6
CONTINUOUS
10
0.9454133070866142
20
0.7501724015748031
11
0.9433008661417323
21
0.748341968503937
0
LINE
8
BLACK
6
CONTINUOUS
10
0.9433008661417323
20
0.748341968503937
11
0.941240157480315
21
0.7478937007874016
0
LINE
8
BLACK
6
CONTINUOUS
10
0.941240157480315
20
0.7478937007874016
11
0.9292225196850393
21
0.7478937007874016
0
LINE
8
BLACK
6
CONTINUOUS
10
0.9292225196850393
20
0.7478937007874016
11
0.9269200393700787
21
0.7474357086614173
0
LINE
8
BLACK
6
CONTINUOUS
10
0.9269200393700787
20
0.7474357086614173
11
0.9243089763779527
21
0.7456910236220472
0
LINE
8
BLACK
6
CONTINUOUS
10
0.9243089763779527
20
0.7456910236220472
11
0.9225642913385826
21
0.7430799606299212
0
LINE
8
BLACK
6
CONTINUOUS
10
0.9225642913385826
20
0.7430799606299212
11
0.9225642519685039
21
0.7430798425196851
0
LINE
8
BLACK
6
CONTINUOUS
10
0.9225642519685039
20
0.7430798425196851
11
0.9221062992125985
21
0.7407775590551181
0
LINE
8
BLACK
6
CONTINUOUS
10
0.9221062992125985
20
0.7407775590551181
11
0.9221062992125985
21
0.6792224015748032
0
LINE
8
BLACK
6
CONTINUOUS
10
0.9221062992125985
20
0.6792224015748032
11
0.9225642519685039
21
0.6769201181102362
0
LINE
8
BLACK
6
CONTINUOUS
10
0.9225642519685039
20
0.6769201181102362
11
0.9225642913385826
21
0.67692
0
LINE
8
BLACK
6
CONTINUOUS
10
0.9225642913385826
20
0.67692
11
0.9243089763779527
21
0.6743089763779527
0
LINE
8
BLACK
6
CONTINUOUS
10
0.9243089763779527
20
0.6743089763779527
11
0.92692
21
0.6725642913385826
0
LINE
8
BLACK
6
CONTINUOUS
10
0.92692
20
0.6725642913385826
11
0.9269201181102362
21
0.6725642519685039
0
LINE
8
BLACK
6
CONTINUOUS
10
0.9269201181102362
20
0.6725642519685039
11
0.9292224015748032
21
0.6721062992125985
0
LINE
8
BLACK
6
CONTINUOUS
10
0.9292224015748032
20
0.6721062992125985
11
0.9292225196850393
21
0.6721062992125985
0
LINE
8
BLACK
6
CONTINUOUS
10
0.9292225196850393
20
0.6721062992125985
11
0.935303937007874
21
0.6721062992125985
0
LINE
8
BLACK
6
CONTINUOUS
10
0.935303937007874
20
0.6721062992125985
11
0.9379858661417323
21
0.6713188188976378
0
LINE
8
BLACK
6
CONTINUOUS
10
0.9379858661417323
20
0.6713188188976378
11
0.9398162992125983
21
0.6692063779527558
0
LINE
8
BLACK
6
CONTINUOUS
10
0.9398162992125983
20
0.6692063779527558
11
0.9402140944881889
21
0.66643968503937
0
LINE
8
BLACK
6
CONTINUOUS
10
0.9402140944881889
20
0.66643968503937
11
0.9390529133858267
21
0.6638971653543307
0
LINE
8
BLACK
6
CONTINUOUS
10
0.9390529133858267
20
0.6638971653543307
11
0.9388121259842519
21
0.6636385039370079
0
LINE
8
BLACK
6
CONTINUOUS
10
0.9388121259842519
20
0.6636385039370079
11
0.9221224803149606
21
0.6469488582677165
0
LINE
8
BLACK
6
CONTINUOUS
10
0.9221224803149606
20
0.6469488582677165
11
0.9070682283464566
21
0.6318946062992126
0
LINE
8
BLACK
6
CONTINUOUS
10
0.9070682283464566
20
0.6318946062992126
11
0.907068031496063
21
0.6318943700787402
0
LINE
8
BLACK
6
CONTINUOUS
10
0.907068031496063
20
0.6318943700787402
11
0.9064748818897638
21
0.630866968503937
0
LINE
8
BLACK
6
CONTINUOUS
10
0.9064748818897638
20
0.630866968503937
11
0.9061585433070866
21
0.6303859055118111
0
LINE
8
BLACK
6
CONTINUOUS
10
0.9061585433070866
20
0.6303859055118111
11
0.9059424803149606
21
0.6300955511811024
0
LINE
8
BLACK
6
CONTINUOUS
10
0.9059424803149606
20
0.6300955511811024
11
0.9039188188976378
21
0.6280718897637795
0
LINE
8
BLACK
6
CONTINUOUS
10
0.9039188188976378
20
0.6280718897637795
11
0.9022702755905512
21
0.6252164960629921
0
LINE
8
BLACK
6
CONTINUOUS
10
0.9022702755905512
20
0.6252164960629921
11
0.9021262992125985
21
0.6249671653543307
0
LINE
8
BLACK
6
CONTINUOUS
10
0.9021262992125985
20
0.6249671653543307
11
0.9021261023622047
21
0.6249668897637796
0
LINE
8
BLACK
6
CONTINUOUS
10
0.9021261023622047
20
0.6249668897637796
11
0.9021021653543307
21
0.6249253937007874
0
LINE
8
BLACK
6
CONTINUOUS
10
0.9021021653543307
20
0.6249253937007874
11
0.902102125984252
21
0.6249253543307086
0
LINE
8
BLACK
6
CONTINUOUS
10
0.902102125984252
20
0.6249253543307086
11
0.9016319291338583
21
0.6231704724409449
0
LINE
8
BLACK
6
CONTINUOUS
10
0.9016319291338583
20
0.6231704724409449
11
0.9011617322834645
21
0.6214156692913386
0
LINE
8
BLACK
6
CONTINUOUS
10
0.9011617322834645
20
0.6214156692913386
11
0.9011617322834645
21
0.6214155905511811
0
LINE
8
BLACK
6
CONTINUOUS
10
0.9011617322834645
20
0.6214155905511811
11
0.9011617322834645
21
0.5582693307086614
0
LINE
8
BLACK
6
CONTINUOUS
10
0.9011617322834645
20
0.5582693307086614
11
0.9011617716535433
21
0.5582691732283465
0
LINE
8
BLACK
6
CONTINUOUS
10
0.9011617716535433
20
0.5582691732283465
11
0.9017618897637795
21
0.5560295275590551
0
LINE
8
BLACK
6
CONTINUOUS
10
0.9017618897637795
20
0.5560295275590551
11
0.901761968503937
21
0.5560292913385827
0
LINE
8
BLACK
6
CONTINUOUS
10
0.901761968503937
20
0.5560292913385827
11
0.9018824015748031
21
0.5555799606299212
0
LINE
8
BLACK
6
CONTINUOUS
10
0.9018824015748031
20
0.5555799606299212
11
0.9021021653543307
21
0.5547597244094488
0
LINE
8
BLACK
6
CONTINUOUS
10
0.9021021653543307
20
0.5547597244094488
11
0.9037390157480315
21
0.5519245669291338
0
LINE
8
BLACK
6
CONTINUOUS
10
0.9037390157480315
20
0.5519245669291338
11
0.90381968503937
21
0.551757125984252
0
LINE
8
BLACK
6
CONTINUOUS
10
0.90381968503937
20
0.551757125984252
11
0.903955905511811
21
0.5509299212598425
0
LINE
8
BLACK
6
CONTINUOUS
10
0.903955905511811
20
0.5509299212598425
11
0.9043110629921259
21
0.5496045669291338
0
LINE
8
BLACK
6
CONTINUOUS
10
0.9043110629921259
20
0.5496045669291338
11
0.9043110629921259
21
0.4385236220472441
0
LINE
8
BLACK
6
CONTINUOUS
10
0.9043110629921259
20
0.4385236220472441
11
0.9035235826771654
21
0.4358416929133858
0
LINE
8
BLACK
6
CONTINUOUS
10
0.9035235826771654
20
0.4358416929133858
11
0.9014111417322834
21
0.4340112598425196
0
LINE
8
BLACK
6
CONTINUOUS
10
0.9014111417322834
20
0.4340112598425196
11
0.8993504330708662
21
0.4335629921259843
0
LINE
8
BLACK
6
CONTINUOUS
10
0.8993504330708662
20
0.4335629921259843
11
0.8963083858267716
21
0.4335629921259843
0
LINE
8
BLACK
6
CONTINUOUS
10
0.8963083858267716
20
0.4335629921259843
11
0.8898392913385826
21
0.4322762204724409
0
LINE
8
BLACK
6
CONTINUOUS
10
0.8898392913385826
20
0.4322762204724409
11
0.8837455511811023
21
0.4297520866141732
0
LINE
8
BLACK
6
CONTINUOUS
10
0.8837455511811023
20
0.4297520866141732
11
0.8796402755905511
21
0.4270090157480315
0
LINE
8
BLACK
6
CONTINUOUS
10
0.8796402755905511
20
0.4270090157480315
11
0.8782613385826772
21
0.4260876377952756
0
LINE
8
BLACK
6
CONTINUOUS
10
0.8782613385826772
20
0.4260876377952756
11
0.8782611023622047
21
0.4260874409448819
0
LINE
8
BLACK
6
CONTINUOUS
10
0.8782611023622047
20
0.4260874409448819
11
0.873597559055118
21
0.4214238976377953
0
LINE
8
BLACK
6
CONTINUOUS
10
0.873597559055118
20
0.4214238976377953
11
0.8735973622047244
21
0.4214236614173228
0
LINE
8
BLACK
6
CONTINUOUS
10
0.8735973622047244
20
0.4214236614173228
11
0.8729129921259843
21
0.4203994094488189
0
LINE
8
BLACK
6
CONTINUOUS
10
0.8729129921259843
20
0.4203994094488189
11
0.8699329527559055
21
0.4159394881889764
0
LINE
8
BLACK
6
CONTINUOUS
10
0.8699329527559055
20
0.4159394881889764
11
0.8692593307086613
21
0.4143132283464567
0
LINE
8
BLACK
6
CONTINUOUS
10
0.8692593307086613
20
0.4143132283464567
11
0.8674088582677165
21
0.4098458661417323
0
LINE
8
BLACK
6
CONTINUOUS
10
0.8674088582677165
20
0.4098458661417323
11
0.8661220472440945
21
0.4033767322834645
0
LINE
8
BLACK
6
CONTINUOUS
10
0.8661220472440945
20
0.4033767322834645
11
0.8661220472440945
21
0.3967807086614173
0
LINE
8
BLACK
6
CONTINUOUS
10
0.3869200393700787
20
0.4674357086614173
11
0.3843089763779527
21
0.4656910236220472
0
LINE
8
BLACK
6
CONTINUOUS
10
0.3843089763779527
20
0.4656910236220472
11
0.3831632283464567
21
0.4639762992125984
0
LINE
8
BLACK
6
CONTINUOUS
10
0.3831632283464567
20
0.4639762992125984
11
0.3825642913385827
21
0.4630799606299212
0
LINE
8
BLACK
6
CONTINUOUS
10
0.3825642913385827
20
0.4630799606299212
11
0.3825642519685039
21
0.463079842519685
0
LINE
8
BLACK
6
CONTINUOUS
10
0.3825642519685039
20
0.463079842519685
11
0.3821062992125984
21
0.4607775590551181
0
LINE
8
BLACK
6
CONTINUOUS
10
0.3821062992125984
20
0.4607775590551181
11
0.3821062992125984
21
0.4365995275590551
0
LINE
8
BLACK
6
CONTINUOUS
10
0.3821062992125984
20
0.4365995275590551
11
0.3820453543307086
21
0.4359809842519685
0
LINE
8
BLACK
6
CONTINUOUS
10
0.3820453543307086
20
0.4359809842519685
11
0.3820421653543307
21
0.4358043700787401
0
LINE
8
BLACK
6
CONTINUOUS
10
0.3820421653543307
20
0.4358043700787401
11
0.3820281496062992
21
0.4357181496062992
0
LINE
8
BLACK
6
CONTINUOUS
10
0.3820281496062992
20
0.4357181496062992
11
0.3818897637795275
21
0.4350224015748032
0
LINE
8
BLACK
6
CONTINUOUS
10
0.3818897637795275
20
0.4350224015748032
11
0.3818897637795275
21
0.4348658661417323
0
LINE
8
BLACK
6
CONTINUOUS
10
0.3818897637795275
20
0.4348658661417323
11
0.3818897637795275
21
0.3624775590551181
0
LINE
8
BLACK
6
CONTINUOUS
10
0.3818897637795275
20
0.3624775590551181
11
0.3820109842519685
21
0.361868188976378
0
LINE
8
BLACK
6
CONTINUOUS
10
0.3820109842519685
20
0.361868188976378
11
0.3821062992125984
21
0.3609003543307087
0
LINE
8
BLACK
6
CONTINUOUS
10
0.3821062992125984
20
0.3609003543307087
11
0.3821062992125984
21
0.3367224015748032
0
LINE
8
BLACK
6
CONTINUOUS
10
0.3821062992125984
20
0.3367224015748032
11
0.3825642519685039
21
0.3344201181102362
0
LINE
8
BLACK
6
CONTINUOUS
10
0.3825642519685039
20
0.3344201181102362
11
0.3825642913385827
21
0.33442
0
LINE
8
BLACK
6
CONTINUOUS
10
0.3825642913385827
20
0.33442
11
0.3843089763779527
21
0.3318089763779528
0
LINE
8
BLACK
6
CONTINUOUS
10
0.3843089763779527
20
0.3318089763779528
11
0.38692
21
0.3300642913385827
0
LINE
8
BLACK
6
CONTINUOUS
10
0.38692
20
0.3300642913385827
11
0.3869201181102362
21
0.3300642519685039
0
LINE
8
BLACK
6
CONTINUOUS
10
0.3869201181102362
20
0.3300642519685039
11
0.3892224015748031
21
0.3296062992125984
0
LINE
8
BLACK
6
CONTINUOUS
10
0.3892224015748031
20
0.3296062992125984
11
0.3892225196850393
21
0.3296062992125984
0
LINE
8
BLACK
6
CONTINUOUS
10
0.3892225196850393
20
0.3296062992125984
11
0.4257775590551181
21
0.3296062992125984
0
LINE
8
BLACK
6
CONTINUOUS
10
0.4257775590551181
20
0.3296062992125984
11
0.428079842519685
21
0.3300642519685039
0
LINE
8
BLACK
6
CONTINUOUS
10
0.428079842519685
20
0.3300642519685039
11
0.4280799606299213
21
0.3300642913385827
0
LINE
8
BLACK
6
CONTINUOUS
10
0.4280799606299213
20
0.3300642913385827
11
0.4306911417322835
21
0.3318090551181102
0
LINE
8
BLACK
6
CONTINUOUS
10
0.4306911417322835
20
0.3318090551181102
11
0.4310164173228346
21
0.3321343307086614
0
LINE
8
BLACK
6
CONTINUOUS
10
0.4310164173228346
20
0.3321343307086614
11
0.4334696456692913
21
0.333473937007874
0
LINE
8
BLACK
6
CONTINUOUS
10
0.4334696456692913
20
0.333473937007874
11
0.4362576377952756
21
0.3332745275590551
0
LINE
8
BLACK
6
CONTINUOUS
10
0.4362576377952756
20
0.3332745275590551
11
0.4384952755905512
21
0.3315994488188976
0
LINE
8
BLACK
6
CONTINUOUS
10
0.4384952755905512
20
0.3315994488188976
11
0.4385373228346456
21
0.3315424409448819
0
LINE
8
BLACK
6
CONTINUOUS
10
0.4385373228346456
20
0.3315424409448819
11
0.4393660236220472
21
0.3304017716535433
0
LINE
8
BLACK
6
CONTINUOUS
10
0.4393660236220472
20
0.3304017716535433
11
0.4452835433070866
21
0.3244842519685039
0
LINE
8
BLACK
6
CONTINUOUS
10
0.4452835433070866
20
0.3244842519685039
11
0.4452836614173228
21
0.3244841732283464
0
LINE
8
BLACK
6
CONTINUOUS
10
0.4452836614173228
20
0.3244841732283464
11
0.4520543307086614
21
0.319565
0
LINE
8
BLACK
6
CONTINUOUS
10
0.4520543307086614
20
0.319565
11
0.4595112598425197
21
0.3157655118110236
0
LINE
8
BLACK
6
CONTINUOUS
10
0.4595112598425197
20
0.3157655118110236
11
0.4595113385826772
21
0.3157654724409449
0
LINE
8
BLACK
6
CONTINUOUS
10
0.4595113385826772
20
0.3157654724409449
11
0.4674705905511811
21
0.3131793307086614
0
LINE
8
BLACK
6
CONTINUOUS
10
0.4674705905511811
20
0.3131793307086614
11
0.4674706299212598
21
0.3131792913385827
0
LINE
8
BLACK
6
CONTINUOUS
10
0.4674706299212598
20
0.3131792913385827
11
0.4674707480314961
21
0.3131792913385827
0
LINE
8
BLACK
6
CONTINUOUS
10
0.4674707480314961
20
0.3131792913385827
11
0.4757367322834646
21
0.3118700787401575
0
LINE
8
BLACK
6
CONTINUOUS
10
0.4757367322834646
20
0.3118700787401575
11
0.4757368503937008
21
0.3118700787401575
0
LINE
8
BLACK
6
CONTINUOUS
10
0.4757368503937008
20
0.3118700787401575
11
0.4841056692913386
21
0.3118700787401575
0
LINE
8
BLACK
6
CONTINUOUS
10
0.4841056692913386
20
0.3118700787401575
11
0.4841057874015748
21
0.3118700787401575
0
LINE
8
BLACK
6
CONTINUOUS
10
0.4841057874015748
20
0.3118700787401575
11
0.4923717716535433
21
0.3131792913385827
0
LINE
8
BLACK
6
CONTINUOUS
10
0.4923717716535433
20
0.3131792913385827
11
0.5003311811023622
21
0.3157654724409449
0
LINE
8
BLACK
6
CONTINUOUS
10
0.5003311811023622
20
0.3157654724409449
11
0.507788031496063
21
0.3195649212598425
0
LINE
8
BLACK
6
CONTINUOUS
10
0.507788031496063
20
0.3195649212598425
11
0.5087073622047243
21
0.3202328346456693
0
LINE
8
BLACK
6
CONTINUOUS
10
0.5087073622047243
20
0.3202328346456693
11
0.509461968503937
21
0.3207811023622047
0
LINE
8
BLACK
6
CONTINUOUS
10
0.509461968503937
20
0.3207811023622047
11
0.5145587401574803
21
0.324484094488189
0
LINE
8
BLACK
6
CONTINUOUS
10
0.5145587401574803
20
0.324484094488189
11
0.5145588188976378
21
0.3244841732283464
0
LINE
8
BLACK
6
CONTINUOUS
10
0.5145588188976378
20
0.3244841732283464
11
0.514558937007874
21
0.3244842519685039
0
LINE
8
BLACK
6
CONTINUOUS
10
0.514558937007874
20
0.3244842519685039
11
0.5204763385826772
21
0.3304016535433071
0
LINE
8
BLACK
6
CONTINUOUS
10
0.5204763385826772
20
0.3304016535433071
11
0.5204764173228347
21
0.3304017716535433
0
LINE
8
BLACK
6
CONTINUOUS
10
0.5204764173228347
20
0.3304017716535433
11
0.5204765354330708
21
0.3304018897637795
0
LINE
8
BLACK
6
CONTINUOUS
10
0.5204765354330708
20
0.3304018897637795
11
0.5253957086614173
21
0.3371725984251969
0
LINE
8
BLACK
6
CONTINUOUS
10
0.5253957086614173
20
0.3371725984251969
11
0.529195157480315
21
0.3446294488188976
0
LINE
8
BLACK
6
CONTINUOUS
10
0.529195157480315
20
0.3446294488188976
11
0.5317813385826772
21
0.3525888582677165
0
LINE
8
BLACK
6
CONTINUOUS
10
0.5317813385826772
20
0.3525888582677165
11
0.5330905511811024
21
0.360854842519685
0
LINE
8
BLACK
6
CONTINUOUS
10
0.5330905511811024
20
0.360854842519685
11
0.5330905511811024
21
0.3692238976377953
0
LINE
8
BLACK
6
CONTINUOUS
10
0.5330905511811024
20
0.3692238976377953
11
0.5317813385826772
21
0.3774898818897638
0
LINE
8
BLACK
6
CONTINUOUS
10
0.5317813385826772
20
0.3774898818897638
11
0.529195157480315
21
0.3854492913385827
0
LINE
8
BLACK
6
CONTINUOUS
10
0.529195157480315
20
0.3854492913385827
11
0.5253957086614173
21
0.3929061417322834
0
LINE
8
BLACK
6
CONTINUOUS
10
0.5253957086614173
20
0.3929061417322834
11
0.5204765354330708
21
0.3996768503937008
0
LINE
8
BLACK
6
CONTINUOUS
10
0.5204765354330708
20
0.3996768503937008
11
0.5145587401574803
21
0.4055946456692913
0
LINE
8
BLACK
6
CONTINUOUS
10
0.5145587401574803
20
0.4055946456692913
11
0.507788031496063
21
0.4105138188976378
0
LINE
8
BLACK
6
CONTINUOUS
10
0.507788031496063
20
0.4105138188976378
11
0.5003311811023622
21
0.4143132677165354
0
LINE
8
BLACK
6
CONTINUOUS
10
0.5003311811023622
20
0.4143132677165354
11
0.4923717716535433
21
0.4168994488188976
0
LINE
8
BLACK
6
CONTINUOUS
10
0.4923717716535433
20
0.4168994488188976
11
0.4841057874015748
21
0.4182086614173228
0
LINE
8
BLACK
6
CONTINUOUS
10
0.4841057874015748
20
0.4182086614173228
11
0.4757367322834646
21
0.4182086614173228
0
LINE
8
BLACK
6
CONTINUOUS
10
0.4757367322834646
20
0.4182086614173228
11
0.4674707480314961
21
0.4168994488188976
0
LINE
8
BLACK
6
CONTINUOUS
10
0.4674707480314961
20
0.4168994488188976
11
0.4595113385826772
21
0.4143132677165354
0
LINE
8
BLACK
6
CONTINUOUS
10
0.4595113385826772
20
0.4143132677165354
11
0.4520544881889764
21
0.4105138188976378
0
LINE
8
BLACK
6
CONTINUOUS
10
0.4520544881889764
20
0.4105138188976378
11
0.445283779527559
21
0.4055946456692913
0
LINE
8
BLACK
6
CONTINUOUS
10
0.445283779527559
20
0.4055946456692913
11
0.4452836614173228
21
0.4055945275590551
0
LINE
8
BLACK
6
CONTINUOUS
10
0.4452836614173228
20
0.4055945275590551
11
0.4452835433070866
21
0.4055944488188976
0
LINE
8
BLACK
6
CONTINUOUS
10
0.4452835433070866
20
0.4055944488188976
11
0.4415785433070866
21
0.4018894488188977
0
LINE
8
BLACK
6
CONTINUOUS
10
0.4415785433070866
20
0.4018894488188977
11
0.4391253149606299
21
0.400549842519685
0
LINE
8
BLACK
6
CONTINUOUS
10
0.4391253149606299
20
0.400549842519685
11
0.4363373228346457
21
0.4007492519685039
0
LINE
8
BLACK
6
CONTINUOUS
10
0.4363373228346457
20
0.4007492519685039
11
0.4340996850393701
21
0.4024243307086614
0
LINE
8
BLACK
6
CONTINUOUS
10
0.4340996850393701
20
0.4024243307086614
11
0.433122874015748
21
0.4050432283464567
0
LINE
8
BLACK
6
CONTINUOUS
10
0.433122874015748
20
0.4050432283464567
11
0.4331102362204725
21
0.405397125984252
0
LINE
8
BLACK
6
CONTINUOUS
10
0.4331102362204725
20
0.405397125984252
11
0.4331102362204725
21
0.4350222047244094
0
LINE
8
BLACK
6
CONTINUOUS
10
0.4331102362204725
20
0.4350222047244094
11
0.4331102362204725
21
0.4350224015748032
0
LINE
8
BLACK
6
CONTINUOUS
10
0.4331102362204725
20
0.4350224015748032
11
0.4329890157480315
21
0.435631811023622
0
LINE
8
BLACK
6
CONTINUOUS
10
0.4329890157480315
20
0.435631811023622
11
0.4328937007874016
21
0.4365995275590551
0
LINE
8
BLACK
6
CONTINUOUS
10
0.4328937007874016
20
0.4365995275590551
11
0.4328937007874016
21
0.4607774015748031
0
LINE
8
BLACK
6
CONTINUOUS
10
0.4328937007874016
20
0.4607774015748031
11
0.4328937007874016
21
0.4607774803149606
0
LINE
8
BLACK
6
CONTINUOUS
10
0.4328937007874016
20
0.4607774803149606
11
0.4324357086614173
21
0.4630799606299212
0
LINE
8
BLACK
6
CONTINUOUS
10
0.4324357086614173
20
0.4630799606299212
11
0.4306910236220473
21
0.4656910236220472
0
LINE
8
BLACK
6
CONTINUOUS
10
0.4306910236220473
20
0.4656910236220472
11
0.4280799606299213
21
0.4674357086614173
0
LINE
8
BLACK
6
CONTINUOUS
10
0.4280799606299213
20
0.4674357086614173
11
0.4257774803149606
21
0.4678937007874016
0
LINE
8
BLACK
6
CONTINUOUS
10
0.4257774803149606
20
0.4678937007874016
11
0.3892225196850393
21
0.4678937007874016
0
LINE
8
BLACK
6
CONTINUOUS
10
0.3892225196850393
20
0.4678937007874016
11
0.3869200393700787
21
0.4674357086614173
0
LINE
8
BLACK
6
CONTINUOUS
10
1.0669094488188977
20
0.360854842519685
11
1.0682186614173228
21
0.3525888582677165
0
LINE
8
BLACK
6
CONTINUOUS
10
1.0682186614173228
20
0.3525888582677165
11
1.070804842519685
21
0.3446294488188976
0
LINE
8
BLACK
6
CONTINUOUS
10
1.070804842519685
20
0.3446294488188976
11
1.0717494488188977
21
0.3427755511811024
0
LINE
8
BLACK
6
CONTINUOUS
10
1.0717494488188977
20
0.3427755511811024
11
1.0746043700787402
21
0.3371724409448819
0
LINE
8
BLACK
6
CONTINUOUS
10
1.0746043700787402
20
0.3371724409448819
11
1.0795235433070867
21
0.3304017716535433
0
LINE
8
BLACK
6
CONTINUOUS
10
1.0795235433070867
20
0.3304017716535433
11
1.0795236220472442
21
0.3304016535433071
0
LINE
8
BLACK
6
CONTINUOUS
10
1.0795236220472442
20
0.3304016535433071
11
1.0854410236220473
21
0.3244842519685039
0
LINE
8
BLACK
6
CONTINUOUS
10
1.0854410236220473
20
0.3244842519685039
11
1.0854411417322833
21
0.3244841732283464
0
LINE
8
BLACK
6
CONTINUOUS
10
1.0854411417322833
20
0.3244841732283464
11
1.0922118110236221
21
0.319565
0
LINE
8
BLACK
6
CONTINUOUS
10
1.0922118110236221
20
0.319565
11
1.0996687401574803
21
0.3157655118110236
0
LINE
8
BLACK
6
CONTINUOUS
10
1.0996687401574803
20
0.3157655118110236
11
1.0996688188976378
21
0.3157654724409449
0
LINE
8
BLACK
6
CONTINUOUS
10
1.0996688188976378
20
0.3157654724409449
11
1.1076280708661417
21
0.3131793307086614
0
LINE
8
BLACK
6
CONTINUOUS
10
1.1076280708661417
20
0.3131793307086614
11
1.1076281102362204
21
0.3131792913385827
0
LINE
8
BLACK
6
CONTINUOUS
10
1.1076281102362204
20
0.3131792913385827
11
1.1076282283464567
21
0.3131792913385827
0
LINE
8
BLACK
6
CONTINUOUS
10
1.1076282283464567
20
0.3131792913385827
11
1.1158942125984253
21
0.3118700787401575
0
LINE
8
BLACK
6
CONTINUOUS
10
1.1158942125984253
20
0.3118700787401575
11
1.1158943307086613
21
0.3118700787401575
0
LINE
8
BLACK
6
CONTINUOUS
10
1.1158943307086613
20
0.3118700787401575
11
1.1242631496062991
21
0.3118700787401575
0
LINE
8
BLACK
6
CONTINUOUS
10
1.1242631496062991
20
0.3118700787401575
11
1.1242632677165354
21
0.3118700787401575
0
LINE
8
BLACK
6
CONTINUOUS
10
1.1242632677165354
20
0.3118700787401575
11
1.132529251968504
21
0.3131792913385827
0
LINE
8
BLACK
6
CONTINUOUS
10
1.132529251968504
20
0.3131792913385827
11
1.1404886614173229
21
0.3157654724409449
0
LINE
8
BLACK
6
CONTINUOUS
10
1.1404886614173229
20
0.3157654724409449
11
1.1479455118110236
21
0.3195649212598425
0
LINE
8
BLACK
6
CONTINUOUS
10
1.1479455118110236
20
0.3195649212598425
11
1.148864842519685
21
0.3202328346456693
0
LINE
8
BLACK
6
CONTINUOUS
10
1.148864842519685
20
0.3202328346456693
11
1.1496194488188975
21
0.3207811023622047
0
LINE
8
BLACK
6
CONTINUOUS
10
1.1496194488188975
20
0.3207811023622047
11
1.1547162204724408
21
0.324484094488189
0
LINE
8
BLACK
6
CONTINUOUS
10
1.1547162204724408
20
0.324484094488189
11
1.1547162992125983
21
0.3244841732283464
0
LINE
8
BLACK
6
CONTINUOUS
10
1.1547162992125983
20
0.3244841732283464
11
1.1547164173228346
21
0.3244842519685039
0
LINE
8
BLACK
6
CONTINUOUS
10
1.1547164173228346
20
0.3244842519685039
11
1.1606338188976377
21
0.3304016535433071
0
LINE
8
BLACK
6
CONTINUOUS
10
1.1606338188976377
20
0.3304016535433071
11
1.1606338976377952
21
0.3304017716535433
0
LINE
8
BLACK
6
CONTINUOUS
10
1.1606338976377952
20
0.3304017716535433
11
1.1606340157480315
21
0.3304018897637795
0
LINE
8
BLACK
6
CONTINUOUS
10
1.1606340157480315
20
0.3304018897637795
11
1.1655531889763779
21
0.3371725984251969
0
LINE
8
BLACK
6
CONTINUOUS
10
1.1655531889763779
20
0.3371725984251969
11
1.1693526377952757
21
0.3446294488188976
0
LINE
8
BLACK
6
CONTINUOUS
10
1.1693526377952757
20
0.3446294488188976
11
1.1719388188976378
21
0.3525888582677165
0
LINE
8
BLACK
6
CONTINUOUS
10
1.1719388188976378
20
0.3525888582677165
11
1.1732480314960629
21
0.360854842519685
0
LINE
8
BLACK
6
CONTINUOUS
10
1.1732480314960629
20
0.360854842519685
11
1.1732480314960629
21
0.3692238976377953
0
LINE
8
BLACK
6
CONTINUOUS
10
1.1732480314960629
20
0.3692238976377953
11
1.1719388188976378
21
0.3774898818897638
0
LINE
8
BLACK
6
CONTINUOUS
10
1.1719388188976378
20
0.3774898818897638
11
1.1693526377952757
21
0.3854492913385827
0
LINE
8
BLACK
6
CONTINUOUS
10
1.1693526377952757
20
0.3854492913385827
11
1.1655531889763779
21
0.3929061417322834
0
LINE
8
BLACK
6
CONTINUOUS
10
1.1655531889763779
20
0.3929061417322834
11
1.1606340157480315
21
0.3996768503937008
0
LINE
8
BLACK
6
CONTINUOUS
10
1.1606340157480315
20
0.3996768503937008
11
1.1547162204724408
21
0.4055946456692913
0
LINE
8
BLACK
6
CONTINUOUS
10
1.1547162204724408
20
0.4055946456692913
11
1.1479455118110236
21
0.4105138188976378
0
LINE
8
BLACK
6
CONTINUOUS
10
1.1479455118110236
20
0.4105138188976378
11
1.1404886614173229
21
0.4143132677165354
0
LINE
8
BLACK
6
CONTINUOUS
10
1.1404886614173229
20
0.4143132677165354
11
1.132529251968504
21
0.4168994488188976
0
LINE
8
BLACK
6
CONTINUOUS
10
1.132529251968504
20
0.4168994488188976
11
1.1242632677165354
21
0.4182086614173228
0
LINE
8
BLACK
6
CONTINUOUS
10
1.1242632677165354
20
0.4182086614173228
11
1.1158942125984253
21
0.4182086614173228
0
LINE
8
BLACK
6
CONTINUOUS
10
1.1158942125984253
20
0.4182086614173228
11
1.1076282283464567
21
0.4168994488188976
0
LINE
8
BLACK
6
CONTINUOUS
10
1.1076282283464567
20
0.4168994488188976
11
1.0996688188976378
21
0.4143132677165354
0
LINE
8
BLACK
6
CONTINUOUS
10
1.0996688188976378
20
0.4143132677165354
11
1.0922119685039371
21
0.4105138188976378
0
LINE
8
BLACK
6
CONTINUOUS
10
1.0922119685039371
20
0.4105138188976378
11
1.0854412598425196
21
0.4055946456692913
0
LINE
8
BLACK
6
CONTINUOUS
10
1.0854412598425196
20
0.4055946456692913
11
1.0854411417322833
21
0.4055945275590551
0
LINE
8
BLACK
6
CONTINUOUS
10
1.0854411417322833
20
0.4055945275590551
11
1.0854410236220473
21
0.4055944488188976
0
LINE
8
BLACK
6
CONTINUOUS
10
1.0854410236220473
20
0.4055944488188976
11
1.0795236220472442
21
0.3996770472440945
0
LINE
8
BLACK
6
CONTINUOUS
10
1.0795236220472442
20
0.3996770472440945
11
1.0795235433070867
21
0.3996769291338583
0
LINE
8
BLACK
6
CONTINUOUS
10
1.0795235433070867
20
0.3996769291338583
11
1.0795234645669292
21
0.3996768503937008
0
LINE
8
BLACK
6
CONTINUOUS
10
1.0795234645669292
20
0.3996768503937008
11
1.0746042913385827
21
0.3929061417322834
0
LINE
8
BLACK
6
CONTINUOUS
10
1.0746042913385827
20
0.3929061417322834
11
1.070804842519685
21
0.3854492913385827
0
LINE
8
BLACK
6
CONTINUOUS
10
1.070804842519685
20
0.3854492913385827
11
1.0682186614173228
21
0.3774898818897638
0
LINE
8
BLACK
6
CONTINUOUS
10
1.0682186614173228
20
0.3774898818897638
11
1.0669094488188977
21
0.3692238976377953
0
LINE
8
BLACK
6
CONTINUOUS
10
1.0669094488188977
20
0.3692238976377953
11
1.0669094488188977
21
0.360854842519685
0
LINE
8
BLACK
6
CONTINUOUS
10
1.3669200393700787
20
0.5274357086614173
11
1.3643089763779528
21
0.5256910236220472
0
LINE
8
BLACK
6
CONTINUOUS
10
1.3643089763779528
20
0.5256910236220472
11
1.3626963385826771
21
0.5232775590551181
0
LINE
8
BLACK
6
CONTINUOUS
10
1.3626963385826771
20
0.5232775590551181
11
1.3625642913385827
21
0.5230799606299212
0
LINE
8
BLACK
6
CONTINUOUS
10
1.3625642913385827
20
0.5230799606299212
11
1.3625642519685039
21
0.523079842519685
0
LINE
8
BLACK
6
CONTINUOUS
10
1.3625642519685039
20
0.523079842519685
11
1.3621062992125983
21
0.5207775590551181
0
LINE
8
BLACK
6
CONTINUOUS
10
1.3621062992125983
20
0.5207775590551181
11
1.3621062992125983
21
0.4592224015748032
0
LINE
8
BLACK
6
CONTINUOUS
10
1.3621062992125983
20
0.4592224015748032
11
1.3625642519685039
21
0.4569201181102362
0
LINE
8
BLACK
6
CONTINUOUS
10
1.3625642519685039
20
0.4569201181102362
11
1.3625642913385827
21
0.45692
0
LINE
8
BLACK
6
CONTINUOUS
10
1.3625642913385827
20
0.45692
11
1.3643089763779528
21
0.4543089763779528
0
LINE
8
BLACK
6
CONTINUOUS
10
1.3643089763779528
20
0.4543089763779528
11
1.3669199999999999
21
0.4525642913385827
0
LINE
8
BLACK
6
CONTINUOUS
10
1.3669199999999999
20
0.4525642913385827
11
1.3669201181102362
21
0.4525642519685039
0
LINE
8
BLACK
6
CONTINUOUS
10
1.3669201181102362
20
0.4525642519685039
11
1.3692224015748031
21
0.4521062992125984
0
LINE
8
BLACK
6
CONTINUOUS
10
1.3692224015748031
20
0.4521062992125984
11
1.3692225196850394
21
0.4521062992125984
0
LINE
8
BLACK
6
CONTINUOUS
10
1.3692225196850394
20
0.4521062992125984
11
1.4307775590551182
21
0.4521062992125984
0
LINE
8
BLACK
6
CONTINUOUS
10
1.4307775590551182
20
0.4521062992125984
11
1.4330798425196849
21
0.4525642519685039
0
LINE
8
BLACK
6
CONTINUOUS
10
1.4330798425196849
20
0.4525642519685039
11
1.4330799606299212
21
0.4525642913385827
0
LINE
8
BLACK
6
CONTINUOUS
10
1.4330799606299212
20
0.4525642913385827
11
1.4356910236220473
21
0.4543089763779528
0
LINE
8
BLACK
6
CONTINUOUS
10
1.4356910236220473
20
0.4543089763779528
11
1.4374357086614173
21
0.4569200393700787
0
LINE
8
BLACK
6
CONTINUOUS
10
1.4374357086614173
20
0.4569200393700787
11
1.4378937007874015
21
0.4592225196850394
0
LINE
8
BLACK
6
CONTINUOUS
10
1.4378937007874015
20
0.4592225196850394
11
1.4378937007874015
21
0.5207774803149606
0
LINE
8
BLACK
6
CONTINUOUS
10
1.4378937007874015
20
0.5207774803149606
11
1.4378937007874015
21
0.5207775590551181
0
LINE
8
BLACK
6
CONTINUOUS
10
1.4378937007874015
20
0.5207775590551181
11
1.4374357086614173
21
0.5230799606299212
0
LINE
8
BLACK
6
CONTINUOUS
10
1.4374357086614173
20
0.5230799606299212
11
1.4356910236220473
21
0.5256910236220472
0
LINE
8
BLACK
6
CONTINUOUS
10
1.4356910236220473
20
0.5256910236220472
11
1.4330799606299212
21
0.5274357086614173
0
LINE
8
BLACK
6
CONTINUOUS
10
1.4330799606299212
20
0.5274357086614173
11
1.4307774803149607
21
0.5278937007874016
0
LINE
8
BLACK
6
CONTINUOUS
10
1.4307774803149607
20
0.5278937007874016
11
1.3692225196850394
21
0.5278937007874016
0
LINE
8
BLACK
6
CONTINUOUS
10
1.3692225196850394
20
0.5278937007874016
11
1.3669200393700787
21
0.5274357086614173
0
LINE
8
BLACK
6
CONTINUOUS
10
1.4621062992125984
20
0.4592224015748032
11
1.4625642519685038
21
0.4569201181102362
0
LINE
8
BLACK
6
CONTINUOUS
10
1.4625642519685038
20
0.4569201181102362
11
1.4625642913385826
21
0.45692
0
LINE
8
BLACK
6
CONTINUOUS
10
1.4625642913385826
20
0.45692
11
1.4643089763779527
21
0.4543089763779528
0
LINE
8
BLACK
6
CONTINUOUS
10
1.4643089763779527
20
0.4543089763779528
11
1.46692
21
0.4525642913385827
0
LINE
8
BLACK
6
CONTINUOUS
10
1.46692
20
0.4525642913385827
11
1.4669201181102363
21
0.4525642519685039
0
LINE
8
BLACK
6
CONTINUOUS
10
1.4669201181102363
20
0.4525642519685039
11
1.4692224015748032
21
0.4521062992125984
0
LINE
8
BLACK
6
CONTINUOUS
10
1.4692224015748032
20
0.4521062992125984
11
1.4692225196850393
21
0.4521062992125984
0
LINE
8
BLACK
6
CONTINUOUS
10
1.4692225196850393
20
0.4521062992125984
11
1.530777559055118
21
0.4521062992125984
0
LINE
8
BLACK
6
CONTINUOUS
10
1.530777559055118
20
0.4521062992125984
11
1.533079842519685
21
0.4525642519685039
0
LINE
8
BLACK
6
CONTINUOUS
10
1.533079842519685
20
0.4525642519685039
11
1.5330799606299212
21
0.4525642913385827
0
LINE
8
BLACK
6
CONTINUOUS
10
1.5330799606299212
20
0.4525642913385827
11
1.5356910236220471
21
0.4543089763779528
0
LINE
8
BLACK
6
CONTINUOUS
10
1.5356910236220471
20
0.4543089763779528
11
1.5374357086614172
21
0.4569200393700787
0
LINE
8
BLACK
6
CONTINUOUS
10
1.5374357086614172
20
0.4569200393700787
11
1.5378937007874016
21
0.4592225196850394
0
LINE
8
BLACK
6
CONTINUOUS
10
1.5378937007874016
20
0.4592225196850394
11
1.5378937007874016
21
0.5207774803149606
0
LINE
8
BLACK
6
CONTINUOUS
10
1.5378937007874016
20
0.5207774803149606
11
1.5374357086614172
21
0.5230799606299212
0
LINE
8
BLACK
6
CONTINUOUS
10
1.5374357086614172
20
0.5230799606299212
11
1.5356910236220471
21
0.5256910236220472
0
LINE
8
BLACK
6
CONTINUOUS
10
1.5356910236220471
20
0.5256910236220472
11
1.5330799606299212
21
0.5274357086614173
0
LINE
8
BLACK
6
CONTINUOUS
10
1.5330799606299212
20
0.5274357086614173
11
1.5307774803149605
21
0.5278937007874016
0
LINE
8
BLACK
6
CONTINUOUS
10
1.5307774803149605
20
0.5278937007874016
11
1.4692225196850393
21
0.5278937007874016
0
LINE
8
BLACK
6
CONTINUOUS
10
1.4692225196850393
20
0.5278937007874016
11
1.4669200393700788
21
0.5274357086614173
0
LINE
8
BLACK
6
CONTINUOUS
10
1.4669200393700788
20
0.5274357086614173
11
1.4643089763779527
21
0.5256910236220472
0
LINE
8
BLACK
6
CONTINUOUS
10
1.4643089763779527
20
0.5256910236220472
11
1.4626963385826772
21
0.5232775590551181
0
LINE
8
BLACK
6
CONTINUOUS
10
1.4626963385826772
20
0.5232775590551181
11
1.4625642913385826
21
0.5230799606299212
0
LINE
8
BLACK
6
CONTINUOUS
10
1.4625642913385826
20
0.5230799606299212
11
1.4625642519685038
21
0.523079842519685
0
LINE
8
BLACK
6
CONTINUOUS
10
1.4625642519685038
20
0.523079842519685
11
1.4621062992125984
21
0.5207775590551181
0
LINE
8
BLACK
6
CONTINUOUS
10
1.4621062992125984
20
0.5207775590551181
11
1.4621062992125984
21
0.4592224015748032
0
LINE
8
BLACK
6
CONTINUOUS
10
1.3621062992125983
20
0.5592224015748032
11
1.3625642519685039
21
0.5569201181102362
0
LINE
8
BLACK
6
CONTINUOUS
10
1.3625642519685039
20
0.5569201181102362
11
1.3625642913385827
21
0.55692
0
LINE
8
BLACK
6
CONTINUOUS
10
1.3625642913385827
20
0.55692
11
1.3643089763779528
21
0.5543089763779527
0
LINE
8
BLACK
6
CONTINUOUS
10
1.3643089763779528
20
0.5543089763779527
11
1.3669199999999999
21
0.5525642913385826
0
LINE
8
BLACK
6
CONTINUOUS
10
1.3669199999999999
20
0.5525642913385826
11
1.3669201181102362
21
0.5525642519685039
0
LINE
8
BLACK
6
CONTINUOUS
10
1.3669201181102362
20
0.5525642519685039
11
1.3692224015748031
21
0.5521062992125985
0
LINE
8
BLACK
6
CONTINUOUS
10
1.3692224015748031
20
0.5521062992125985
11
1.3692225196850394
21
0.5521062992125985
0
LINE
8
BLACK
6
CONTINUOUS
10
1.3692225196850394
20
0.5521062992125985
11
1.4307775590551182
21
0.5521062992125985
0
LINE
8
BLACK
6
CONTINUOUS
10
1.4307775590551182
20
0.5521062992125985
11
1.4330798425196849
21
0.5525642519685039
0
LINE
8
BLACK
6
CONTINUOUS
10
1.4330798425196849
20
0.5525642519685039
11
1.4330799606299212
21
0.5525642913385826
0
LINE
8
BLACK
6
CONTINUOUS
10
1.4330799606299212
20
0.5525642913385826
11
1.4338673228346457
21
0.5530903937007874
0
LINE
8
BLACK
6
CONTINUOUS
10
1.4338673228346457
20
0.5530903937007874
11
1.4356910236220473
21
0.5543089763779527
0
LINE
8
BLACK
6
CONTINUOUS
10
1.4356910236220473
20
0.5543089763779527
11
1.4374357086614173
21
0.5569200393700787
0
LINE
8
BLACK
6
CONTINUOUS
10
1.4374357086614173
20
0.5569200393700787
11
1.4378937007874015
21
0.5592225196850393
0
LINE
8
BLACK
6
CONTINUOUS
10
1.4378937007874015
20
0.5592225196850393
11
1.4378937007874015
21
0.6207774803149606
0
LINE
8
BLACK
6
CONTINUOUS
10
1.4378937007874015
20
0.6207774803149606
11
1.4378937007874015
21
0.6207775590551181
0
LINE
8
BLACK
6
CONTINUOUS
10
1.4378937007874015
20
0.6207775590551181
11
1.4374357086614173
21
0.6230799606299212
0
LINE
8
BLACK
6
CONTINUOUS
10
1.4374357086614173
20
0.6230799606299212
11
1.4356910236220473
21
0.6256910236220472
0
LINE
8
BLACK
6
CONTINUOUS
10
1.4356910236220473
20
0.6256910236220472
11
1.4330799606299212
21
0.6274357086614173
0
LINE
8
BLACK
6
CONTINUOUS
10
1.4330799606299212
20
0.6274357086614173
11
1.4307774803149607
21
0.6278937007874016
0
LINE
8
BLACK
6
CONTINUOUS
10
1.4307774803149607
20
0.6278937007874016
11
1.3692225196850394
21
0.6278937007874016
0
LINE
8
BLACK
6
CONTINUOUS
10
1.3692225196850394
20
0.6278937007874016
11
1.3669200393700787
21
0.6274357086614173
0
LINE
8
BLACK
6
CONTINUOUS
10
1.3669200393700787
20
0.6274357086614173
11
1.3643089763779528
21
0.6256910236220472
0
LINE
8
BLACK
6
CONTINUOUS
10
1.3643089763779528
20
0.6256910236220472
11
1.3637973228346456
21
0.6249252755905512
0
LINE
8
BLACK
6
CONTINUOUS
10
1.3637973228346456
20
0.6249252755905512
11
1.3625642913385827
21
0.6230799606299212
0
LINE
8
BLACK
6
CONTINUOUS
10
1.3625642913385827
20
0.6230799606299212
11
1.3625642519685039
21
0.6230798425196851
0
LINE
8
BLACK
6
CONTINUOUS
10
1.3625642519685039
20
0.6230798425196851
11
1.3621062992125983
21
0.6207775590551181
0
LINE
8
BLACK
6
CONTINUOUS
10
1.3621062992125983
20
0.6207775590551181
11
1.3621062992125983
21
0.5592224015748032
0
LINE
8
BLACK
6
CONTINUOUS
10
1.4621062992125984
20
0.5592224015748032
11
1.4625642519685038
21
0.5569201181102362
0
LINE
8
BLACK
6
CONTINUOUS
10
1.4625642519685038
20
0.5569201181102362
11
1.4625642913385826
21
0.55692
0
LINE
8
BLACK
6
CONTINUOUS
10
1.4625642913385826
20
0.55692
11
1.4643089763779527
21
0.5543089763779527
0
LINE
8
BLACK
6
CONTINUOUS
10
1.4643089763779527
20
0.5543089763779527
11
1.46692
21
0.5525642913385826
0
LINE
8
BLACK
6
CONTINUOUS
10
1.46692
20
0.5525642913385826
11
1.4669201181102363
21
0.5525642519685039
0
LINE
8
BLACK
6
CONTINUOUS
10
1.4669201181102363
20
0.5525642519685039
11
1.4692224015748032
21
0.5521062992125985
0
LINE
8
BLACK
6
CONTINUOUS
10
1.4692224015748032
20
0.5521062992125985
11
1.4692225196850393
21
0.5521062992125985
0
LINE
8
BLACK
6
CONTINUOUS
10
1.4692225196850393
20
0.5521062992125985
11
1.530777559055118
21
0.5521062992125985
0
LINE
8
BLACK
6
CONTINUOUS
10
1.530777559055118
20
0.5521062992125985
11
1.533079842519685
21
0.5525642519685039
0
LINE
8
BLACK
6
CONTINUOUS
10
1.533079842519685
20
0.5525642519685039
11
1.5330799606299212
21
0.5525642913385826
0
LINE
8
BLACK
6
CONTINUOUS
10
1.5330799606299212
20
0.5525642913385826
11
1.5338673228346456
21
0.5530903937007874
0
LINE
8
BLACK
6
CONTINUOUS
10
1.5338673228346456
20
0.5530903937007874
11
1.5356910236220471
21
0.5543089763779527
0
LINE
8
BLACK
6
CONTINUOUS
10
1.5356910236220471
20
0.5543089763779527
11
1.5374357086614172
21
0.5569200393700787
0
LINE
8
BLACK
6
CONTINUOUS
10
1.5374357086614172
20
0.5569200393700787
11
1.5378937007874016
21
0.5592225196850393
0
LINE
8
BLACK
6
CONTINUOUS
10
1.5378937007874016
20
0.5592225196850393
11
1.5378937007874016
21
0.6207774803149606
0
LINE
8
BLACK
6
CONTINUOUS
10
1.5378937007874016
20
0.6207774803149606
11
1.5374357086614172
21
0.6230799606299212
0
LINE
8
BLACK
6
CONTINUOUS
10
1.5374357086614172
20
0.6230799606299212
11
1.5356910236220471
21
0.6256910236220472
0
LINE
8
BLACK
6
CONTINUOUS
10
1.5356910236220471
20
0.6256910236220472
11
1.5330799606299212
21
0.6274357086614173
0
LINE
8
BLACK
6
CONTINUOUS
10
1.5330799606299212
20
0.6274357086614173
11
1.5307774803149605
21
0.6278937007874016
0
LINE
8
BLACK
6
CONTINUOUS
10
1.5307774803149605
20
0.6278937007874016
11
1.4692225196850393
21
0.6278937007874016
0
LINE
8
BLACK
6
CONTINUOUS
10
1.4692225196850393
20
0.6278937007874016
11
1.4669200393700788
21
0.6274357086614173
0
LINE
8
BLACK
6
CONTINUOUS
10
1.4669200393700788
20
0.6274357086614173
11
1.4643089763779527
21
0.6256910236220472
0
LINE
8
BLACK
6
CONTINUOUS
10
1.4643089763779527
20
0.6256910236220472
11
1.4637973228346457
21
0.6249252755905512
0
LINE
8
BLACK
6
CONTINUOUS
10
1.4637973228346457
20
0.6249252755905512
11
1.4625642913385826
21
0.6230799606299212
0
LINE
8
BLACK
6
CONTINUOUS
10
1.4625642913385826
20
0.6230799606299212
11
1.4625642519685038
21
0.6230798425196851
0
LINE
8
BLACK
6
CONTINUOUS
10
1.4625642519685038
20
0.6230798425196851
11
1.4621062992125984
21
0.6207775590551181
0
LINE
8
BLACK
6
CONTINUOUS
10
1.4621062992125984
20
0.6207775590551181
11
1.4621062992125984
21
0.5592224015748032
0
LINE
8
BLACK
6
CONTINUOUS
10
1.1796062992125984
20
0.9792224015748031
11
1.1800642519685038
21
0.9769201181102362
0
LINE
8
BLACK
6
CONTINUOUS
10
1.1800642519685038
20
0.9769201181102362
11
1.1800642913385826
21
0.97692
0
LINE
8
BLACK
6
CONTINUOUS
10
1.1800642913385826
20
0.97692
11
1.1818089763779527
21
0.9743089763779528
0
LINE
8
BLACK
6
CONTINUOUS
10
1.1818089763779527
20
0.9743089763779528
11
1.18442
21
0.9725642913385827
0
LINE
8
BLACK
6
CONTINUOUS
10
1.18442
20
0.9725642913385827
11
1.1844201181102363
21
0.9725642519685039
0
LINE
8
BLACK
6
CONTINUOUS
10
1.1844201181102363
20
0.9725642519685039
11
1.186722401574803
21
0.9721062992125984
0
LINE
8
BLACK
6
CONTINUOUS
10
1.186722401574803
20
0.9721062992125984
11
1.1867225196850393
21
0.9721062992125984
0
LINE
8
BLACK
6
CONTINUOUS
10
1.1867225196850393
20
0.9721062992125984
11
1.2109003543307086
21
0.9721062992125984
0
LINE
8
BLACK
6
CONTINUOUS
10
1.2109003543307086
20
0.9721062992125984
11
1.2118681889763778
21
0.9720109842519685
0
LINE
8
BLACK
6
CONTINUOUS
10
1.2118681889763778
20
0.9720109842519685
11
1.212477559055118
21
0.9718897637795275
0
LINE
8
BLACK
6
CONTINUOUS
10
1.212477559055118
20
0.9718897637795275
11
1.2124775984251968
21
0.9718897637795275
0
LINE
8
BLACK
6
CONTINUOUS
10
1.2124775984251968
20
0.9718897637795275
11
1.2744291338582676
21
0.9718897637795275
0
LINE
8
BLACK
6
CONTINUOUS
10
1.2744291338582676
20
0.9718897637795275
11
1.2771110629921258
21
0.971102283464567
0
LINE
8
BLACK
6
CONTINUOUS
10
1.2771110629921258
20
0.971102283464567
11
1.2789414960629921
21
0.968989842519685
0
LINE
8
BLACK
6
CONTINUOUS
10
1.2789414960629921
20
0.968989842519685
11
1.2793897637795275
21
0.9669291338582677
0
LINE
8
BLACK
6
CONTINUOUS
10
1.2793897637795275
20
0.9669291338582677
11
1.2793897637795275
21
0.9549953149606299
0
LINE
8
BLACK
6
CONTINUOUS
10
1.2793897637795275
20
0.9549953149606299
11
1.2786022834645669
21
0.9523133858267716
0
LINE
8
BLACK
6
CONTINUOUS
10
1.2786022834645669
20
0.9523133858267716
11
1.2764898425196851
21
0.9504829527559054
0
LINE
8
BLACK
6
CONTINUOUS
10
1.2764898425196851
20
0.9504829527559054
11
1.2753968897637795
21
0.95013
0
LINE
8
BLACK
6
CONTINUOUS
10
1.2753968897637795
20
0.95013
11
1.2744200393700786
21
0.9499357086614173
0
LINE
8
BLACK
6
CONTINUOUS
10
1.2744200393700786
20
0.9499357086614173
11
1.2718089763779528
21
0.9481910236220472
0
LINE
8
BLACK
6
CONTINUOUS
10
1.2718089763779528
20
0.9481910236220472
11
1.2704042125984252
21
0.9460887007874016
0
LINE
8
BLACK
6
CONTINUOUS
10
1.2704042125984252
20
0.9460887007874016
11
1.2700642913385827
21
0.9455799606299212
0
LINE
8
BLACK
6
CONTINUOUS
10
1.2700642913385827
20
0.9455799606299212
11
1.2700642519685039
21
0.945579842519685
0
LINE
8
BLACK
6
CONTINUOUS
10
1.2700642519685039
20
0.945579842519685
11
1.2696062992125985
21
0.9432775590551181
0
LINE
8
BLACK
6
CONTINUOUS
10
1.2696062992125985
20
0.9432775590551181
11
1.2696062992125985
21
0.8817224015748031
0
LINE
8
BLACK
6
CONTINUOUS
10
1.2696062992125985
20
0.8817224015748031
11
1.2700642519685039
21
0.8794201181102362
0
LINE
8
BLACK
6
CONTINUOUS
10
1.2700642519685039
20
0.8794201181102362
11
1.2700642913385827
21
0.87942
0
LINE
8
BLACK
6
CONTINUOUS
10
1.2700642913385827
20
0.87942
11
1.2718090157480315
21
0.8768088976377952
0
LINE
8
BLACK
6
CONTINUOUS
10
1.2718090157480315
20
0.8768088976377952
11
1.2727851968503936
21
0.8761566141732283
0
LINE
8
BLACK
6
CONTINUOUS
10
1.2727851968503936
20
0.8761566141732283
11
1.2745775984251968
21
0.874011811023622
0
LINE
8
BLACK
6
CONTINUOUS
10
1.2745775984251968
20
0.874011811023622
11
1.2749897637795276
21
0.8720320866141732
0
LINE
8
BLACK
6
CONTINUOUS
10
1.2749897637795276
20
0.8720320866141732
11
1.2749897637795276
21
0.8470543307086614
0
LINE
8
BLACK
6
CONTINUOUS
10
1.2749897637795276
20
0.8470543307086614
11
1.274202283464567
21
0.8443724015748031
0
LINE
8
BLACK
6
CONTINUOUS
10
1.274202283464567
20
0.8443724015748031
11
1.2720898425196849
21
0.842541968503937
0
LINE
8
BLACK
6
CONTINUOUS
10
1.2720898425196849
20
0.842541968503937
11
1.2700291338582677
21
0.8420937007874015
0
LINE
8
BLACK
6
CONTINUOUS
10
1.2700291338582677
20
0.8420937007874015
11
1.2496225196850392
21
0.8420937007874015
0
LINE
8
BLACK
6
CONTINUOUS
10
1.2496225196850392
20
0.8420937007874015
11
1.2473200393700787
21
0.8416357086614173
0
LINE
8
BLACK
6
CONTINUOUS
10
1.2473200393700787
20
0.8416357086614173
11
1.2447089763779526
21
0.8398910236220473
0
LINE
8
BLACK
6
CONTINUOUS
10
1.2447089763779526
20
0.8398910236220473
11
1.2444211417322835
21
0.8394602362204724
0
LINE
8
BLACK
6
CONTINUOUS
10
1.2444211417322835
20
0.8394602362204724
11
1.2429642913385825
21
0.8372799606299213
0
LINE
8
BLACK
6
CONTINUOUS
10
1.2429642913385825
20
0.8372799606299213
11
1.242964251968504
21
0.837279842519685
0
LINE
8
BLACK
6
CONTINUOUS
10
1.242964251968504
20
0.837279842519685
11
1.2425062992125984
21
0.8349775590551181
0
LINE
8
BLACK
6
CONTINUOUS
10
1.2425062992125984
20
0.8349775590551181
11
1.2425062992125984
21
0.7651793700787402
0
LINE
8
BLACK
6
CONTINUOUS
10
1.2425062992125984
20
0.7651793700787402
11
1.2417188188976378
21
0.7624974409448819
0
LINE
8
BLACK
6
CONTINUOUS
10
1.2417188188976378
20
0.7624974409448819
11
1.2410535039370079
21
0.7616718503937008
0
LINE
8
BLACK
6
CONTINUOUS
10
1.2410535039370079
20
0.7616718503937008
11
1.2322359842519686
21
0.7528543307086614
0
LINE
8
BLACK
6
CONTINUOUS
10
1.2322359842519686
20
0.7528543307086614
11
1.2301071653543307
21
0.7507255118110236
0
LINE
8
BLACK
6
CONTINUOUS
10
1.2301071653543307
20
0.7507255118110236
11
1.228030433070866
21
0.7476173622047244
0
LINE
8
BLACK
6
CONTINUOUS
10
1.228030433070866
20
0.7476173622047244
11
1.2280303937007875
21
0.7476173622047244
0
LINE
8
BLACK
6
CONTINUOUS
10
1.2280303937007875
20
0.7476173622047244
11
1.2273046062992126
21
0.7465311417322834
0
LINE
8
BLACK
6
CONTINUOUS
10
1.2273046062992126
20
0.7465311417322834
11
1.2273045669291338
21
0.7465311023622047
0
LINE
8
BLACK
6
CONTINUOUS
10
1.2273045669291338
20
0.7465311023622047
11
1.2253740157480315
21
0.7418703149606299
0
LINE
8
BLACK
6
CONTINUOUS
10
1.2253740157480315
20
0.7418703149606299
11
1.2253739763779528
21
0.7418702755905512
0
LINE
8
BLACK
6
CONTINUOUS
10
1.2253739763779528
20
0.7418702755905512
11
1.2243897637795276
21
0.7369223228346456
0
LINE
8
BLACK
6
CONTINUOUS
10
1.2243897637795276
20
0.7369223228346456
11
1.2243897637795276
21
0.7066543307086613
0
LINE
8
BLACK
6
CONTINUOUS
10
1.2243897637795276
20
0.7066543307086613
11
1.223602283464567
21
0.7039724015748031
0
LINE
8
BLACK
6
CONTINUOUS
10
1.223602283464567
20
0.7039724015748031
11
1.221489842519685
21
0.702141968503937
0
LINE
8
BLACK
6
CONTINUOUS
10
1.221489842519685
20
0.702141968503937
11
1.2194291338582677
21
0.7016937007874016
0
LINE
8
BLACK
6
CONTINUOUS
10
1.2194291338582677
20
0.7016937007874016
11
1.1999225196850394
21
0.7016937007874016
0
LINE
8
BLACK
6
CONTINUOUS
10
1.1999225196850394
20
0.7016937007874016
11
1.1976200393700787
21
0.7012357086614173
0
LINE
8
BLACK
6
CONTINUOUS
10
1.1976200393700787
20
0.7012357086614173
11
1.1950089763779528
21
0.6994910236220472
0
LINE
8
BLACK
6
CONTINUOUS
10
1.1950089763779528
20
0.6994910236220472
11
1.1937215354330708
21
0.6975642519685039
0
LINE
8
BLACK
6
CONTINUOUS
10
1.1937215354330708
20
0.6975642519685039
11
1.1932642913385827
21
0.6968799606299212
0
LINE
8
BLACK
6
CONTINUOUS
10
1.1932642913385827
20
0.6968799606299212
11
1.1932642519685039
21
0.696879842519685
0
LINE
8
BLACK
6
CONTINUOUS
10
1.1932642519685039
20
0.696879842519685
11
1.1928062992125985
21
0.6945775590551181
0
LINE
8
BLACK
6
CONTINUOUS
10
1.1928062992125985
20
0.6945775590551181
11
1.1928062992125985
21
0.5946224015748032
0
LINE
8
BLACK
6
CONTINUOUS
10
1.1928062992125985
20
0.5946224015748032
11
1.1932642519685039
21
0.5923201181102362
0
LINE
8
BLACK
6
CONTINUOUS
10
1.1932642519685039
20
0.5923201181102362
11
1.1932642913385827
21
0.59232
0
LINE
8
BLACK
6
CONTINUOUS
10
1.1932642913385827
20
0.59232
11
1.1950089763779528
21
0.5897089763779527
0
LINE
8
BLACK
6
CONTINUOUS
10
1.1950089763779528
20
0.5897089763779527
11
1.1976199999999999
21
0.5879642913385826
0
LINE
8
BLACK
6
CONTINUOUS
10
1.1976199999999999
20
0.5879642913385826
11
1.1976201181102362
21
0.5879642519685039
0
LINE
8
BLACK
6
CONTINUOUS
10
1.1976201181102362
20
0.5879642519685039
11
1.1999224015748031
21
0.5875062992125984
0
LINE
8
BLACK
6
CONTINUOUS
10
1.1999224015748031
20
0.5875062992125984
11
1.1999225196850394
21
0.5875062992125984
0
LINE
8
BLACK
6
CONTINUOUS
10
1.1999225196850394
20
0.5875062992125984
11
1.2920775590551181
21
0.5875062992125984
0
LINE
8
BLACK
6
CONTINUOUS
10
1.2920775590551181
20
0.5875062992125984
11
1.2943798425196851
21
0.5879642519685039
0
LINE
8
BLACK
6
CONTINUOUS
10
1.2943798425196851
20
0.5879642519685039
11
1.2943799606299213
21
0.5879642913385826
0
LINE
8
BLACK
6
CONTINUOUS
10
1.2943799606299213
20
0.5879642913385826
11
1.2969910236220472
21
0.5897089763779527
0
LINE
8
BLACK
6
CONTINUOUS
10
1.2969910236220472
20
0.5897089763779527
11
1.2987357086614173
21
0.5923200393700787
0
LINE
8
BLACK
6
CONTINUOUS
10
1.2987357086614173
20
0.5923200393700787
11
1.2991937007874015
21
0.5946225196850393
0
LINE
8
BLACK
6
CONTINUOUS
10
1.2991937007874015
20
0.5946225196850393
11
1.2991937007874015
21
0.6207775590551181
0
LINE
8
BLACK
6
CONTINUOUS
10
1.2991937007874015
20
0.6207775590551181
11
1.2991937007874015
21
0.6945774803149606
0
LINE
8
BLACK
6
CONTINUOUS
10
1.2991937007874015
20
0.6945774803149606
11
1.2987357086614173
21
0.6968799606299212
0
LINE
8
BLACK
6
CONTINUOUS
10
1.2987357086614173
20
0.6968799606299212
11
1.2969910236220472
21
0.6994910236220472
0
LINE
8
BLACK
6
CONTINUOUS
10
1.2969910236220472
20
0.6994910236220472
11
1.2943799606299213
21
0.7012357086614173
0
LINE
8
BLACK
6
CONTINUOUS
10
1.2943799606299213
20
0.7012357086614173
11
1.2920774803149606
21
0.7016937007874016
0
LINE
8
BLACK
6
CONTINUOUS
10
1.2920774803149606
20
0.7016937007874016
11
1.2920774409448819
21
0.7016937007874016
0
LINE
8
BLACK
6
CONTINUOUS
10
1.2920774409448819
20
0.7016937007874016
11
1.2805708661417323
21
0.7016937007874016
0
LINE
8
BLACK
6
CONTINUOUS
10
1.2805708661417323
20
0.7016937007874016
11
1.2778889370078741
21
0.7024811811023622
0
LINE
8
BLACK
6
CONTINUOUS
10
1.2778889370078741
20
0.7024811811023622
11
1.2760585039370078
21
0.7045936220472441
0
LINE
8
BLACK
6
CONTINUOUS
10
1.2760585039370078
20
0.7045936220472441
11
1.2756102362204724
21
0.7066543307086613
0
LINE
8
BLACK
6
CONTINUOUS
10
1.2756102362204724
20
0.7066543307086613
11
1.2756102362204724
21
0.7217371653543307
0
LINE
8
BLACK
6
CONTINUOUS
10
1.2756102362204724
20
0.7217371653543307
11
1.2759560236220473
21
0.7229149212598425
0
LINE
8
BLACK
6
CONTINUOUS
10
1.2759560236220473
20
0.7229149212598425
11
1.2762170078740158
21
0.7241145275590551
0
LINE
8
BLACK
6
CONTINUOUS
10
1.2762170078740158
20
0.7241145275590551
11
1.2763671653543307
21
0.7243151181102362
0
LINE
8
BLACK
6
CONTINUOUS
10
1.2763671653543307
20
0.7243151181102362
11
1.276397716535433
21
0.724419094488189
0
LINE
8
BLACK
6
CONTINUOUS
10
1.276397716535433
20
0.724419094488189
11
1.2770631889763779
21
0.725244842519685
0
LINE
8
BLACK
6
CONTINUOUS
10
1.2770631889763779
20
0.725244842519685
11
1.2782716929133857
21
0.7264533464566929
0
LINE
8
BLACK
6
CONTINUOUS
10
1.2782716929133857
20
0.7264533464566929
11
1.2807249212598424
21
0.7277929527559055
0
LINE
8
BLACK
6
CONTINUOUS
10
1.2807249212598424
20
0.7277929527559055
11
1.2817793700787401
21
0.7279062992125984
0
LINE
8
BLACK
6
CONTINUOUS
10
1.2817793700787401
20
0.7279062992125984
11
1.351577559055118
21
0.7279062992125984
0
LINE
8
BLACK
6
CONTINUOUS
10
1.351577559055118
20
0.7279062992125984
11
1.353879842519685
21
0.728364251968504
0
LINE
8
BLACK
6
CONTINUOUS
10
1.353879842519685
20
0.728364251968504
11
1.3538799606299212
21
0.7283642913385827
0
LINE
8
BLACK
6
CONTINUOUS
10
1.3538799606299212
20
0.7283642913385827
11
1.3564910236220473
21
0.7301089763779527
0
LINE
8
BLACK
6
CONTINUOUS
10
1.3564910236220473
20
0.7301089763779527
11
1.3582357086614172
21
0.7327200393700787
0
LINE
8
BLACK
6
CONTINUOUS
10
1.3582357086614172
20
0.7327200393700787
11
1.3586937007874016
21
0.7350225196850394
0
LINE
8
BLACK
6
CONTINUOUS
10
1.3586937007874016
20
0.7350225196850394
11
1.3586937007874016
21
0.8349774803149607
0
LINE
8
BLACK
6
CONTINUOUS
10
1.3586937007874016
20
0.8349774803149607
11
1.3582357086614172
21
0.8372799606299213
0
LINE
8
BLACK
6
CONTINUOUS
10
1.3582357086614172
20
0.8372799606299213
11
1.3564910236220473
21
0.8398910236220473
0
LINE
8
BLACK
6
CONTINUOUS
10
1.3564910236220473
20
0.8398910236220473
11
1.3538799606299212
21
0.8416357086614173
0
LINE
8
BLACK
6
CONTINUOUS
10
1.3538799606299212
20
0.8416357086614173
11
1.3515774803149605
21
0.8420937007874015
0
LINE
8
BLACK
6
CONTINUOUS
10
1.3515774803149605
20
0.8420937007874015
11
1.351577440944882
21
0.8420937007874015
0
LINE
8
BLACK
6
CONTINUOUS
10
1.351577440944882
20
0.8420937007874015
11
1.3311708661417323
21
0.8420937007874015
0
LINE
8
BLACK
6
CONTINUOUS
10
1.3311708661417323
20
0.8420937007874015
11
1.3284889370078741
21
0.8428811811023622
0
LINE
8
BLACK
6
CONTINUOUS
10
1.3284889370078741
20
0.8428811811023622
11
1.3266585039370078
21
0.844993622047244
0
LINE
8
BLACK
6
CONTINUOUS
10
1.3266585039370078
20
0.844993622047244
11
1.3262102362204724
21
0.8470543307086614
0
LINE
8
BLACK
6
CONTINUOUS
10
1.3262102362204724
20
0.8470543307086614
11
1.3262102362204724
21
0.8696456692913386
0
LINE
8
BLACK
6
CONTINUOUS
10
1.3262102362204724
20
0.8696456692913386
11
1.326997716535433
21
0.8723275984251968
0
LINE
8
BLACK
6
CONTINUOUS
10
1.326997716535433
20
0.8723275984251968
11
1.329110157480315
21
0.874158031496063
0
LINE
8
BLACK
6
CONTINUOUS
10
1.329110157480315
20
0.874158031496063
11
1.3311708661417323
21
0.8746062992125984
0
LINE
8
BLACK
6
CONTINUOUS
10
1.3311708661417323
20
0.8746062992125984
11
1.3382775590551181
21
0.8746062992125984
0
LINE
8
BLACK
6
CONTINUOUS
10
1.3382775590551181
20
0.8746062992125984
11
1.3405798425196851
21
0.8750642519685039
0
LINE
8
BLACK
6
CONTINUOUS
10
1.3405798425196851
20
0.8750642519685039
11
1.3405799606299211
21
0.8750642913385827
0
LINE
8
BLACK
6
CONTINUOUS
10
1.3405799606299211
20
0.8750642913385827
11
1.3421512992125983
21
0.8761142519685039
0
LINE
8
BLACK
6
CONTINUOUS
10
1.3421512992125983
20
0.8761142519685039
11
1.3431910236220472
21
0.8768089763779527
0
LINE
8
BLACK
6
CONTINUOUS
10
1.3431910236220472
20
0.8768089763779527
11
1.3449357086614173
21
0.8794200393700787
0
LINE
8
BLACK
6
CONTINUOUS
10
1.3449357086614173
20
0.8794200393700787
11
1.3453937007874015
21
0.8817225196850393
0
LINE
8
BLACK
6
CONTINUOUS
10
1.3453937007874015
20
0.8817225196850393
11
1.3453937007874015
21
0.9432774803149606
0
LINE
8
BLACK
6
CONTINUOUS
10
1.3453937007874015
20
0.9432774803149606
11
1.3453937007874015
21
0.9432775590551181
0
LINE
8
BLACK
6
CONTINUOUS
10
1.3453937007874015
20
0.9432775590551181
11
1.3449357086614173
21
0.9455799606299212
0
LINE
8
BLACK
6
CONTINUOUS
10
1.3449357086614173
20
0.9455799606299212
11
1.3431910236220472
21
0.9481910236220472
0
LINE
8
BLACK
6
CONTINUOUS
10
1.3431910236220472
20
0.9481910236220472
11
1.3405799606299211
21
0.9499357086614173
0
LINE
8
BLACK
6
CONTINUOUS
10
1.3405799606299211
20
0.9499357086614173
11
1.3382774803149606
21
0.9503937007874016
0
LINE
8
BLACK
6
CONTINUOUS
10
1.3382774803149606
20
0.9503937007874016
11
1.3382774409448819
21
0.9503937007874016
0
LINE
8
BLACK
6
CONTINUOUS
10
1.3382774409448819
20
0.9503937007874016
11
1.3355708661417323
21
0.9503937007874016
0
LINE
8
BLACK
6
CONTINUOUS
10
1.3355708661417323
20
0.9503937007874016
11
1.332888937007874
21
0.9511811811023622
0
LINE
8
BLACK
6
CONTINUOUS
10
1.332888937007874
20
0.9511811811023622
11
1.3310585039370078
21
0.9532936220472441
0
LINE
8
BLACK
6
CONTINUOUS
10
1.3310585039370078
20
0.9532936220472441
11
1.3306102362204724
21
0.9553543307086614
0
LINE
8
BLACK
6
CONTINUOUS
10
1.3306102362204724
20
0.9553543307086614
11
1.3306102362204724
21
0.9676832677165355
0
LINE
8
BLACK
6
CONTINUOUS
10
1.3306102362204724
20
0.9676832677165355
11
1.3313977165354332
21
0.9703651968503937
0
LINE
8
BLACK
6
CONTINUOUS
10
1.3313977165354332
20
0.9703651968503937
11
1.3314462598425196
21
0.9704392519685039
0
LINE
8
BLACK
6
CONTINUOUS
10
1.3314462598425196
20
0.9704392519685039
11
1.3324356692913386
21
0.97192
0
LINE
8
BLACK
6
CONTINUOUS
10
1.3324356692913386
20
0.97192
11
1.3324357086614174
21
0.9719200393700788
0
LINE
8
BLACK
6
CONTINUOUS
10
1.3324357086614174
20
0.9719200393700788
11
1.3328937007874015
21
0.9742225196850394
0
LINE
8
BLACK
6
CONTINUOUS
10
1.3328937007874015
20
0.9742225196850394
11
1.3328937007874015
21
1.0557774803149607
0
LINE
8
BLACK
6
CONTINUOUS
10
1.3328937007874015
20
1.0557774803149607
11
1.3324357086614174
21
1.0580799606299212
0
LINE
8
BLACK
6
CONTINUOUS
10
1.3324357086614174
20
1.0580799606299212
11
1.3306910236220473
21
1.0606910236220473
0
LINE
8
BLACK
6
CONTINUOUS
10
1.3306910236220473
20
1.0606910236220473
11
1.3280799606299212
21
1.0624357086614173
0
LINE
8
BLACK
6
CONTINUOUS
10
1.3280799606299212
20
1.0624357086614173
11
1.3257774803149607
21
1.0628937007874015
0
LINE
8
BLACK
6
CONTINUOUS
10
1.3257774803149607
20
1.0628937007874015
11
1.2842225196850394
21
1.0628937007874015
0
LINE
8
BLACK
6
CONTINUOUS
10
1.2842225196850394
20
1.0628937007874015
11
1.2819200393700787
21
1.0624357086614173
0
LINE
8
BLACK
6
CONTINUOUS
10
1.2819200393700787
20
1.0624357086614173
11
1.2793089763779528
21
1.0606910236220473
0
LINE
8
BLACK
6
CONTINUOUS
10
1.2793089763779528
20
1.0606910236220473
11
1.2781211417322835
21
1.0589133070866141
0
LINE
8
BLACK
6
CONTINUOUS
10
1.2781211417322835
20
1.0589133070866141
11
1.2775642913385827
21
1.0580799606299212
0
LINE
8
BLACK
6
CONTINUOUS
10
1.2775642913385827
20
1.0580799606299212
11
1.277564251968504
21
1.0580798425196851
0
LINE
8
BLACK
6
CONTINUOUS
10
1.277564251968504
20
1.0580798425196851
11
1.2771062992125983
21
1.0557775590551182
0
LINE
8
BLACK
6
CONTINUOUS
10
1.2771062992125983
20
1.0557775590551182
11
1.2771062992125983
21
1.0280708661417322
0
LINE
8
BLACK
6
CONTINUOUS
10
1.2771062992125983
20
1.0280708661417322
11
1.2763188188976378
21
1.0253889370078739
0
LINE
8
BLACK
6
CONTINUOUS
10
1.2763188188976378
20
1.0253889370078739
11
1.2742063779527559
21
1.0235585039370079
0
LINE
8
BLACK
6
CONTINUOUS
10
1.2742063779527559
20
1.0235585039370079
11
1.2721456692913387
21
1.0231102362204725
0
LINE
8
BLACK
6
CONTINUOUS
10
1.2721456692913387
20
1.0231102362204725
11
1.2124775984251968
21
1.0231102362204725
0
LINE
8
BLACK
6
CONTINUOUS
10
1.2124775984251968
20
1.0231102362204725
11
1.211872283464567
21
1.0229898031496063
0
LINE
8
BLACK
6
CONTINUOUS
10
1.211872283464567
20
1.0229898031496063
11
1.2118681889763778
21
1.0229890157480315
0
LINE
8
BLACK
6
CONTINUOUS
10
1.2118681889763778
20
1.0229890157480315
11
1.2109003543307086
21
1.0228937007874015
0
LINE
8
BLACK
6
CONTINUOUS
10
1.2109003543307086
20
1.0228937007874015
11
1.1867225196850393
21
1.0228937007874015
0
LINE
8
BLACK
6
CONTINUOUS
10
1.1867225196850393
20
1.0228937007874015
11
1.1844200393700788
21
1.0224357086614173
0
LINE
8
BLACK
6
CONTINUOUS
10
1.1844200393700788
20
1.0224357086614173
11
1.1818089763779527
21
1.0206910236220472
0
LINE
8
BLACK
6
CONTINUOUS
10
1.1818089763779527
20
1.0206910236220472
11
1.1811985039370079
21
1.0197774015748031
0
LINE
8
BLACK
6
CONTINUOUS
10
1.1811985039370079
20
1.0197774015748031
11
1.1800642913385826
21
1.0180799606299213
0
LINE
8
BLACK
6
CONTINUOUS
10
1.1800642913385826
20
1.0180799606299213
11
1.1800642519685038
21
1.0180798425196851
0
LINE
8
BLACK
6
CONTINUOUS
10
1.1800642519685038
20
1.0180798425196851
11
1.1796062992125984
21
1.0157775590551181
0
LINE
8
BLACK
6
CONTINUOUS
10
1.1796062992125984
20
1.0157775590551181
11
1.1796062992125984
21
0.9792224015748031
0
LINE
8
BLACK
6
CONTINUOUS
10
1.3696062992125984
20
0.8817224015748031
11
1.370064251968504
21
0.8794201181102362
0
LINE
8
BLACK
6
CONTINUOUS
10
1.370064251968504
20
0.8794201181102362
11
1.3700642913385825
21
0.87942
0
LINE
8
BLACK
6
CONTINUOUS
10
1.3700642913385825
20
0.87942
11
1.3718089763779526
21
0.8768089763779527
0
LINE
8
BLACK
6
CONTINUOUS
10
1.3718089763779526
20
0.8768089763779527
11
1.37442
21
0.8750642913385827
0
LINE
8
BLACK
6
CONTINUOUS
10
1.37442
20
0.8750642913385827
11
1.3744201181102362
21
0.8750642519685039
0
LINE
8
BLACK
6
CONTINUOUS
10
1.3744201181102362
20
0.8750642519685039
11
1.3767224015748032
21
0.8746062992125984
0
LINE
8
BLACK
6
CONTINUOUS
10
1.3767224015748032
20
0.8746062992125984
11
1.3767225196850394
21
0.8746062992125984
0
LINE
8
BLACK
6
CONTINUOUS
10
1.3767225196850394
20
0.8746062992125984
11
1.438277559055118
21
0.8746062992125984
0
LINE
8
BLACK
6
CONTINUOUS
10
1.438277559055118
20
0.8746062992125984
11
1.440579842519685
21
0.8750642519685039
0
LINE
8
BLACK
6
CONTINUOUS
10
1.440579842519685
20
0.8750642519685039
11
1.4405799606299212
21
0.8750642913385827
0
LINE
8
BLACK
6
CONTINUOUS
10
1.4405799606299212
20
0.8750642913385827
11
1.4421512992125984
21
0.8761142519685039
0
LINE
8
BLACK
6
CONTINUOUS
10
1.4421512992125984
20
0.8761142519685039
11
1.4431910236220473
21
0.8768089763779527
0
LINE
8
BLACK
6
CONTINUOUS
10
1.4431910236220473
20
0.8768089763779527
11
1.4449357086614172
21
0.8794200393700787
0
LINE
8
BLACK
6
CONTINUOUS
10
1.4449357086614172
20
0.8794200393700787
11
1.4453937007874016
21
0.8817225196850393
0
LINE
8
BLACK
6
CONTINUOUS
10
1.4453937007874016
20
0.8817225196850393
11
1.4453937007874016
21
0.9432774803149606
0
LINE
8
BLACK
6
CONTINUOUS
10
1.4453937007874016
20
0.9432774803149606
11
1.4449357086614172
21
0.9455799606299212
0
LINE
8
BLACK
6
CONTINUOUS
10
1.4449357086614172
20
0.9455799606299212
11
1.4431910236220473
21
0.9481910236220472
0
LINE
8
BLACK
6
CONTINUOUS
10
1.4431910236220473
20
0.9481910236220472
11
1.4405799606299212
21
0.9499357086614173
0
LINE
8
BLACK
6
CONTINUOUS
10
1.4405799606299212
20
0.9499357086614173
11
1.4382774803149605
21
0.9503937007874016
0
LINE
8
BLACK
6
CONTINUOUS
10
1.4382774803149605
20
0.9503937007874016
11
1.3767225196850394
21
0.9503937007874016
0
LINE
8
BLACK
6
CONTINUOUS
10
1.3767225196850394
20
0.9503937007874016
11
1.3744200393700787
21
0.9499357086614173
0
LINE
8
BLACK
6
CONTINUOUS
10
1.3744200393700787
20
0.9499357086614173
11
1.3718089763779526
21
0.9481910236220472
0
LINE
8
BLACK
6
CONTINUOUS
10
1.3718089763779526
20
0.9481910236220472
11
1.3704042125984253
21
0.9460887007874016
0
LINE
8
BLACK
6
CONTINUOUS
10
1.3704042125984253
20
0.9460887007874016
11
1.3700642913385825
21
0.9455799606299212
0
LINE
8
BLACK
6
CONTINUOUS
10
1.3700642913385825
20
0.9455799606299212
11
1.370064251968504
21
0.945579842519685
0
LINE
8
BLACK
6
CONTINUOUS
10
1.370064251968504
20
0.945579842519685
11
1.3696062992125984
21
0.9432775590551181
0
LINE
8
BLACK
6
CONTINUOUS
10
1.3696062992125984
20
0.9432775590551181
11
1.3696062992125984
21
0.8817224015748031
0
LINE
8
BLACK
6
CONTINUOUS
10
0.8869200393700787
20
1.9324357086614172
11
0.8843089763779527
21
1.9306910236220471
0
LINE
8
BLACK
6
CONTINUOUS
10
0.8843089763779527
20
1.9306910236220471
11
0.8825642913385826
21
1.9280799606299213
0
LINE
8
BLACK
6
CONTINUOUS
10
0.8825642913385826
20
1.9280799606299213
11
0.882564251968504
21
1.928079842519685
0
LINE
8
BLACK
6
CONTINUOUS
10
0.882564251968504
20
1.928079842519685
11
0.8821062992125984
21
1.925777559055118
0
LINE
8
BLACK
6
CONTINUOUS
10
0.8821062992125984
20
1.925777559055118
11
0.8821062992125984
21
1.864222401574803
0
LINE
8
BLACK
6
CONTINUOUS
10
0.8821062992125984
20
1.864222401574803
11
0.882564251968504
21
1.8619201181102363
0
LINE
8
BLACK
6
CONTINUOUS
10
0.882564251968504
20
1.8619201181102363
11
0.8825642913385826
21
1.86192
0
LINE
8
BLACK
6
CONTINUOUS
10
0.8825642913385826
20
1.86192
11
0.8843089763779527
21
1.8593089763779527
0
LINE
8
BLACK
6
CONTINUOUS
10
0.8843089763779527
20
1.8593089763779527
11
0.8869199999999999
21
1.8575642913385826
0
LINE
8
BLACK
6
CONTINUOUS
10
0.8869199999999999
20
1.8575642913385826
11
0.8869201181102362
21
1.8575642519685038
0
LINE
8
BLACK
6
CONTINUOUS
10
0.8869201181102362
20
1.8575642519685038
11
0.8892224015748031
21
1.8571062992125984
0
LINE
8
BLACK
6
CONTINUOUS
10
0.8892224015748031
20
1.8571062992125984
11
0.8892225196850394
21
1.8571062992125984
0
LINE
8
BLACK
6
CONTINUOUS
10
0.8892225196850394
20
1.8571062992125984
11
0.8894291338582677
21
1.8571062992125984
0
LINE
8
BLACK
6
CONTINUOUS
10
0.8894291338582677
20
1.8571062992125984
11
0.8921110629921259
21
1.8563188188976378
0
LINE
8
BLACK
6
CONTINUOUS
10
0.8921110629921259
20
1.8563188188976378
11
0.8939414960629921
21
1.8542063779527558
0
LINE
8
BLACK
6
CONTINUOUS
10
0.8939414960629921
20
1.8542063779527558
11
0.8943897637795275
21
1.8521456692913385
0
LINE
8
BLACK
6
CONTINUOUS
10
0.8943897637795275
20
1.8521456692913385
11
0.8943897637795275
21
1.8378543307086614
0
LINE
8
BLACK
6
CONTINUOUS
10
0.8943897637795275
20
1.8378543307086614
11
0.8936022834645669
21
1.8351724015748032
0
LINE
8
BLACK
6
CONTINUOUS
10
0.8936022834645669
20
1.8351724015748032
11
0.891489842519685
21
1.8333419685039369
0
LINE
8
BLACK
6
CONTINUOUS
10
0.891489842519685
20
1.8333419685039369
11
0.8894291338582677
21
1.8328937007874015
0
LINE
8
BLACK
6
CONTINUOUS
10
0.8894291338582677
20
1.8328937007874015
11
0.8892225196850394
21
1.8328937007874015
0
LINE
8
BLACK
6
CONTINUOUS
10
0.8892225196850394
20
1.8328937007874015
11
0.8869200393700787
21
1.8324357086614174
0
LINE
8
BLACK
6
CONTINUOUS
10
0.8869200393700787
20
1.8324357086614174
11
0.8843089763779527
21
1.8306910236220473
0
LINE
8
BLACK
6
CONTINUOUS
10
0.8843089763779527
20
1.8306910236220473
11
0.8825642913385826
21
1.8280799606299212
0
LINE
8
BLACK
6
CONTINUOUS
10
0.8825642913385826
20
1.8280799606299212
11
0.882564251968504
21
1.8280798425196849
0
LINE
8
BLACK
6
CONTINUOUS
10
0.882564251968504
20
1.8280798425196849
11
0.8821062992125984
21
1.825777559055118
0
LINE
8
BLACK
6
CONTINUOUS
10
0.8821062992125984
20
1.825777559055118
11
0.8821062992125984
21
1.7642224015748031
0
LINE
8
BLACK
6
CONTINUOUS
10
0.8821062992125984
20
1.7642224015748031
11
0.882564251968504
21
1.7619201181102362
0
LINE
8
BLACK
6
CONTINUOUS
10
0.882564251968504
20
1.7619201181102362
11
0.8825642913385826
21
1.7619199999999999
0
LINE
8
BLACK
6
CONTINUOUS
10
0.8825642913385826
20
1.7619199999999999
11
0.8843089763779527
21
1.7593089763779528
0
LINE
8
BLACK
6
CONTINUOUS
10
0.8843089763779527
20
1.7593089763779528
11
0.8869199999999999
21
1.7575642913385827
0
LINE
8
BLACK
6
CONTINUOUS
10
0.8869199999999999
20
1.7575642913385827
11
0.8869201181102362
21
1.757564251968504
0
LINE
8
BLACK
6
CONTINUOUS
10
0.8869201181102362
20
1.757564251968504
11
0.8892224015748031
21
1.7571062992125983
0
LINE
8
BLACK
6
CONTINUOUS
10
0.8892224015748031
20
1.7571062992125983
11
0.8892225196850394
21
1.7571062992125983
0
LINE
8
BLACK
6
CONTINUOUS
10
0.8892225196850394
20
1.7571062992125983
11
0.8894291338582677
21
1.7571062992125983
0
LINE
8
BLACK
6
CONTINUOUS
10
0.8894291338582677
20
1.7571062992125983
11
0.8921110629921259
21
1.7563188188976377
0
LINE
8
BLACK
6
CONTINUOUS
10
0.8921110629921259
20
1.7563188188976377
11
0.8939414960629921
21
1.7542063779527559
0
LINE
8
BLACK
6
CONTINUOUS
10
0.8939414960629921
20
1.7542063779527559
11
0.8943897637795275
21
1.7521456692913386
0
LINE
8
BLACK
6
CONTINUOUS
10
0.8943897637795275
20
1.7521456692913386
11
0.8943897637795275
21
1.5955708661417323
0
LINE
8
BLACK
6
CONTINUOUS
10
0.8943897637795275
20
1.5955708661417323
11
0.8936022834645669
21
1.592888937007874
0
LINE
8
BLACK
6
CONTINUOUS
10
0.8936022834645669
20
1.592888937007874
11
0.891489842519685
21
1.5910585039370078
0
LINE
8
BLACK
6
CONTINUOUS
10
0.891489842519685
20
1.5910585039370078
11
0.8894291338582677
21
1.5906102362204724
0
LINE
8
BLACK
6
CONTINUOUS
10
0.8894291338582677
20
1.5906102362204724
11
0.8028543307086614
21
1.5906102362204724
0
LINE
8
BLACK
6
CONTINUOUS
10
0.8028543307086614
20
1.5906102362204724
11
0.8001724015748032
21
1.5913977165354329
0
LINE
8
BLACK
6
CONTINUOUS
10
0.8001724015748032
20
1.5913977165354329
11
0.798341968503937
21
1.593510157480315
0
LINE
8
BLACK
6
CONTINUOUS
10
0.798341968503937
20
1.593510157480315
11
0.7978937007874015
21
1.5955708661417323
0
LINE
8
BLACK
6
CONTINUOUS
10
0.7978937007874015
20
1.5955708661417323
11
0.7978937007874015
21
1.637777401574803
0
LINE
8
BLACK
6
CONTINUOUS
10
0.7978937007874015
20
1.637777401574803
11
0.7978937007874015
21
1.6377774803149605
0
LINE
8
BLACK
6
CONTINUOUS
10
0.7978937007874015
20
1.6377774803149605
11
0.7974357086614173
21
1.6400799606299212
0
LINE
8
BLACK
6
CONTINUOUS
10
0.7974357086614173
20
1.6400799606299212
11
0.7956910236220472
21
1.6426910236220471
0
LINE
8
BLACK
6
CONTINUOUS
10
0.7956910236220472
20
1.6426910236220471
11
0.7930799606299213
21
1.6444357086614172
0
LINE
8
BLACK
6
CONTINUOUS
10
0.7930799606299213
20
1.6444357086614172
11
0.7907774803149606
21
1.6448937007874016
0
LINE
8
BLACK
6
CONTINUOUS
10
0.7907774803149606
20
1.6448937007874016
11
0.7907774409448819
21
1.6448937007874016
0
LINE
8
BLACK
6
CONTINUOUS
10
0.7907774409448819
20
1.6448937007874016
11
0.7408793700787402
21
1.6448937007874016
0
LINE
8
BLACK
6
CONTINUOUS
10
0.7408793700787402
20
1.6448937007874016
11
0.7381974409448818
21
1.6456811811023622
0
LINE
8
BLACK
6
CONTINUOUS
10
0.7381974409448818
20
1.6456811811023622
11
0.7373718503937008
21
1.6463464566929134
0
LINE
8
BLACK
6
CONTINUOUS
10
0.7373718503937008
20
1.6463464566929134
11
0.7038255511811023
21
1.6798927952755904
0
LINE
8
BLACK
6
CONTINUOUS
10
0.7038255511811023
20
1.6798927952755904
11
0.6996309842519685
21
1.6826954724409449
0
LINE
8
BLACK
6
CONTINUOUS
10
0.6996309842519685
20
1.6826954724409449
11
0.6949702362204724
21
1.6846260236220472
0
LINE
8
BLACK
6
CONTINUOUS
10
0.6949702362204724
20
1.6846260236220472
11
0.6900224015748031
21
1.6856102362204723
0
LINE
8
BLACK
6
CONTINUOUS
10
0.6900224015748031
20
1.6856102362204723
11
0.6900222440944882
21
1.6856102362204723
0
LINE
8
BLACK
6
CONTINUOUS
10
0.6900222440944882
20
1.6856102362204723
11
0.6328543307086614
21
1.6856102362204723
0
LINE
8
BLACK
6
CONTINUOUS
10
0.6328543307086614
20
1.6856102362204723
11
0.6301724015748031
21
1.6863977165354331
0
LINE
8
BLACK
6
CONTINUOUS
10
0.6301724015748031
20
1.6863977165354331
11
0.628341968503937
21
1.688510157480315
0
LINE
8
BLACK
6
CONTINUOUS
10
0.628341968503937
20
1.688510157480315
11
0.6278937007874016
21
1.6905708661417322
0
LINE
8
BLACK
6
CONTINUOUS
10
0.6278937007874016
20
1.6905708661417322
11
0.6278937007874016
21
1.6907774015748032
0
LINE
8
BLACK
6
CONTINUOUS
10
0.6278937007874016
20
1.6907774015748032
11
0.6278937007874016
21
1.6907774803149607
0
LINE
8
BLACK
6
CONTINUOUS
10
0.6278937007874016
20
1.6907774803149607
11
0.6274357086614173
21
1.6930799606299212
0
LINE
8
BLACK
6
CONTINUOUS
10
0.6274357086614173
20
1.6930799606299212
11
0.6256910236220472
21
1.6956910236220473
0
LINE
8
BLACK
6
CONTINUOUS
10
0.6256910236220472
20
1.6956910236220473
11
0.6230799606299212
21
1.6974357086614174
0
LINE
8
BLACK
6
CONTINUOUS
10
0.6230799606299212
20
1.6974357086614174
11
0.6207774803149606
21
1.6978937007874015
0
LINE
8
BLACK
6
CONTINUOUS
10
0.6207774803149606
20
1.6978937007874015
11
0.5592225196850393
21
1.6978937007874015
0
LINE
8
BLACK
6
CONTINUOUS
10
0.5592225196850393
20
1.6978937007874015
11
0.5569200393700787
21
1.6974357086614174
0
LINE
8
BLACK
6
CONTINUOUS
10
0.5569200393700787
20
1.6974357086614174
11
0.5543089763779527
21
1.6956910236220473
0
LINE
8
BLACK
6
CONTINUOUS
10
0.5543089763779527
20
1.6956910236220473
11
0.5525642913385826
21
1.6930799606299212
0
LINE
8
BLACK
6
CONTINUOUS
10
0.5525642913385826
20
1.6930799606299212
11
0.5525642519685039
21
1.6930798425196849
0
LINE
8
BLACK
6
CONTINUOUS
10
0.5525642519685039
20
1.6930798425196849
11
0.5521062992125985
21
1.6907775590551182
0
LINE
8
BLACK
6
CONTINUOUS
10
0.5521062992125985
20
1.6907775590551182
11
0.5521062992125985
21
1.6905708661417322
0
LINE
8
BLACK
6
CONTINUOUS
10
0.5521062992125985
20
1.6905708661417322
11
0.5513188188976378
21
1.687888937007874
0
LINE
8
BLACK
6
CONTINUOUS
10
0.5513188188976378
20
1.687888937007874
11
0.5492063779527558
21
1.6860585039370077
0
LINE
8
BLACK
6
CONTINUOUS
10
0.5492063779527558
20
1.6860585039370077
11
0.5471456692913386
21
1.6856102362204723
0
LINE
8
BLACK
6
CONTINUOUS
10
0.5471456692913386
20
1.6856102362204723
11
0.5328543307086614
21
1.6856102362204723
0
LINE
8
BLACK
6
CONTINUOUS
10
0.5328543307086614
20
1.6856102362204723
11
0.5301724015748032
21
1.6863977165354331
0
LINE
8
BLACK
6
CONTINUOUS
10
0.5301724015748032
20
1.6863977165354331
11
0.528341968503937
21
1.688510157480315
0
LINE
8
BLACK
6
CONTINUOUS
10
0.528341968503937
20
1.688510157480315
11
0.5278937007874016
21
1.6905708661417322
0
LINE
8
BLACK
6
CONTINUOUS
10
0.5278937007874016
20
1.6905708661417322
11
0.5278937007874016
21
1.6907774015748032
0
LINE
8
BLACK
6
CONTINUOUS
10
0.5278937007874016
20
1.6907774015748032
11
0.5278937007874016
21
1.6907774803149607
0
LINE
8
BLACK
6
CONTINUOUS
10
0.5278937007874016
20
1.6907774803149607
11
0.5274357086614173
21
1.6930799606299212
0
LINE
8
BLACK
6
CONTINUOUS
10
0.5274357086614173
20
1.6930799606299212
11
0.5256910236220472
21
1.6956910236220473
0
LINE
8
BLACK
6
CONTINUOUS
10
0.5256910236220472
20
1.6956910236220473
11
0.5230799606299212
21
1.6974357086614174
0
LINE
8
BLACK
6
CONTINUOUS
10
0.5230799606299212
20
1.6974357086614174
11
0.5207774803149606
21
1.6978937007874015
0
LINE
8
BLACK
6
CONTINUOUS
10
0.5207774803149606
20
1.6978937007874015
11
0.4592225196850394
21
1.6978937007874015
0
LINE
8
BLACK
6
CONTINUOUS
10
0.4592225196850394
20
1.6978937007874015
11
0.4569200393700787
21
1.6974357086614174
0
LINE
8
BLACK
6
CONTINUOUS
10
0.4569200393700787
20
1.6974357086614174
11
0.4543089763779528
21
1.6956910236220473
0
LINE
8
BLACK
6
CONTINUOUS
10
0.4543089763779528
20
1.6956910236220473
11
0.4525642913385827
21
1.6930799606299212
0
LINE
8
BLACK
6
CONTINUOUS
10
0.4525642913385827
20
1.6930799606299212
11
0.4525642519685039
21
1.6930798425196849
0
LINE
8
BLACK
6
CONTINUOUS
10
0.4525642519685039
20
1.6930798425196849
11
0.4521062992125984
21
1.6907775590551182
0
LINE
8
BLACK
6
CONTINUOUS
10
0.4521062992125984
20
1.6907775590551182
11
0.4521062992125984
21
1.6292224015748031
0
LINE
8
BLACK
6
CONTINUOUS
10
0.4521062992125984
20
1.6292224015748031
11
0.4525642519685039
21
1.6269201181102362
0
LINE
8
BLACK
6
CONTINUOUS
10
0.4525642519685039
20
1.6269201181102362
11
0.4525642913385827
21
1.6269199999999999
0
LINE
8
BLACK
6
CONTINUOUS
10
0.4525642913385827
20
1.6269199999999999
11
0.4543089763779528
21
1.6243089763779528
0
LINE
8
BLACK
6
CONTINUOUS
10
0.4543089763779528
20
1.6243089763779528
11
0.45692
21
1.6225642913385827
0
LINE
8
BLACK
6
CONTINUOUS
10
0.45692
20
1.6225642913385827
11
0.4569201181102362
21
1.622564251968504
0
LINE
8
BLACK
6
CONTINUOUS
10
0.4569201181102362
20
1.622564251968504
11
0.4592224015748032
21
1.6221062992125983
0
LINE
8
BLACK
6
CONTINUOUS
10
0.4592224015748032
20
1.6221062992125983
11
0.4592225196850394
21
1.6221062992125983
0
LINE
8
BLACK
6
CONTINUOUS
10
0.4592225196850394
20
1.6221062992125983
11
0.5207775590551181
21
1.6221062992125983
0
LINE
8
BLACK
6
CONTINUOUS
10
0.5207775590551181
20
1.6221062992125983
11
0.523079842519685
21
1.622564251968504
0
LINE
8
BLACK
6
CONTINUOUS
10
0.523079842519685
20
1.622564251968504
11
0.5230799606299212
21
1.6225642913385827
0
LINE
8
BLACK
6
CONTINUOUS
10
0.5230799606299212
20
1.6225642913385827
11
0.5233991338582678
21
1.6227775590551181
0
LINE
8
BLACK
6
CONTINUOUS
10
0.5233991338582678
20
1.6227775590551181
11
0.5256910236220472
21
1.6243089763779528
0
LINE
8
BLACK
6
CONTINUOUS
10
0.5256910236220472
20
1.6243089763779528
11
0.5274357086614173
21
1.6269200393700787
0
LINE
8
BLACK
6
CONTINUOUS
10
0.5274357086614173
20
1.6269200393700787
11
0.5278937007874016
21
1.6292225196850394
0
LINE
8
BLACK
6
CONTINUOUS
10
0.5278937007874016
20
1.6292225196850394
11
0.5278937007874016
21
1.6294291338582676
0
LINE
8
BLACK
6
CONTINUOUS
10
0.5278937007874016
20
1.6294291338582676
11
0.5286811811023622
21
1.632111062992126
0
LINE
8
BLACK
6
CONTINUOUS
10
0.5286811811023622
20
1.632111062992126
11
0.5307936220472441
21
1.6339414960629921
0
LINE
8
BLACK
6
CONTINUOUS
10
0.5307936220472441
20
1.6339414960629921
11
0.5328543307086614
21
1.6343897637795275
0
LINE
8
BLACK
6
CONTINUOUS
10
0.5328543307086614
20
1.6343897637795275
11
0.5471456692913386
21
1.6343897637795275
0
LINE
8
BLACK
6
CONTINUOUS
10
0.5471456692913386
20
1.6343897637795275
11
0.5498275984251968
21
1.6336022834645669
0
LINE
8
BLACK
6
CONTINUOUS
10
0.5498275984251968
20
1.6336022834645669
11
0.551658031496063
21
1.6314898425196851
0
LINE
8
BLACK
6
CONTINUOUS
10
0.551658031496063
20
1.6314898425196851
11
0.5521062992125985
21
1.6294291338582676
0
LINE
8
BLACK
6
CONTINUOUS
10
0.5521062992125985
20
1.6294291338582676
11
0.5521062992125985
21
1.6292224015748031
0
LINE
8
BLACK
6
CONTINUOUS
10
0.5521062992125985
20
1.6292224015748031
11
0.5525642519685039
21
1.6269201181102362
0
LINE
8
BLACK
6
CONTINUOUS
10
0.5525642519685039
20
1.6269201181102362
11
0.5525642913385826
21
1.6269199999999999
0
LINE
8
BLACK
6
CONTINUOUS
10
0.5525642913385826
20
1.6269199999999999
11
0.5543089763779527
21
1.6243089763779528
0
LINE
8
BLACK
6
CONTINUOUS
10
0.5543089763779527
20
1.6243089763779528
11
0.55692
21
1.6225642913385827
0
LINE
8
BLACK
6
CONTINUOUS
10
0.55692
20
1.6225642913385827
11
0.5569201181102362
21
1.622564251968504
0
LINE
8
BLACK
6
CONTINUOUS
10
0.5569201181102362
20
1.622564251968504
11
0.5592224015748032
21
1.6221062992125983
0
LINE
8
BLACK
6
CONTINUOUS
10
0.5592224015748032
20
1.6221062992125983
11
0.5592225196850393
21
1.6221062992125983
0
LINE
8
BLACK
6
CONTINUOUS
10
0.5592225196850393
20
1.6221062992125983
11
0.6207775590551181
21
1.6221062992125983
0
LINE
8
BLACK
6
CONTINUOUS
10
0.6207775590551181
20
1.6221062992125983
11
0.6230798425196851
21
1.622564251968504
0
LINE
8
BLACK
6
CONTINUOUS
10
0.6230798425196851
20
1.622564251968504
11
0.6230799606299212
21
1.6225642913385827
0
LINE
8
BLACK
6
CONTINUOUS
10
0.6230799606299212
20
1.6225642913385827
11
0.6233991338582677
21
1.6227775590551181
0
LINE
8
BLACK
6
CONTINUOUS
10
0.6233991338582677
20
1.6227775590551181
11
0.6256910236220472
21
1.6243089763779528
0
LINE
8
BLACK
6
CONTINUOUS
10
0.6256910236220472
20
1.6243089763779528
11
0.6274357086614173
21
1.6269200393700787
0
LINE
8
BLACK
6
CONTINUOUS
10
0.6274357086614173
20
1.6269200393700787
11
0.6278937007874016
21
1.6292225196850394
0
LINE
8
BLACK
6
CONTINUOUS
10
0.6278937007874016
20
1.6292225196850394
11
0.6278937007874016
21
1.6294291338582676
0
LINE
8
BLACK
6
CONTINUOUS
10
0.6278937007874016
20
1.6294291338582676
11
0.6286811811023622
21
1.632111062992126
0
LINE
8
BLACK
6
CONTINUOUS
10
0.6286811811023622
20
1.632111062992126
11
0.6307936220472441
21
1.6339414960629921
0
LINE
8
BLACK
6
CONTINUOUS
10
0.6307936220472441
20
1.6339414960629921
11
0.6328543307086614
21
1.6343897637795275
0
LINE
8
BLACK
6
CONTINUOUS
10
0.6328543307086614
20
1.6343897637795275
11
0.6748371653543307
21
1.6343897637795275
0
LINE
8
BLACK
6
CONTINUOUS
10
0.6748371653543307
20
1.6343897637795275
11
0.6775190944881889
21
1.6336022834645669
0
LINE
8
BLACK
6
CONTINUOUS
10
0.6775190944881889
20
1.6336022834645669
11
0.6783448425196851
21
1.632936811023622
0
LINE
8
BLACK
6
CONTINUOUS
10
0.6783448425196851
20
1.632936811023622
11
0.7006533464566929
21
1.6106283070866141
0
LINE
8
BLACK
6
CONTINUOUS
10
0.7006533464566929
20
1.6106283070866141
11
0.7019929527559055
21
1.6081750787401574
0
LINE
8
BLACK
6
CONTINUOUS
10
0.7019929527559055
20
1.6081750787401574
11
0.7021062992125984
21
1.6071206299212597
0
LINE
8
BLACK
6
CONTINUOUS
10
0.7021062992125984
20
1.6071206299212597
11
0.7021062992125984
21
1.4922224015748031
0
LINE
8
BLACK
6
CONTINUOUS
10
0.7021062992125984
20
1.4922224015748031
11
0.7022423228346456
21
1.4915386614173227
0
LINE
8
BLACK
6
CONTINUOUS
10
0.7022423228346456
20
1.4915386614173227
11
0.701993188976378
21
1.4887546456692913
0
LINE
8
BLACK
6
CONTINUOUS
10
0.701993188976378
20
1.4887546456692913
11
0.7002784645669291
21
1.4865472440944882
0
LINE
8
BLACK
6
CONTINUOUS
10
0.7002784645669291
20
1.4865472440944882
11
0.6976425590551181
21
1.4856173622047244
0
LINE
8
BLACK
6
CONTINUOUS
10
0.6976425590551181
20
1.4856173622047244
11
0.6973770078740157
21
1.4856102362204724
0
LINE
8
BLACK
6
CONTINUOUS
10
0.6973770078740157
20
1.4856102362204724
11
0.6328543307086614
21
1.4856102362204724
0
LINE
8
BLACK
6
CONTINUOUS
10
0.6328543307086614
20
1.4856102362204724
11
0.6301724015748031
21
1.486397716535433
0
LINE
8
BLACK
6
CONTINUOUS
10
0.6301724015748031
20
1.486397716535433
11
0.628341968503937
21
1.488510157480315
0
LINE
8
BLACK
6
CONTINUOUS
10
0.628341968503937
20
1.488510157480315
11
0.6278937007874016
21
1.4905708661417323
0
LINE
8
BLACK
6
CONTINUOUS
10
0.6278937007874016
20
1.4905708661417323
11
0.6278937007874016
21
1.4907774015748032
0
LINE
8
BLACK
6
CONTINUOUS
10
0.6278937007874016
20
1.4907774015748032
11
0.6278937007874016
21
1.4907774803149605
0
LINE
8
BLACK
6
CONTINUOUS
10
0.6278937007874016
20
1.4907774803149605
11
0.6274357086614173
21
1.4930799606299212
0
LINE
8
BLACK
6
CONTINUOUS
10
0.6274357086614173
20
1.4930799606299212
11
0.6256910236220472
21
1.4956910236220473
0
LINE
8
BLACK
6
CONTINUOUS
10
0.6256910236220472
20
1.4956910236220473
11
0.6230799606299212
21
1.4974357086614174
0
LINE
8
BLACK
6
CONTINUOUS
10
0.6230799606299212
20
1.4974357086614174
11
0.6207774803149606
21
1.4978937007874016
0
LINE
8
BLACK
6
CONTINUOUS
10
0.6207774803149606
20
1.4978937007874016
11
0.5592225196850393
21
1.4978937007874016
0
LINE
8
BLACK
6
CONTINUOUS
10
0.5592225196850393
20
1.4978937007874016
11
0.5569200393700787
21
1.4974357086614174
0
LINE
8
BLACK
6
CONTINUOUS
10
0.5569200393700787
20
1.4974357086614174
11
0.5543089763779527
21
1.4956910236220473
0
LINE
8
BLACK
6
CONTINUOUS
10
0.5543089763779527
20
1.4956910236220473
11
0.5530983858267716
21
1.4938792519685038
0
LINE
8
BLACK
6
CONTINUOUS
10
0.5530983858267716
20
1.4938792519685038
11
0.5525642913385826
21
1.4930799606299212
0
LINE
8
BLACK
6
CONTINUOUS
10
0.5525642913385826
20
1.4930799606299212
11
0.5525642519685039
21
1.493079842519685
0
LINE
8
BLACK
6
CONTINUOUS
10
0.5525642519685039
20
1.493079842519685
11
0.5521062992125985
21
1.490777559055118
0
LINE
8
BLACK
6
CONTINUOUS
10
0.5521062992125985
20
1.490777559055118
11
0.5521062992125985
21
1.4905708661417323
0
LINE
8
BLACK
6
CONTINUOUS
10
0.5521062992125985
20
1.4905708661417323
11
0.5513188188976378
21
1.4878889370078741
0
LINE
8
BLACK
6
CONTINUOUS
10
0.5513188188976378
20
1.4878889370078741
11
0.5492063779527558
21
1.4860585039370078
0
LINE
8
BLACK
6
CONTINUOUS
10
0.5492063779527558
20
1.4860585039370078
11
0.5471456692913386
21
1.4856102362204724
0
LINE
8
BLACK
6
CONTINUOUS
10
0.5471456692913386
20
1.4856102362204724
11
0.5328543307086614
21
1.4856102362204724
0
LINE
8
BLACK
6
CONTINUOUS
10
0.5328543307086614
20
1.4856102362204724
11
0.5301724015748032
21
1.486397716535433
0
LINE
8
BLACK
6
CONTINUOUS
10
0.5301724015748032
20
1.486397716535433
11
0.528341968503937
21
1.488510157480315
0
LINE
8
BLACK
6
CONTINUOUS
10
0.528341968503937
20
1.488510157480315
11
0.5278937007874016
21
1.4905708661417323
0
LINE
8
BLACK
6
CONTINUOUS
10
0.5278937007874016
20
1.4905708661417323
11
0.5278937007874016
21
1.4907774015748032
0
LINE
8
BLACK
6
CONTINUOUS
10
0.5278937007874016
20
1.4907774015748032
11
0.5278937007874016
21
1.4907774803149605
0
LINE
8
BLACK
6
CONTINUOUS
10
0.5278937007874016
20
1.4907774803149605
11
0.5274357086614173
21
1.4930799606299212
0
LINE
8
BLACK
6
CONTINUOUS
10
0.5274357086614173
20
1.4930799606299212
11
0.5256910236220472
21
1.4956910236220473
0
LINE
8
BLACK
6
CONTINUOUS
10
0.5256910236220472
20
1.4956910236220473
11
0.5230799606299212
21
1.4974357086614174
0
LINE
8
BLACK
6
CONTINUOUS
10
0.5230799606299212
20
1.4974357086614174
11
0.5207774803149606
21
1.4978937007874016
0
LINE
8
BLACK
6
CONTINUOUS
10
0.5207774803149606
20
1.4978937007874016
11
0.4592225196850394
21
1.4978937007874016
0
LINE
8
BLACK
6
CONTINUOUS
10
0.4592225196850394
20
1.4978937007874016
11
0.4569200393700787
21
1.4974357086614174
0
LINE
8
BLACK
6
CONTINUOUS
10
0.4569200393700787
20
1.4974357086614174
11
0.4543089763779528
21
1.4956910236220473
0
LINE
8
BLACK
6
CONTINUOUS
10
0.4543089763779528
20
1.4956910236220473
11
0.4530983858267716
21
1.4938792519685038
0
LINE
8
BLACK
6
CONTINUOUS
10
0.4530983858267716
20
1.4938792519685038
11
0.4525642913385827
21
1.4930799606299212
0
LINE
8
BLACK
6
CONTINUOUS
10
0.4525642913385827
20
1.4930799606299212
11
0.4525642519685039
21
1.493079842519685
0
LINE
8
BLACK
6
CONTINUOUS
10
0.4525642519685039
20
1.493079842519685
11
0.4521062992125984
21
1.490777559055118
0
LINE
8
BLACK
6
CONTINUOUS
10
0.4521062992125984
20
1.490777559055118
11
0.4521062992125984
21
1.4292224015748032
0
LINE
8
BLACK
6
CONTINUOUS
10
0.4521062992125984
20
1.4292224015748032
11
0.4525642519685039
21
1.4269201181102362
0
LINE
8
BLACK
6
CONTINUOUS
10
0.4525642519685039
20
1.4269201181102362
11
0.4525642913385827
21
1.42692
0
LINE
8
BLACK
6
CONTINUOUS
10
0.4525642913385827
20
1.42692
11
0.4543089763779528
21
1.4243089763779526
0
LINE
8
BLACK
6
CONTINUOUS
10
0.4543089763779528
20
1.4243089763779526
11
0.45692
21
1.4225642913385828
0
LINE
8
BLACK
6
CONTINUOUS
10
0.45692
20
1.4225642913385828
11
0.4569201181102362
21
1.422564251968504
0
LINE
8
BLACK
6
CONTINUOUS
10
0.4569201181102362
20
1.422564251968504
11
0.4592224015748032
21
1.4221062992125983
0
LINE
8
BLACK
6
CONTINUOUS
10
0.4592224015748032
20
1.4221062992125983
11
0.4592225196850394
21
1.4221062992125983
0
LINE
8
BLACK
6
CONTINUOUS
10
0.4592225196850394
20
1.4221062992125983
11
0.5207775590551181
21
1.4221062992125983
0
LINE
8
BLACK
6
CONTINUOUS
10
0.5207775590551181
20
1.4221062992125983
11
0.523079842519685
21
1.422564251968504
0
LINE
8
BLACK
6
CONTINUOUS
10
0.523079842519685
20
1.422564251968504
11
0.5230799606299212
21
1.4225642913385828
0
LINE
8
BLACK
6
CONTINUOUS
10
0.5230799606299212
20
1.4225642913385828
11
0.5256910236220472
21
1.4243089763779526
0
LINE
8
BLACK
6
CONTINUOUS
10
0.5256910236220472
20
1.4243089763779526
11
0.5274357086614173
21
1.4269200393700787
0
LINE
8
BLACK
6
CONTINUOUS
10
0.5274357086614173
20
1.4269200393700787
11
0.5278937007874016
21
1.4292225196850394
0
LINE
8
BLACK
6
CONTINUOUS
10
0.5278937007874016
20
1.4292225196850394
11
0.5278937007874016
21
1.4294291338582676
0
LINE
8
BLACK
6
CONTINUOUS
10
0.5278937007874016
20
1.4294291338582676
11
0.5286811811023622
21
1.4321110629921259
0
LINE
8
BLACK
6
CONTINUOUS
10
0.5286811811023622
20
1.4321110629921259
11
0.5307936220472441
21
1.4339414960629921
0
LINE
8
BLACK
6
CONTINUOUS
10
0.5307936220472441
20
1.4339414960629921
11
0.5328543307086614
21
1.4343897637795275
0
LINE
8
BLACK
6
CONTINUOUS
10
0.5328543307086614
20
1.4343897637795275
11
0.5471456692913386
21
1.4343897637795275
0
LINE
8
BLACK
6
CONTINUOUS
10
0.5471456692913386
20
1.4343897637795275
11
0.5498275984251968
21
1.433602283464567
0
LINE
8
BLACK
6
CONTINUOUS
10
0.5498275984251968
20
1.433602283464567
11
0.551658031496063
21
1.4314898425196849
0
LINE
8
BLACK
6
CONTINUOUS
10
0.551658031496063
20
1.4314898425196849
11
0.5521062992125985
21
1.4294291338582676
0
LINE
8
BLACK
6
CONTINUOUS
10
0.5521062992125985
20
1.4294291338582676
11
0.5521062992125985
21
1.4292224015748032
0
LINE
8
BLACK
6
CONTINUOUS
10
0.5521062992125985
20
1.4292224015748032
11
0.5525642519685039
21
1.4269201181102362
0
LINE
8
BLACK
6
CONTINUOUS
10
0.5525642519685039
20
1.4269201181102362
11
0.5525642913385826
21
1.42692
0
LINE
8
BLACK
6
CONTINUOUS
10
0.5525642913385826
20
1.42692
11
0.5543089763779527
21
1.4243089763779526
0
LINE
8
BLACK
6
CONTINUOUS
10
0.5543089763779527
20
1.4243089763779526
11
0.55692
21
1.4225642913385828
0
LINE
8
BLACK
6
CONTINUOUS
10
0.55692
20
1.4225642913385828
11
0.5569201181102362
21
1.422564251968504
0
LINE
8
BLACK
6
CONTINUOUS
10
0.5569201181102362
20
1.422564251968504
11
0.5592224015748032
21
1.4221062992125983
0
LINE
8
BLACK
6
CONTINUOUS
10
0.5592224015748032
20
1.4221062992125983
11
0.5592225196850393
21
1.4221062992125983
0
LINE
8
BLACK
6
CONTINUOUS
10
0.5592225196850393
20
1.4221062992125983
11
0.6207775590551181
21
1.4221062992125983
0
LINE
8
BLACK
6
CONTINUOUS
10
0.6207775590551181
20
1.4221062992125983
11
0.6230798425196851
21
1.422564251968504
0
LINE
8
BLACK
6
CONTINUOUS
10
0.6230798425196851
20
1.422564251968504
11
0.6230799606299212
21
1.4225642913385828
0
LINE
8
BLACK
6
CONTINUOUS
10
0.6230799606299212
20
1.4225642913385828
11
0.6256910236220472
21
1.4243089763779526
0
LINE
8
BLACK
6
CONTINUOUS
10
0.6256910236220472
20
1.4243089763779526
11
0.6274357086614173
21
1.4269200393700787
0
LINE
8
BLACK
6
CONTINUOUS
10
0.6274357086614173
20
1.4269200393700787
11
0.6278937007874016
21
1.4292225196850394
0
LINE
8
BLACK
6
CONTINUOUS
10
0.6278937007874016
20
1.4292225196850394
11
0.6278937007874016
21
1.4294291338582676
0
LINE
8
BLACK
6
CONTINUOUS
10
0.6278937007874016
20
1.4294291338582676
11
0.6286811811023622
21
1.4321110629921259
0
LINE
8
BLACK
6
CONTINUOUS
10
0.6286811811023622
20
1.4321110629921259
11
0.6307936220472441
21
1.4339414960629921
0
LINE
8
BLACK
6
CONTINUOUS
10
0.6307936220472441
20
1.4339414960629921
11
0.6328543307086614
21
1.4343897637795275
0
LINE
8
BLACK
6
CONTINUOUS
10
0.6328543307086614
20
1.4343897637795275
11
0.9869291338582677
21
1.4343897637795275
0
LINE
8
BLACK
6
CONTINUOUS
10
0.9869291338582677
20
1.4343897637795275
11
0.989611062992126
21
1.433602283464567
0
LINE
8
BLACK
6
CONTINUOUS
10
0.989611062992126
20
1.433602283464567
11
0.9914414960629921
21
1.4314898425196849
0
LINE
8
BLACK
6
CONTINUOUS
10
0.9914414960629921
20
1.4314898425196849
11
0.9918897637795275
21
1.4294291338582676
0
LINE
8
BLACK
6
CONTINUOUS
10
0.9918897637795275
20
1.4294291338582676
11
0.9918897637795275
21
1.3724775590551181
0
LINE
8
BLACK
6
CONTINUOUS
10
0.9918897637795275
20
1.3724775590551181
11
0.9920109842519684
21
1.371868188976378
0
LINE
8
BLACK
6
CONTINUOUS
10
0.9920109842519684
20
1.371868188976378
11
0.9921062992125984
21
1.3709003543307086
0
LINE
8
BLACK
6
CONTINUOUS
10
0.9921062992125984
20
1.3709003543307086
11
0.9921062992125984
21
1.3467224015748032
0
LINE
8
BLACK
6
CONTINUOUS
10
0.9921062992125984
20
1.3467224015748032
11
0.992564251968504
21
1.3444201181102362
0
LINE
8
BLACK
6
CONTINUOUS
10
0.992564251968504
20
1.3444201181102362
11
0.9925642913385827
21
1.3444199999999999
0
LINE
8
BLACK
6
CONTINUOUS
10
0.9925642913385827
20
1.3444199999999999
11
0.9943089763779527
21
1.3418089763779528
0
LINE
8
BLACK
6
CONTINUOUS
10
0.9943089763779527
20
1.3418089763779528
11
0.99692
21
1.3400642913385827
0
LINE
8
BLACK
6
CONTINUOUS
10
0.99692
20
1.3400642913385827
11
0.9969201181102362
21
1.340064251968504
0
LINE
8
BLACK
6
CONTINUOUS
10
0.9969201181102362
20
1.340064251968504
11
0.9992224015748031
21
1.3396062992125983
0
LINE
8
BLACK
6
CONTINUOUS
10
0.9992224015748031
20
1.3396062992125983
11
0.9992225196850394
21
1.3396062992125983
0
LINE
8
BLACK
6
CONTINUOUS
10
0.9992225196850394
20
1.3396062992125983
11
1.0357775590551181
21
1.3396062992125983
0
LINE
8
BLACK
6
CONTINUOUS
10
1.0357775590551181
20
1.3396062992125983
11
1.0380798425196851
21
1.340064251968504
0
LINE
8
BLACK
6
CONTINUOUS
10
1.0380798425196851
20
1.340064251968504
11
1.0380799606299211
21
1.3400642913385827
0
LINE
8
BLACK
6
CONTINUOUS
10
1.0380799606299211
20
1.3400642913385827
11
1.0389997637795276
21
1.3406788976377952
0
LINE
8
BLACK
6
CONTINUOUS
10
1.0389997637795276
20
1.3406788976377952
11
1.0406910236220472
21
1.3418089763779528
0
LINE
8
BLACK
6
CONTINUOUS
10
1.0406910236220472
20
1.3418089763779528
11
1.0424357086614173
21
1.3444200393700787
0
LINE
8
BLACK
6
CONTINUOUS
10
1.0424357086614173
20
1.3444200393700787
11
1.0428937007874015
21
1.3467225196850394
0
LINE
8
BLACK
6
CONTINUOUS
10
1.0428937007874015
20
1.3467225196850394
11
1.0428937007874015
21
1.3709003543307086
0
LINE
8
BLACK
6
CONTINUOUS
10
1.0428937007874015
20
1.3709003543307086
11
1.0429890157480315
21
1.371868188976378
0
LINE
8
BLACK
6
CONTINUOUS
10
1.0429890157480315
20
1.371868188976378
11
1.0430624409448819
21
1.3722374015748031
0
LINE
8
BLACK
6
CONTINUOUS
10
1.0430624409448819
20
1.3722374015748031
11
1.0431102362204725
21
1.3724775984251969
0
LINE
8
BLACK
6
CONTINUOUS
10
1.0431102362204725
20
1.3724775984251969
11
1.0431102362204725
21
1.4421456692913386
0
LINE
8
BLACK
6
CONTINUOUS
10
1.0431102362204725
20
1.4421456692913386
11
1.0438977165354331
21
1.4448275984251968
0
LINE
8
BLACK
6
CONTINUOUS
10
1.0438977165354331
20
1.4448275984251968
11
1.0460101574803149
21
1.4466580314960629
0
LINE
8
BLACK
6
CONTINUOUS
10
1.0460101574803149
20
1.4466580314960629
11
1.0468814566929134
21
1.4469616141732282
0
LINE
8
BLACK
6
CONTINUOUS
10
1.0468814566929134
20
1.4469616141732282
11
1.0474672834645669
21
1.4471062992125985
0
LINE
8
BLACK
6
CONTINUOUS
10
1.0474672834645669
20
1.4471062992125985
11
1.0507774803149605
21
1.4471062992125985
0
LINE
8
BLACK
6
CONTINUOUS
10
1.0507774803149605
20
1.4471062992125985
11
1.0530799606299213
21
1.4475642913385827
0
LINE
8
BLACK
6
CONTINUOUS
10
1.0530799606299213
20
1.4475642913385827
11
1.0552835039370079
21
1.449036653543307
0
LINE
8
BLACK
6
CONTINUOUS
10
1.0552835039370079
20
1.449036653543307
11
1.0561273228346457
21
1.4492450787401574
0
LINE
8
BLACK
6
CONTINUOUS
10
1.0561273228346457
20
1.4492450787401574
11
1.0566903937007874
21
1.4492205511811023
0
LINE
8
BLACK
6
CONTINUOUS
10
1.0566903937007874
20
1.4492205511811023
11
1.0572281889763779
21
1.4493889763779528
0
LINE
8
BLACK
6
CONTINUOUS
10
1.0572281889763779
20
1.4493889763779528
11
1.0573167322834645
21
1.4493897637795274
0
LINE
8
BLACK
6
CONTINUOUS
10
1.0573167322834645
20
1.4493897637795274
11
1.0773371653543307
21
1.4493897637795274
0
LINE
8
BLACK
6
CONTINUOUS
10
1.0773371653543307
20
1.4493897637795274
11
1.0800190944881889
21
1.4486022834645669
0
LINE
8
BLACK
6
CONTINUOUS
10
1.0800190944881889
20
1.4486022834645669
11
1.080844842519685
21
1.4479368110236219
0
LINE
8
BLACK
6
CONTINUOUS
10
1.080844842519685
20
1.4479368110236219
11
1.090653346456693
21
1.4381283070866142
0
LINE
8
BLACK
6
CONTINUOUS
10
1.090653346456693
20
1.4381283070866142
11
1.0919929527559056
21
1.4356750787401575
0
LINE
8
BLACK
6
CONTINUOUS
10
1.0919929527559056
20
1.4356750787401575
11
1.0921062992125985
21
1.4346206299212598
0
LINE
8
BLACK
6
CONTINUOUS
10
1.0921062992125985
20
1.4346206299212598
11
1.0921062992125985
21
1.404222401574803
0
LINE
8
BLACK
6
CONTINUOUS
10
1.0921062992125985
20
1.404222401574803
11
1.0925642519685039
21
1.4019201181102361
0
LINE
8
BLACK
6
CONTINUOUS
10
1.0925642519685039
20
1.4019201181102361
11
1.0925642913385827
21
1.4019200000000001
0
LINE
8
BLACK
6
CONTINUOUS
10
1.0925642913385827
20
1.4019200000000001
11
1.0943089763779528
21
1.3993089763779527
0
LINE
8
BLACK
6
CONTINUOUS
10
1.0943089763779528
20
1.3993089763779527
11
1.0969199999999999
21
1.3975642913385826
0
LINE
8
BLACK
6
CONTINUOUS
10
1.0969199999999999
20
1.3975642913385826
11
1.0969201181102362
21
1.3975642519685039
0
LINE
8
BLACK
6
CONTINUOUS
10
1.0969201181102362
20
1.3975642519685039
11
1.0992224015748031
21
1.3971062992125984
0
LINE
8
BLACK
6
CONTINUOUS
10
1.0992224015748031
20
1.3971062992125984
11
1.0992225196850394
21
1.3971062992125984
0
LINE
8
BLACK
6
CONTINUOUS
10
1.0992225196850394
20
1.3971062992125984
11
1.1296206299212599
21
1.3971062992125984
0
LINE
8
BLACK
6
CONTINUOUS
10
1.1296206299212599
20
1.3971062992125984
11
1.1323025590551181
21
1.3963188188976379
0
LINE
8
BLACK
6
CONTINUOUS
10
1.1323025590551181
20
1.3963188188976379
11
1.1331281102362205
21
1.3956535039370079
0
LINE
8
BLACK
6
CONTINUOUS
10
1.1331281102362205
20
1.3956535039370079
11
1.140168346456693
21
1.3886133070866142
0
LINE
8
BLACK
6
CONTINUOUS
10
1.140168346456693
20
1.3886133070866142
11
1.1561743307086614
21
1.3726072834645668
0
LINE
8
BLACK
6
CONTINUOUS
10
1.1561743307086614
20
1.3726072834645668
11
1.1561743700787401
21
1.3726072440944881
0
LINE
8
BLACK
6
CONTINUOUS
10
1.1561743700787401
20
1.3726072440944881
11
1.160368937007874
21
1.3698045275590551
0
LINE
8
BLACK
6
CONTINUOUS
10
1.160368937007874
20
1.3698045275590551
11
1.1618466141732282
21
1.3691924803149607
0
LINE
8
BLACK
6
CONTINUOUS
10
1.1618466141732282
20
1.3691924803149607
11
1.1650296062992125
21
1.3678740157480314
0
LINE
8
BLACK
6
CONTINUOUS
10
1.1650296062992125
20
1.3678740157480314
11
1.1650297244094487
21
1.3678739763779528
0
LINE
8
BLACK
6
CONTINUOUS
10
1.1650297244094487
20
1.3678739763779528
11
1.1675036614173229
21
1.3673818503937007
0
LINE
8
BLACK
6
CONTINUOUS
10
1.1675036614173229
20
1.3673818503937007
11
1.1699775984251968
21
1.3668897637795274
0
LINE
8
BLACK
6
CONTINUOUS
10
1.1699775984251968
20
1.3668897637795274
11
1.1699776377952755
21
1.3668897637795274
0
LINE
8
BLACK
6
CONTINUOUS
10
1.1699776377952755
20
1.3668897637795274
11
1.1750224015748032
21
1.3668897637795274
0
LINE
8
BLACK
6
CONTINUOUS
10
1.1750224015748032
20
1.3668897637795274
11
1.2244291338582678
21
1.3668897637795274
0
LINE
8
BLACK
6
CONTINUOUS
10
1.2244291338582678
20
1.3668897637795274
11
1.227111062992126
21
1.3661022834645669
0
LINE
8
BLACK
6
CONTINUOUS
10
1.227111062992126
20
1.3661022834645669
11
1.2289414960629921
21
1.363989842519685
0
LINE
8
BLACK
6
CONTINUOUS
10
1.2289414960629921
20
1.363989842519685
11
1.2293897637795275
21
1.3619291338582677
0
LINE
8
BLACK
6
CONTINUOUS
10
1.2293897637795275
20
1.3619291338582677
11
1.2293897637795275
21
1.3050444881889764
0
LINE
8
BLACK
6
CONTINUOUS
10
1.2293897637795275
20
1.3050444881889764
11
1.2297658267716536
21
1.3031540157480315
0
LINE
8
BLACK
6
CONTINUOUS
10
1.2297658267716536
20
1.3031540157480315
11
1.2303739763779526
21
1.3000966535433072
0
LINE
8
BLACK
6
CONTINUOUS
10
1.2303739763779526
20
1.3000966535433072
11
1.2303740157480314
21
1.3000965354330709
0
LINE
8
BLACK
6
CONTINUOUS
10
1.2303740157480314
20
1.3000965354330709
11
1.2323044881889764
21
1.2954359842519685
0
LINE
8
BLACK
6
CONTINUOUS
10
1.2323044881889764
20
1.2954359842519685
11
1.2351072047244094
21
1.2912413385826771
0
LINE
8
BLACK
6
CONTINUOUS
10
1.2351072047244094
20
1.2912413385826771
11
1.2351073228346456
21
1.2912411811023621
0
LINE
8
BLACK
6
CONTINUOUS
10
1.2351073228346456
20
1.2912411811023621
11
1.2712410236220473
21
1.2551074803149607
0
LINE
8
BLACK
6
CONTINUOUS
10
1.2712410236220473
20
1.2551074803149607
11
1.2712412598425196
21
1.2551072834645669
0
LINE
8
BLACK
6
CONTINUOUS
10
1.2712412598425196
20
1.2551072834645669
11
1.2754358661417322
21
1.2523045669291337
0
LINE
8
BLACK
6
CONTINUOUS
10
1.2754358661417322
20
1.2523045669291337
11
1.2800965748031496
21
1.2503740157480314
0
LINE
8
BLACK
6
CONTINUOUS
10
1.2800965748031496
20
1.2503740157480314
11
1.2800966141732284
21
1.2503739763779527
0
LINE
8
BLACK
6
CONTINUOUS
10
1.2800966141732284
20
1.2503739763779527
11
1.2833952362204724
21
1.2497178346456692
0
LINE
8
BLACK
6
CONTINUOUS
10
1.2833952362204724
20
1.2497178346456692
11
1.2850445275590552
21
1.2493897637795275
0
LINE
8
BLACK
6
CONTINUOUS
10
1.2850445275590552
20
1.2493897637795275
11
1.3101456692913385
21
1.2493897637795275
0
LINE
8
BLACK
6
CONTINUOUS
10
1.3101456692913385
20
1.2493897637795275
11
1.3128275984251969
21
1.2486022834645669
0
LINE
8
BLACK
6
CONTINUOUS
10
1.3128275984251969
20
1.2486022834645669
11
1.314658031496063
21
1.2464898425196851
0
LINE
8
BLACK
6
CONTINUOUS
10
1.314658031496063
20
1.2464898425196851
11
1.3151062992125984
21
1.2444291338582676
0
LINE
8
BLACK
6
CONTINUOUS
10
1.3151062992125984
20
1.2444291338582676
11
1.3151062992125984
21
1.2342224015748031
0
LINE
8
BLACK
6
CONTINUOUS
10
1.3151062992125984
20
1.2342224015748031
11
1.315564251968504
21
1.2319201181102362
0
LINE
8
BLACK
6
CONTINUOUS
10
1.315564251968504
20
1.2319201181102362
11
1.3155642913385825
21
1.2319199999999999
0
LINE
8
BLACK
6
CONTINUOUS
10
1.3155642913385825
20
1.2319199999999999
11
1.3173089763779526
21
1.2293089763779528
0
LINE
8
BLACK
6
CONTINUOUS
10
1.3173089763779526
20
1.2293089763779528
11
1.31992
21
1.2275642913385827
0
LINE
8
BLACK
6
CONTINUOUS
10
1.31992
20
1.2275642913385827
11
1.3199201181102362
21
1.2275642519685039
0
LINE
8
BLACK
6
CONTINUOUS
10
1.3199201181102362
20
1.2275642519685039
11
1.3222224015748032
21
1.2271062992125985
0
LINE
8
BLACK
6
CONTINUOUS
10
1.3222224015748032
20
1.2271062992125985
11
1.3222225196850392
21
1.2271062992125985
0
LINE
8
BLACK
6
CONTINUOUS
10
1.3222225196850392
20
1.2271062992125985
11
1.3644291338582677
21
1.2271062992125985
0
LINE
8
BLACK
6
CONTINUOUS
10
1.3644291338582677
20
1.2271062992125985
11
1.3671110629921259
21
1.2263188188976377
0
LINE
8
BLACK
6
CONTINUOUS
10
1.3671110629921259
20
1.2263188188976377
11
1.3689414960629922
21
1.2242063779527559
0
LINE
8
BLACK
6
CONTINUOUS
10
1.3689414960629922
20
1.2242063779527559
11
1.3693897637795276
21
1.2221456692913386
0
LINE
8
BLACK
6
CONTINUOUS
10
1.3693897637795276
20
1.2221456692913386
11
1.3693897637795276
21
1.0623167322834646
0
LINE
8
BLACK
6
CONTINUOUS
10
1.3693897637795276
20
1.0623167322834646
11
1.3686022834645668
21
1.0596348031496063
0
LINE
8
BLACK
6
CONTINUOUS
10
1.3686022834645668
20
1.0596348031496063
11
1.3685537401574803
21
1.0595607480314961
0
LINE
8
BLACK
6
CONTINUOUS
10
1.3685537401574803
20
1.0595607480314961
11
1.3675642913385826
21
1.0580799606299212
0
LINE
8
BLACK
6
CONTINUOUS
10
1.3675642913385826
20
1.0580799606299212
11
1.3675642519685038
21
1.0580798425196851
0
LINE
8
BLACK
6
CONTINUOUS
10
1.3675642519685038
20
1.0580798425196851
11
1.3671062992125984
21
1.0557775590551182
0
LINE
8
BLACK
6
CONTINUOUS
10
1.3671062992125984
20
1.0557775590551182
11
1.3671062992125984
21
0.9742224015748031
0
LINE
8
BLACK
6
CONTINUOUS
10
1.3671062992125984
20
0.9742224015748031
11
1.3675642519685038
21
0.9719201181102362
0
LINE
8
BLACK
6
CONTINUOUS
10
1.3675642519685038
20
0.9719201181102362
11
1.3675642913385826
21
0.97192
0
LINE
8
BLACK
6
CONTINUOUS
10
1.3675642913385826
20
0.97192
11
1.3693089763779527
21
0.9693089763779528
0
LINE
8
BLACK
6
CONTINUOUS
10
1.3693089763779527
20
0.9693089763779528
11
1.37192
21
0.9675642913385827
0
LINE
8
BLACK
6
CONTINUOUS
10
1.37192
20
0.9675642913385827
11
1.3719201181102363
21
0.9675642519685039
0
LINE
8
BLACK
6
CONTINUOUS
10
1.3719201181102363
20
0.9675642519685039
11
1.374222401574803
21
0.9671062992125984
0
LINE
8
BLACK
6
CONTINUOUS
10
1.374222401574803
20
0.9671062992125984
11
1.3742225196850393
21
0.9671062992125984
0
LINE
8
BLACK
6
CONTINUOUS
10
1.3742225196850393
20
0.9671062992125984
11
1.415777559055118
21
0.9671062992125984
0
LINE
8
BLACK
6
CONTINUOUS
10
1.415777559055118
20
0.9671062992125984
11
1.418079842519685
21
0.9675642519685039
0
LINE
8
BLACK
6
CONTINUOUS
10
1.418079842519685
20
0.9675642519685039
11
1.4180799606299213
21
0.9675642913385827
0
LINE
8
BLACK
6
CONTINUOUS
10
1.4180799606299213
20
0.9675642913385827
11
1.4201253149606299
21
0.9689309842519684
0
LINE
8
BLACK
6
CONTINUOUS
10
1.4201253149606299
20
0.9689309842519684
11
1.4206910236220471
21
0.9693089763779528
0
LINE
8
BLACK
6
CONTINUOUS
10
1.4206910236220471
20
0.9693089763779528
11
1.4224357086614172
21
0.9719200393700788
0
LINE
8
BLACK
6
CONTINUOUS
10
1.4224357086614172
20
0.9719200393700788
11
1.4228937007874016
21
0.9742225196850394
0
LINE
8
BLACK
6
CONTINUOUS
10
1.4228937007874016
20
0.9742225196850394
11
1.4228937007874016
21
1.0557774803149607
0
LINE
8
BLACK
6
CONTINUOUS
10
1.4228937007874016
20
1.0557774803149607
11
1.4224357086614172
21
1.0580799606299212
0
LINE
8
BLACK
6
CONTINUOUS
10
1.4224357086614172
20
1.0580799606299212
11
1.421446220472441
21
1.0595607480314961
0
LINE
8
BLACK
6
CONTINUOUS
10
1.421446220472441
20
1.0595607480314961
11
1.4206110236220473
21
1.0622281889763778
0
LINE
8
BLACK
6
CONTINUOUS
10
1.4206110236220473
20
1.0622281889763778
11
1.4206102362204724
21
1.0623167322834646
0
LINE
8
BLACK
6
CONTINUOUS
10
1.4206102362204724
20
1.0623167322834646
11
1.4206102362204724
21
1.2221456692913386
0
LINE
8
BLACK
6
CONTINUOUS
10
1.4206102362204724
20
1.2221456692913386
11
1.421397716535433
21
1.2248275984251968
0
LINE
8
BLACK
6
CONTINUOUS
10
1.421397716535433
20
1.2248275984251968
11
1.4235101574803148
21
1.2266580314960629
0
LINE
8
BLACK
6
CONTINUOUS
10
1.4235101574803148
20
1.2266580314960629
11
1.4255708661417323
21
1.2271062992125985
0
LINE
8
BLACK
6
CONTINUOUS
10
1.4255708661417323
20
1.2271062992125985
11
1.4677775590551181
21
1.2271062992125985
0
LINE
8
BLACK
6
CONTINUOUS
10
1.4677775590551181
20
1.2271062992125985
11
1.470079842519685
21
1.2275642519685039
0
LINE
8
BLACK
6
CONTINUOUS
10
1.470079842519685
20
1.2275642519685039
11
1.4700799606299213
21
1.2275642913385827
0
LINE
8
BLACK
6
CONTINUOUS
10
1.4700799606299213
20
1.2275642913385827
11
1.4726910236220472
21
1.2293089763779528
0
LINE
8
BLACK
6
CONTINUOUS
10
1.4726910236220472
20
1.2293089763779528
11
1.4744357086614173
21
1.2319200393700787
0
LINE
8
BLACK
6
CONTINUOUS
10
1.4744357086614173
20
1.2319200393700787
11
1.4748937007874015
21
1.2342225196850394
0
LINE
8
BLACK
6
CONTINUOUS
10
1.4748937007874015
20
1.2342225196850394
11
1.4748937007874015
21
1.3157774803149607
0
LINE
8
BLACK
6
CONTINUOUS
10
1.4748937007874015
20
1.3157774803149607
11
1.4744357086614173
21
1.3180799606299212
0
LINE
8
BLACK
6
CONTINUOUS
10
1.4744357086614173
20
1.3180799606299212
11
1.4726910236220472
21
1.3206910236220473
0
LINE
8
BLACK
6
CONTINUOUS
10
1.4726910236220472
20
1.3206910236220473
11
1.4700799606299213
21
1.3224357086614174
0
LINE
8
BLACK
6
CONTINUOUS
10
1.4700799606299213
20
1.3224357086614174
11
1.4677774803149606
21
1.3228937007874015
0
LINE
8
BLACK
6
CONTINUOUS
10
1.4677774803149606
20
1.3228937007874015
11
1.3222225196850392
21
1.3228937007874015
0
LINE
8
BLACK
6
CONTINUOUS
10
1.3222225196850392
20
1.3228937007874015
11
1.3199200393700787
21
1.3224357086614174
0
LINE
8
BLACK
6
CONTINUOUS
10
1.3199200393700787
20
1.3224357086614174
11
1.3173089763779526
21
1.3206910236220473
0
LINE
8
BLACK
6
CONTINUOUS
10
1.3173089763779526
20
1.3206910236220473
11
1.3156278346456693
21
1.3181750393700786
0
LINE
8
BLACK
6
CONTINUOUS
10
1.3156278346456693
20
1.3181750393700786
11
1.3155642913385825
21
1.3180799606299212
0
LINE
8
BLACK
6
CONTINUOUS
10
1.3155642913385825
20
1.3180799606299212
11
1.315564251968504
21
1.3180798425196849
0
LINE
8
BLACK
6
CONTINUOUS
10
1.315564251968504
20
1.3180798425196849
11
1.3151062992125984
21
1.3157775590551182
0
LINE
8
BLACK
6
CONTINUOUS
10
1.3151062992125984
20
1.3157775590551182
11
1.3151062992125984
21
1.3055708661417322
0
LINE
8
BLACK
6
CONTINUOUS
10
1.3151062992125984
20
1.3055708661417322
11
1.3150042519685039
21
1.3052233858267717
0
LINE
8
BLACK
6
CONTINUOUS
10
1.3150042519685039
20
1.3052233858267717
11
1.3150558267716534
21
1.3048648818897637
0
LINE
8
BLACK
6
CONTINUOUS
10
1.3150558267716534
20
1.3048648818897637
11
1.3146166141732283
21
1.3039032283464567
0
LINE
8
BLACK
6
CONTINUOUS
10
1.3146166141732283
20
1.3039032283464567
11
1.3143188188976378
21
1.302888937007874
0
LINE
8
BLACK
6
CONTINUOUS
10
1.3143188188976378
20
1.302888937007874
11
1.3140450393700787
21
1.3026517322834645
0
LINE
8
BLACK
6
CONTINUOUS
10
1.3140450393700787
20
1.3026517322834645
11
1.3138946456692913
21
1.3023223622047244
0
LINE
8
BLACK
6
CONTINUOUS
10
1.3138946456692913
20
1.3023223622047244
11
1.313005433070866
21
1.3017509055118111
0
LINE
8
BLACK
6
CONTINUOUS
10
1.313005433070866
20
1.3017509055118111
11
1.312206377952756
21
1.3010585039370079
0
LINE
8
BLACK
6
CONTINUOUS
10
1.312206377952756
20
1.3010585039370079
11
1.3117856299212598
21
1.3009669685039369
0
LINE
8
BLACK
6
CONTINUOUS
10
1.3117856299212598
20
1.3009669685039369
11
1.3115432283464568
21
1.3008111811023622
0
LINE
8
BLACK
6
CONTINUOUS
10
1.3115432283464568
20
1.3008111811023622
11
1.3101456692913385
21
1.3006102362204723
0
LINE
8
BLACK
6
CONTINUOUS
10
1.3101456692913385
20
1.3006102362204723
11
1.3002297637795275
21
1.3006102362204723
0
LINE
8
BLACK
6
CONTINUOUS
10
1.3002297637795275
20
1.3006102362204723
11
1.2975478346456693
21
1.3013977165354331
0
LINE
8
BLACK
6
CONTINUOUS
10
1.2975478346456693
20
1.3013977165354331
11
1.2967220866141731
21
1.3020631889763778
0
LINE
8
BLACK
6
CONTINUOUS
10
1.2967220866141731
20
1.3020631889763778
11
1.2820631889763778
21
1.3167220866141731
0
LINE
8
BLACK
6
CONTINUOUS
10
1.2820631889763778
20
1.3167220866141731
11
1.2807235826771652
21
1.3191753149606298
0
LINE
8
BLACK
6
CONTINUOUS
10
1.2807235826771652
20
1.3191753149606298
11
1.2806102362204723
21
1.3202297637795275
0
LINE
8
BLACK
6
CONTINUOUS
10
1.2806102362204723
20
1.3202297637795275
11
1.2806102362204723
21
1.3619291338582677
0
LINE
8
BLACK
6
CONTINUOUS
10
1.2806102362204723
20
1.3619291338582677
11
1.2813977165354331
21
1.364611062992126
0
LINE
8
BLACK
6
CONTINUOUS
10
1.2813977165354331
20
1.364611062992126
11
1.2835101574803149
21
1.366441496062992
0
LINE
8
BLACK
6
CONTINUOUS
10
1.2835101574803149
20
1.366441496062992
11
1.2855708661417322
21
1.3668897637795274
0
LINE
8
BLACK
6
CONTINUOUS
10
1.2855708661417322
20
1.3668897637795274
11
1.2950223228346456
21
1.3668897637795274
0
LINE
8
BLACK
6
CONTINUOUS
10
1.2950223228346456
20
1.3668897637795274
11
1.2950224015748031
21
1.3668897637795274
0
LINE
8
BLACK
6
CONTINUOUS
10
1.2950224015748031
20
1.3668897637795274
11
1.2983209448818898
21
1.3675459055118111
0
LINE
8
BLACK
6
CONTINUOUS
10
1.2983209448818898
20
1.3675459055118111
11
1.2999702755905511
21
1.3678739763779528
0
LINE
8
BLACK
6
CONTINUOUS
10
1.2999702755905511
20
1.3678739763779528
11
1.2999703149606299
21
1.3678740157480314
0
LINE
8
BLACK
6
CONTINUOUS
10
1.2999703149606299
20
1.3678740157480314
11
1.3046309842519686
21
1.3698045275590551
0
LINE
8
BLACK
6
CONTINUOUS
10
1.3046309842519686
20
1.3698045275590551
11
1.3049919291338583
21
1.3700457086614173
0
LINE
8
BLACK
6
CONTINUOUS
10
1.3049919291338583
20
1.3700457086614173
11
1.3049921653543306
21
1.3700457874015748
0
LINE
8
BLACK
6
CONTINUOUS
10
1.3049921653543306
20
1.3700457874015748
11
1.3049921653543306
21
1.3700458661417323
0
LINE
8
BLACK
6
CONTINUOUS
10
1.3049921653543306
20
1.3700458661417323
11
1.3088255511811024
21
1.3726072047244093
0
LINE
8
BLACK
6
CONTINUOUS
10
1.3088255511811024
20
1.3726072047244093
11
1.3088257086614172
21
1.3726073228346456
0
LINE
8
BLACK
6
CONTINUOUS
10
1.3088257086614172
20
1.3726073228346456
11
1.3818716929133859
21
1.445653346456693
0
LINE
8
BLACK
6
CONTINUOUS
10
1.3818716929133859
20
1.445653346456693
11
1.3843249212598425
21
1.4469929133858268
0
LINE
8
BLACK
6
CONTINUOUS
10
1.3843249212598425
20
1.4469929133858268
11
1.3853793700787402
21
1.4471062992125985
0
LINE
8
BLACK
6
CONTINUOUS
10
1.3853793700787402
20
1.4471062992125985
11
1.415777559055118
21
1.4471062992125985
0
LINE
8
BLACK
6
CONTINUOUS
10
1.415777559055118
20
1.4471062992125985
11
1.418079842519685
21
1.4475642519685039
0
LINE
8
BLACK
6
CONTINUOUS
10
1.418079842519685
20
1.4475642519685039
11
1.4180799606299213
21
1.4475642913385827
0
LINE
8
BLACK
6
CONTINUOUS
10
1.4180799606299213
20
1.4475642913385827
11
1.4206910236220471
21
1.4493089763779528
0
LINE
8
BLACK
6
CONTINUOUS
10
1.4206910236220471
20
1.4493089763779528
11
1.4224357086614172
21
1.4519200393700786
0
LINE
8
BLACK
6
CONTINUOUS
10
1.4224357086614172
20
1.4519200393700786
11
1.4228937007874016
21
1.4542225196850393
0
LINE
8
BLACK
6
CONTINUOUS
10
1.4228937007874016
20
1.4542225196850393
11
1.4228937007874016
21
1.4544291338582678
0
LINE
8
BLACK
6
CONTINUOUS
10
1.4228937007874016
20
1.4544291338582678
11
1.4236811811023622
21
1.457111062992126
0
LINE
8
BLACK
6
CONTINUOUS
10
1.4236811811023622
20
1.457111062992126
11
1.425793622047244
21
1.4589414960629921
0
LINE
8
BLACK
6
CONTINUOUS
10
1.425793622047244
20
1.4589414960629921
11
1.4278543307086613
21
1.4593897637795274
0
LINE
8
BLACK
6
CONTINUOUS
10
1.4278543307086613
20
1.4593897637795274
11
1.4421456692913386
21
1.4593897637795274
0
LINE
8
BLACK
6
CONTINUOUS
10
1.4421456692913386
20
1.4593897637795274
11
1.4448275984251968
21
1.4586022834645669
0
LINE
8
BLACK
6
CONTINUOUS
10
1.4448275984251968
20
1.4586022834645669
11
1.4466580314960629
21
1.4564898425196851
0
LINE
8
BLACK
6
CONTINUOUS
10
1.4466580314960629
20
1.4564898425196851
11
1.4471062992125985
21
1.4544291338582678
0
LINE
8
BLACK
6
CONTINUOUS
10
1.4471062992125985
20
1.4544291338582678
11
1.4471062992125985
21
1.4542224015748031
0
LINE
8
BLACK
6
CONTINUOUS
10
1.4471062992125985
20
1.4542224015748031
11
1.4475642519685039
21
1.4519201181102361
0
LINE
8
BLACK
6
CONTINUOUS
10
1.4475642519685039
20
1.4519201181102361
11
1.4475642913385827
21
1.4519199999999999
0
LINE
8
BLACK
6
CONTINUOUS
10
1.4475642913385827
20
1.4519199999999999
11
1.4493089763779528
21
1.4493089763779528
0
LINE
8
BLACK
6
CONTINUOUS
10
1.4493089763779528
20
1.4493089763779528
11
1.4519199999999999
21
1.4475642913385827
0
LINE
8
BLACK
6
CONTINUOUS
10
1.4519199999999999
20
1.4475642913385827
11
1.4519201181102361
21
1.4475642519685039
0
LINE
8
BLACK
6
CONTINUOUS
10
1.4519201181102361
20
1.4475642519685039
11
1.4542224015748031
21
1.4471062992125985
0
LINE
8
BLACK
6
CONTINUOUS
10
1.4542224015748031
20
1.4471062992125985
11
1.4542225196850393
21
1.4471062992125985
0
LINE
8
BLACK
6
CONTINUOUS
10
1.4542225196850393
20
1.4471062992125985
11
1.5157775590551181
21
1.4471062992125985
0
LINE
8
BLACK
6
CONTINUOUS
10
1.5157775590551181
20
1.4471062992125985
11
1.5180798425196851
21
1.4475642519685039
0
LINE
8
BLACK
6
CONTINUOUS
10
1.5180798425196851
20
1.4475642519685039
11
1.5180799606299211
21
1.4475642913385827
0
LINE
8
BLACK
6
CONTINUOUS
10
1.5180799606299211
20
1.4475642913385827
11
1.5206910236220472
21
1.4493089763779528
0
LINE
8
BLACK
6
CONTINUOUS
10
1.5206910236220472
20
1.4493089763779528
11
1.5224357086614173
21
1.4519200393700786
0
LINE
8
BLACK
6
CONTINUOUS
10
1.5224357086614173
20
1.4519200393700786
11
1.5228937007874015
21
1.4542225196850393
0
LINE
8
BLACK
6
CONTINUOUS
10
1.5228937007874015
20
1.4542225196850393
11
1.5228937007874015
21
1.5157774803149606
0
LINE
8
BLACK
6
CONTINUOUS
10
1.5228937007874015
20
1.5157774803149606
11
1.5224357086614173
21
1.5180799606299211
0
LINE
8
BLACK
6
CONTINUOUS
10
1.5224357086614173
20
1.5180799606299211
11
1.5206910236220472
21
1.5206910236220472
0
LINE
8
BLACK
6
CONTINUOUS
10
1.5206910236220472
20
1.5206910236220472
11
1.5180799606299211
21
1.5224357086614173
0
LINE
8
BLACK
6
CONTINUOUS
10
1.5180799606299211
20
1.5224357086614173
11
1.5157774803149606
21
1.5228937007874015
0
LINE
8
BLACK
6
CONTINUOUS
10
1.5157774803149606
20
1.5228937007874015
11
1.4542225196850393
21
1.5228937007874015
0
LINE
8
BLACK
6
CONTINUOUS
10
1.4542225196850393
20
1.5228937007874015
11
1.4519200393700786
21
1.5224357086614173
0
LINE
8
BLACK
6
CONTINUOUS
10
1.4519200393700786
20
1.5224357086614173
11
1.4493089763779528
21
1.5206910236220472
0
LINE
8
BLACK
6
CONTINUOUS
10
1.4493089763779528
20
1.5206910236220472
11
1.4475642913385827
21
1.5180799606299211
0
LINE
8
BLACK
6
CONTINUOUS
10
1.4475642913385827
20
1.5180799606299211
11
1.4475642519685039
21
1.5180798425196851
0
LINE
8
BLACK
6
CONTINUOUS
10
1.4475642519685039
20
1.5180798425196851
11
1.4471062992125985
21
1.5157775590551181
0
LINE
8
BLACK
6
CONTINUOUS
10
1.4471062992125985
20
1.5157775590551181
11
1.4471062992125985
21
1.5155708661417322
0
LINE
8
BLACK
6
CONTINUOUS
10
1.4471062992125985
20
1.5155708661417322
11
1.4463188188976377
21
1.512888937007874
0
LINE
8
BLACK
6
CONTINUOUS
10
1.4463188188976377
20
1.512888937007874
11
1.4442063779527559
21
1.5110585039370079
0
LINE
8
BLACK
6
CONTINUOUS
10
1.4442063779527559
20
1.5110585039370079
11
1.4421456692913386
21
1.5106102362204723
0
LINE
8
BLACK
6
CONTINUOUS
10
1.4421456692913386
20
1.5106102362204723
11
1.4278543307086613
21
1.5106102362204723
0
LINE
8
BLACK
6
CONTINUOUS
10
1.4278543307086613
20
1.5106102362204723
11
1.4251724015748031
21
1.5113977165354331
0
LINE
8
BLACK
6
CONTINUOUS
10
1.4251724015748031
20
1.5113977165354331
11
1.423341968503937
21
1.5135101574803149
0
LINE
8
BLACK
6
CONTINUOUS
10
1.423341968503937
20
1.5135101574803149
11
1.4228937007874016
21
1.5155708661417322
0
LINE
8
BLACK
6
CONTINUOUS
10
1.4228937007874016
20
1.5155708661417322
11
1.4228937007874016
21
1.5157774015748031
0
LINE
8
BLACK
6
CONTINUOUS
10
1.4228937007874016
20
1.5157774015748031
11
1.4228937007874016
21
1.5157774803149606
0
LINE
8
BLACK
6
CONTINUOUS
10
1.4228937007874016
20
1.5157774803149606
11
1.4224357086614172
21
1.5180799606299211
0
LINE
8
BLACK
6
CONTINUOUS
10
1.4224357086614172
20
1.5180799606299211
11
1.4206910236220471
21
1.5206910236220472
0
LINE
8
BLACK
6
CONTINUOUS
10
1.4206910236220471
20
1.5206910236220472
11
1.4180799606299213
21
1.5224357086614173
0
LINE
8
BLACK
6
CONTINUOUS
10
1.4180799606299213
20
1.5224357086614173
11
1.4157774803149605
21
1.5228937007874015
0
LINE
8
BLACK
6
CONTINUOUS
10
1.4157774803149605
20
1.5228937007874015
11
1.3542225196850393
21
1.5228937007874015
0
LINE
8
BLACK
6
CONTINUOUS
10
1.3542225196850393
20
1.5228937007874015
11
1.3519200393700788
21
1.5224357086614173
0
LINE
8
BLACK
6
CONTINUOUS
10
1.3519200393700788
20
1.5224357086614173
11
1.3493089763779527
21
1.5206910236220472
0
LINE
8
BLACK
6
CONTINUOUS
10
1.3493089763779527
20
1.5206910236220472
11
1.3475642913385826
21
1.5180799606299211
0
LINE
8
BLACK
6
CONTINUOUS
10
1.3475642913385826
20
1.5180799606299211
11
1.3475642519685038
21
1.5180798425196851
0
LINE
8
BLACK
6
CONTINUOUS
10
1.3475642519685038
20
1.5180798425196851
11
1.3471062992125984
21
1.5157775590551181
0
LINE
8
BLACK
6
CONTINUOUS
10
1.3471062992125984
20
1.5157775590551181
11
1.3471062992125984
21
1.4853793700787401
0
LINE
8
BLACK
6
CONTINUOUS
10
1.3471062992125984
20
1.4853793700787401
11
1.3463188188976378
21
1.4826974409448819
0
LINE
8
BLACK
6
CONTINUOUS
10
1.3463188188976378
20
1.4826974409448819
11
1.3456533464566929
21
1.4818716929133857
0
LINE
8
BLACK
6
CONTINUOUS
10
1.3456533464566929
20
1.4818716929133857
11
1.2833448425196849
21
1.419563188976378
0
LINE
8
BLACK
6
CONTINUOUS
10
1.2833448425196849
20
1.419563188976378
11
1.2808916141732283
21
1.4182235826771654
0
LINE
8
BLACK
6
CONTINUOUS
10
1.2808916141732283
20
1.4182235826771654
11
1.2798371653543308
21
1.4181102362204725
0
LINE
8
BLACK
6
CONTINUOUS
10
1.2798371653543308
20
1.4181102362204725
11
1.1851628346456693
21
1.4181102362204725
0
LINE
8
BLACK
6
CONTINUOUS
10
1.1851628346456693
20
1.4181102362204725
11
1.1824809055118111
21
1.4188977165354331
0
LINE
8
BLACK
6
CONTINUOUS
10
1.1824809055118111
20
1.4188977165354331
11
1.1816551574803149
21
1.419563188976378
0
LINE
8
BLACK
6
CONTINUOUS
10
1.1816551574803149
20
1.419563188976378
11
1.169346653543307
21
1.4318716929133859
0
LINE
8
BLACK
6
CONTINUOUS
10
1.169346653543307
20
1.4318716929133859
11
1.1680070472440944
21
1.4343249212598426
0
LINE
8
BLACK
6
CONTINUOUS
10
1.1680070472440944
20
1.4343249212598426
11
1.1678937007874015
21
1.4353793700787401
0
LINE
8
BLACK
6
CONTINUOUS
10
1.1678937007874015
20
1.4353793700787401
11
1.1678937007874015
21
1.4657774015748031
0
LINE
8
BLACK
6
CONTINUOUS
10
1.1678937007874015
20
1.4657774015748031
11
1.1678937007874015
21
1.4657774803149606
0
LINE
8
BLACK
6
CONTINUOUS
10
1.1678937007874015
20
1.4657774803149606
11
1.1674357086614173
21
1.4680799606299213
0
LINE
8
BLACK
6
CONTINUOUS
10
1.1674357086614173
20
1.4680799606299213
11
1.1656910236220472
21
1.4706910236220472
0
LINE
8
BLACK
6
CONTINUOUS
10
1.1656910236220472
20
1.4706910236220472
11
1.1630799606299211
21
1.4724357086614173
0
LINE
8
BLACK
6
CONTINUOUS
10
1.1630799606299211
20
1.4724357086614173
11
1.1607774803149606
21
1.4728937007874014
0
LINE
8
BLACK
6
CONTINUOUS
10
1.1607774803149606
20
1.4728937007874014
11
1.1607774409448819
21
1.4728937007874014
0
LINE
8
BLACK
6
CONTINUOUS
10
1.1607774409448819
20
1.4728937007874014
11
1.1303793700787401
21
1.4728937007874014
0
LINE
8
BLACK
6
CONTINUOUS
10
1.1303793700787401
20
1.4728937007874014
11
1.1276974409448819
21
1.4736811811023622
0
LINE
8
BLACK
6
CONTINUOUS
10
1.1276974409448819
20
1.4736811811023622
11
1.1268718503937007
21
1.4743464566929134
0
LINE
8
BLACK
6
CONTINUOUS
10
1.1268718503937007
20
1.4743464566929134
11
1.1125803543307087
21
1.4886379921259842
0
LINE
8
BLACK
6
CONTINUOUS
10
1.1125803543307087
20
1.4886379921259842
11
1.1112407874015748
21
1.4910912204724409
0
LINE
8
BLACK
6
CONTINUOUS
10
1.1112407874015748
20
1.4910912204724409
11
1.1114401968503937
21
1.4938792519685038
0
LINE
8
BLACK
6
CONTINUOUS
10
1.1114401968503937
20
1.4938792519685038
11
1.1131152755905511
21
1.4961168503937008
0
LINE
8
BLACK
6
CONTINUOUS
10
1.1131152755905511
20
1.4961168503937008
11
1.1157341732283463
21
1.4970936614173227
0
LINE
8
BLACK
6
CONTINUOUS
10
1.1157341732283463
20
1.4970936614173227
11
1.1160880708661418
21
1.4971062992125983
0
LINE
8
BLACK
6
CONTINUOUS
10
1.1160880708661418
20
1.4971062992125983
11
1.1607775590551181
21
1.4971062992125983
0
LINE
8
BLACK
6
CONTINUOUS
10
1.1607775590551181
20
1.4971062992125983
11
1.1630798425196851
21
1.497564251968504
0
LINE
8
BLACK
6
CONTINUOUS
10
1.1630798425196851
20
1.497564251968504
11
1.1630799606299211
21
1.4975642913385827
0
LINE
8
BLACK
6
CONTINUOUS
10
1.1630799606299211
20
1.4975642913385827
11
1.1635729527559056
21
1.4978937007874016
0
LINE
8
BLACK
6
CONTINUOUS
10
1.1635729527559056
20
1.4978937007874016
11
1.1656910236220472
21
1.4993089763779528
0
LINE
8
BLACK
6
CONTINUOUS
10
1.1656910236220472
20
1.4993089763779528
11
1.1674357086614173
21
1.5019200393700787
0
LINE
8
BLACK
6
CONTINUOUS
10
1.1674357086614173
20
1.5019200393700787
11
1.1678937007874015
21
1.5042225196850394
0
LINE
8
BLACK
6
CONTINUOUS
10
1.1678937007874015
20
1.5042225196850394
11
1.1678937007874015
21
1.5657774803149607
0
LINE
8
BLACK
6
CONTINUOUS
10
1.1678937007874015
20
1.5657774803149607
11
1.1674357086614173
21
1.5680799606299212
0
LINE
8
BLACK
6
CONTINUOUS
10
1.1674357086614173
20
1.5680799606299212
11
1.1656910236220472
21
1.5706910236220473
0
LINE
8
BLACK
6
CONTINUOUS
10
1.1656910236220472
20
1.5706910236220473
11
1.1630799606299211
21
1.5724357086614174
0
LINE
8
BLACK
6
CONTINUOUS
10
1.1630799606299211
20
1.5724357086614174
11
1.1607774803149606
21
1.5728937007874015
0
LINE
8
BLACK
6
CONTINUOUS
10
1.1607774803149606
20
1.5728937007874015
11
1.1607774409448819
21
1.5728937007874015
0
LINE
8
BLACK
6
CONTINUOUS
10
1.1607774409448819
20
1.5728937007874015
11
1.1605708661417322
21
1.5728937007874015
0
LINE
8
BLACK
6
CONTINUOUS
10
1.1605708661417322
20
1.5728937007874015
11
1.1602233858267716
21
1.5729957086614172
0
LINE
8
BLACK
6
CONTINUOUS
10
1.1602233858267716
20
1.5729957086614172
11
1.1598648818897637
21
1.5729441732283465
0
LINE
8
BLACK
6
CONTINUOUS
10
1.1598648818897637
20
1.5729441732283465
11
1.1589032283464566
21
1.5733833464566929
0
LINE
8
BLACK
6
CONTINUOUS
10
1.1589032283464566
20
1.5733833464566929
11
1.157888937007874
21
1.5736811811023621
0
LINE
8
BLACK
6
CONTINUOUS
10
1.157888937007874
20
1.5736811811023621
11
1.1576517322834645
21
1.5739549212598425
0
LINE
8
BLACK
6
CONTINUOUS
10
1.1576517322834645
20
1.5739549212598425
11
1.1573223622047244
21
1.5741053543307086
0
LINE
8
BLACK
6
CONTINUOUS
10
1.1573223622047244
20
1.5741053543307086
11
1.156750905511811
21
1.5749945275590551
0
LINE
8
BLACK
6
CONTINUOUS
10
1.156750905511811
20
1.5749945275590551
11
1.1560585039370079
21
1.5757936220472442
0
LINE
8
BLACK
6
CONTINUOUS
10
1.1560585039370079
20
1.5757936220472442
11
1.1559669685039369
21
1.5762143307086613
0
LINE
8
BLACK
6
CONTINUOUS
10
1.1559669685039369
20
1.5762143307086613
11
1.1558111811023621
21
1.5764567716535434
0
LINE
8
BLACK
6
CONTINUOUS
10
1.1558111811023621
20
1.5764567716535434
11
1.1556102362204723
21
1.5778543307086614
0
LINE
8
BLACK
6
CONTINUOUS
10
1.1556102362204723
20
1.5778543307086614
11
1.1556102362204723
21
1.5875046456692914
0
LINE
8
BLACK
6
CONTINUOUS
10
1.1556102362204723
20
1.5875046456692914
11
1.1563977165354331
21
1.5901865748031496
0
LINE
8
BLACK
6
CONTINUOUS
10
1.1563977165354331
20
1.5901865748031496
11
1.1585101574803149
21
1.5920170078740157
0
LINE
8
BLACK
6
CONTINUOUS
10
1.1585101574803149
20
1.5920170078740157
11
1.159603031496063
21
1.5923699606299213
0
LINE
8
BLACK
6
CONTINUOUS
10
1.159603031496063
20
1.5923699606299213
11
1.1605798425196849
21
1.5925642519685039
0
LINE
8
BLACK
6
CONTINUOUS
10
1.1605798425196849
20
1.5925642519685039
11
1.1605799606299212
21
1.5925642913385827
0
LINE
8
BLACK
6
CONTINUOUS
10
1.1605799606299212
20
1.5925642913385827
11
1.1610729527559054
21
1.5928937007874016
0
LINE
8
BLACK
6
CONTINUOUS
10
1.1610729527559054
20
1.5928937007874016
11
1.1631910236220473
21
1.5943089763779528
0
LINE
8
BLACK
6
CONTINUOUS
10
1.1631910236220473
20
1.5943089763779528
11
1.1649357086614174
21
1.5969200393700786
0
LINE
8
BLACK
6
CONTINUOUS
10
1.1649357086614174
20
1.5969200393700786
11
1.1653937007874016
21
1.5992225196850394
0
LINE
8
BLACK
6
CONTINUOUS
10
1.1653937007874016
20
1.5992225196850394
11
1.1653937007874016
21
1.6357774803149605
0
LINE
8
BLACK
6
CONTINUOUS
10
1.1653937007874016
20
1.6357774803149605
11
1.1649357086614174
21
1.6380799606299212
0
LINE
8
BLACK
6
CONTINUOUS
10
1.1649357086614174
20
1.6380799606299212
11
1.1631910236220473
21
1.6406910236220471
0
LINE
8
BLACK
6
CONTINUOUS
10
1.1631910236220473
20
1.6406910236220471
11
1.1605799606299212
21
1.6424357086614172
0
LINE
8
BLACK
6
CONTINUOUS
10
1.1605799606299212
20
1.6424357086614172
11
1.1582774803149607
21
1.6428937007874016
0
LINE
8
BLACK
6
CONTINUOUS
10
1.1582774803149607
20
1.6428937007874016
11
1.1582774409448819
21
1.6428937007874016
0
LINE
8
BLACK
6
CONTINUOUS
10
1.1582774409448819
20
1.6428937007874016
11
1.1336109842519684
21
1.6428937007874016
0
LINE
8
BLACK
6
CONTINUOUS
10
1.1336109842519684
20
1.6428937007874016
11
1.1325224015748032
21
1.6431102362204724
0
LINE
8
BLACK
6
CONTINUOUS
10
1.1325224015748032
20
1.6431102362204724
11
1.1274775984251968
21
1.6431102362204724
0
LINE
8
BLACK
6
CONTINUOUS
10
1.1274775984251968
20
1.6431102362204724
11
1.1263890157480314
21
1.6428937007874016
0
LINE
8
BLACK
6
CONTINUOUS
10
1.1263890157480314
20
1.6428937007874016
11
1.1017225196850393
21
1.6428937007874016
0
LINE
8
BLACK
6
CONTINUOUS
10
1.1017225196850393
20
1.6428937007874016
11
1.0994200393700788
21
1.6424357086614172
0
LINE
8
BLACK
6
CONTINUOUS
10
1.0994200393700788
20
1.6424357086614172
11
1.0968089763779527
21
1.6406910236220471
0
LINE
8
BLACK
6
CONTINUOUS
10
1.0968089763779527
20
1.6406910236220471
11
1.0950642913385826
21
1.6380799606299212
0
LINE
8
BLACK
6
CONTINUOUS
10
1.0950642913385826
20
1.6380799606299212
11
1.0950642519685039
21
1.638079842519685
0
LINE
8
BLACK
6
CONTINUOUS
10
1.0950642519685039
20
1.638079842519685
11
1.0946062992125984
21
1.635777559055118
0
LINE
8
BLACK
6
CONTINUOUS
10
1.0946062992125984
20
1.635777559055118
11
1.0946062992125984
21
1.5992224015748031
0
LINE
8
BLACK
6
CONTINUOUS
10
1.0946062992125984
20
1.5992224015748031
11
1.095140157480315
21
1.5965386614173227
0
LINE
8
BLACK
6
CONTINUOUS
10
1.095140157480315
20
1.5965386614173227
11
1.0948910236220473
21
1.5937546456692913
0
LINE
8
BLACK
6
CONTINUOUS
10
1.0948910236220473
20
1.5937546456692913
11
1.0931762992125984
21
1.5915472440944882
0
LINE
8
BLACK
6
CONTINUOUS
10
1.0931762992125984
20
1.5915472440944882
11
1.0905403937007874
21
1.5906173622047244
0
LINE
8
BLACK
6
CONTINUOUS
10
1.0905403937007874
20
1.5906173622047244
11
1.0902748425196851
21
1.5906102362204724
0
LINE
8
BLACK
6
CONTINUOUS
10
1.0902748425196851
20
1.5906102362204724
11
1.0573167322834645
21
1.5906102362204724
0
LINE
8
BLACK
6
CONTINUOUS
10
1.0573167322834645
20
1.5906102362204724
11
1.0546348031496062
21
1.5913977165354329
0
LINE
8
BLACK
6
CONTINUOUS
10
1.0546348031496062
20
1.5913977165354329
11
1.054560748031496
21
1.5914462598425196
0
LINE
8
BLACK
6
CONTINUOUS
10
1.054560748031496
20
1.5914462598425196
11
1.0544096062992125
21
1.5915472440944882
0
LINE
8
BLACK
6
CONTINUOUS
10
1.0544096062992125
20
1.5915472440944882
11
1.0530799606299213
21
1.5924357086614174
0
LINE
8
BLACK
6
CONTINUOUS
10
1.0530799606299213
20
1.5924357086614174
11
1.0507774803149605
21
1.5928937007874016
0
LINE
8
BLACK
6
CONTINUOUS
10
1.0507774803149605
20
1.5928937007874016
11
0.9692225196850394
21
1.5928937007874016
0
LINE
8
BLACK
6
CONTINUOUS
10
0.9692225196850394
20
1.5928937007874016
11
0.9669200393700788
21
1.5924357086614174
0
LINE
8
BLACK
6
CONTINUOUS
10
0.9669200393700788
20
1.5924357086614174
11
0.96692
21
1.5924356692913386
0
LINE
8
BLACK
6
CONTINUOUS
10
0.96692
20
1.5924356692913386
11
0.9654392519685039
21
1.5914462598425196
0
LINE
8
BLACK
6
CONTINUOUS
10
0.9654392519685039
20
1.5914462598425196
11
0.962771811023622
21
1.5906110236220472
0
LINE
8
BLACK
6
CONTINUOUS
10
0.962771811023622
20
1.5906110236220472
11
0.9626832677165355
21
1.5906102362204724
0
LINE
8
BLACK
6
CONTINUOUS
10
0.9626832677165355
20
1.5906102362204724
11
0.9505708661417323
21
1.5906102362204724
0
LINE
8
BLACK
6
CONTINUOUS
10
0.9505708661417323
20
1.5906102362204724
11
0.947888937007874
21
1.5913977165354329
0
LINE
8
BLACK
6
CONTINUOUS
10
0.947888937007874
20
1.5913977165354329
11
0.9460585039370079
21
1.593510157480315
0
LINE
8
BLACK
6
CONTINUOUS
10
0.9460585039370079
20
1.593510157480315
11
0.9456102362204725
21
1.5955708661417323
0
LINE
8
BLACK
6
CONTINUOUS
10
0.9456102362204725
20
1.5955708661417323
11
0.9456102362204725
21
1.7521456692913386
0
LINE
8
BLACK
6
CONTINUOUS
10
0.9456102362204725
20
1.7521456692913386
11
0.946397716535433
21
1.7548275984251969
0
LINE
8
BLACK
6
CONTINUOUS
10
0.946397716535433
20
1.7548275984251969
11
0.948510157480315
21
1.7566580314960629
0
LINE
8
BLACK
6
CONTINUOUS
10
0.948510157480315
20
1.7566580314960629
11
0.9505708661417323
21
1.7571062992125983
0
LINE
8
BLACK
6
CONTINUOUS
10
0.9505708661417323
20
1.7571062992125983
11
0.9507775590551181
21
1.7571062992125983
0
LINE
8
BLACK
6
CONTINUOUS
10
0.9507775590551181
20
1.7571062992125983
11
0.953079842519685
21
1.757564251968504
0
LINE
8
BLACK
6
CONTINUOUS
10
0.953079842519685
20
1.757564251968504
11
0.9530799606299213
21
1.7575642913385827
0
LINE
8
BLACK
6
CONTINUOUS
10
0.9530799606299213
20
1.7575642913385827
11
0.9556910236220473
21
1.7593089763779528
0
LINE
8
BLACK
6
CONTINUOUS
10
0.9556910236220473
20
1.7593089763779528
11
0.9574357086614173
21
1.7619200393700787
0
LINE
8
BLACK
6
CONTINUOUS
10
0.9574357086614173
20
1.7619200393700787
11
0.9578937007874015
21
1.7642225196850394
0
LINE
8
BLACK
6
CONTINUOUS
10
0.9578937007874015
20
1.7642225196850394
11
0.9578937007874015
21
1.8257774803149607
0
LINE
8
BLACK
6
CONTINUOUS
10
0.9578937007874015
20
1.8257774803149607
11
0.9574357086614173
21
1.8280799606299212
0
LINE
8
BLACK
6
CONTINUOUS
10
0.9574357086614173
20
1.8280799606299212
11
0.9556910236220473
21
1.8306910236220473
0
LINE
8
BLACK
6
CONTINUOUS
10
0.9556910236220473
20
1.8306910236220473
11
0.9530799606299213
21
1.8324357086614174
0
LINE
8
BLACK
6
CONTINUOUS
10
0.9530799606299213
20
1.8324357086614174
11
0.9507774803149606
21
1.8328937007874015
0
LINE
8
BLACK
6
CONTINUOUS
10
0.9507774803149606
20
1.8328937007874015
11
0.9507774409448818
21
1.8328937007874015
0
LINE
8
BLACK
6
CONTINUOUS
10
0.9507774409448818
20
1.8328937007874015
11
0.9505708661417323
21
1.8328937007874015
0
LINE
8
BLACK
6
CONTINUOUS
10
0.9505708661417323
20
1.8328937007874015
11
0.947888937007874
21
1.8336811811023621
0
LINE
8
BLACK
6
CONTINUOUS
10
0.947888937007874
20
1.8336811811023621
11
0.9460585039370079
21
1.8357936220472439
0
LINE
8
BLACK
6
CONTINUOUS
10
0.9460585039370079
20
1.8357936220472439
11
0.9456102362204725
21
1.8378543307086614
0
LINE
8
BLACK
6
CONTINUOUS
10
0.9456102362204725
20
1.8378543307086614
11
0.9456102362204725
21
1.8521456692913385
0
LINE
8
BLACK
6
CONTINUOUS
10
0.9456102362204725
20
1.8521456692913385
11
0.946397716535433
21
1.8548275984251967
0
LINE
8
BLACK
6
CONTINUOUS
10
0.946397716535433
20
1.8548275984251967
11
0.948510157480315
21
1.856658031496063
0
LINE
8
BLACK
6
CONTINUOUS
10
0.948510157480315
20
1.856658031496063
11
0.9505708661417323
21
1.8571062992125984
0
LINE
8
BLACK
6
CONTINUOUS
10
0.9505708661417323
20
1.8571062992125984
11
0.9507775590551181
21
1.8571062992125984
0
LINE
8
BLACK
6
CONTINUOUS
10
0.9507775590551181
20
1.8571062992125984
11
0.953079842519685
21
1.8575642519685038
0
LINE
8
BLACK
6
CONTINUOUS
10
0.953079842519685
20
1.8575642519685038
11
0.9530799606299213
21
1.8575642913385826
0
LINE
8
BLACK
6
CONTINUOUS
10
0.9530799606299213
20
1.8575642913385826
11
0.9556910236220473
21
1.8593089763779527
0
LINE
8
BLACK
6
CONTINUOUS
10
0.9556910236220473
20
1.8593089763779527
11
0.9574357086614173
21
1.8619200393700788
0
LINE
8
BLACK
6
CONTINUOUS
10
0.9574357086614173
20
1.8619200393700788
11
0.9578937007874015
21
1.8642225196850393
0
LINE
8
BLACK
6
CONTINUOUS
10
0.9578937007874015
20
1.8642225196850393
11
0.9578937007874015
21
1.9257774803149605
0
LINE
8
BLACK
6
CONTINUOUS
10
0.9578937007874015
20
1.9257774803149605
11
0.9574357086614173
21
1.9280799606299213
0
LINE
8
BLACK
6
CONTINUOUS
10
0.9574357086614173
20
1.9280799606299213
11
0.9556910236220473
21
1.9306910236220471
0
LINE
8
BLACK
6
CONTINUOUS
10
0.9556910236220473
20
1.9306910236220471
11
0.9530799606299213
21
1.9324357086614172
0
LINE
8
BLACK
6
CONTINUOUS
10
0.9530799606299213
20
1.9324357086614172
11
0.9507774803149606
21
1.9328937007874016
0
LINE
8
BLACK
6
CONTINUOUS
10
0.9507774803149606
20
1.9328937007874016
11
0.8892225196850394
21
1.9328937007874016
0
LINE
8
BLACK
6
CONTINUOUS
10
0.8892225196850394
20
1.9328937007874016
11
0.8869200393700787
21
1.9324357086614172
0
LINE
8
BLACK
6
CONTINUOUS
10
0.5656496850393701
20
1.3524968897637795
11
0.5659151968503937
21
1.3511621653543306
0
LINE
8
BLACK
6
CONTINUOUS
10
0.5659151968503937
20
1.3511621653543306
11
0.5666262992125984
21
1.3475872047244095
0
LINE
8
BLACK
6
CONTINUOUS
10
0.5666262992125984
20
1.3475872047244095
11
0.5679381889763779
21
1.3444200393700787
0
LINE
8
BLACK
6
CONTINUOUS
10
0.5679381889763779
20
1.3444200393700787
11
0.5685420472440945
21
1.3429622440944882
0
LINE
8
BLACK
6
CONTINUOUS
10
0.5685420472440945
20
1.3429622440944882
11
0.5713231102362205
21
1.3388000787401575
0
LINE
8
BLACK
6
CONTINUOUS
10
0.5713231102362205
20
1.3388000787401575
11
0.5713233070866142
21
1.3387998031496062
0
LINE
8
BLACK
6
CONTINUOUS
10
0.5713233070866142
20
1.3387998031496062
11
0.574862874015748
21
1.3352602362204724
0
LINE
8
BLACK
6
CONTINUOUS
10
0.574862874015748
20
1.3352602362204724
11
0.5748631496062993
21
1.3352600393700786
0
LINE
8
BLACK
6
CONTINUOUS
10
0.5748631496062993
20
1.3352600393700786
11
0.5772261023622047
21
1.3336811811023621
0
LINE
8
BLACK
6
CONTINUOUS
10
0.5772261023622047
20
1.3336811811023621
11
0.5790253149606299
21
1.3324789763779528
0
LINE
8
BLACK
6
CONTINUOUS
10
0.5790253149606299
20
1.3324789763779528
11
0.5836502755905512
21
1.3305632283464566
0
LINE
8
BLACK
6
CONTINUOUS
10
0.5836502755905512
20
1.3305632283464566
11
0.5848777165354331
21
1.3303190551181101
0
LINE
8
BLACK
6
CONTINUOUS
10
0.5848777165354331
20
1.3303190551181101
11
0.5885599606299212
21
1.3295866141732282
0
LINE
8
BLACK
6
CONTINUOUS
10
0.5885599606299212
20
1.3295866141732282
11
0.5885600787401575
21
1.3295866141732282
0
LINE
8
BLACK
6
CONTINUOUS
10
0.5885600787401575
20
1.3295866141732282
11
0.589338937007874
21
1.3295866141732282
0
LINE
8
BLACK
6
CONTINUOUS
10
0.589338937007874
20
1.3295866141732282
11
0.5920208661417322
21
1.3287991338582676
0
LINE
8
BLACK
6
CONTINUOUS
10
0.5920208661417322
20
1.3287991338582676
11
0.5928466141732284
21
1.3281336614173227
0
LINE
8
BLACK
6
CONTINUOUS
10
0.5928466141732284
20
1.3281336614173227
11
0.6376724803149606
21
1.283307716535433
0
LINE
8
BLACK
6
CONTINUOUS
10
0.6376724803149606
20
1.283307716535433
11
0.637672874015748
21
1.2833074015748032
0
LINE
8
BLACK
6
CONTINUOUS
10
0.637672874015748
20
1.2833074015748032
11
0.6417171653543307
21
1.2809724409448819
0
LINE
8
BLACK
6
CONTINUOUS
10
0.6417171653543307
20
1.2809724409448819
11
0.6426703149606299
21
1.2807170078740158
0
LINE
8
BLACK
6
CONTINUOUS
10
0.6426703149606299
20
1.2807170078740158
11
0.6426703543307086
21
1.2807170472440945
0
LINE
8
BLACK
6
CONTINUOUS
10
0.6426703543307086
20
1.2807170472440945
11
0.646228031496063
21
1.2797637795275589
0
LINE
8
BLACK
6
CONTINUOUS
10
0.646228031496063
20
1.2797637795275589
11
0.6462280708661418
21
1.2797637795275589
0
LINE
8
BLACK
6
CONTINUOUS
10
0.6462280708661418
20
1.2797637795275589
11
0.6675718110236221
21
1.2797637795275589
0
LINE
8
BLACK
6
CONTINUOUS
10
0.6675718110236221
20
1.2797637795275589
11
0.6702537401574803
21
1.2789762992125984
0
LINE
8
BLACK
6
CONTINUOUS
10
0.6702537401574803
20
1.2789762992125984
11
0.6717235826771654
21
1.2772799606299212
0
LINE
8
BLACK
6
CONTINUOUS
10
0.6717235826771654
20
1.2772799606299212
11
0.6717928740157481
21
1.2773262598425197
0
LINE
8
BLACK
6
CONTINUOUS
10
0.6717928740157481
20
1.2773262598425197
11
0.6738089763779528
21
1.2743089763779527
0
LINE
8
BLACK
6
CONTINUOUS
10
0.6738089763779528
20
1.2743089763779527
11
0.67642
21
1.2725642913385826
0
LINE
8
BLACK
6
CONTINUOUS
10
0.67642
20
1.2725642913385826
11
0.6764201181102362
21
1.2725642519685039
0
LINE
8
BLACK
6
CONTINUOUS
10
0.6764201181102362
20
1.2725642519685039
11
0.6787224015748031
21
1.2721062992125984
0
LINE
8
BLACK
6
CONTINUOUS
10
0.6787224015748031
20
1.2721062992125984
11
0.6787225196850394
21
1.2721062992125984
0
LINE
8
BLACK
6
CONTINUOUS
10
0.6787225196850394
20
1.2721062992125984
11
0.735277559055118
21
1.2721062992125984
0
LINE
8
BLACK
6
CONTINUOUS
10
0.735277559055118
20
1.2721062992125984
11
0.737579842519685
21
1.2725642519685039
0
LINE
8
BLACK
6
CONTINUOUS
10
0.737579842519685
20
1.2725642519685039
11
0.7375799606299213
21
1.2725642913385826
0
LINE
8
BLACK
6
CONTINUOUS
10
0.7375799606299213
20
1.2725642913385826
11
0.7401910236220473
21
1.2743089763779527
0
LINE
8
BLACK
6
CONTINUOUS
10
0.7401910236220473
20
1.2743089763779527
11
0.7419357086614173
21
1.2769200393700788
0
LINE
8
BLACK
6
CONTINUOUS
10
0.7419357086614173
20
1.2769200393700788
11
0.742207125984252
21
1.2773262598425197
0
LINE
8
BLACK
6
CONTINUOUS
10
0.742207125984252
20
1.2773262598425197
11
0.742299094488189
21
1.2772647637795276
0
LINE
8
BLACK
6
CONTINUOUS
10
0.742299094488189
20
1.2772647637795276
11
0.7435989763779527
21
1.278877874015748
0
LINE
8
BLACK
6
CONTINUOUS
10
0.7435989763779527
20
1.278877874015748
11
0.746251062992126
21
1.2797606299212598
0
LINE
8
BLACK
6
CONTINUOUS
10
0.746251062992126
20
1.2797606299212598
11
0.746428188976378
21
1.2797637795275589
0
LINE
8
BLACK
6
CONTINUOUS
10
0.746428188976378
20
1.2797637795275589
11
0.8756456692913386
21
1.2797637795275589
0
LINE
8
BLACK
6
CONTINUOUS
10
0.8756456692913386
20
1.2797637795275589
11
0.8783275984251968
21
1.2789762992125984
0
LINE
8
BLACK
6
CONTINUOUS
10
0.8783275984251968
20
1.2789762992125984
11
0.880158031496063
21
1.2768638582677165
0
LINE
8
BLACK
6
CONTINUOUS
10
0.880158031496063
20
1.2768638582677165
11
0.8806062992125984
21
1.2748031496062993
0
LINE
8
BLACK
6
CONTINUOUS
10
0.8806062992125984
20
1.2748031496062993
11
0.8806062992125984
21
1.2702224015748032
0
LINE
8
BLACK
6
CONTINUOUS
10
0.8806062992125984
20
1.2702224015748032
11
0.8810642519685039
21
1.2679201181102362
0
LINE
8
BLACK
6
CONTINUOUS
10
0.8810642519685039
20
1.2679201181102362
11
0.8810642913385827
21
1.2679199999999999
0
LINE
8
BLACK
6
CONTINUOUS
10
0.8810642913385827
20
1.2679199999999999
11
0.8828089763779527
21
1.2653089763779528
0
LINE
8
BLACK
6
CONTINUOUS
10
0.8828089763779527
20
1.2653089763779528
11
0.88542
21
1.2635642913385827
0
LINE
8
BLACK
6
CONTINUOUS
10
0.88542
20
1.2635642913385827
11
0.8854201181102362
21
1.263564251968504
0
LINE
8
BLACK
6
CONTINUOUS
10
0.8854201181102362
20
1.263564251968504
11
0.8877224015748031
21
1.2631062992125983
0
LINE
8
BLACK
6
CONTINUOUS
10
0.8877224015748031
20
1.2631062992125983
11
0.8877225196850393
21
1.2631062992125983
0
LINE
8
BLACK
6
CONTINUOUS
10
0.8877225196850393
20
1.2631062992125983
11
0.9442775590551181
21
1.2631062992125983
0
LINE
8
BLACK
6
CONTINUOUS
10
0.9442775590551181
20
1.2631062992125983
11
0.946579842519685
21
1.263564251968504
0
LINE
8
BLACK
6
CONTINUOUS
10
0.946579842519685
20
1.263564251968504
11
0.9465799606299212
21
1.2635642913385827
0
LINE
8
BLACK
6
CONTINUOUS
10
0.9465799606299212
20
1.2635642913385827
11
0.9486205511811023
21
1.2649277559055119
0
LINE
8
BLACK
6
CONTINUOUS
10
0.9486205511811023
20
1.2649277559055119
11
0.951287874015748
21
1.2657629921259843
0
LINE
8
BLACK
6
CONTINUOUS
10
0.951287874015748
20
1.2657629921259843
11
0.9513764566929134
21
1.2657637795275589
0
LINE
8
BLACK
6
CONTINUOUS
10
0.9513764566929134
20
1.2657637795275589
11
1.090571811023622
21
1.2657637795275589
0
LINE
8
BLACK
6
CONTINUOUS
10
1.090571811023622
20
1.2657637795275589
11
1.0932537401574802
21
1.2649762992125984
0
LINE
8
BLACK
6
CONTINUOUS
10
1.0932537401574802
20
1.2649762992125984
11
1.0947235826771653
21
1.2632799606299212
0
LINE
8
BLACK
6
CONTINUOUS
10
1.0947235826771653
20
1.2632799606299212
11
1.094792874015748
21
1.2633262598425197
0
LINE
8
BLACK
6
CONTINUOUS
10
1.094792874015748
20
1.2633262598425197
11
1.0950642519685039
21
1.2629200393700788
0
LINE
8
BLACK
6
CONTINUOUS
10
1.0950642519685039
20
1.2629200393700788
11
1.0950642913385826
21
1.2629200393700788
0
LINE
8
BLACK
6
CONTINUOUS
10
1.0950642913385826
20
1.2629200393700788
11
1.0953246850393701
21
1.2625303543307087
0
LINE
8
BLACK
6
CONTINUOUS
10
1.0953246850393701
20
1.2625303543307087
11
1.0968089763779527
21
1.2603089763779527
0
LINE
8
BLACK
6
CONTINUOUS
10
1.0968089763779527
20
1.2603089763779527
11
1.0994200000000001
21
1.2585642913385826
0
LINE
8
BLACK
6
CONTINUOUS
10
1.0994200000000001
20
1.2585642913385826
11
1.0994201181102361
21
1.2585642519685039
0
LINE
8
BLACK
6
CONTINUOUS
10
1.0994201181102361
20
1.2585642519685039
11
1.1017224015748031
21
1.2581062992125984
0
LINE
8
BLACK
6
CONTINUOUS
10
1.1017224015748031
20
1.2581062992125984
11
1.1017225196850393
21
1.2581062992125984
0
LINE
8
BLACK
6
CONTINUOUS
10
1.1017225196850393
20
1.2581062992125984
11
1.158277559055118
21
1.2581062992125984
0
LINE
8
BLACK
6
CONTINUOUS
10
1.158277559055118
20
1.2581062992125984
11
1.1605798425196849
21
1.2585642519685039
0
LINE
8
BLACK
6
CONTINUOUS
10
1.1605798425196849
20
1.2585642519685039
11
1.1605799606299212
21
1.2585642913385826
0
LINE
8
BLACK
6
CONTINUOUS
10
1.1605799606299212
20
1.2585642913385826
11
1.1631910236220473
21
1.2603089763779527
0
LINE
8
BLACK
6
CONTINUOUS
10
1.1631910236220473
20
1.2603089763779527
11
1.1649357086614174
21
1.2629200393700788
0
LINE
8
BLACK
6
CONTINUOUS
10
1.1649357086614174
20
1.2629200393700788
11
1.1653937007874016
21
1.2652225196850393
0
LINE
8
BLACK
6
CONTINUOUS
10
1.1653937007874016
20
1.2652225196850393
11
1.1653937007874016
21
1.3017774803149607
0
LINE
8
BLACK
6
CONTINUOUS
10
1.1653937007874016
20
1.3017774803149607
11
1.1649357086614174
21
1.3040799606299212
0
LINE
8
BLACK
6
CONTINUOUS
10
1.1649357086614174
20
1.3040799606299212
11
1.1631910236220473
21
1.3066910236220473
0
LINE
8
BLACK
6
CONTINUOUS
10
1.1631910236220473
20
1.3066910236220473
11
1.1605799606299212
21
1.3084357086614173
0
LINE
8
BLACK
6
CONTINUOUS
10
1.1605799606299212
20
1.3084357086614173
11
1.1582774803149607
21
1.3088937007874015
0
LINE
8
BLACK
6
CONTINUOUS
10
1.1582774803149607
20
1.3088937007874015
11
1.1017225196850393
21
1.3088937007874015
0
LINE
8
BLACK
6
CONTINUOUS
10
1.1017225196850393
20
1.3088937007874015
11
1.0994200393700788
21
1.3084357086614173
0
LINE
8
BLACK
6
CONTINUOUS
10
1.0994200393700788
20
1.3084357086614173
11
1.0968089763779527
21
1.3066910236220473
0
LINE
8
BLACK
6
CONTINUOUS
10
1.0968089763779527
20
1.3066910236220473
11
1.0957088188976378
21
1.305044527559055
0
LINE
8
BLACK
6
CONTINUOUS
10
1.0957088188976378
20
1.305044527559055
11
1.094792874015748
21
1.3036737401574803
0
LINE
8
BLACK
6
CONTINUOUS
10
1.094792874015748
20
1.3036737401574803
11
1.0947008661417323
21
1.3037351968503936
0
LINE
8
BLACK
6
CONTINUOUS
10
1.0947008661417323
20
1.3037351968503936
11
1.0934010236220473
21
1.3021221259842519
0
LINE
8
BLACK
6
CONTINUOUS
10
1.0934010236220473
20
1.3021221259842519
11
1.090748937007874
21
1.3012393700787401
0
LINE
8
BLACK
6
CONTINUOUS
10
1.090748937007874
20
1.3012393700787401
11
1.090571811023622
21
1.3012362204724408
0
LINE
8
BLACK
6
CONTINUOUS
10
1.090571811023622
20
1.3012362204724408
11
0.9563543307086614
21
1.3012362204724408
0
LINE
8
BLACK
6
CONTINUOUS
10
0.9563543307086614
20
1.3012362204724408
11
0.9536724015748032
21
1.3020237007874016
0
LINE
8
BLACK
6
CONTINUOUS
10
0.9536724015748032
20
1.3020237007874016
11
0.951841968503937
21
1.3041361417322834
0
LINE
8
BLACK
6
CONTINUOUS
10
0.951841968503937
20
1.3041361417322834
11
0.9513937007874016
21
1.3061968503937007
0
LINE
8
BLACK
6
CONTINUOUS
10
0.9513937007874016
20
1.3061968503937007
11
0.9513937007874016
21
1.306777401574803
0
LINE
8
BLACK
6
CONTINUOUS
10
0.9513937007874016
20
1.306777401574803
11
0.9513937007874016
21
1.3067774803149605
0
LINE
8
BLACK
6
CONTINUOUS
10
0.9513937007874016
20
1.3067774803149605
11
0.9509357086614173
21
1.3090799606299213
0
LINE
8
BLACK
6
CONTINUOUS
10
0.9509357086614173
20
1.3090799606299213
11
0.9491910236220472
21
1.3116910236220471
0
LINE
8
BLACK
6
CONTINUOUS
10
0.9491910236220472
20
1.3116910236220471
11
0.9465799606299212
21
1.3134357086614172
0
LINE
8
BLACK
6
CONTINUOUS
10
0.9465799606299212
20
1.3134357086614172
11
0.9442774803149606
21
1.3138937007874016
0
LINE
8
BLACK
6
CONTINUOUS
10
0.9442774803149606
20
1.3138937007874016
11
0.9442774409448819
21
1.3138937007874016
0
LINE
8
BLACK
6
CONTINUOUS
10
0.9442774409448819
20
1.3138937007874016
11
0.9149983858267716
21
1.3138937007874016
0
LINE
8
BLACK
6
CONTINUOUS
10
0.9149983858267716
20
1.3138937007874016
11
0.9137145669291339
21
1.3140627165354331
0
LINE
8
BLACK
6
CONTINUOUS
10
0.9137145669291339
20
1.3140627165354331
11
0.9126575196850394
21
1.3143459448818897
0
LINE
8
BLACK
6
CONTINUOUS
10
0.9126575196850394
20
1.3143459448818897
11
0.909335
21
1.3152362204724408
0
LINE
8
BLACK
6
CONTINUOUS
10
0.909335
20
1.3152362204724408
11
0.9093349212598425
21
1.3152362204724408
0
LINE
8
BLACK
6
CONTINUOUS
10
0.9093349212598425
20
1.3152362204724408
11
0.746428188976378
21
1.3152362204724408
0
LINE
8
BLACK
6
CONTINUOUS
10
0.746428188976378
20
1.3152362204724408
11
0.7437462598425196
21
1.3160237007874016
0
LINE
8
BLACK
6
CONTINUOUS
10
0.7437462598425196
20
1.3160237007874016
11
0.7422763779527559
21
1.31772
0
LINE
8
BLACK
6
CONTINUOUS
10
0.7422763779527559
20
1.31772
11
0.742207125984252
21
1.3176737401574803
0
LINE
8
BLACK
6
CONTINUOUS
10
0.742207125984252
20
1.3176737401574803
11
0.7419357086614173
21
1.3180798818897637
0
LINE
8
BLACK
6
CONTINUOUS
10
0.7419357086614173
20
1.3180798818897637
11
0.7419357086614173
21
1.3180799606299212
0
LINE
8
BLACK
6
CONTINUOUS
10
0.7419357086614173
20
1.3180799606299212
11
0.7401910236220473
21
1.3206910236220473
0
LINE
8
BLACK
6
CONTINUOUS
10
0.7401910236220473
20
1.3206910236220473
11
0.7375799606299213
21
1.3224357086614174
0
LINE
8
BLACK
6
CONTINUOUS
10
0.7375799606299213
20
1.3224357086614174
11
0.7352774803149607
21
1.3228937007874015
0
LINE
8
BLACK
6
CONTINUOUS
10
0.7352774803149607
20
1.3228937007874015
11
0.6787225196850394
21
1.3228937007874015
0
LINE
8
BLACK
6
CONTINUOUS
10
0.6787225196850394
20
1.3228937007874015
11
0.6764200393700788
21
1.3224357086614174
0
LINE
8
BLACK
6
CONTINUOUS
10
0.6764200393700788
20
1.3224357086614174
11
0.6738089763779528
21
1.3206910236220473
0
LINE
8
BLACK
6
CONTINUOUS
10
0.6738089763779528
20
1.3206910236220473
11
0.6721278346456693
21
1.3181750393700786
0
LINE
8
BLACK
6
CONTINUOUS
10
0.6721278346456693
20
1.3181750393700786
11
0.6717928740157481
21
1.3176737401574803
0
LINE
8
BLACK
6
CONTINUOUS
10
0.6717928740157481
20
1.3176737401574803
11
0.6717008661417323
21
1.3177351968503936
0
LINE
8
BLACK
6
CONTINUOUS
10
0.6717008661417323
20
1.3177351968503936
11
0.6716529921259843
21
1.3176757874015748
0
LINE
8
BLACK
6
CONTINUOUS
10
0.6716529921259843
20
1.3176757874015748
11
0.6713207874015747
21
1.3169483464566929
0
LINE
8
BLACK
6
CONTINUOUS
10
0.6713207874015747
20
1.3169483464566929
11
0.6707939763779528
21
1.3166097637795275
0
LINE
8
BLACK
6
CONTINUOUS
10
0.6707939763779528
20
1.3166097637795275
11
0.6704010236220472
21
1.3161221259842519
0
LINE
8
BLACK
6
CONTINUOUS
10
0.6704010236220472
20
1.3161221259842519
11
0.669642125984252
21
1.3158694881889763
0
LINE
8
BLACK
6
CONTINUOUS
10
0.669642125984252
20
1.3158694881889763
11
0.6689693700787401
21
1.3154371653543306
0
LINE
8
BLACK
6
CONTINUOUS
10
0.6689693700787401
20
1.3154371653543306
11
0.667866968503937
21
1.3152786614173229
0
LINE
8
BLACK
6
CONTINUOUS
10
0.667866968503937
20
1.3152786614173229
11
0.667748937007874
21
1.3152393700787401
0
LINE
8
BLACK
6
CONTINUOUS
10
0.667748937007874
20
1.3152393700787401
11
0.6675718110236221
21
1.3152362204724408
0
LINE
8
BLACK
6
CONTINUOUS
10
0.6675718110236221
20
1.3152362204724408
11
0.6579643700787401
21
1.3152362204724408
0
LINE
8
BLACK
6
CONTINUOUS
10
0.6579643700787401
20
1.3152362204724408
11
0.6552824409448819
21
1.3160237007874016
0
LINE
8
BLACK
6
CONTINUOUS
10
0.6552824409448819
20
1.3160237007874016
11
0.6544566929133858
21
1.3166891732283463
0
LINE
8
BLACK
6
CONTINUOUS
10
0.6544566929133858
20
1.3166891732283463
11
0.6179294094488189
21
1.3532164566929135
0
LINE
8
BLACK
6
CONTINUOUS
10
0.6179294094488189
20
1.3532164566929135
11
0.6165898031496063
21
1.3556696850393701
0
LINE
8
BLACK
6
CONTINUOUS
10
0.6165898031496063
20
1.3556696850393701
11
0.6164764566929134
21
1.3567241338582676
0
LINE
8
BLACK
6
CONTINUOUS
10
0.6164764566929134
20
1.3567241338582676
11
0.6164764566929134
21
1.3575029133858267
0
LINE
8
BLACK
6
CONTINUOUS
10
0.6164764566929134
20
1.3575029133858267
11
0.6164764566929134
21
1.3575029921259842
0
LINE
8
BLACK
6
CONTINUOUS
10
0.6164764566929134
20
1.3575029921259842
11
0.615499842519685
21
1.3624127952755904
0
LINE
8
BLACK
6
CONTINUOUS
10
0.615499842519685
20
1.3624127952755904
11
0.613584094488189
21
1.3670377559055118
0
LINE
8
BLACK
6
CONTINUOUS
10
0.613584094488189
20
1.3670377559055118
11
0.6108029133858267
21
1.3712000787401575
0
LINE
8
BLACK
6
CONTINUOUS
10
0.6108029133858267
20
1.3712000787401575
11
0.6072631496062992
21
1.3747398425196851
0
LINE
8
BLACK
6
CONTINUOUS
10
0.6072631496062992
20
1.3747398425196851
11
0.6031008267716536
21
1.3775210236220472
0
LINE
8
BLACK
6
CONTINUOUS
10
0.6031008267716536
20
1.3775210236220472
11
0.5984758661417323
21
1.3794367716535432
0
LINE
8
BLACK
6
CONTINUOUS
10
0.5984758661417323
20
1.3794367716535432
11
0.593566062992126
21
1.3804133858267715
0
LINE
8
BLACK
6
CONTINUOUS
10
0.593566062992126
20
1.3804133858267715
11
0.5885600787401575
21
1.3804133858267715
0
LINE
8
BLACK
6
CONTINUOUS
10
0.5885600787401575
20
1.3804133858267715
11
0.5836502755905512
21
1.3794367716535432
0
LINE
8
BLACK
6
CONTINUOUS
10
0.5836502755905512
20
1.3794367716535432
11
0.5790253149606299
21
1.3775210236220472
0
LINE
8
BLACK
6
CONTINUOUS
10
0.5790253149606299
20
1.3775210236220472
11
0.5748629921259842
21
1.3747398425196851
0
LINE
8
BLACK
6
CONTINUOUS
10
0.5748629921259842
20
1.3747398425196851
11
0.5713232283464567
21
1.3712000787401575
0
LINE
8
BLACK
6
CONTINUOUS
10
0.5713232283464567
20
1.3712000787401575
11
0.5685420472440945
21
1.3670377559055118
0
LINE
8
BLACK
6
CONTINUOUS
10
0.5685420472440945
20
1.3670377559055118
11
0.5666262992125984
21
1.3624127952755904
0
LINE
8
BLACK
6
CONTINUOUS
10
0.5666262992125984
20
1.3624127952755904
11
0.5664889763779527
21
1.3617224015748031
0
LINE
8
BLACK
6
CONTINUOUS
10
0.5664889763779527
20
1.3617224015748031
11
0.5656496850393701
21
1.3575030708661417
0
LINE
8
BLACK
6
CONTINUOUS
10
0.5656496850393701
20
1.3575030708661417
11
0.5656496850393701
21
1.3524968897637795
0
LINE
8
BLACK
6
CONTINUOUS
10
0.4521062992125984
20
1.529222401574803
11
0.4525642519685039
21
1.5269201181102361
0
LINE
8
BLACK
6
CONTINUOUS
10
0.4525642519685039
20
1.5269201181102361
11
0.4525642913385827
21
1.5269200000000001
0
LINE
8
BLACK
6
CONTINUOUS
10
0.4525642913385827
20
1.5269200000000001
11
0.4543089763779528
21
1.5243089763779527
0
LINE
8
BLACK
6
CONTINUOUS
10
0.4543089763779528
20
1.5243089763779527
11
0.45692
21
1.5225642913385826
0
LINE
8
BLACK
6
CONTINUOUS
10
0.45692
20
1.5225642913385826
11
0.4569201181102362
21
1.5225642519685039
0
LINE
8
BLACK
6
CONTINUOUS
10
0.4569201181102362
20
1.5225642519685039
11
0.4592224015748032
21
1.5221062992125984
0
LINE
8
BLACK
6
CONTINUOUS
10
0.4592224015748032
20
1.5221062992125984
11
0.4592225196850394
21
1.5221062992125984
0
LINE
8
BLACK
6
CONTINUOUS
10
0.4592225196850394
20
1.5221062992125984
11
0.5207775590551181
21
1.5221062992125984
0
LINE
8
BLACK
6
CONTINUOUS
10
0.5207775590551181
20
1.5221062992125984
11
0.523079842519685
21
1.5225642519685039
0
LINE
8
BLACK
6
CONTINUOUS
10
0.523079842519685
20
1.5225642519685039
11
0.5230799606299212
21
1.5225642913385826
0
LINE
8
BLACK
6
CONTINUOUS
10
0.5230799606299212
20
1.5225642913385826
11
0.5235729527559055
21
1.5228937007874015
0
LINE
8
BLACK
6
CONTINUOUS
10
0.5235729527559055
20
1.5228937007874015
11
0.5256910236220472
21
1.5243089763779527
0
LINE
8
BLACK
6
CONTINUOUS
10
0.5256910236220472
20
1.5243089763779527
11
0.5274357086614173
21
1.5269200393700788
0
LINE
8
BLACK
6
CONTINUOUS
10
0.5274357086614173
20
1.5269200393700788
11
0.5278937007874016
21
1.5292225196850393
0
LINE
8
BLACK
6
CONTINUOUS
10
0.5278937007874016
20
1.5292225196850393
11
0.5278937007874016
21
1.5907774803149606
0
LINE
8
BLACK
6
CONTINUOUS
10
0.5278937007874016
20
1.5907774803149606
11
0.5278937007874016
21
1.5907775590551181
0
LINE
8
BLACK
6
CONTINUOUS
10
0.5278937007874016
20
1.5907775590551181
11
0.5274357086614173
21
1.5930799606299213
0
LINE
8
BLACK
6
CONTINUOUS
10
0.5274357086614173
20
1.5930799606299213
11
0.5256910236220472
21
1.5956910236220472
0
LINE
8
BLACK
6
CONTINUOUS
10
0.5256910236220472
20
1.5956910236220472
11
0.5230799606299212
21
1.5974357086614173
0
LINE
8
BLACK
6
CONTINUOUS
10
0.5230799606299212
20
1.5974357086614173
11
0.5207774803149606
21
1.5978937007874014
0
LINE
8
BLACK
6
CONTINUOUS
10
0.5207774803149606
20
1.5978937007874014
11
0.4592225196850394
21
1.5978937007874014
0
LINE
8
BLACK
6
CONTINUOUS
10
0.4592225196850394
20
1.5978937007874014
11
0.4569200393700787
21
1.5974357086614173
0
LINE
8
BLACK
6
CONTINUOUS
10
0.4569200393700787
20
1.5974357086614173
11
0.4543089763779528
21
1.5956910236220472
0
LINE
8
BLACK
6
CONTINUOUS
10
0.4543089763779528
20
1.5956910236220472
11
0.4542287007874016
21
1.5955708661417323
0
LINE
8
BLACK
6
CONTINUOUS
10
0.4542287007874016
20
1.5955708661417323
11
0.4525642913385827
21
1.5930799606299213
0
LINE
8
BLACK
6
CONTINUOUS
10
0.4525642913385827
20
1.5930799606299213
11
0.4525642519685039
21
1.593079842519685
0
LINE
8
BLACK
6
CONTINUOUS
10
0.4525642519685039
20
1.593079842519685
11
0.4521062992125984
21
1.5907775590551181
0
LINE
8
BLACK
6
CONTINUOUS
10
0.4521062992125984
20
1.5907775590551181
11
0.4521062992125984
21
1.529222401574803
0
LINE
8
BLACK
6
CONTINUOUS
10
0.5521062992125985
20
1.529222401574803
11
0.5525642519685039
21
1.5269201181102361
0
LINE
8
BLACK
6
CONTINUOUS
10
0.5525642519685039
20
1.5269201181102361
11
0.5525642913385826
21
1.5269200000000001
0
LINE
8
BLACK
6
CONTINUOUS
10
0.5525642913385826
20
1.5269200000000001
11
0.5543089763779527
21
1.5243089763779527
0
LINE
8
BLACK
6
CONTINUOUS
10
0.5543089763779527
20
1.5243089763779527
11
0.55692
21
1.5225642913385826
0
LINE
8
BLACK
6
CONTINUOUS
10
0.55692
20
1.5225642913385826
11
0.5569201181102362
21
1.5225642519685039
0
LINE
8
BLACK
6
CONTINUOUS
10
0.5569201181102362
20
1.5225642519685039
11
0.5592224015748032
21
1.5221062992125984
0
LINE
8
BLACK
6
CONTINUOUS
10
0.5592224015748032
20
1.5221062992125984
11
0.5592225196850393
21
1.5221062992125984
0
LINE
8
BLACK
6
CONTINUOUS
10
0.5592225196850393
20
1.5221062992125984
11
0.6207775590551181
21
1.5221062992125984
0
LINE
8
BLACK
6
CONTINUOUS
10
0.6207775590551181
20
1.5221062992125984
11
0.6230798425196851
21
1.5225642519685039
0
LINE
8
BLACK
6
CONTINUOUS
10
0.6230798425196851
20
1.5225642519685039
11
0.6230799606299212
21
1.5225642913385826
0
LINE
8
BLACK
6
CONTINUOUS
10
0.6230799606299212
20
1.5225642913385826
11
0.6235729527559055
21
1.5228937007874015
0
LINE
8
BLACK
6
CONTINUOUS
10
0.6235729527559055
20
1.5228937007874015
11
0.6256910236220472
21
1.5243089763779527
0
LINE
8
BLACK
6
CONTINUOUS
10
0.6256910236220472
20
1.5243089763779527
11
0.6274357086614173
21
1.5269200393700788
0
LINE
8
BLACK
6
CONTINUOUS
10
0.6274357086614173
20
1.5269200393700788
11
0.6278937007874016
21
1.5292225196850393
0
LINE
8
BLACK
6
CONTINUOUS
10
0.6278937007874016
20
1.5292225196850393
11
0.6278937007874016
21
1.5907774803149606
0
LINE
8
BLACK
6
CONTINUOUS
10
0.6278937007874016
20
1.5907774803149606
11
0.6274357086614173
21
1.5930799606299213
0
LINE
8
BLACK
6
CONTINUOUS
10
0.6274357086614173
20
1.5930799606299213
11
0.6256910236220472
21
1.5956910236220472
0
LINE
8
BLACK
6
CONTINUOUS
10
0.6256910236220472
20
1.5956910236220472
11
0.6230799606299212
21
1.5974357086614173
0
LINE
8
BLACK
6
CONTINUOUS
10
0.6230799606299212
20
1.5974357086614173
11
0.6207774803149606
21
1.5978937007874014
0
LINE
8
BLACK
6
CONTINUOUS
10
0.6207774803149606
20
1.5978937007874014
11
0.5592225196850393
21
1.5978937007874014
0
LINE
8
BLACK
6
CONTINUOUS
10
0.5592225196850393
20
1.5978937007874014
11
0.5569200393700787
21
1.5974357086614173
0
LINE
8
BLACK
6
CONTINUOUS
10
0.5569200393700787
20
1.5974357086614173
11
0.5543089763779527
21
1.5956910236220472
0
LINE
8
BLACK
6
CONTINUOUS
10
0.5543089763779527
20
1.5956910236220472
11
0.5542287007874016
21
1.5955708661417323
0
LINE
8
BLACK
6
CONTINUOUS
10
0.5542287007874016
20
1.5955708661417323
11
0.5525642913385826
21
1.5930799606299213
0
LINE
8
BLACK
6
CONTINUOUS
10
0.5525642913385826
20
1.5930799606299213
11
0.5525642519685039
21
1.593079842519685
0
LINE
8
BLACK
6
CONTINUOUS
10
0.5525642519685039
20
1.593079842519685
11
0.5521062992125985
21
1.5907775590551181
0
LINE
8
BLACK
6
CONTINUOUS
10
0.5521062992125985
20
1.5907775590551181
11
0.5521062992125985
21
1.529222401574803
0
LINE
8
BLACK
6
CONTINUOUS
10
0.2101062992125984
20
1.5612224015748031
11
0.2105642519685039
21
1.5589201181102361
0
LINE
8
BLACK
6
CONTINUOUS
10
0.2105642519685039
20
1.5589201181102361
11
0.2105642913385827
21
1.5589199999999999
0
LINE
8
BLACK
6
CONTINUOUS
10
0.2105642913385827
20
1.5589199999999999
11
0.2123089763779528
21
1.5563089763779527
0
LINE
8
BLACK
6
CONTINUOUS
10
0.2123089763779528
20
1.5563089763779527
11
0.21492
21
1.5545642913385826
0
LINE
8
BLACK
6
CONTINUOUS
10
0.21492
20
1.5545642913385826
11
0.2149201181102362
21
1.5545642519685039
0
LINE
8
BLACK
6
CONTINUOUS
10
0.2149201181102362
20
1.5545642519685039
11
0.2172224015748031
21
1.5541062992125985
0
LINE
8
BLACK
6
CONTINUOUS
10
0.2172224015748031
20
1.5541062992125985
11
0.2172225196850394
21
1.5541062992125985
0
LINE
8
BLACK
6
CONTINUOUS
10
0.2172225196850394
20
1.5541062992125985
11
0.2787775590551181
21
1.5541062992125985
0
LINE
8
BLACK
6
CONTINUOUS
10
0.2787775590551181
20
1.5541062992125985
11
0.281079842519685
21
1.5545642519685039
0
LINE
8
BLACK
6
CONTINUOUS
10
0.281079842519685
20
1.5545642519685039
11
0.2810799606299212
21
1.5545642913385826
0
LINE
8
BLACK
6
CONTINUOUS
10
0.2810799606299212
20
1.5545642913385826
11
0.2836910236220472
21
1.5563089763779527
0
LINE
8
BLACK
6
CONTINUOUS
10
0.2836910236220472
20
1.5563089763779527
11
0.2854357086614173
21
1.5589200393700786
0
LINE
8
BLACK
6
CONTINUOUS
10
0.2854357086614173
20
1.5589200393700786
11
0.2858937007874016
21
1.5612225196850393
0
LINE
8
BLACK
6
CONTINUOUS
10
0.2858937007874016
20
1.5612225196850393
11
0.2858937007874016
21
1.5907775590551181
0
LINE
8
BLACK
6
CONTINUOUS
10
0.2858937007874016
20
1.5907775590551181
11
0.2858937007874016
21
1.6227774803149606
0
LINE
8
BLACK
6
CONTINUOUS
10
0.2858937007874016
20
1.6227774803149606
11
0.2854357086614173
21
1.6250799606299213
0
LINE
8
BLACK
6
CONTINUOUS
10
0.2854357086614173
20
1.6250799606299213
11
0.2836910236220472
21
1.6276910236220472
0
LINE
8
BLACK
6
CONTINUOUS
10
0.2836910236220472
20
1.6276910236220472
11
0.2810799606299212
21
1.6294357086614173
0
LINE
8
BLACK
6
CONTINUOUS
10
0.2810799606299212
20
1.6294357086614173
11
0.2787774803149606
21
1.6298937007874015
0
LINE
8
BLACK
6
CONTINUOUS
10
0.2787774803149606
20
1.6298937007874015
11
0.2172225196850394
21
1.6298937007874015
0
LINE
8
BLACK
6
CONTINUOUS
10
0.2172225196850394
20
1.6298937007874015
11
0.2149200393700787
21
1.6294357086614173
0
LINE
8
BLACK
6
CONTINUOUS
10
0.2149200393700787
20
1.6294357086614173
11
0.2123089763779528
21
1.6276910236220472
0
LINE
8
BLACK
6
CONTINUOUS
10
0.2123089763779528
20
1.6276910236220472
11
0.2105642913385827
21
1.6250799606299213
0
LINE
8
BLACK
6
CONTINUOUS
10
0.2105642913385827
20
1.6250799606299213
11
0.2105642519685039
21
1.6250798425196851
0
LINE
8
BLACK
6
CONTINUOUS
10
0.2105642519685039
20
1.6250798425196851
11
0.2101062992125984
21
1.6227775590551181
0
LINE
8
BLACK
6
CONTINUOUS
10
0.2101062992125984
20
1.6227775590551181
11
0.2101062992125984
21
1.5612224015748031
0
LINE
8
BLACK
6
CONTINUOUS
10
0.3226326377952756
20
1.8491861023622047
11
0.6966767322834646
21
1.8491861023622047
0
LINE
8
BLACK
6
CONTINUOUS
10
0.6966767322834646
20
1.8491861023622047
11
0.6966767322834646
21
1.9364572834645668
0
LINE
8
BLACK
6
CONTINUOUS
10
0.6966767322834646
20
1.9364572834645668
11
0.3226326377952756
21
1.9364572834645668
0
LINE
8
BLACK
6
CONTINUOUS
10
0.3226326377952756
20
1.9364572834645668
11
0.3226326377952756
21
1.8491861023622047
0
LINE
8
BLACK
6
CONTINUOUS
10
0.9751771653543306
20
0.2250957480314961
11
0.9764573228346457
21
0.2153716929133858
0
LINE
8
BLACK
6
CONTINUOUS
10
0.9764573228346457
20
0.2153716929133858
11
0.9789959448818898
21
0.2058975196850394
0
LINE
8
BLACK
6
CONTINUOUS
10
0.9789959448818898
20
0.2058975196850394
11
0.9789959842519684
21
0.2058973622047244
0
LINE
8
BLACK
6
CONTINUOUS
10
0.9789959842519684
20
0.2058973622047244
11
0.9827494881889763
21
0.1968356299212598
0
LINE
8
BLACK
6
CONTINUOUS
10
0.9827494881889763
20
0.1968356299212598
11
0.9827496850393701
21
0.1968351968503937
0
LINE
8
BLACK
6
CONTINUOUS
10
0.9827496850393701
20
0.1968351968503937
11
0.9876534645669292
21
0.1883415748031496
0
LINE
8
BLACK
6
CONTINUOUS
10
0.9876534645669292
20
0.1883415748031496
11
0.9936244881889763
21
0.18056
0
LINE
8
BLACK
6
CONTINUOUS
10
0.9936244881889763
20
0.18056
11
0.993624842519685
21
0.1805595669291339
0
LINE
8
BLACK
6
CONTINUOUS
10
0.993624842519685
20
0.1805595669291339
11
1.0005595669291338
21
0.173624842519685
0
LINE
8
BLACK
6
CONTINUOUS
10
1.0005595669291338
20
0.173624842519685
11
1.0005599999999999
21
0.1736244881889764
0
LINE
8
BLACK
6
CONTINUOUS
10
1.0005599999999999
20
0.1736244881889764
11
1.0083415748031497
21
0.1676534645669291
0
LINE
8
BLACK
6
CONTINUOUS
10
1.0083415748031497
20
0.1676534645669291
11
1.0168351968503937
21
0.1627496850393701
0
LINE
8
BLACK
6
CONTINUOUS
10
1.0168351968503937
20
0.1627496850393701
11
1.0168356299212598
21
0.1627494881889764
0
LINE
8
BLACK
6
CONTINUOUS
10
1.0168356299212598
20
0.1627494881889764
11
1.0258973622047245
21
0.1589959842519685
0
LINE
8
BLACK
6
CONTINUOUS
10
1.0258973622047245
20
0.1589959842519685
11
1.0258975196850393
21
0.1589959448818898
0
LINE
8
BLACK
6
CONTINUOUS
10
1.0258975196850393
20
0.1589959448818898
11
1.0353716929133858
21
0.1564573228346457
0
LINE
8
BLACK
6
CONTINUOUS
10
1.0353716929133858
20
0.1564573228346457
11
1.045095748031496
21
0.1551771653543307
0
LINE
8
BLACK
6
CONTINUOUS
10
1.045095748031496
20
0.1551771653543307
11
1.0450958661417322
21
0.1551771653543307
0
LINE
8
BLACK
6
CONTINUOUS
10
1.0450958661417322
20
0.1551771653543307
11
1.0549042125984252
21
0.1551771653543307
0
LINE
8
BLACK
6
CONTINUOUS
10
1.0549042125984252
20
0.1551771653543307
11
1.0646282677165355
21
0.1564573228346457
0
LINE
8
BLACK
6
CONTINUOUS
10
1.0646282677165355
20
0.1564573228346457
11
1.0671667322834646
21
0.1571374803149606
0
LINE
8
BLACK
6
CONTINUOUS
10
1.0671667322834646
20
0.1571374803149606
11
1.0741026377952756
21
0.1589959842519685
0
LINE
8
BLACK
6
CONTINUOUS
10
1.0741026377952756
20
0.1589959842519685
11
1.0831642913385826
21
0.1627494488188976
0
LINE
8
BLACK
6
CONTINUOUS
10
1.0831642913385826
20
0.1627494488188976
11
1.0831644488188976
21
0.1627495275590551
0
LINE
8
BLACK
6
CONTINUOUS
10
1.0831644488188976
20
0.1627495275590551
11
1.0831647637795276
21
0.1627496850393701
0
LINE
8
BLACK
6
CONTINUOUS
10
1.0831647637795276
20
0.1627496850393701
11
1.0916583858267717
21
0.1676534645669291
0
LINE
8
BLACK
6
CONTINUOUS
10
1.0916583858267717
20
0.1676534645669291
11
1.0916585433070867
21
0.1676535826771653
0
LINE
8
BLACK
6
CONTINUOUS
10
1.0916585433070867
20
0.1676535826771653
11
1.09944
21
0.1736244881889764
0
LINE
8
BLACK
6
CONTINUOUS
10
1.09944
20
0.1736244881889764
11
1.099440157480315
21
0.1736246456692913
0
LINE
8
BLACK
6
CONTINUOUS
10
1.099440157480315
20
0.1736246456692913
11
1.0994403937007873
21
0.173624842519685
0
LINE
8
BLACK
6
CONTINUOUS
10
1.0994403937007873
20
0.173624842519685
11
1.1063751181102361
21
0.1805595669291339
0
LINE
8
BLACK
6
CONTINUOUS
10
1.1063751181102361
20
0.1805595669291339
11
1.1063752755905512
21
0.1805597637795276
0
LINE
8
BLACK
6
CONTINUOUS
10
1.1063752755905512
20
0.1805597637795276
11
1.1063755118110237
21
0.18056
0
LINE
8
BLACK
6
CONTINUOUS
10
1.1063755118110237
20
0.18056
11
1.1123464173228346
21
0.1883414566929134
0
LINE
8
BLACK
6
CONTINUOUS
10
1.1123464173228346
20
0.1883414566929134
11
1.1123464960629921
21
0.1883415748031496
0
LINE
8
BLACK
6
CONTINUOUS
10
1.1123464960629921
20
0.1883415748031496
11
1.1172502755905511
21
0.1968351968503937
0
LINE
8
BLACK
6
CONTINUOUS
10
1.1172502755905511
20
0.1968351968503937
11
1.1172503149606299
21
0.1968353543307086
0
LINE
8
BLACK
6
CONTINUOUS
10
1.1172503149606299
20
0.1968353543307086
11
1.1172505511811024
21
0.1968357086614173
0
LINE
8
BLACK
6
CONTINUOUS
10
1.1172505511811024
20
0.1968357086614173
11
1.1210040157480314
21
0.2058973622047244
0
LINE
8
BLACK
6
CONTINUOUS
10
1.1210040157480314
20
0.2058973622047244
11
1.1235425984251968
21
0.2153714566929134
0
LINE
8
BLACK
6
CONTINUOUS
10
1.1235425984251968
20
0.2153714566929134
11
1.1248228346456692
21
0.2250958661417323
0
LINE
8
BLACK
6
CONTINUOUS
10
1.1248228346456692
20
0.2250958661417323
11
1.1248228346456692
21
0.2349041338582677
0
LINE
8
BLACK
6
CONTINUOUS
10
1.1248228346456692
20
0.2349041338582677
11
1.1235425984251968
21
0.2446285433070866
0
LINE
8
BLACK
6
CONTINUOUS
10
1.1235425984251968
20
0.2446285433070866
11
1.1210040157480314
21
0.2541026377952756
0
LINE
8
BLACK
6
CONTINUOUS
10
1.1210040157480314
20
0.2541026377952756
11
1.1172505511811024
21
0.2631642913385827
0
LINE
8
BLACK
6
CONTINUOUS
10
1.1172505511811024
20
0.2631642913385827
11
1.1123464173228346
21
0.2716585433070866
0
LINE
8
BLACK
6
CONTINUOUS
10
1.1123464173228346
20
0.2716585433070866
11
1.1063755118110237
21
0.27944
0
LINE
8
BLACK
6
CONTINUOUS
10
1.1063755118110237
20
0.27944
11
1.09944
21
0.2863755118110236
0
LINE
8
BLACK
6
CONTINUOUS
10
1.09944
20
0.2863755118110236
11
1.0916585433070867
21
0.2923464173228346
0
LINE
8
BLACK
6
CONTINUOUS
10
1.0916585433070867
20
0.2923464173228346
11
1.0831642913385826
21
0.2972505511811023
0
LINE
8
BLACK
6
CONTINUOUS
10
1.0831642913385826
20
0.2972505511811023
11
1.0741026377952756
21
0.3010040157480315
0
LINE
8
BLACK
6
CONTINUOUS
10
1.0741026377952756
20
0.3010040157480315
11
1.0646285433070866
21
0.3035425984251968
0
LINE
8
BLACK
6
CONTINUOUS
10
1.0646285433070866
20
0.3035425984251968
11
1.0646282677165355
21
0.3035425984251968
0
LINE
8
BLACK
6
CONTINUOUS
10
1.0646282677165355
20
0.3035425984251968
11
1.0646282677165355
21
0.3035426377952756
0
LINE
8
BLACK
6
CONTINUOUS
10
1.0646282677165355
20
0.3035426377952756
11
1.0636925196850393
21
0.3036657874015748
0
LINE
8
BLACK
6
CONTINUOUS
10
1.0636925196850393
20
0.3036657874015748
11
1.0549041338582676
21
0.3048228346456693
0
LINE
8
BLACK
6
CONTINUOUS
10
1.0549041338582676
20
0.3048228346456693
11
1.0450958661417322
21
0.3048228346456693
0
LINE
8
BLACK
6
CONTINUOUS
10
1.0450958661417322
20
0.3048228346456693
11
1.0387779133858268
21
0.303991062992126
0
LINE
8
BLACK
6
CONTINUOUS
10
1.0387779133858268
20
0.303991062992126
11
1.0353716929133858
21
0.3035426377952756
0
LINE
8
BLACK
6
CONTINUOUS
10
1.0353716929133858
20
0.3035426377952756
11
1.0353716141732283
21
0.3035425984251968
0
LINE
8
BLACK
6
CONTINUOUS
10
1.0353716141732283
20
0.3035425984251968
11
1.0353714566929133
21
0.3035425984251968
0
LINE
8
BLACK
6
CONTINUOUS
10
1.0353714566929133
20
0.3035425984251968
11
1.0258973622047245
21
0.3010040157480315
0
LINE
8
BLACK
6
CONTINUOUS
10
1.0258973622047245
20
0.3010040157480315
11
1.0168357086614173
21
0.2972505511811023
0
LINE
8
BLACK
6
CONTINUOUS
10
1.0168357086614173
20
0.2972505511811023
11
1.0168353543307087
21
0.2972503149606299
0
LINE
8
BLACK
6
CONTINUOUS
10
1.0168353543307087
20
0.2972503149606299
11
1.0168351968503937
21
0.2972502755905512
0
LINE
8
BLACK
6
CONTINUOUS
10
1.0168351968503937
20
0.2972502755905512
11
1.0083415748031497
21
0.2923464960629921
0
LINE
8
BLACK
6
CONTINUOUS
10
1.0083415748031497
20
0.2923464960629921
11
1.0083414566929134
21
0.2923464173228346
0
LINE
8
BLACK
6
CONTINUOUS
10
1.0083414566929134
20
0.2923464173228346
11
1.0005599999999999
21
0.2863755118110236
0
LINE
8
BLACK
6
CONTINUOUS
10
1.0005599999999999
20
0.2863755118110236
11
1.0005597637795276
21
0.2863752755905511
0
LINE
8
BLACK
6
CONTINUOUS
10
1.0005597637795276
20
0.2863752755905511
11
1.0005595669291338
21
0.2863751181102362
0
LINE
8
BLACK
6
CONTINUOUS
10
1.0005595669291338
20
0.2863751181102362
11
0.993624842519685
21
0.2794403937007874
0
LINE
8
BLACK
6
CONTINUOUS
10
0.993624842519685
20
0.2794403937007874
11
0.9936246456692913
21
0.279440157480315
0
LINE
8
BLACK
6
CONTINUOUS
10
0.9936246456692913
20
0.279440157480315
11
0.9936244881889763
21
0.27944
0
LINE
8
BLACK
6
CONTINUOUS
10
0.9936244881889763
20
0.27944
11
0.9876535826771653
21
0.2716585433070866
0
LINE
8
BLACK
6
CONTINUOUS
10
0.9876535826771653
20
0.2716585433070866
11
0.9876534645669292
21
0.2716583858267717
0
LINE
8
BLACK
6
CONTINUOUS
10
0.9876534645669292
20
0.2716583858267717
11
0.9827496850393701
21
0.2631647637795276
0
LINE
8
BLACK
6
CONTINUOUS
10
0.9827496850393701
20
0.2631647637795276
11
0.9827495275590551
21
0.2631644488188976
0
LINE
8
BLACK
6
CONTINUOUS
10
0.9827495275590551
20
0.2631644488188976
11
0.9827494488188976
21
0.2631642913385827
0
LINE
8
BLACK
6
CONTINUOUS
10
0.9827494488188976
20
0.2631642913385827
11
0.9789959842519684
21
0.2541026377952756
0
LINE
8
BLACK
6
CONTINUOUS
10
0.9789959842519684
20
0.2541026377952756
11
0.9789959842519684
21
0.2541025984251968
0
LINE
8
BLACK
6
CONTINUOUS
10
0.9789959842519684
20
0.2541025984251968
11
0.9789959448818898
21
0.2541024409448819
0
LINE
8
BLACK
6
CONTINUOUS
10
0.9789959448818898
20
0.2541024409448819
11
0.9764573228346457
21
0.2446282677165354
0
LINE
8
BLACK
6
CONTINUOUS
10
0.9764573228346457
20
0.2446282677165354
11
0.9751771653543306
21
0.2349042125984252
0
LINE
8
BLACK
6
CONTINUOUS
10
0.9751771653543306
20
0.2349042125984252
11
0.9751771653543306
21
0.2250957480314961
0
CIRCLE
8
BLACK
10
0.5599999999999999
20
0.71
40
0.0068897637795276
0
CIRCLE
8
BLACK
10
0.5599999999999999
20
0.8099999999999999
40
0.0068897637795276
0
CIRCLE
8
BLACK
10
0.66
20
0.71
40
0.0068897637795276
0
CIRCLE
8
BLACK
10
0.66
20
0.8099999999999999
40
0.0068897637795276
0
CIRCLE
8
BLACK
10
0.76
20
0.71
40
0.0068897637795276
0
CIRCLE
8
BLACK
10
0.76
20
0.8099999999999999
40
0.0068897637795276
0
CIRCLE
8
BLACK
10
0.86
20
0.71
40
0.0068897637795276
0
CIRCLE
8
BLACK
10
0.86
20
0.8099999999999999
40
0.0068897637795276
0
CIRCLE
8
BLACK
10
0.96
20
0.71
40
0.0068897637795276
0
CIRCLE
8
BLACK
10
0.96
20
0.8099999999999999
40
0.0068897637795276
0
CIRCLE
8
BLACK
10
1.0600000000000001
20
0.71
40
0.0068897637795276
0
CIRCLE
8
BLACK
10
1.0600000000000001
20
0.8099999999999999
40
0.0068897637795276
0
CIRCLE
8
BLACK
10
1.385
20
1.585
40
0.0068897637795276
0
CIRCLE
8
BLACK
10
1.4849999999999999
20
1.585
40
0.0068897637795276
0
CIRCLE
8
BLACK
10
1.385
20
1.4849999999999999
40
0.0068897637795276
0
CIRCLE
8
BLACK
10
1.4849999999999999
20
1.4849999999999999
40
0.0068897637795276
0
CIRCLE
8
BLACK
10
1.385
20
1.385
40
0.0068897637795276
0
CIRCLE
8
BLACK
10
1.4849999999999999
20
1.385
40
0.0068897637795276
0
CIRCLE
8
BLACK
10
1.1299999999999999
20
1.5349999999999999
40
0.0068897637795276
0
CIRCLE
8
BLACK
10
1.1299999999999999
20
1.4350000000000001
40
0.0068897637795276
0
CIRCLE
8
BLACK
10
0.59
20
1.6599999999999999
40
0.0068897637795276
0
CIRCLE
8
BLACK
10
0.59
20
1.5600000000000001
40
0.0068897637795276
0
CIRCLE
8
BLACK
10
0.59
20
1.46
40
0.0068897637795276
0
CIRCLE
8
BLACK
10
0.82
20
1.7949999999999999
40
0.0068897637795276
0
CIRCLE
8
BLACK
10
0.82
20
1.895
40
0.0068897637795276
0
CIRCLE
8
BLACK
10
0.9199999999999999
20
1.7949999999999999
40
0.0068897637795276
0
CIRCLE
8
BLACK
10
0.9199999999999999
20
1.895
40
0.0068897637795276
0
CIRCLE
8
BLACK
10
1.02
20
1.7949999999999999
40
0.0068897637795276
0
CIRCLE
8
BLACK
10
1.02
20
1.895
40
0.0068897637795276
0
CIRCLE
8
BLACK
10
0.1475
20
1.4924999999999999
40
0.0068897637795276
0
CIRCLE
8
BLACK
10
0.2475
20
1.4924999999999999
40
0.0068897637795276
0
CIRCLE
8
BLACK
10
0.145
20
0.835
40
0.0068897637795276
0
CIRCLE
8
BLACK
10
0.245
20
0.835
40
0.0068897637795276
0
CIRCLE
8
BLACK
10
0.145
20
0.535
40
0.0068897637795276
0
CIRCLE
8
BLACK
10
0.245
20
0.535
40
0.0068897637795276
0
CIRCLE
8
BLACK
10
0.145
20
0.635
40
0.0068897637795276
0
CIRCLE
8
BLACK
10
0.245
20
0.635
40
0.0068897637795276
0
CIRCLE
8
BLACK
10
0.145
20
0.735
40
0.0068897637795276
0
CIRCLE
8
BLACK
10
0.245
20
0.735
40
0.0068897637795276
0
CIRCLE
8
BLACK
10
0.145
20
0.435
40
0.0068897637795276
0
CIRCLE
8
BLACK
10
0.245
20
0.435
40
0.0068897637795276
0
CIRCLE
8
BLACK
10
0.2
20
1.8
40
0.0068897637795276
0
CIRCLE
8
BLACK
10
1.3999999999999999
20
0.2
40
0.0068897637795276
0
CIRCLE
8
BLACK
10
0.2
20
0.2
40
0.0068897637795276
0
CIRCLE
8
BLACK
10
1.3999999999999999
20
1.8
40
0.0068897637795276
0
CIRCLE
8
BLACK
10
0.5499999999999999
20
0.23
40
0.0068897637795276
0
CIRCLE
8
BLACK
10
1.05
20
0.23
40
0.0068897637795276
0
CIRCLE
8
BLACK
10
0.9397637795275591
20
0.33
40
0.0068897637795276
0
CIRCLE
8
BLACK
10
0.8996062992125984
20
0.4000787401574803
40
0.0068897637795276
0
CIRCLE
8
BLACK
10
0.8598425196850393
20
0.33
40
0.0068897637795276
0
CIRCLE
8
BLACK
10
0.8196850393700787
20
0.4000787401574803
40
0.0068897637795276
0
CIRCLE
8
BLACK
10
0.7799212598425197
20
0.33
40
0.0068897637795276
0
CIRCLE
8
BLACK
10
0.739763779527559
20
0.4000787401574803
40
0.0068897637795276
0
CIRCLE
8
BLACK
10
0.7
20
0.33
40
0.0068897637795276
0
CIRCLE
8
BLACK
10
0.6598425196850394
20
0.4000787401574803
40
0.0068897637795276
0
CIRCLE
8
BLACK
10
1.0700787401574803
20
0.5898425196850393
40
0.0068897637795276
0
CIRCLE
8
BLACK
10
0.9799212598425197
20
0.5898425196850393
40
0.0068897637795276
0
CIRCLE
8
BLACK
10
0.6200787401574803
20
0.5898425196850393
40
0.0068897637795276
0
CIRCLE
8
BLACK
10
0.5299212598425197
20
0.5898425196850393
40
0.0068897637795276
0
CIRCLE
8
BLACK
10
0.4799212598425197
20
0.3650393700787402
40
0.0068897637795276
0
CIRCLE
8
BLACK
10
1.1200787401574803
20
0.3650393700787402
40
0.0068897637795276
0
CIRCLE
8
BLACK
10
0.49
20
1.6599999999999999
40
0.0068897637795276
0
CIRCLE
8
BLACK
10
0.49
20
1.5600000000000001
40
0.0068897637795276
0
CIRCLE
8
BLACK
10
0.49
20
1.46
40
0.0068897637795276
0
CIRCLE
8
BLACK
10
1.3074999999999999
20
0.9125
40
0.0068897637795276
0
CIRCLE
8
BLACK
10
1.4075
20
0.9125
40
0.0068897637795276
0
CIRCLE
8
BLACK
10
1.3999999999999999
20
0.6899999999999999
40
0.0068897637795276
0
CIRCLE
8
BLACK
10
1.5
20
0.6899999999999999
40
0.0068897637795276
0
CIRCLE
8
BLACK
10
1.3999999999999999
20
0.59
40
0.0068897637795276
0
CIRCLE
8
BLACK
10
1.5
20
0.59
40
0.0068897637795276
0
CIRCLE
8
BLACK
10
1.3999999999999999
20
0.49
40
0.0068897637795276
0
CIRCLE
8
BLACK
10
1.5
20
0.49
40
0.0068897637795276
0
CIRCLE
8
BLACK
10
1.3999999999999999
20
0.39
40
0.0068897637795276
0
CIRCLE
8
BLACK
10
1.5
20
0.39
40
0.0068897637795276
0
CIRCLE
8
BLACK
10
0.1475
20
1.3925000000000001
40
0.0068897637795276
0
CIRCLE
8
BLACK
10
0.2475
20
1.3925000000000001
40
0.0068897637795276
0
CIRCLE
8
BLACK
10
0.248
20
1.5919999999999999
40
0.0068897637795276
0
CIRCLE
8
BLACK
10
0.148
20
1.5919999999999999
40
0.0068897637795276
0
CIRCLE
8
BLACK
10
0.49
20
0.845
40
0.0098425196850394
0
CIRCLE
8
BLACK
10
0.5
20
0.7949999999999999
40
0.0098425196850394
0
CIRCLE
8
BLACK
10
0.5
20
0.74
40
0.0098425196850394
0
CIRCLE
8
BLACK
10
0.66
20
0.8674999999999999
40
0.0098425196850394
0
CIRCLE
8
BLACK
10
0.7275
20
0.8674999999999999
40
0.0098425196850394
0
CIRCLE
8
BLACK
10
0.91
20
0.86
40
0.0098425196850394
0
CIRCLE
8
BLACK
10
0.91
20
0.895
40
0.0098425196850394
0
CIRCLE
8
BLACK
10
0.4438
20
0.6824
40
0.0098425196850394
0
CIRCLE
8
BLACK
10
0.61
20
0.4825
40
0.0098425196850394
0
CIRCLE
8
BLACK
10
0.5910630708661417
20
1.355
40
0.0098425196850394
0
CIRCLE
8
BLACK
10
0.4201999212598425
20
0.9568
40
0.0098425196850394
0
CIRCLE
8
BLACK
10
0.98
20
0.4925
40
0.0098425196850394
0
CIRCLE
8
BLACK
10
0.2446
20
0.9492000393700787
40
0.0098425196850394
0
CIRCLE
8
BLACK
10
0.369
20
1.3631999212598425
40
0.0098425196850394
0
CIRCLE
8
BLACK
10
0.095
20
1.1199999999999999
40
0.0098425196850394
0
CIRCLE
8
BLACK
10
0.655
20
1.1599999999999999
40
0.0098425196850394
0
CIRCLE
8
BLACK
10
0.465
20
1.1799999999999999
40
0.0098425196850394
0
CIRCLE
8
BLACK
10
0.5029579527559055
20
1.1589352755905511
40
0.0098425196850394
0
CIRCLE
8
BLACK
10
0.6269592519685039
20
1.1223538976377951
40
0.0098425196850394
0
CIRCLE
8
BLACK
10
0.8442461023622047
20
1.0449812598425197
40
0.0098425196850394
0
CIRCLE
8
BLACK
10
0.5027835433070866
20
1.108676062992126
40
0.0098425196850394
0
CIRCLE
8
BLACK
10
0.8098278346456693
20
1.0187101181102363
40
0.0098425196850394
0
CIRCLE
8
BLACK
10
0.48
20
1.0700000000000001
40
0.0098425196850394
0
CIRCLE
8
BLACK
10
1.0148278346456692
20
1.0951721653543307
40
0.0098425196850394
0
CIRCLE
8
BLACK
10
0.5245
20
0.979
40
0.0098425196850394
0
CIRCLE
8
BLACK
10
0.48
20
0.98
40
0.0098425196850394
0
CIRCLE
8
BLACK
10
1.05
20
1.0600000000000001
40
0.0098425196850394
0
CIRCLE
8
BLACK
10
0.0876
20
1.0178
40
0.0098425196850394
0
CIRCLE
8
BLACK
10
0.09
20
1.1759999999999999
40
0.0098425196850394
  0
ENDSEC
  0
EOF
