  0
SECTION
  2
HEADER
  9
$ANGBASE
  50
0.0
  9
$ANGDIR
  70
1
  9
$MEASUREMENT
  70
0
  0
ENDSEC
  0
SECTION
  2
TABLES
  0
TABLE
  2
LTYPE
  70
4
  0
LTYPE
  5
40F
  2
CONTINUOUS
  70
0
  3
Solid line
  72
65
  73
0
  40
0.0
  0
LTYPE
  5
410
  2
DASHDOT
 70
0
  3
Dash Dot ____ _ ____ _
 72
65
 73
4
 40
2.0
 49
1.25
 49
-0.25
 49
0.25
 49
-0.25
  0
LTYPE
  5
411
  2
DASHED
 70
0
  3
Dashed __ __ __ __ __
 72
65
 73
2
 40
0.75
 49
0.5
 49
-0.25
  0
LTYPE
  5
43B
  2
DOTTED
 70
0
  3
Dotted .  .  .  .
 72
65
 73
2
 40
0.2
 49
0.0
 49
-0.2
  0
ENDTAB
  0
TABLE
  2
STYLE
  70
4
  0
STYLE
  2
KICAD
  70
0
  40
0
  41
1
  42
1
  50
0
  71
0
  3
isocp.shx
  0
STYLE
  2
KICADB
  70
0
  40
0
  41
1
  42
1
  50
0
  71
0
  3
isocp.shx
  0
STYLE
  2
KICADI
  70
0
  40
0
  41
1
  42
1
  50
15
  71
0
  3
isocp.shx
  0
STYLE
  2
KICADBI
  70
0
  40
0
  41
1
  42
1
  50
15
  71
0
  3
isocp.shx
  0
ENDTAB
  0
TABLE
  2
LAYER
  70
1
  0
LAYER
  2
BLACK
  70
0
  62
7
  6
CONTINUOUS
  0
ENDTAB
  0
ENDSEC
  0
SECTION
  2
ENTITIES
0
LINE
8
BLACK
6
CONTINUOUS
10
0.867271062992126
20
0.3544886220472441
11
0.8719058267716535
21
0.3525688582677165
0
LINE
8
BLACK
6
CONTINUOUS
10
0.8719058267716535
20
0.3525688582677165
11
0.8760770078740158
21
0.3497817716535433
0
LINE
8
BLACK
6
CONTINUOUS
10
0.8760770078740158
20
0.3497817716535433
11
0.8796242913385827
21
0.3462344881889764
0
LINE
8
BLACK
6
CONTINUOUS
10
0.8796242913385827
20
0.3462344881889764
11
0.8824113779527559
21
0.3420633070866141
0
LINE
8
BLACK
6
CONTINUOUS
10
0.8824113779527559
20
0.3420633070866141
11
0.8843311417322834
21
0.3374285433070866
0
LINE
8
BLACK
6
CONTINUOUS
10
0.8843311417322834
20
0.3374285433070866
11
0.885309842519685
21
0.3325083070866142
0
LINE
8
BLACK
6
CONTINUOUS
10
0.885309842519685
20
0.3325083070866142
11
0.885309842519685
21
0.3274916929133858
0
LINE
8
BLACK
6
CONTINUOUS
10
0.885309842519685
20
0.3274916929133858
11
0.8843311417322834
21
0.3225714566929134
0
LINE
8
BLACK
6
CONTINUOUS
10
0.8843311417322834
20
0.3225714566929134
11
0.8824113779527559
21
0.3179366929133858
0
LINE
8
BLACK
6
CONTINUOUS
10
0.8824113779527559
20
0.3179366929133858
11
0.8796242913385827
21
0.3137655118110236
0
LINE
8
BLACK
6
CONTINUOUS
10
0.8796242913385827
20
0.3137655118110236
11
0.8760770078740158
21
0.3102182283464567
0
LINE
8
BLACK
6
CONTINUOUS
10
0.8760770078740158
20
0.3102182283464567
11
0.8719058267716535
21
0.3074311417322835
0
LINE
8
BLACK
6
CONTINUOUS
10
0.8719058267716535
20
0.3074311417322835
11
0.867271062992126
21
0.3055113779527559
0
LINE
8
BLACK
6
CONTINUOUS
10
0.867271062992126
20
0.3055113779527559
11
0.8623508267716535
21
0.3045326771653543
0
LINE
8
BLACK
6
CONTINUOUS
10
0.8623508267716535
20
0.3045326771653543
11
0.8573342125984251
21
0.3045326771653543
0
LINE
8
BLACK
6
CONTINUOUS
10
0.8573342125984251
20
0.3045326771653543
11
0.8524139763779527
21
0.3055113779527559
0
LINE
8
BLACK
6
CONTINUOUS
10
0.8524139763779527
20
0.3055113779527559
11
0.8477792125984251
21
0.3074311417322835
0
LINE
8
BLACK
6
CONTINUOUS
10
0.8477792125984251
20
0.3074311417322835
11
0.843608031496063
21
0.3102182283464567
0
LINE
8
BLACK
6
CONTINUOUS
10
0.843608031496063
20
0.3102182283464567
11
0.840060748031496
21
0.3137655118110236
0
LINE
8
BLACK
6
CONTINUOUS
10
0.840060748031496
20
0.3137655118110236
11
0.8372736614173228
21
0.3179366929133858
0
LINE
8
BLACK
6
CONTINUOUS
10
0.8372736614173228
20
0.3179366929133858
11
0.8353538976377952
21
0.3225714566929134
0
LINE
8
BLACK
6
CONTINUOUS
10
0.8353538976377952
20
0.3225714566929134
11
0.8343751968503936
21
0.3274916929133858
0
LINE
8
BLACK
6
CONTINUOUS
10
0.8343751968503936
20
0.3274916929133858
11
0.8343751968503936
21
0.3325083070866142
0
LINE
8
BLACK
6
CONTINUOUS
10
0.8343751968503936
20
0.3325083070866142
11
0.8353538976377952
21
0.3374285433070866
0
LINE
8
BLACK
6
CONTINUOUS
10
0.8353538976377952
20
0.3374285433070866
11
0.8372736614173228
21
0.3420633070866141
0
LINE
8
BLACK
6
CONTINUOUS
10
0.8372736614173228
20
0.3420633070866141
11
0.840060748031496
21
0.3462344881889764
0
LINE
8
BLACK
6
CONTINUOUS
10
0.840060748031496
20
0.3462344881889764
11
0.843608031496063
21
0.3497817716535433
0
LINE
8
BLACK
6
CONTINUOUS
10
0.843608031496063
20
0.3497817716535433
11
0.8477792125984251
21
0.3525688582677165
0
LINE
8
BLACK
6
CONTINUOUS
10
0.8477792125984251
20
0.3525688582677165
11
0.8524139763779527
21
0.3544886220472441
0
LINE
8
BLACK
6
CONTINUOUS
10
0.8524139763779527
20
0.3544886220472441
11
0.8573342125984251
21
0.3554673228346457
0
LINE
8
BLACK
6
CONTINUOUS
10
0.8573342125984251
20
0.3554673228346457
11
0.8623508267716535
21
0.3554673228346457
0
LINE
8
BLACK
6
CONTINUOUS
10
0.8623508267716535
20
0.3554673228346457
11
0.867271062992126
21
0.3544886220472441
0
LINE
8
BLACK
6
CONTINUOUS
10
0.7074285433070866
20
0.3544886220472441
11
0.7120633070866141
21
0.3525688582677165
0
LINE
8
BLACK
6
CONTINUOUS
10
0.7120633070866141
20
0.3525688582677165
11
0.7162344881889764
21
0.3497817716535433
0
LINE
8
BLACK
6
CONTINUOUS
10
0.7162344881889764
20
0.3497817716535433
11
0.7197817716535433
21
0.3462344881889764
0
LINE
8
BLACK
6
CONTINUOUS
10
0.7197817716535433
20
0.3462344881889764
11
0.7225688582677166
21
0.3420633070866141
0
LINE
8
BLACK
6
CONTINUOUS
10
0.7225688582677166
20
0.3420633070866141
11
0.7244886220472441
21
0.3374285433070866
0
LINE
8
BLACK
6
CONTINUOUS
10
0.7244886220472441
20
0.3374285433070866
11
0.7254673228346457
21
0.3325083070866142
0
LINE
8
BLACK
6
CONTINUOUS
10
0.7254673228346457
20
0.3325083070866142
11
0.7254673228346457
21
0.3274916929133858
0
LINE
8
BLACK
6
CONTINUOUS
10
0.7254673228346457
20
0.3274916929133858
11
0.7244886220472441
21
0.3225714566929134
0
LINE
8
BLACK
6
CONTINUOUS
10
0.7244886220472441
20
0.3225714566929134
11
0.7225688582677166
21
0.3179366929133858
0
LINE
8
BLACK
6
CONTINUOUS
10
0.7225688582677166
20
0.3179366929133858
11
0.7197817716535433
21
0.3137655118110236
0
LINE
8
BLACK
6
CONTINUOUS
10
0.7197817716535433
20
0.3137655118110236
11
0.7162344881889764
21
0.3102182283464567
0
LINE
8
BLACK
6
CONTINUOUS
10
0.7162344881889764
20
0.3102182283464567
11
0.7120633070866141
21
0.3074311417322835
0
LINE
8
BLACK
6
CONTINUOUS
10
0.7120633070866141
20
0.3074311417322835
11
0.7074285433070866
21
0.3055113779527559
0
LINE
8
BLACK
6
CONTINUOUS
10
0.7074285433070866
20
0.3055113779527559
11
0.7025083070866142
21
0.3045326771653543
0
LINE
8
BLACK
6
CONTINUOUS
10
0.7025083070866142
20
0.3045326771653543
11
0.6974916929133859
21
0.3045326771653543
0
LINE
8
BLACK
6
CONTINUOUS
10
0.6974916929133859
20
0.3045326771653543
11
0.6925714566929134
21
0.3055113779527559
0
LINE
8
BLACK
6
CONTINUOUS
10
0.6925714566929134
20
0.3055113779527559
11
0.6879366929133858
21
0.3074311417322835
0
LINE
8
BLACK
6
CONTINUOUS
10
0.6879366929133858
20
0.3074311417322835
11
0.6837655118110236
21
0.3102182283464567
0
LINE
8
BLACK
6
CONTINUOUS
10
0.6837655118110236
20
0.3102182283464567
11
0.6802182283464567
21
0.3137655118110236
0
LINE
8
BLACK
6
CONTINUOUS
10
0.6802182283464567
20
0.3137655118110236
11
0.6774311417322835
21
0.3179366929133858
0
LINE
8
BLACK
6
CONTINUOUS
10
0.6774311417322835
20
0.3179366929133858
11
0.6755113779527558
21
0.3225714566929134
0
LINE
8
BLACK
6
CONTINUOUS
10
0.6755113779527558
20
0.3225714566929134
11
0.6745326771653544
21
0.3274916929133858
0
LINE
8
BLACK
6
CONTINUOUS
10
0.6745326771653544
20
0.3274916929133858
11
0.6745326771653544
21
0.3325083070866142
0
LINE
8
BLACK
6
CONTINUOUS
10
0.6745326771653544
20
0.3325083070866142
11
0.6755113779527558
21
0.3374285433070866
0
LINE
8
BLACK
6
CONTINUOUS
10
0.6755113779527558
20
0.3374285433070866
11
0.6774311417322835
21
0.3420633070866141
0
LINE
8
BLACK
6
CONTINUOUS
10
0.6774311417322835
20
0.3420633070866141
11
0.6802182283464567
21
0.3462344881889764
0
LINE
8
BLACK
6
CONTINUOUS
10
0.6802182283464567
20
0.3462344881889764
11
0.6837655118110236
21
0.3497817716535433
0
LINE
8
BLACK
6
CONTINUOUS
10
0.6837655118110236
20
0.3497817716535433
11
0.6879366929133858
21
0.3525688582677165
0
LINE
8
BLACK
6
CONTINUOUS
10
0.6879366929133858
20
0.3525688582677165
11
0.6925714566929134
21
0.3544886220472441
0
LINE
8
BLACK
6
CONTINUOUS
10
0.6925714566929134
20
0.3544886220472441
11
0.6974916929133859
21
0.3554673228346457
0
LINE
8
BLACK
6
CONTINUOUS
10
0.6974916929133859
20
0.3554673228346457
11
0.7025083070866142
21
0.3554673228346457
0
LINE
8
BLACK
6
CONTINUOUS
10
0.7025083070866142
20
0.3554673228346457
11
0.7074285433070866
21
0.3544886220472441
0
LINE
8
BLACK
6
CONTINUOUS
10
0.9471923228346456
20
0.3544886220472441
11
0.9518270866141733
21
0.3525688582677165
0
LINE
8
BLACK
6
CONTINUOUS
10
0.9518270866141733
20
0.3525688582677165
11
0.9559982677165354
21
0.3497817716535433
0
LINE
8
BLACK
6
CONTINUOUS
10
0.9559982677165354
20
0.3497817716535433
11
0.9595455511811023
21
0.3462344881889764
0
LINE
8
BLACK
6
CONTINUOUS
10
0.9595455511811023
20
0.3462344881889764
11
0.9623326377952756
21
0.3420633070866141
0
LINE
8
BLACK
6
CONTINUOUS
10
0.9623326377952756
20
0.3420633070866141
11
0.9642524015748031
21
0.3374285433070866
0
LINE
8
BLACK
6
CONTINUOUS
10
0.9642524015748031
20
0.3374285433070866
11
0.9652311023622047
21
0.3325083070866142
0
LINE
8
BLACK
6
CONTINUOUS
10
0.9652311023622047
20
0.3325083070866142
11
0.9652311023622047
21
0.3274916929133858
0
LINE
8
BLACK
6
CONTINUOUS
10
0.9652311023622047
20
0.3274916929133858
11
0.9642524015748031
21
0.3225714566929134
0
LINE
8
BLACK
6
CONTINUOUS
10
0.9642524015748031
20
0.3225714566929134
11
0.9623326377952756
21
0.3179366929133858
0
LINE
8
BLACK
6
CONTINUOUS
10
0.9623326377952756
20
0.3179366929133858
11
0.9595455511811023
21
0.3137655118110236
0
LINE
8
BLACK
6
CONTINUOUS
10
0.9595455511811023
20
0.3137655118110236
11
0.9559982677165354
21
0.3102182283464567
0
LINE
8
BLACK
6
CONTINUOUS
10
0.9559982677165354
20
0.3102182283464567
11
0.9518270866141733
21
0.3074311417322835
0
LINE
8
BLACK
6
CONTINUOUS
10
0.9518270866141733
20
0.3074311417322835
11
0.9471923228346456
21
0.3055113779527559
0
LINE
8
BLACK
6
CONTINUOUS
10
0.9471923228346456
20
0.3055113779527559
11
0.9422720866141732
21
0.3045326771653543
0
LINE
8
BLACK
6
CONTINUOUS
10
0.9422720866141732
20
0.3045326771653543
11
0.9372554724409449
21
0.3045326771653543
0
LINE
8
BLACK
6
CONTINUOUS
10
0.9372554724409449
20
0.3045326771653543
11
0.9323352362204724
21
0.3055113779527559
0
LINE
8
BLACK
6
CONTINUOUS
10
0.9323352362204724
20
0.3055113779527559
11
0.9277004724409449
21
0.3074311417322835
0
LINE
8
BLACK
6
CONTINUOUS
10
0.9277004724409449
20
0.3074311417322835
11
0.9235292913385826
21
0.3102182283464567
0
LINE
8
BLACK
6
CONTINUOUS
10
0.9235292913385826
20
0.3102182283464567
11
0.9199820078740157
21
0.3137655118110236
0
LINE
8
BLACK
6
CONTINUOUS
10
0.9199820078740157
20
0.3137655118110236
11
0.9171949212598425
21
0.3179366929133858
0
LINE
8
BLACK
6
CONTINUOUS
10
0.9171949212598425
20
0.3179366929133858
11
0.915275157480315
21
0.3225714566929134
0
LINE
8
BLACK
6
CONTINUOUS
10
0.915275157480315
20
0.3225714566929134
11
0.9142964566929134
21
0.3274916929133858
0
LINE
8
BLACK
6
CONTINUOUS
10
0.9142964566929134
20
0.3274916929133858
11
0.9142964566929134
21
0.3325083070866142
0
LINE
8
BLACK
6
CONTINUOUS
10
0.9142964566929134
20
0.3325083070866142
11
0.915275157480315
21
0.3374285433070866
0
LINE
8
BLACK
6
CONTINUOUS
10
0.915275157480315
20
0.3374285433070866
11
0.9171949212598425
21
0.3420633070866141
0
LINE
8
BLACK
6
CONTINUOUS
10
0.9171949212598425
20
0.3420633070866141
11
0.9199820078740157
21
0.3462344881889764
0
LINE
8
BLACK
6
CONTINUOUS
10
0.9199820078740157
20
0.3462344881889764
11
0.9235292913385826
21
0.3497817716535433
0
LINE
8
BLACK
6
CONTINUOUS
10
0.9235292913385826
20
0.3497817716535433
11
0.9277004724409449
21
0.3525688582677165
0
LINE
8
BLACK
6
CONTINUOUS
10
0.9277004724409449
20
0.3525688582677165
11
0.9323352362204724
21
0.3544886220472441
0
LINE
8
BLACK
6
CONTINUOUS
10
0.9323352362204724
20
0.3544886220472441
11
0.9372554724409449
21
0.3554673228346457
0
LINE
8
BLACK
6
CONTINUOUS
10
0.9372554724409449
20
0.3554673228346457
11
0.9422720866141732
21
0.3554673228346457
0
LINE
8
BLACK
6
CONTINUOUS
10
0.9422720866141732
20
0.3554673228346457
11
0.9471923228346456
21
0.3544886220472441
0
LINE
8
BLACK
6
CONTINUOUS
10
0.4904906299212599
20
0.4090639763779527
11
0.4972474803149606
21
0.4068685433070866
0
LINE
8
BLACK
6
CONTINUOUS
10
0.4972474803149606
20
0.4068685433070866
11
0.5035776771653543
21
0.4036431496062992
0
LINE
8
BLACK
6
CONTINUOUS
10
0.5035776771653543
20
0.4036431496062992
11
0.5093253937007874
21
0.3994672047244094
0
LINE
8
BLACK
6
CONTINUOUS
10
0.5093253937007874
20
0.3994672047244094
11
0.514349094488189
21
0.3944435039370079
0
LINE
8
BLACK
6
CONTINUOUS
10
0.514349094488189
20
0.3944435039370079
11
0.5185250393700788
21
0.3886957874015748
0
LINE
8
BLACK
6
CONTINUOUS
10
0.5185250393700788
20
0.3886957874015748
11
0.5217504330708661
21
0.3823655905511811
0
LINE
8
BLACK
6
CONTINUOUS
10
0.5217504330708661
20
0.3823655905511811
11
0.5239458661417322
21
0.3756087401574803
0
LINE
8
BLACK
6
CONTINUOUS
10
0.5239458661417322
20
0.3756087401574803
11
0.5250572834645669
21
0.3685916535433071
0
LINE
8
BLACK
6
CONTINUOUS
10
0.5250572834645669
20
0.3685916535433071
11
0.5250572834645669
21
0.3614870866141732
0
LINE
8
BLACK
6
CONTINUOUS
10
0.5250572834645669
20
0.3614870866141732
11
0.5239458661417322
21
0.35447
0
LINE
8
BLACK
6
CONTINUOUS
10
0.5239458661417322
20
0.35447
11
0.5217504330708661
21
0.3477131496062992
0
LINE
8
BLACK
6
CONTINUOUS
10
0.5217504330708661
20
0.3477131496062992
11
0.5185250393700788
21
0.3413829527559055
0
LINE
8
BLACK
6
CONTINUOUS
10
0.5185250393700788
20
0.3413829527559055
11
0.514349094488189
21
0.3356352362204724
0
LINE
8
BLACK
6
CONTINUOUS
10
0.514349094488189
20
0.3356352362204724
11
0.5093253937007874
21
0.3306115354330709
0
LINE
8
BLACK
6
CONTINUOUS
10
0.5093253937007874
20
0.3306115354330709
11
0.5035776771653543
21
0.3264355905511811
0
LINE
8
BLACK
6
CONTINUOUS
10
0.5035776771653543
20
0.3264355905511811
11
0.4972474803149606
21
0.3232101968503937
0
LINE
8
BLACK
6
CONTINUOUS
10
0.4972474803149606
20
0.3232101968503937
11
0.4904906299212599
21
0.3210147637795275
0
LINE
8
BLACK
6
CONTINUOUS
10
0.4904906299212599
20
0.3210147637795275
11
0.4834735433070866
21
0.3199033464566929
0
LINE
8
BLACK
6
CONTINUOUS
10
0.4834735433070866
20
0.3199033464566929
11
0.4763689763779527
21
0.3199033464566929
0
LINE
8
BLACK
6
CONTINUOUS
10
0.4763689763779527
20
0.3199033464566929
11
0.4693518897637795
21
0.3210147637795275
0
LINE
8
BLACK
6
CONTINUOUS
10
0.4693518897637795
20
0.3210147637795275
11
0.4625950393700787
21
0.3232101968503937
0
LINE
8
BLACK
6
CONTINUOUS
10
0.4625950393700787
20
0.3232101968503937
11
0.456264842519685
21
0.3264355905511811
0
LINE
8
BLACK
6
CONTINUOUS
10
0.456264842519685
20
0.3264355905511811
11
0.450517125984252
21
0.3306115354330709
0
LINE
8
BLACK
6
CONTINUOUS
10
0.450517125984252
20
0.3306115354330709
11
0.4454934251968504
21
0.3356352362204724
0
LINE
8
BLACK
6
CONTINUOUS
10
0.4454934251968504
20
0.3356352362204724
11
0.4413174803149606
21
0.3413829527559055
0
LINE
8
BLACK
6
CONTINUOUS
10
0.4413174803149606
20
0.3413829527559055
11
0.4380920866141732
21
0.3477131496062992
0
LINE
8
BLACK
6
CONTINUOUS
10
0.4380920866141732
20
0.3477131496062992
11
0.4358966535433071
21
0.35447
0
LINE
8
BLACK
6
CONTINUOUS
10
0.4358966535433071
20
0.35447
11
0.4347852362204724
21
0.3614870866141732
0
LINE
8
BLACK
6
CONTINUOUS
10
0.4347852362204724
20
0.3614870866141732
11
0.4347852362204724
21
0.3685916535433071
0
LINE
8
BLACK
6
CONTINUOUS
10
0.4347852362204724
20
0.3685916535433071
11
0.4358966535433071
21
0.3756087401574803
0
LINE
8
BLACK
6
CONTINUOUS
10
0.4358966535433071
20
0.3756087401574803
11
0.4380920866141732
21
0.3823655905511811
0
LINE
8
BLACK
6
CONTINUOUS
10
0.4380920866141732
20
0.3823655905511811
11
0.4413174803149606
21
0.3886957874015748
0
LINE
8
BLACK
6
CONTINUOUS
10
0.4413174803149606
20
0.3886957874015748
11
0.4454934251968504
21
0.3944435039370079
0
LINE
8
BLACK
6
CONTINUOUS
10
0.4454934251968504
20
0.3944435039370079
11
0.450517125984252
21
0.3994672047244094
0
LINE
8
BLACK
6
CONTINUOUS
10
0.450517125984252
20
0.3994672047244094
11
0.456264842519685
21
0.4036431496062992
0
LINE
8
BLACK
6
CONTINUOUS
10
0.456264842519685
20
0.4036431496062992
11
0.4625950393700787
21
0.4068685433070866
0
LINE
8
BLACK
6
CONTINUOUS
10
0.4625950393700787
20
0.4068685433070866
11
0.4693518897637795
21
0.4090639763779527
0
LINE
8
BLACK
6
CONTINUOUS
10
0.4693518897637795
20
0.4090639763779527
11
0.4763689763779527
21
0.4101753937007874
0
LINE
8
BLACK
6
CONTINUOUS
10
0.4763689763779527
20
0.4101753937007874
11
0.4834735433070866
21
0.4101753937007874
0
LINE
8
BLACK
6
CONTINUOUS
10
0.4834735433070866
20
0.4101753937007874
11
0.4904906299212599
21
0.4090639763779527
0
LINE
8
BLACK
6
CONTINUOUS
10
1.1306481102362205
20
0.4090639763779527
11
1.1374049606299212
21
0.4068685433070866
0
LINE
8
BLACK
6
CONTINUOUS
10
1.1374049606299212
20
0.4068685433070866
11
1.143735157480315
21
0.4036431496062992
0
LINE
8
BLACK
6
CONTINUOUS
10
1.143735157480315
20
0.4036431496062992
11
1.1494828740157481
21
0.3994672047244094
0
LINE
8
BLACK
6
CONTINUOUS
10
1.1494828740157481
20
0.3994672047244094
11
1.1545065748031496
21
0.3944435039370079
0
LINE
8
BLACK
6
CONTINUOUS
10
1.1545065748031496
20
0.3944435039370079
11
1.1586825196850394
21
0.3886957874015748
0
LINE
8
BLACK
6
CONTINUOUS
10
1.1586825196850394
20
0.3886957874015748
11
1.1619079133858268
21
0.3823655905511811
0
LINE
8
BLACK
6
CONTINUOUS
10
1.1619079133858268
20
0.3823655905511811
11
1.1641033464566928
21
0.3756087401574803
0
LINE
8
BLACK
6
CONTINUOUS
10
1.1641033464566928
20
0.3756087401574803
11
1.1652147637795276
21
0.3685916535433071
0
LINE
8
BLACK
6
CONTINUOUS
10
1.1652147637795276
20
0.3685916535433071
11
1.1652147637795276
21
0.3614870866141732
0
LINE
8
BLACK
6
CONTINUOUS
10
1.1652147637795276
20
0.3614870866141732
11
1.1641033464566928
21
0.35447
0
LINE
8
BLACK
6
CONTINUOUS
10
1.1641033464566928
20
0.35447
11
1.1619079133858268
21
0.3477131496062992
0
LINE
8
BLACK
6
CONTINUOUS
10
1.1619079133858268
20
0.3477131496062992
11
1.1586825196850394
21
0.3413829527559055
0
LINE
8
BLACK
6
CONTINUOUS
10
1.1586825196850394
20
0.3413829527559055
11
1.1545065748031496
21
0.3356352362204724
0
LINE
8
BLACK
6
CONTINUOUS
10
1.1545065748031496
20
0.3356352362204724
11
1.1494828740157481
21
0.3306115354330709
0
LINE
8
BLACK
6
CONTINUOUS
10
1.1494828740157481
20
0.3306115354330709
11
1.143735157480315
21
0.3264355905511811
0
LINE
8
BLACK
6
CONTINUOUS
10
1.143735157480315
20
0.3264355905511811
11
1.1374049606299212
21
0.3232101968503937
0
LINE
8
BLACK
6
CONTINUOUS
10
1.1374049606299212
20
0.3232101968503937
11
1.1306481102362205
21
0.3210147637795275
0
LINE
8
BLACK
6
CONTINUOUS
10
1.1306481102362205
20
0.3210147637795275
11
1.1236310236220473
21
0.3199033464566929
0
LINE
8
BLACK
6
CONTINUOUS
10
1.1236310236220473
20
0.3199033464566929
11
1.1165264566929134
21
0.3199033464566929
0
LINE
8
BLACK
6
CONTINUOUS
10
1.1165264566929134
20
0.3199033464566929
11
1.1095093700787402
21
0.3210147637795275
0
LINE
8
BLACK
6
CONTINUOUS
10
1.1095093700787402
20
0.3210147637795275
11
1.1027525196850394
21
0.3232101968503937
0
LINE
8
BLACK
6
CONTINUOUS
10
1.1027525196850394
20
0.3232101968503937
11
1.0964223228346457
21
0.3264355905511811
0
LINE
8
BLACK
6
CONTINUOUS
10
1.0964223228346457
20
0.3264355905511811
11
1.0906746062992125
21
0.3306115354330709
0
LINE
8
BLACK
6
CONTINUOUS
10
1.0906746062992125
20
0.3306115354330709
11
1.0856509055118111
21
0.3356352362204724
0
LINE
8
BLACK
6
CONTINUOUS
10
1.0856509055118111
20
0.3356352362204724
11
1.0814749606299212
21
0.3413829527559055
0
LINE
8
BLACK
6
CONTINUOUS
10
1.0814749606299212
20
0.3413829527559055
11
1.0782495669291339
21
0.3477131496062992
0
LINE
8
BLACK
6
CONTINUOUS
10
1.0782495669291339
20
0.3477131496062992
11
1.0760541338582676
21
0.35447
0
LINE
8
BLACK
6
CONTINUOUS
10
1.0760541338582676
20
0.35447
11
1.0749427165354331
21
0.3614870866141732
0
LINE
8
BLACK
6
CONTINUOUS
10
1.0749427165354331
20
0.3614870866141732
11
1.0749427165354331
21
0.3685916535433071
0
LINE
8
BLACK
6
CONTINUOUS
10
1.0749427165354331
20
0.3685916535433071
11
1.0760541338582676
21
0.3756087401574803
0
LINE
8
BLACK
6
CONTINUOUS
10
1.0760541338582676
20
0.3756087401574803
11
1.0782495669291339
21
0.3823655905511811
0
LINE
8
BLACK
6
CONTINUOUS
10
1.0782495669291339
20
0.3823655905511811
11
1.0814749606299212
21
0.3886957874015748
0
LINE
8
BLACK
6
CONTINUOUS
10
1.0814749606299212
20
0.3886957874015748
11
1.0856509055118111
21
0.3944435039370079
0
LINE
8
BLACK
6
CONTINUOUS
10
1.0856509055118111
20
0.3944435039370079
11
1.0906746062992125
21
0.3994672047244094
0
LINE
8
BLACK
6
CONTINUOUS
10
1.0906746062992125
20
0.3994672047244094
11
1.0964223228346457
21
0.4036431496062992
0
LINE
8
BLACK
6
CONTINUOUS
10
1.0964223228346457
20
0.4036431496062992
11
1.1027525196850394
21
0.4068685433070866
0
LINE
8
BLACK
6
CONTINUOUS
10
1.1027525196850394
20
0.4068685433070866
11
1.1095093700787402
21
0.4090639763779527
0
LINE
8
BLACK
6
CONTINUOUS
10
1.1095093700787402
20
0.4090639763779527
11
1.1165264566929134
21
0.4101753937007874
0
LINE
8
BLACK
6
CONTINUOUS
10
1.1165264566929134
20
0.4101753937007874
11
1.1236310236220473
21
0.4101753937007874
0
LINE
8
BLACK
6
CONTINUOUS
10
1.1236310236220473
20
0.4101753937007874
11
1.1306481102362205
21
0.4090639763779527
0
LINE
8
BLACK
6
CONTINUOUS
10
1.4375
20
0.8825
11
1.4252165354330708
21
0.8825
0
LINE
8
BLACK
6
CONTINUOUS
10
1.4252165354330708
20
0.8825
11
1.4252165354330708
21
0.8470669291338583
0
LINE
8
BLACK
6
CONTINUOUS
10
1.4252165354330708
20
0.8470669291338583
11
1.425065
21
0.8447550393700787
0
LINE
8
BLACK
6
CONTINUOUS
10
1.425065
20
0.8447550393700787
11
1.425065
21
0.8447544881889764
0
LINE
8
BLACK
6
CONTINUOUS
10
1.425065
20
0.8447544881889764
11
1.4245487401574803
21
0.8428277952755905
0
LINE
8
BLACK
6
CONTINUOUS
10
1.4245487401574803
20
0.8428277952755905
11
1.4238679527559055
21
0.8402870866141732
0
LINE
8
BLACK
6
CONTINUOUS
10
1.4238679527559055
20
0.8402870866141732
11
1.4215554724409449
21
0.8362817716535433
0
LINE
8
BLACK
6
CONTINUOUS
10
1.4215554724409449
20
0.8362817716535433
11
1.4215551574803149
21
0.8362814566929133
0
LINE
8
BLACK
6
CONTINUOUS
10
1.4215551574803149
20
0.8362814566929133
11
1.4200274803149606
21
0.8345394488188976
0
LINE
8
BLACK
6
CONTINUOUS
10
1.4200274803149606
20
0.8345394488188976
11
1.3502165354330709
21
0.7647285039370079
0
LINE
8
BLACK
6
CONTINUOUS
10
1.3502165354330709
20
0.7647285039370079
11
1.3502165354330709
21
0.6173384251968503
0
LINE
8
BLACK
6
CONTINUOUS
10
1.3502165354330709
20
0.6173384251968503
11
1.3598384251968503
21
0.6077165354330708
0
LINE
8
BLACK
6
CONTINUOUS
10
1.3598384251968503
20
0.6077165354330708
11
1.3699999999999999
21
0.6077165354330708
0
LINE
8
BLACK
6
CONTINUOUS
10
1.3699999999999999
20
0.6077165354330708
11
1.3699999999999999
21
0.62
0
LINE
8
BLACK
6
CONTINUOUS
10
1.3699999999999999
20
0.62
11
1.4299999999999999
21
0.62
0
LINE
8
BLACK
6
CONTINUOUS
10
1.4299999999999999
20
0.62
11
1.4299999999999999
21
0.6077165354330708
0
LINE
8
BLACK
6
CONTINUOUS
10
1.4299999999999999
20
0.6077165354330708
11
1.47
21
0.6077165354330708
0
LINE
8
BLACK
6
CONTINUOUS
10
1.47
20
0.6077165354330708
11
1.47
21
0.62
0
LINE
8
BLACK
6
CONTINUOUS
10
1.47
20
0.62
11
1.53
21
0.62
0
LINE
8
BLACK
6
CONTINUOUS
10
1.53
20
0.62
11
1.53
21
0.5599999999999999
0
LINE
8
BLACK
6
CONTINUOUS
10
1.53
20
0.5599999999999999
11
1.47
21
0.5599999999999999
0
LINE
8
BLACK
6
CONTINUOUS
10
1.47
20
0.5599999999999999
11
1.47
21
0.5722834645669291
0
LINE
8
BLACK
6
CONTINUOUS
10
1.47
20
0.5722834645669291
11
1.4299999999999999
21
0.5722834645669291
0
LINE
8
BLACK
6
CONTINUOUS
10
1.4299999999999999
20
0.5722834645669291
11
1.4299999999999999
21
0.5599999999999999
0
LINE
8
BLACK
6
CONTINUOUS
10
1.4299999999999999
20
0.5599999999999999
11
1.4177165354330707
21
0.5599999999999999
0
LINE
8
BLACK
6
CONTINUOUS
10
1.4177165354330707
20
0.5599999999999999
11
1.4177165354330707
21
0.52
0
LINE
8
BLACK
6
CONTINUOUS
10
1.4177165354330707
20
0.52
11
1.4299999999999999
21
0.52
0
LINE
8
BLACK
6
CONTINUOUS
10
1.4299999999999999
20
0.52
11
1.4299999999999999
21
0.5077165354330708
0
LINE
8
BLACK
6
CONTINUOUS
10
1.4299999999999999
20
0.5077165354330708
11
1.47
21
0.5077165354330708
0
LINE
8
BLACK
6
CONTINUOUS
10
1.47
20
0.5077165354330708
11
1.47
21
0.52
0
LINE
8
BLACK
6
CONTINUOUS
10
1.47
20
0.52
11
1.53
21
0.52
0
LINE
8
BLACK
6
CONTINUOUS
10
1.53
20
0.52
11
1.53
21
0.46
0
LINE
8
BLACK
6
CONTINUOUS
10
1.53
20
0.46
11
1.47
21
0.46
0
LINE
8
BLACK
6
CONTINUOUS
10
1.47
20
0.46
11
1.47
21
0.4722834645669291
0
LINE
8
BLACK
6
CONTINUOUS
10
1.47
20
0.4722834645669291
11
1.4299999999999999
21
0.4722834645669291
0
LINE
8
BLACK
6
CONTINUOUS
10
1.4299999999999999
20
0.4722834645669291
11
1.4299999999999999
21
0.46
0
LINE
8
BLACK
6
CONTINUOUS
10
1.4299999999999999
20
0.46
11
1.3699999999999999
21
0.46
0
LINE
8
BLACK
6
CONTINUOUS
10
1.3699999999999999
20
0.46
11
1.3699999999999999
21
0.4722834645669291
0
LINE
8
BLACK
6
CONTINUOUS
10
1.3699999999999999
20
0.4722834645669291
11
1.3419053543307087
21
0.4722834645669291
0
LINE
8
BLACK
6
CONTINUOUS
10
1.3419053543307087
20
0.4722834645669291
11
1.3064841338582678
21
0.4368622440944882
0
LINE
8
BLACK
6
CONTINUOUS
10
1.3064841338582678
20
0.4368622440944882
11
1.3047420866141732
21
0.4353345275590551
0
LINE
8
BLACK
6
CONTINUOUS
10
1.3047420866141732
20
0.4353345275590551
11
1.304741811023622
21
0.4353342519685039
0
LINE
8
BLACK
6
CONTINUOUS
10
1.304741811023622
20
0.4353342519685039
11
1.3007364960629921
21
0.4330217716535433
0
LINE
8
BLACK
6
CONTINUOUS
10
1.3007364960629921
20
0.4330217716535433
11
1.2962691338582677
21
0.4318247637795276
0
LINE
8
BLACK
6
CONTINUOUS
10
1.2962691338582677
20
0.4318247637795276
11
1.2939566535433071
21
0.431673188976378
0
LINE
8
BLACK
6
CONTINUOUS
10
1.2939566535433071
20
0.431673188976378
11
0.9593070472440944
21
0.431673188976378
0
LINE
8
BLACK
6
CONTINUOUS
10
0.9593070472440944
20
0.431673188976378
11
0.9569945669291339
21
0.4318247637795276
0
LINE
8
BLACK
6
CONTINUOUS
10
0.9569945669291339
20
0.4318247637795276
11
0.9525272047244094
21
0.4330217716535433
0
LINE
8
BLACK
6
CONTINUOUS
10
0.9525272047244094
20
0.4330217716535433
11
0.9516238188976378
21
0.4335433464566929
0
LINE
8
BLACK
6
CONTINUOUS
10
0.9516238188976378
20
0.4335433464566929
11
0.8782046062992126
21
0.4335433464566929
0
LINE
8
BLACK
6
CONTINUOUS
10
0.8782046062992126
20
0.4335433464566929
11
0.8451523622047243
21
0.4004911023622047
0
LINE
8
BLACK
6
CONTINUOUS
10
0.8451523622047243
20
0.4004911023622047
11
0.8451523622047243
21
0.3975704330708661
0
LINE
8
BLACK
6
CONTINUOUS
10
0.8451523622047243
20
0.3975704330708661
11
0.8441736614173229
21
0.3926501968503937
0
LINE
8
BLACK
6
CONTINUOUS
10
0.8441736614173229
20
0.3926501968503937
11
0.8422538976377952
21
0.3880154330708661
0
LINE
8
BLACK
6
CONTINUOUS
10
0.8422538976377952
20
0.3880154330708661
11
0.839466811023622
21
0.3838442519685039
0
LINE
8
BLACK
6
CONTINUOUS
10
0.839466811023622
20
0.3838442519685039
11
0.8359195275590551
21
0.380296968503937
0
LINE
8
BLACK
6
CONTINUOUS
10
0.8359195275590551
20
0.380296968503937
11
0.8317483464566929
21
0.3775098818897638
0
LINE
8
BLACK
6
CONTINUOUS
10
0.8317483464566929
20
0.3775098818897638
11
0.8271135826771653
21
0.3755901181102362
0
LINE
8
BLACK
6
CONTINUOUS
10
0.8271135826771653
20
0.3755901181102362
11
0.8221933464566928
21
0.3746114173228347
0
LINE
8
BLACK
6
CONTINUOUS
10
0.8221933464566928
20
0.3746114173228347
11
0.8171767322834645
21
0.3746114173228347
0
LINE
8
BLACK
6
CONTINUOUS
10
0.8171767322834645
20
0.3746114173228347
11
0.8122564960629921
21
0.3755901181102362
0
LINE
8
BLACK
6
CONTINUOUS
10
0.8122564960629921
20
0.3755901181102362
11
0.8076217322834646
21
0.3775098818897638
0
LINE
8
BLACK
6
CONTINUOUS
10
0.8076217322834646
20
0.3775098818897638
11
0.8034505511811023
21
0.380296968503937
0
LINE
8
BLACK
6
CONTINUOUS
10
0.8034505511811023
20
0.380296968503937
11
0.7999032677165354
21
0.3838442519685039
0
LINE
8
BLACK
6
CONTINUOUS
10
0.7999032677165354
20
0.3838442519685039
11
0.7971161811023622
21
0.3880154330708661
0
LINE
8
BLACK
6
CONTINUOUS
10
0.7971161811023622
20
0.3880154330708661
11
0.7951964173228346
21
0.3926501968503937
0
LINE
8
BLACK
6
CONTINUOUS
10
0.7951964173228346
20
0.3926501968503937
11
0.794217716535433
21
0.3975704330708661
0
LINE
8
BLACK
6
CONTINUOUS
10
0.794217716535433
20
0.3975704330708661
11
0.794217716535433
21
0.4025870472440945
0
LINE
8
BLACK
6
CONTINUOUS
10
0.794217716535433
20
0.4025870472440945
11
0.7951964173228346
21
0.4075072834645669
0
LINE
8
BLACK
6
CONTINUOUS
10
0.7951964173228346
20
0.4075072834645669
11
0.7971161811023622
21
0.4121420472440945
0
LINE
8
BLACK
6
CONTINUOUS
10
0.7971161811023622
20
0.4121420472440945
11
0.7999032677165354
21
0.4163132283464567
0
LINE
8
BLACK
6
CONTINUOUS
10
0.7999032677165354
20
0.4163132283464567
11
0.8034505511811023
21
0.4198605118110236
0
LINE
8
BLACK
6
CONTINUOUS
10
0.8034505511811023
20
0.4198605118110236
11
0.8076217322834646
21
0.4226475984251968
0
LINE
8
BLACK
6
CONTINUOUS
10
0.8076217322834646
20
0.4226475984251968
11
0.8122564960629921
21
0.4245673622047244
0
LINE
8
BLACK
6
CONTINUOUS
10
0.8122564960629921
20
0.4245673622047244
11
0.8171767322834645
21
0.425546062992126
0
LINE
8
BLACK
6
CONTINUOUS
10
0.8171767322834645
20
0.425546062992126
11
0.8200974015748032
21
0.425546062992126
0
LINE
8
BLACK
6
CONTINUOUS
10
0.8200974015748032
20
0.425546062992126
11
0.8583387007874016
21
0.4637873622047244
0
LINE
8
BLACK
6
CONTINUOUS
10
0.8583387007874016
20
0.4637873622047244
11
0.8600807086614173
21
0.4653150393700787
0
LINE
8
BLACK
6
CONTINUOUS
10
0.8600807086614173
20
0.4653150393700787
11
0.8600810236220472
21
0.4653153543307086
0
LINE
8
BLACK
6
CONTINUOUS
10
0.8600810236220472
20
0.4653153543307086
11
0.8640863385826771
21
0.4676278346456693
0
LINE
8
BLACK
6
CONTINUOUS
10
0.8640863385826771
20
0.4676278346456693
11
0.8685537007874016
21
0.468824842519685
0
LINE
8
BLACK
6
CONTINUOUS
10
0.8685537007874016
20
0.468824842519685
11
0.8708661811023621
21
0.4689764173228346
0
LINE
8
BLACK
6
CONTINUOUS
10
0.8708661811023621
20
0.4689764173228346
11
0.9574368897637795
21
0.4689764173228346
0
LINE
8
BLACK
6
CONTINUOUS
10
0.9574368897637795
20
0.4689764173228346
11
0.9597493700787402
21
0.468824842519685
0
LINE
8
BLACK
6
CONTINUOUS
10
0.9597493700787402
20
0.468824842519685
11
0.9642167322834645
21
0.4676278346456693
0
LINE
8
BLACK
6
CONTINUOUS
10
0.9642167322834645
20
0.4676278346456693
11
0.9651201181102362
21
0.4671062598425197
0
LINE
8
BLACK
6
CONTINUOUS
10
0.9651201181102362
20
0.4671062598425197
11
1.2866182283464567
21
0.4671062598425197
0
LINE
8
BLACK
6
CONTINUOUS
10
1.2866182283464567
20
0.4671062598425197
11
1.3220394488188976
21
0.5025274803149606
0
LINE
8
BLACK
6
CONTINUOUS
10
1.3220394488188976
20
0.5025274803149606
11
1.3237814566929134
21
0.5040551574803149
0
LINE
8
BLACK
6
CONTINUOUS
10
1.3237814566929134
20
0.5040551574803149
11
1.3237817716535434
21
0.5040554724409448
0
LINE
8
BLACK
6
CONTINUOUS
10
1.3237817716535434
20
0.5040554724409448
11
1.3277870866141732
21
0.5063679527559055
0
LINE
8
BLACK
6
CONTINUOUS
10
1.3277870866141732
20
0.5063679527559055
11
1.3289982677165355
21
0.5066924803149606
0
LINE
8
BLACK
6
CONTINUOUS
10
1.3289982677165355
20
0.5066924803149606
11
1.3322544881889764
21
0.507565
0
LINE
8
BLACK
6
CONTINUOUS
10
1.3322544881889764
20
0.507565
11
1.3322550393700787
21
0.507565
0
LINE
8
BLACK
6
CONTINUOUS
10
1.3322550393700787
20
0.507565
11
1.3345669291338582
21
0.5077165354330708
0
LINE
8
BLACK
6
CONTINUOUS
10
1.3345669291338582
20
0.5077165354330708
11
1.3699999999999999
21
0.5077165354330708
0
LINE
8
BLACK
6
CONTINUOUS
10
1.3699999999999999
20
0.5077165354330708
11
1.3699999999999999
21
0.52
0
LINE
8
BLACK
6
CONTINUOUS
10
1.3699999999999999
20
0.52
11
1.3822834645669291
21
0.52
0
LINE
8
BLACK
6
CONTINUOUS
10
1.3822834645669291
20
0.52
11
1.3822834645669291
21
0.5599999999999999
0
LINE
8
BLACK
6
CONTINUOUS
10
1.3822834645669291
20
0.5599999999999999
11
1.3699999999999999
21
0.5599999999999999
0
LINE
8
BLACK
6
CONTINUOUS
10
1.3699999999999999
20
0.5599999999999999
11
1.3699999999999999
21
0.5722834645669291
0
LINE
8
BLACK
6
CONTINUOUS
10
1.3699999999999999
20
0.5722834645669291
11
1.3525
21
0.5722834645669291
0
LINE
8
BLACK
6
CONTINUOUS
10
1.3525
20
0.5722834645669291
11
1.3501875196850393
21
0.5724350393700788
0
LINE
8
BLACK
6
CONTINUOUS
10
1.3501875196850393
20
0.5724350393700788
11
1.345720157480315
21
0.5736320472440944
0
LINE
8
BLACK
6
CONTINUOUS
10
1.345720157480315
20
0.5736320472440944
11
1.341714842519685
21
0.5759445275590551
0
LINE
8
BLACK
6
CONTINUOUS
10
1.341714842519685
20
0.5759445275590551
11
1.3399725196850394
21
0.5774725196850393
0
LINE
8
BLACK
6
CONTINUOUS
10
1.3399725196850394
20
0.5774725196850393
11
1.3199725196850394
21
0.5974725196850393
0
LINE
8
BLACK
6
CONTINUOUS
10
1.3199725196850394
20
0.5974725196850393
11
1.3184448031496063
21
0.5992145275590551
0
LINE
8
BLACK
6
CONTINUOUS
10
1.3184448031496063
20
0.5992145275590551
11
1.3184445275590551
21
0.599214842519685
0
LINE
8
BLACK
6
CONTINUOUS
10
1.3184445275590551
20
0.599214842519685
11
1.3161320472440945
21
0.603220157480315
0
LINE
8
BLACK
6
CONTINUOUS
10
1.3161320472440945
20
0.603220157480315
11
1.3149350393700787
21
0.6076875196850393
0
LINE
8
BLACK
6
CONTINUOUS
10
1.3149350393700787
20
0.6076875196850393
11
1.3147834645669292
21
0.61
0
LINE
8
BLACK
6
CONTINUOUS
10
1.3147834645669292
20
0.61
11
1.3147834645669292
21
0.7720669291338582
0
LINE
8
BLACK
6
CONTINUOUS
10
1.3147834645669292
20
0.7720669291338582
11
1.3149350393700787
21
0.7743794094488189
0
LINE
8
BLACK
6
CONTINUOUS
10
1.3149350393700787
20
0.7743794094488189
11
1.3161320472440945
21
0.7788467716535433
0
LINE
8
BLACK
6
CONTINUOUS
10
1.3161320472440945
20
0.7788467716535433
11
1.3184445275590551
21
0.7828520866141732
0
LINE
8
BLACK
6
CONTINUOUS
10
1.3184445275590551
20
0.7828520866141732
11
1.3184448031496063
21
0.7828523622047244
0
LINE
8
BLACK
6
CONTINUOUS
10
1.3184448031496063
20
0.7828523622047244
11
1.3199725196850394
21
0.7845944094488189
0
LINE
8
BLACK
6
CONTINUOUS
10
1.3199725196850394
20
0.7845944094488189
11
1.3897834645669291
21
0.8544053543307086
0
LINE
8
BLACK
6
CONTINUOUS
10
1.3897834645669291
20
0.8544053543307086
11
1.3897834645669291
21
0.8825
0
LINE
8
BLACK
6
CONTINUOUS
10
1.3897834645669291
20
0.8825
11
1.3774999999999999
21
0.8825
0
LINE
8
BLACK
6
CONTINUOUS
10
1.3774999999999999
20
0.8825
11
1.3774999999999999
21
0.9425
0
LINE
8
BLACK
6
CONTINUOUS
10
1.3774999999999999
20
0.9425
11
1.4375
21
0.9425
0
LINE
8
BLACK
6
CONTINUOUS
10
1.4375
20
0.9425
11
1.4375
21
0.8825
0
LINE
8
BLACK
6
CONTINUOUS
10
0.907034842519685
20
0.4245673622047244
11
0.9116696062992126
21
0.4226475984251968
0
LINE
8
BLACK
6
CONTINUOUS
10
0.9116696062992126
20
0.4226475984251968
11
0.9158407874015748
21
0.4198605118110236
0
LINE
8
BLACK
6
CONTINUOUS
10
0.9158407874015748
20
0.4198605118110236
11
0.9193880708661417
21
0.4163132283464567
0
LINE
8
BLACK
6
CONTINUOUS
10
0.9193880708661417
20
0.4163132283464567
11
0.922175157480315
21
0.4121420472440945
0
LINE
8
BLACK
6
CONTINUOUS
10
0.922175157480315
20
0.4121420472440945
11
0.9240949212598425
21
0.4075072834645669
0
LINE
8
BLACK
6
CONTINUOUS
10
0.9240949212598425
20
0.4075072834645669
11
0.9250736220472441
21
0.4025870472440945
0
LINE
8
BLACK
6
CONTINUOUS
10
0.9250736220472441
20
0.4025870472440945
11
0.9250736220472441
21
0.3975704330708661
0
LINE
8
BLACK
6
CONTINUOUS
10
0.9250736220472441
20
0.3975704330708661
11
0.9240949212598425
21
0.3926501968503937
0
LINE
8
BLACK
6
CONTINUOUS
10
0.9240949212598425
20
0.3926501968503937
11
0.922175157480315
21
0.3880154330708661
0
LINE
8
BLACK
6
CONTINUOUS
10
0.922175157480315
20
0.3880154330708661
11
0.9193880708661417
21
0.3838442519685039
0
LINE
8
BLACK
6
CONTINUOUS
10
0.9193880708661417
20
0.3838442519685039
11
0.9158407874015748
21
0.380296968503937
0
LINE
8
BLACK
6
CONTINUOUS
10
0.9158407874015748
20
0.380296968503937
11
0.9116696062992126
21
0.3775098818897638
0
LINE
8
BLACK
6
CONTINUOUS
10
0.9116696062992126
20
0.3775098818897638
11
0.907034842519685
21
0.3755901181102362
0
LINE
8
BLACK
6
CONTINUOUS
10
0.907034842519685
20
0.3755901181102362
11
0.9021146062992126
21
0.3746114173228347
0
LINE
8
BLACK
6
CONTINUOUS
10
0.9021146062992126
20
0.3746114173228347
11
0.8970979921259842
21
0.3746114173228347
0
LINE
8
BLACK
6
CONTINUOUS
10
0.8970979921259842
20
0.3746114173228347
11
0.8921777559055117
21
0.3755901181102362
0
LINE
8
BLACK
6
CONTINUOUS
10
0.8921777559055117
20
0.3755901181102362
11
0.8875429921259842
21
0.3775098818897638
0
LINE
8
BLACK
6
CONTINUOUS
10
0.8875429921259842
20
0.3775098818897638
11
0.8833718110236221
21
0.380296968503937
0
LINE
8
BLACK
6
CONTINUOUS
10
0.8833718110236221
20
0.380296968503937
11
0.879824527559055
21
0.3838442519685039
0
LINE
8
BLACK
6
CONTINUOUS
10
0.879824527559055
20
0.3838442519685039
11
0.8770374409448819
21
0.3880154330708661
0
LINE
8
BLACK
6
CONTINUOUS
10
0.8770374409448819
20
0.3880154330708661
11
0.8751176771653543
21
0.3926501968503937
0
LINE
8
BLACK
6
CONTINUOUS
10
0.8751176771653543
20
0.3926501968503937
11
0.8741389763779527
21
0.3975704330708661
0
LINE
8
BLACK
6
CONTINUOUS
10
0.8741389763779527
20
0.3975704330708661
11
0.8741389763779527
21
0.4025870472440945
0
LINE
8
BLACK
6
CONTINUOUS
10
0.8741389763779527
20
0.4025870472440945
11
0.8751176771653543
21
0.4075072834645669
0
LINE
8
BLACK
6
CONTINUOUS
10
0.8751176771653543
20
0.4075072834645669
11
0.8770374409448819
21
0.4121420472440945
0
LINE
8
BLACK
6
CONTINUOUS
10
0.8770374409448819
20
0.4121420472440945
11
0.879824527559055
21
0.4163132283464567
0
LINE
8
BLACK
6
CONTINUOUS
10
0.879824527559055
20
0.4163132283464567
11
0.8833718110236221
21
0.4198605118110236
0
LINE
8
BLACK
6
CONTINUOUS
10
0.8833718110236221
20
0.4198605118110236
11
0.8875429921259842
21
0.4226475984251968
0
LINE
8
BLACK
6
CONTINUOUS
10
0.8875429921259842
20
0.4226475984251968
11
0.8921777559055117
21
0.4245673622047244
0
LINE
8
BLACK
6
CONTINUOUS
10
0.8921777559055117
20
0.4245673622047244
11
0.8970979921259842
21
0.425546062992126
0
LINE
8
BLACK
6
CONTINUOUS
10
0.8970979921259842
20
0.425546062992126
11
0.9021146062992126
21
0.425546062992126
0
LINE
8
BLACK
6
CONTINUOUS
10
0.9021146062992126
20
0.425546062992126
11
0.907034842519685
21
0.4245673622047244
0
LINE
8
BLACK
6
CONTINUOUS
10
0.9867044881889764
20
0.5086860629921259
11
0.9906653149606299
21
0.5063992913385826
0
LINE
8
BLACK
6
CONTINUOUS
10
0.9906653149606299
20
0.5063992913385826
11
0.9938992913385827
21
0.5031653149606299
0
LINE
8
BLACK
6
CONTINUOUS
10
0.9938992913385827
20
0.5031653149606299
11
0.996186062992126
21
0.4992044881889764
0
LINE
8
BLACK
6
CONTINUOUS
10
0.996186062992126
20
0.4992044881889764
11
0.9973698031496063
21
0.4947867716535433
0
LINE
8
BLACK
6
CONTINUOUS
10
0.9973698031496063
20
0.4947867716535433
11
0.9973698031496063
21
0.4902132283464567
0
LINE
8
BLACK
6
CONTINUOUS
10
0.9973698031496063
20
0.4902132283464567
11
0.996186062992126
21
0.4857955118110236
0
LINE
8
BLACK
6
CONTINUOUS
10
0.996186062992126
20
0.4857955118110236
11
0.9938992913385827
21
0.48183468503937
0
LINE
8
BLACK
6
CONTINUOUS
10
0.9938992913385827
20
0.48183468503937
11
0.9906653149606299
21
0.4786007086614173
0
LINE
8
BLACK
6
CONTINUOUS
10
0.9906653149606299
20
0.4786007086614173
11
0.9867044881889764
21
0.476313937007874
0
LINE
8
BLACK
6
CONTINUOUS
10
0.9867044881889764
20
0.476313937007874
11
0.9822867716535433
21
0.4751301968503937
0
LINE
8
BLACK
6
CONTINUOUS
10
0.9822867716535433
20
0.4751301968503937
11
0.9777132283464567
21
0.4751301968503937
0
LINE
8
BLACK
6
CONTINUOUS
10
0.9777132283464567
20
0.4751301968503937
11
0.9732955118110236
21
0.476313937007874
0
LINE
8
BLACK
6
CONTINUOUS
10
0.9732955118110236
20
0.476313937007874
11
0.96933468503937
21
0.4786007086614173
0
LINE
8
BLACK
6
CONTINUOUS
10
0.96933468503937
20
0.4786007086614173
11
0.9661007086614173
21
0.48183468503937
0
LINE
8
BLACK
6
CONTINUOUS
10
0.9661007086614173
20
0.48183468503937
11
0.9656256692913385
21
0.4826574803149606
0
LINE
8
BLACK
6
CONTINUOUS
10
0.9656256692913385
20
0.4826574803149606
11
0.9552234251968503
21
0.4826574803149606
0
LINE
8
BLACK
6
CONTINUOUS
10
0.9552234251968503
20
0.4826574803149606
11
0.6488535039370079
21
0.4826574803149606
0
LINE
8
BLACK
6
CONTINUOUS
10
0.6488535039370079
20
0.4826574803149606
11
0.6417362992125984
21
0.4755402755905512
0
LINE
8
BLACK
6
CONTINUOUS
10
0.6417362992125984
20
0.4755402755905512
11
0.6402449606299212
21
0.4743164173228346
0
LINE
8
BLACK
6
CONTINUOUS
10
0.6402449606299212
20
0.4743164173228346
11
0.6402448031496063
21
0.4743162598425197
0
LINE
8
BLACK
6
CONTINUOUS
10
0.6402448031496063
20
0.4743162598425197
11
0.6366967716535433
21
0.4728466141732283
0
LINE
8
BLACK
6
CONTINUOUS
10
0.6366967716535433
20
0.4728466141732283
11
0.6347765748031496
21
0.4726574803149606
0
LINE
8
BLACK
6
CONTINUOUS
10
0.6347765748031496
20
0.4726574803149606
11
0.6243743307086614
21
0.4726574803149606
0
LINE
8
BLACK
6
CONTINUOUS
10
0.6243743307086614
20
0.4726574803149606
11
0.6238992913385827
21
0.4718346850393701
0
LINE
8
BLACK
6
CONTINUOUS
10
0.6238992913385827
20
0.4718346850393701
11
0.6206653149606299
21
0.4686007086614173
0
LINE
8
BLACK
6
CONTINUOUS
10
0.6206653149606299
20
0.4686007086614173
11
0.6167044881889764
21
0.466313937007874
0
LINE
8
BLACK
6
CONTINUOUS
10
0.6167044881889764
20
0.466313937007874
11
0.6122867716535433
21
0.4651301968503937
0
LINE
8
BLACK
6
CONTINUOUS
10
0.6122867716535433
20
0.4651301968503937
11
0.6077132283464567
21
0.4651301968503937
0
LINE
8
BLACK
6
CONTINUOUS
10
0.6077132283464567
20
0.4651301968503937
11
0.6032955118110236
21
0.466313937007874
0
LINE
8
BLACK
6
CONTINUOUS
10
0.6032955118110236
20
0.466313937007874
11
0.59933468503937
21
0.4686007086614173
0
LINE
8
BLACK
6
CONTINUOUS
10
0.59933468503937
20
0.4686007086614173
11
0.5961007086614173
21
0.4718346850393701
0
LINE
8
BLACK
6
CONTINUOUS
10
0.5961007086614173
20
0.4718346850393701
11
0.593813937007874
21
0.4757955118110236
0
LINE
8
BLACK
6
CONTINUOUS
10
0.593813937007874
20
0.4757955118110236
11
0.5926301968503936
21
0.4802132283464567
0
LINE
8
BLACK
6
CONTINUOUS
10
0.5926301968503936
20
0.4802132283464567
11
0.5926301968503936
21
0.4847867716535433
0
LINE
8
BLACK
6
CONTINUOUS
10
0.5926301968503936
20
0.4847867716535433
11
0.593813937007874
21
0.4892044881889764
0
LINE
8
BLACK
6
CONTINUOUS
10
0.593813937007874
20
0.4892044881889764
11
0.5961007086614173
21
0.4931653149606299
0
LINE
8
BLACK
6
CONTINUOUS
10
0.5961007086614173
20
0.4931653149606299
11
0.59933468503937
21
0.4963992913385827
0
LINE
8
BLACK
6
CONTINUOUS
10
0.59933468503937
20
0.4963992913385827
11
0.6032955118110236
21
0.498686062992126
0
LINE
8
BLACK
6
CONTINUOUS
10
0.6032955118110236
20
0.498686062992126
11
0.6077132283464567
21
0.4998698031496063
0
LINE
8
BLACK
6
CONTINUOUS
10
0.6077132283464567
20
0.4998698031496063
11
0.6122867716535433
21
0.4998698031496063
0
LINE
8
BLACK
6
CONTINUOUS
10
0.6122867716535433
20
0.4998698031496063
11
0.6167044881889764
21
0.498686062992126
0
LINE
8
BLACK
6
CONTINUOUS
10
0.6167044881889764
20
0.498686062992126
11
0.6206653149606299
21
0.4963992913385827
0
LINE
8
BLACK
6
CONTINUOUS
10
0.6206653149606299
20
0.4963992913385827
11
0.6238992913385827
21
0.4931653149606299
0
LINE
8
BLACK
6
CONTINUOUS
10
0.6238992913385827
20
0.4931653149606299
11
0.6243743307086614
21
0.4923425196850393
0
LINE
8
BLACK
6
CONTINUOUS
10
0.6243743307086614
20
0.4923425196850393
11
0.6306996456692914
21
0.4923425196850393
0
LINE
8
BLACK
6
CONTINUOUS
10
0.6306996456692914
20
0.4923425196850393
11
0.6378168503937007
21
0.4994597244094488
0
LINE
8
BLACK
6
CONTINUOUS
10
0.6378168503937007
20
0.4994597244094488
11
0.6393081496062992
21
0.5006835433070866
0
LINE
8
BLACK
6
CONTINUOUS
10
0.6393081496062992
20
0.5006835433070866
11
0.6393083464566929
21
0.5006837401574803
0
LINE
8
BLACK
6
CONTINUOUS
10
0.6393083464566929
20
0.5006837401574803
11
0.6428563779527559
21
0.5021533858267716
0
LINE
8
BLACK
6
CONTINUOUS
10
0.6428563779527559
20
0.5021533858267716
11
0.6447765748031495
21
0.5023425196850394
0
LINE
8
BLACK
6
CONTINUOUS
10
0.6447765748031495
20
0.5023425196850394
11
0.9552234251968503
21
0.5023425196850394
0
LINE
8
BLACK
6
CONTINUOUS
10
0.9552234251968503
20
0.5023425196850394
11
0.9656256692913385
21
0.5023425196850394
0
LINE
8
BLACK
6
CONTINUOUS
10
0.9656256692913385
20
0.5023425196850394
11
0.9661007086614173
21
0.5031653149606299
0
LINE
8
BLACK
6
CONTINUOUS
10
0.9661007086614173
20
0.5031653149606299
11
0.96933468503937
21
0.5063992913385826
0
LINE
8
BLACK
6
CONTINUOUS
10
0.96933468503937
20
0.5063992913385826
11
0.9732955118110236
21
0.5086860629921259
0
LINE
8
BLACK
6
CONTINUOUS
10
0.9732955118110236
20
0.5086860629921259
11
0.9777132283464567
21
0.5098698031496063
0
LINE
8
BLACK
6
CONTINUOUS
10
0.9777132283464567
20
0.5098698031496063
11
0.9822867716535433
21
0.5098698031496063
0
LINE
8
BLACK
6
CONTINUOUS
10
0.9822867716535433
20
0.5098698031496063
11
0.9867044881889764
21
0.5086860629921259
0
LINE
8
BLACK
6
CONTINUOUS
10
0.1017044881889764
20
1.1361860629921259
11
0.1056653149606299
21
1.1338992913385826
0
LINE
8
BLACK
6
CONTINUOUS
10
0.1056653149606299
20
1.1338992913385826
11
0.1088992913385827
21
1.1306653149606298
0
LINE
8
BLACK
6
CONTINUOUS
10
0.1088992913385827
20
1.1306653149606298
11
0.111186062992126
21
1.1267044881889763
0
LINE
8
BLACK
6
CONTINUOUS
10
0.111186062992126
20
1.1267044881889763
11
0.1123698031496063
21
1.1222867716535432
0
LINE
8
BLACK
6
CONTINUOUS
10
0.1123698031496063
20
1.1222867716535432
11
0.1123698031496063
21
1.1177132283464566
0
LINE
8
BLACK
6
CONTINUOUS
10
0.1123698031496063
20
1.1177132283464566
11
0.111186062992126
21
1.1132955118110235
0
LINE
8
BLACK
6
CONTINUOUS
10
0.111186062992126
20
1.1132955118110235
11
0.1088992913385827
21
1.1093346850393702
0
LINE
8
BLACK
6
CONTINUOUS
10
0.1088992913385827
20
1.1093346850393702
11
0.1056653149606299
21
1.1061007086614172
0
LINE
8
BLACK
6
CONTINUOUS
10
0.1056653149606299
20
1.1061007086614172
11
0.1017044881889764
21
1.1038139370078739
0
LINE
8
BLACK
6
CONTINUOUS
10
0.1017044881889764
20
1.1038139370078739
11
0.0972867716535433
21
1.1026301968503938
0
LINE
8
BLACK
6
CONTINUOUS
10
0.0972867716535433
20
1.1026301968503938
11
0.0927132283464567
21
1.1026301968503938
0
LINE
8
BLACK
6
CONTINUOUS
10
0.0927132283464567
20
1.1026301968503938
11
0.0895999212598425
21
1.1034643700787401
0
LINE
8
BLACK
6
CONTINUOUS
10
0.0895999212598425
20
1.1034643700787401
11
0.0622062598425197
21
1.0760707086614174
0
LINE
8
BLACK
6
CONTINUOUS
10
0.0622062598425197
20
1.0760707086614174
11
0.0622062598425197
21
1.0337685433070867
0
LINE
8
BLACK
6
CONTINUOUS
10
0.0622062598425197
20
1.0337685433070867
11
0.0622062598425197
21
1.0249999999999999
0
LINE
8
BLACK
6
CONTINUOUS
10
0.0622062598425197
20
1.0249999999999999
11
0.0622062598425197
21
0.9439701181102362
0
LINE
8
BLACK
6
CONTINUOUS
10
0.0622062598425197
20
0.9439701181102362
11
0.0656086614173228
21
0.9405677559055118
0
LINE
8
BLACK
6
CONTINUOUS
10
0.0656086614173228
20
0.9405677559055118
11
0.066587874015748
21
0.9393745669291338
0
LINE
8
BLACK
6
CONTINUOUS
10
0.066587874015748
20
0.9393745669291338
11
0.0677635826771654
21
0.9365361417322834
0
LINE
8
BLACK
6
CONTINUOUS
10
0.0677635826771654
20
0.9365361417322834
11
0.0679148818897638
21
0.9349999999999999
0
LINE
8
BLACK
6
CONTINUOUS
10
0.0679148818897638
20
0.9349999999999999
11
0.0679148818897638
21
0.434874094488189
0
LINE
8
BLACK
6
CONTINUOUS
10
0.0679148818897638
20
0.434874094488189
11
0.114915
21
0.3878740157480315
0
LINE
8
BLACK
6
CONTINUOUS
10
0.114915
20
0.3878740157480315
11
0.3667385039370079
21
0.3878740157480315
0
LINE
8
BLACK
6
CONTINUOUS
10
0.3667385039370079
20
0.3878740157480315
11
0.5289990944881889
21
0.5501346456692914
0
LINE
8
BLACK
6
CONTINUOUS
10
0.5289990944881889
20
0.5501346456692914
11
0.5301923228346457
21
0.5511138976377953
0
LINE
8
BLACK
6
CONTINUOUS
10
0.5301923228346457
20
0.5511138976377953
11
0.5330307480314961
21
0.5522896062992125
0
LINE
8
BLACK
6
CONTINUOUS
10
0.5330307480314961
20
0.5522896062992125
11
0.5345668897637795
21
0.552440905511811
0
LINE
8
BLACK
6
CONTINUOUS
10
0.5345668897637795
20
0.552440905511811
11
1.0215416141732283
21
0.552440905511811
0
LINE
8
BLACK
6
CONTINUOUS
10
1.0215416141732283
20
0.552440905511811
11
1.0444327952755905
21
0.5753320866141732
0
LINE
8
BLACK
6
CONTINUOUS
10
1.0444327952755905
20
0.5753320866141732
11
1.0440377559055118
21
0.5759233070866142
0
LINE
8
BLACK
6
CONTINUOUS
10
1.0440377559055118
20
0.5759233070866142
11
1.0418226377952755
21
0.5812711023622047
0
LINE
8
BLACK
6
CONTINUOUS
10
1.0418226377952755
20
0.5812711023622047
11
1.040693346456693
21
0.5869483070866142
0
LINE
8
BLACK
6
CONTINUOUS
10
1.040693346456693
20
0.5869483070866142
11
1.040693346456693
21
0.5927367322834646
0
LINE
8
BLACK
6
CONTINUOUS
10
1.040693346456693
20
0.5927367322834646
11
1.0418226377952755
21
0.598413937007874
0
LINE
8
BLACK
6
CONTINUOUS
10
1.0418226377952755
20
0.598413937007874
11
1.0440377559055118
21
0.6037617322834645
0
LINE
8
BLACK
6
CONTINUOUS
10
1.0440377559055118
20
0.6037617322834645
11
1.0472536220472441
21
0.6085746062992126
0
LINE
8
BLACK
6
CONTINUOUS
10
1.0472536220472441
20
0.6085746062992126
11
1.0513466535433071
21
0.6126676377952756
0
LINE
8
BLACK
6
CONTINUOUS
10
1.0513466535433071
20
0.6126676377952756
11
1.0561595275590552
21
0.6158835039370079
0
LINE
8
BLACK
6
CONTINUOUS
10
1.0561595275590552
20
0.6158835039370079
11
1.0615073228346457
21
0.6180986220472441
0
LINE
8
BLACK
6
CONTINUOUS
10
1.0615073228346457
20
0.6180986220472441
11
1.067184527559055
21
0.6192279133858267
0
LINE
8
BLACK
6
CONTINUOUS
10
1.067184527559055
20
0.6192279133858267
11
1.0729729527559055
21
0.6192279133858267
0
LINE
8
BLACK
6
CONTINUOUS
10
1.0729729527559055
20
0.6192279133858267
11
1.0786501574803149
21
0.6180986220472441
0
LINE
8
BLACK
6
CONTINUOUS
10
1.0786501574803149
20
0.6180986220472441
11
1.0839979527559054
21
0.6158835039370079
0
LINE
8
BLACK
6
CONTINUOUS
10
1.0839979527559054
20
0.6158835039370079
11
1.0888108267716534
21
0.6126676377952756
0
LINE
8
BLACK
6
CONTINUOUS
10
1.0888108267716534
20
0.6126676377952756
11
1.0929038582677164
21
0.6085746062992126
0
LINE
8
BLACK
6
CONTINUOUS
10
1.0929038582677164
20
0.6085746062992126
11
1.0961197244094487
21
0.6037617322834645
0
LINE
8
BLACK
6
CONTINUOUS
10
1.0961197244094487
20
0.6037617322834645
11
1.0983348425196851
21
0.598413937007874
0
LINE
8
BLACK
6
CONTINUOUS
10
1.0983348425196851
20
0.598413937007874
11
1.0994641338582678
21
0.5927367322834646
0
LINE
8
BLACK
6
CONTINUOUS
10
1.0994641338582678
20
0.5927367322834646
11
1.0994641338582678
21
0.5869483070866142
0
LINE
8
BLACK
6
CONTINUOUS
10
1.0994641338582678
20
0.5869483070866142
11
1.0983348425196851
21
0.5812711023622047
0
LINE
8
BLACK
6
CONTINUOUS
10
1.0983348425196851
20
0.5812711023622047
11
1.0961197244094487
21
0.5759233070866142
0
LINE
8
BLACK
6
CONTINUOUS
10
1.0961197244094487
20
0.5759233070866142
11
1.0929038582677164
21
0.5711104330708662
0
LINE
8
BLACK
6
CONTINUOUS
10
1.0929038582677164
20
0.5711104330708662
11
1.0888108267716534
21
0.5670174015748032
0
LINE
8
BLACK
6
CONTINUOUS
10
1.0888108267716534
20
0.5670174015748032
11
1.0839979527559054
21
0.5638015354330709
0
LINE
8
BLACK
6
CONTINUOUS
10
1.0839979527559054
20
0.5638015354330709
11
1.0786501574803149
21
0.5615864173228347
0
LINE
8
BLACK
6
CONTINUOUS
10
1.0786501574803149
20
0.5615864173228347
11
1.0729729527559055
21
0.5604571259842519
0
LINE
8
BLACK
6
CONTINUOUS
10
1.0729729527559055
20
0.5604571259842519
11
1.067184527559055
21
0.5604571259842519
0
LINE
8
BLACK
6
CONTINUOUS
10
1.067184527559055
20
0.5604571259842519
11
1.0615073228346457
21
0.5615864173228347
0
LINE
8
BLACK
6
CONTINUOUS
10
1.0615073228346457
20
0.5615864173228347
11
1.0561595275590552
21
0.5638015354330709
0
LINE
8
BLACK
6
CONTINUOUS
10
1.0561595275590552
20
0.5638015354330709
11
1.0555683070866142
21
0.5641965748031496
0
LINE
8
BLACK
6
CONTINUOUS
10
1.0555683070866142
20
0.5641965748031496
11
1.0303708661417323
21
0.5389991338582677
0
LINE
8
BLACK
6
CONTINUOUS
10
1.0303708661417323
20
0.5389991338582677
11
1.0291776771653542
21
0.5380198818897638
0
LINE
8
BLACK
6
CONTINUOUS
10
1.0291776771653542
20
0.5380198818897638
11
1.026339251968504
21
0.5368441732283464
0
LINE
8
BLACK
6
CONTINUOUS
10
1.026339251968504
20
0.5368441732283464
11
1.0248031102362205
21
0.5366928740157481
0
LINE
8
BLACK
6
CONTINUOUS
10
1.0248031102362205
20
0.5366928740157481
11
0.5378284251968504
21
0.5366928740157481
0
LINE
8
BLACK
6
CONTINUOUS
10
0.5378284251968504
20
0.5366928740157481
11
0.3755677559055118
21
0.3744322440944882
0
LINE
8
BLACK
6
CONTINUOUS
10
0.3755677559055118
20
0.3744322440944882
11
0.3743745669291338
21
0.3734529921259843
0
LINE
8
BLACK
6
CONTINUOUS
10
0.3743745669291338
20
0.3734529921259843
11
0.3715361417322834
21
0.3722772834645669
0
LINE
8
BLACK
6
CONTINUOUS
10
0.3715361417322834
20
0.3722772834645669
11
0.37
21
0.3721259842519685
0
LINE
8
BLACK
6
CONTINUOUS
10
0.37
20
0.3721259842519685
11
0.1116534645669291
21
0.3721259842519685
0
LINE
8
BLACK
6
CONTINUOUS
10
0.1116534645669291
20
0.3721259842519685
11
0.1101173228346457
21
0.3722772834645669
0
LINE
8
BLACK
6
CONTINUOUS
10
0.1101173228346457
20
0.3722772834645669
11
0.1072788976377953
21
0.3734529921259843
0
LINE
8
BLACK
6
CONTINUOUS
10
0.1072788976377953
20
0.3734529921259843
11
0.1060856692913386
21
0.3744322440944882
0
LINE
8
BLACK
6
CONTINUOUS
10
0.1060856692913386
20
0.3744322440944882
11
0.0544731102362205
21
0.4260448425196851
0
LINE
8
BLACK
6
CONTINUOUS
10
0.0544731102362205
20
0.4260448425196851
11
0.0534938582677165
21
0.427238031496063
0
LINE
8
BLACK
6
CONTINUOUS
10
0.0534938582677165
20
0.427238031496063
11
0.0523181496062992
21
0.4300764566929134
0
LINE
8
BLACK
6
CONTINUOUS
10
0.0523181496062992
20
0.4300764566929134
11
0.0521668503937008
21
0.4316125984251968
0
LINE
8
BLACK
6
CONTINUOUS
10
0.0521668503937008
20
0.4316125984251968
11
0.0521668503937008
21
0.9317384645669291
0
LINE
8
BLACK
6
CONTINUOUS
10
0.0521668503937008
20
0.9317384645669291
11
0.0487644881889764
21
0.9351408661417323
0
LINE
8
BLACK
6
CONTINUOUS
10
0.0487644881889764
20
0.9351408661417323
11
0.0477852362204724
21
0.9363340551181102
0
LINE
8
BLACK
6
CONTINUOUS
10
0.0477852362204724
20
0.9363340551181102
11
0.0466095275590551
21
0.9391724803149606
0
LINE
8
BLACK
6
CONTINUOUS
10
0.0466095275590551
20
0.9391724803149606
11
0.0464582283464567
21
0.940708622047244
0
LINE
8
BLACK
6
CONTINUOUS
10
0.0464582283464567
20
0.940708622047244
11
0.0464582283464567
21
1.0249999999999999
0
LINE
8
BLACK
6
CONTINUOUS
10
0.0464582283464567
20
1.0249999999999999
11
0.0464582283464567
21
1.0337685433070867
0
LINE
8
BLACK
6
CONTINUOUS
10
0.0464582283464567
20
1.0337685433070867
11
0.0464582283464567
21
1.0793322440944881
0
LINE
8
BLACK
6
CONTINUOUS
10
0.0464582283464567
20
1.0793322440944881
11
0.0466095275590551
21
1.0808683858267716
0
LINE
8
BLACK
6
CONTINUOUS
10
0.0466095275590551
20
1.0808683858267716
11
0.0477852362204724
21
1.0837068110236221
0
LINE
8
BLACK
6
CONTINUOUS
10
0.0477852362204724
20
1.0837068110236221
11
0.0487644881889764
21
1.0849
0
LINE
8
BLACK
6
CONTINUOUS
10
0.0487644881889764
20
1.0849
11
0.0784643700787402
21
1.1145999212598425
0
LINE
8
BLACK
6
CONTINUOUS
10
0.0784643700787402
20
1.1145999212598425
11
0.0776301968503937
21
1.1177132283464566
0
LINE
8
BLACK
6
CONTINUOUS
10
0.0776301968503937
20
1.1177132283464566
11
0.0776301968503937
21
1.1222867716535432
0
LINE
8
BLACK
6
CONTINUOUS
10
0.0776301968503937
20
1.1222867716535432
11
0.078813937007874
21
1.1267044881889763
0
LINE
8
BLACK
6
CONTINUOUS
10
0.078813937007874
20
1.1267044881889763
11
0.0811007086614173
21
1.1306653149606298
0
LINE
8
BLACK
6
CONTINUOUS
10
0.0811007086614173
20
1.1306653149606298
11
0.0843346850393701
21
1.1338992913385826
0
LINE
8
BLACK
6
CONTINUOUS
10
0.0843346850393701
20
1.1338992913385826
11
0.0882955118110236
21
1.1361860629921259
0
LINE
8
BLACK
6
CONTINUOUS
10
0.0882955118110236
20
1.1361860629921259
11
0.0927132283464567
21
1.1373698031496062
0
LINE
8
BLACK
6
CONTINUOUS
10
0.0927132283464567
20
1.1373698031496062
11
0.0972867716535433
21
1.1373698031496062
0
LINE
8
BLACK
6
CONTINUOUS
10
0.0972867716535433
20
1.1373698031496062
11
0.1017044881889764
21
1.1361860629921259
0
LINE
8
BLACK
6
CONTINUOUS
10
0.0943044881889764
20
1.033986062992126
11
0.0982653149606299
21
1.0316992913385827
0
LINE
8
BLACK
6
CONTINUOUS
10
0.0982653149606299
20
1.0316992913385827
11
0.1014992913385827
21
1.02846531496063
0
LINE
8
BLACK
6
CONTINUOUS
10
0.1014992913385827
20
1.02846531496063
11
0.103786062992126
21
1.0245044881889764
0
LINE
8
BLACK
6
CONTINUOUS
10
0.103786062992126
20
1.0245044881889764
11
0.1049698031496063
21
1.0200867716535433
0
LINE
8
BLACK
6
CONTINUOUS
10
0.1049698031496063
20
1.0200867716535433
11
0.1049698031496063
21
1.0155132283464567
0
LINE
8
BLACK
6
CONTINUOUS
10
0.1049698031496063
20
1.0155132283464567
11
0.103786062992126
21
1.0110955118110236
0
LINE
8
BLACK
6
CONTINUOUS
10
0.103786062992126
20
1.0110955118110236
11
0.1014992913385827
21
1.0071346850393701
0
LINE
8
BLACK
6
CONTINUOUS
10
0.1014992913385827
20
1.0071346850393701
11
0.0982653149606299
21
1.0039007086614173
0
LINE
8
BLACK
6
CONTINUOUS
10
0.0982653149606299
20
1.0039007086614173
11
0.0954740157480315
21
1.0022891338582678
0
LINE
8
BLACK
6
CONTINUOUS
10
0.0954740157480315
20
1.0022891338582678
11
0.0954740157480315
21
1.0010966929133858
0
LINE
8
BLACK
6
CONTINUOUS
10
0.0954740157480315
20
1.0010966929133858
11
0.0954740157480315
21
0.5499134645669291
0
LINE
8
BLACK
6
CONTINUOUS
10
0.0954740157480315
20
0.5499134645669291
11
0.1025135039370079
21
0.5428740157480315
0
LINE
8
BLACK
6
CONTINUOUS
10
0.1025135039370079
20
0.5428740157480315
11
0.115
21
0.5428740157480315
0
LINE
8
BLACK
6
CONTINUOUS
10
0.115
20
0.5428740157480315
11
0.115
21
0.5649999999999999
0
LINE
8
BLACK
6
CONTINUOUS
10
0.115
20
0.5649999999999999
11
0.175
21
0.5649999999999999
0
LINE
8
BLACK
6
CONTINUOUS
10
0.175
20
0.5649999999999999
11
0.175
21
0.505
0
LINE
8
BLACK
6
CONTINUOUS
10
0.175
20
0.505
11
0.115
21
0.505
0
LINE
8
BLACK
6
CONTINUOUS
10
0.115
20
0.505
11
0.115
21
0.5271259842519684
0
LINE
8
BLACK
6
CONTINUOUS
10
0.115
20
0.5271259842519684
11
0.099251968503937
21
0.5271259842519684
0
LINE
8
BLACK
6
CONTINUOUS
10
0.099251968503937
20
0.5271259842519684
11
0.0977158267716535
21
0.5272772834645669
0
LINE
8
BLACK
6
CONTINUOUS
10
0.0977158267716535
20
0.5272772834645669
11
0.0948774015748031
21
0.5284529921259843
0
LINE
8
BLACK
6
CONTINUOUS
10
0.0948774015748031
20
0.5284529921259843
11
0.0936842125984252
21
0.5294322047244094
0
LINE
8
BLACK
6
CONTINUOUS
10
0.0936842125984252
20
0.5294322047244094
11
0.0820322440944882
21
0.5410842125984252
0
LINE
8
BLACK
6
CONTINUOUS
10
0.0820322440944882
20
0.5410842125984252
11
0.0810529921259843
21
0.5422774015748031
0
LINE
8
BLACK
6
CONTINUOUS
10
0.0810529921259843
20
0.5422774015748031
11
0.0798772834645669
21
0.5451158267716535
0
LINE
8
BLACK
6
CONTINUOUS
10
0.0798772834645669
20
0.5451158267716535
11
0.0797259842519685
21
0.546651968503937
0
LINE
8
BLACK
6
CONTINUOUS
10
0.0797259842519685
20
0.546651968503937
11
0.0797259842519685
21
1.0010966929133858
0
LINE
8
BLACK
6
CONTINUOUS
10
0.0797259842519685
20
1.0010966929133858
11
0.0797259842519685
21
1.0022891338582678
0
LINE
8
BLACK
6
CONTINUOUS
10
0.0797259842519685
20
1.0022891338582678
11
0.0769346850393701
21
1.0039007086614173
0
LINE
8
BLACK
6
CONTINUOUS
10
0.0769346850393701
20
1.0039007086614173
11
0.0737007086614173
21
1.0071346850393701
0
LINE
8
BLACK
6
CONTINUOUS
10
0.0737007086614173
20
1.0071346850393701
11
0.071413937007874
21
1.0110955118110236
0
LINE
8
BLACK
6
CONTINUOUS
10
0.071413937007874
20
1.0110955118110236
11
0.0702301968503937
21
1.0155132283464567
0
LINE
8
BLACK
6
CONTINUOUS
10
0.0702301968503937
20
1.0155132283464567
11
0.0702301968503937
21
1.0200867716535433
0
LINE
8
BLACK
6
CONTINUOUS
10
0.0702301968503937
20
1.0200867716535433
11
0.071413937007874
21
1.0245044881889764
0
LINE
8
BLACK
6
CONTINUOUS
10
0.071413937007874
20
1.0245044881889764
11
0.0737007086614173
21
1.02846531496063
0
LINE
8
BLACK
6
CONTINUOUS
10
0.0737007086614173
20
1.02846531496063
11
0.0769346850393701
21
1.0316992913385827
0
LINE
8
BLACK
6
CONTINUOUS
10
0.0769346850393701
20
1.0316992913385827
11
0.0808955118110236
21
1.033986062992126
0
LINE
8
BLACK
6
CONTINUOUS
10
0.0808955118110236
20
1.033986062992126
11
0.0853132283464567
21
1.0351698031496064
0
LINE
8
BLACK
6
CONTINUOUS
10
0.0853132283464567
20
1.0351698031496064
11
0.0898867716535433
21
1.0351698031496064
0
LINE
8
BLACK
6
CONTINUOUS
10
0.0898867716535433
20
1.0351698031496064
11
0.0943044881889764
21
1.033986062992126
0
LINE
8
BLACK
6
CONTINUOUS
10
0.5384926771653543
20
0.6180986220472441
11
0.5438404724409449
21
0.6158835039370079
0
LINE
8
BLACK
6
CONTINUOUS
10
0.5438404724409449
20
0.6158835039370079
11
0.5486533464566929
21
0.6126676377952756
0
LINE
8
BLACK
6
CONTINUOUS
10
0.5486533464566929
20
0.6126676377952756
11
0.5527463779527559
21
0.6085746062992126
0
LINE
8
BLACK
6
CONTINUOUS
10
0.5527463779527559
20
0.6085746062992126
11
0.5559622440944881
21
0.6037617322834645
0
LINE
8
BLACK
6
CONTINUOUS
10
0.5559622440944881
20
0.6037617322834645
11
0.5581773622047244
21
0.598413937007874
0
LINE
8
BLACK
6
CONTINUOUS
10
0.5581773622047244
20
0.598413937007874
11
0.5593066535433071
21
0.5927367322834646
0
LINE
8
BLACK
6
CONTINUOUS
10
0.5593066535433071
20
0.5927367322834646
11
0.5593066535433071
21
0.5869483070866142
0
LINE
8
BLACK
6
CONTINUOUS
10
0.5593066535433071
20
0.5869483070866142
11
0.5581773622047244
21
0.5812711023622047
0
LINE
8
BLACK
6
CONTINUOUS
10
0.5581773622047244
20
0.5812711023622047
11
0.5559622440944881
21
0.5759233070866142
0
LINE
8
BLACK
6
CONTINUOUS
10
0.5559622440944881
20
0.5759233070866142
11
0.5527463779527559
21
0.5711104330708662
0
LINE
8
BLACK
6
CONTINUOUS
10
0.5527463779527559
20
0.5711104330708662
11
0.5486533464566929
21
0.5670174015748032
0
LINE
8
BLACK
6
CONTINUOUS
10
0.5486533464566929
20
0.5670174015748032
11
0.5438404724409449
21
0.5638015354330709
0
LINE
8
BLACK
6
CONTINUOUS
10
0.5438404724409449
20
0.5638015354330709
11
0.5384926771653543
21
0.5615864173228347
0
LINE
8
BLACK
6
CONTINUOUS
10
0.5384926771653543
20
0.5615864173228347
11
0.5328154724409448
21
0.5604571259842519
0
LINE
8
BLACK
6
CONTINUOUS
10
0.5328154724409448
20
0.5604571259842519
11
0.5270270472440944
21
0.5604571259842519
0
LINE
8
BLACK
6
CONTINUOUS
10
0.5270270472440944
20
0.5604571259842519
11
0.5213498425196851
21
0.5615864173228347
0
LINE
8
BLACK
6
CONTINUOUS
10
0.5213498425196851
20
0.5615864173228347
11
0.5160020472440945
21
0.5638015354330709
0
LINE
8
BLACK
6
CONTINUOUS
10
0.5160020472440945
20
0.5638015354330709
11
0.5111891732283464
21
0.5670174015748032
0
LINE
8
BLACK
6
CONTINUOUS
10
0.5111891732283464
20
0.5670174015748032
11
0.5070961417322835
21
0.5711104330708662
0
LINE
8
BLACK
6
CONTINUOUS
10
0.5070961417322835
20
0.5711104330708662
11
0.5038802755905512
21
0.5759233070866142
0
LINE
8
BLACK
6
CONTINUOUS
10
0.5038802755905512
20
0.5759233070866142
11
0.5016651574803149
21
0.5812711023622047
0
LINE
8
BLACK
6
CONTINUOUS
10
0.5016651574803149
20
0.5812711023622047
11
0.5005358661417323
21
0.5869483070866142
0
LINE
8
BLACK
6
CONTINUOUS
10
0.5005358661417323
20
0.5869483070866142
11
0.5005358661417323
21
0.5927367322834646
0
LINE
8
BLACK
6
CONTINUOUS
10
0.5005358661417323
20
0.5927367322834646
11
0.5016651574803149
21
0.598413937007874
0
LINE
8
BLACK
6
CONTINUOUS
10
0.5016651574803149
20
0.598413937007874
11
0.5038802755905512
21
0.6037617322834645
0
LINE
8
BLACK
6
CONTINUOUS
10
0.5038802755905512
20
0.6037617322834645
11
0.5070961417322835
21
0.6085746062992126
0
LINE
8
BLACK
6
CONTINUOUS
10
0.5070961417322835
20
0.6085746062992126
11
0.5111891732283464
21
0.6126676377952756
0
LINE
8
BLACK
6
CONTINUOUS
10
0.5111891732283464
20
0.6126676377952756
11
0.5160020472440945
21
0.6158835039370079
0
LINE
8
BLACK
6
CONTINUOUS
10
0.5160020472440945
20
0.6158835039370079
11
0.5213498425196851
21
0.6180986220472441
0
LINE
8
BLACK
6
CONTINUOUS
10
0.5213498425196851
20
0.6180986220472441
11
0.5270270472440944
21
0.6192279133858267
0
LINE
8
BLACK
6
CONTINUOUS
10
0.5270270472440944
20
0.6192279133858267
11
0.5328154724409448
21
0.6192279133858267
0
LINE
8
BLACK
6
CONTINUOUS
10
0.5328154724409448
20
0.6192279133858267
11
0.5384926771653543
21
0.6180986220472441
0
LINE
8
BLACK
6
CONTINUOUS
10
0.6286501574803149
20
0.6180986220472441
11
0.6339979527559055
21
0.6158835039370079
0
LINE
8
BLACK
6
CONTINUOUS
10
0.6339979527559055
20
0.6158835039370079
11
0.6388108267716536
21
0.6126676377952756
0
LINE
8
BLACK
6
CONTINUOUS
10
0.6388108267716536
20
0.6126676377952756
11
0.6429038582677166
21
0.6085746062992126
0
LINE
8
BLACK
6
CONTINUOUS
10
0.6429038582677166
20
0.6085746062992126
11
0.6461197244094488
21
0.6037617322834645
0
LINE
8
BLACK
6
CONTINUOUS
10
0.6461197244094488
20
0.6037617322834645
11
0.648334842519685
21
0.598413937007874
0
LINE
8
BLACK
6
CONTINUOUS
10
0.648334842519685
20
0.598413937007874
11
0.6494641338582677
21
0.5927367322834646
0
LINE
8
BLACK
6
CONTINUOUS
10
0.6494641338582677
20
0.5927367322834646
11
0.6494641338582677
21
0.5869483070866142
0
LINE
8
BLACK
6
CONTINUOUS
10
0.6494641338582677
20
0.5869483070866142
11
0.648334842519685
21
0.5812711023622047
0
LINE
8
BLACK
6
CONTINUOUS
10
0.648334842519685
20
0.5812711023622047
11
0.6461197244094488
21
0.5759233070866142
0
LINE
8
BLACK
6
CONTINUOUS
10
0.6461197244094488
20
0.5759233070866142
11
0.6429038582677166
21
0.5711104330708662
0
LINE
8
BLACK
6
CONTINUOUS
10
0.6429038582677166
20
0.5711104330708662
11
0.6388108267716536
21
0.5670174015748032
0
LINE
8
BLACK
6
CONTINUOUS
10
0.6388108267716536
20
0.5670174015748032
11
0.6339979527559055
21
0.5638015354330709
0
LINE
8
BLACK
6
CONTINUOUS
10
0.6339979527559055
20
0.5638015354330709
11
0.6286501574803149
21
0.5615864173228347
0
LINE
8
BLACK
6
CONTINUOUS
10
0.6286501574803149
20
0.5615864173228347
11
0.6229729527559055
21
0.5604571259842519
0
LINE
8
BLACK
6
CONTINUOUS
10
0.6229729527559055
20
0.5604571259842519
11
0.6171845275590551
21
0.5604571259842519
0
LINE
8
BLACK
6
CONTINUOUS
10
0.6171845275590551
20
0.5604571259842519
11
0.6115073228346457
21
0.5615864173228347
0
LINE
8
BLACK
6
CONTINUOUS
10
0.6115073228346457
20
0.5615864173228347
11
0.6061595275590551
21
0.5638015354330709
0
LINE
8
BLACK
6
CONTINUOUS
10
0.6061595275590551
20
0.5638015354330709
11
0.6013466535433071
21
0.5670174015748032
0
LINE
8
BLACK
6
CONTINUOUS
10
0.6013466535433071
20
0.5670174015748032
11
0.5972536220472441
21
0.5711104330708662
0
LINE
8
BLACK
6
CONTINUOUS
10
0.5972536220472441
20
0.5711104330708662
11
0.5940377559055118
21
0.5759233070866142
0
LINE
8
BLACK
6
CONTINUOUS
10
0.5940377559055118
20
0.5759233070866142
11
0.5918226377952756
21
0.5812711023622047
0
LINE
8
BLACK
6
CONTINUOUS
10
0.5918226377952756
20
0.5812711023622047
11
0.5906933464566929
21
0.5869483070866142
0
LINE
8
BLACK
6
CONTINUOUS
10
0.5906933464566929
20
0.5869483070866142
11
0.5906933464566929
21
0.5927367322834646
0
LINE
8
BLACK
6
CONTINUOUS
10
0.5906933464566929
20
0.5927367322834646
11
0.5918226377952756
21
0.598413937007874
0
LINE
8
BLACK
6
CONTINUOUS
10
0.5918226377952756
20
0.598413937007874
11
0.5940377559055118
21
0.6037617322834645
0
LINE
8
BLACK
6
CONTINUOUS
10
0.5940377559055118
20
0.6037617322834645
11
0.5972536220472441
21
0.6085746062992126
0
LINE
8
BLACK
6
CONTINUOUS
10
0.5972536220472441
20
0.6085746062992126
11
0.6013466535433071
21
0.6126676377952756
0
LINE
8
BLACK
6
CONTINUOUS
10
0.6013466535433071
20
0.6126676377952756
11
0.6061595275590551
21
0.6158835039370079
0
LINE
8
BLACK
6
CONTINUOUS
10
0.6061595275590551
20
0.6158835039370079
11
0.6115073228346457
21
0.6180986220472441
0
LINE
8
BLACK
6
CONTINUOUS
10
0.6115073228346457
20
0.6180986220472441
11
0.6171845275590551
21
0.6192279133858267
0
LINE
8
BLACK
6
CONTINUOUS
10
0.6171845275590551
20
0.6192279133858267
11
0.6229729527559055
21
0.6192279133858267
0
LINE
8
BLACK
6
CONTINUOUS
10
0.6229729527559055
20
0.6192279133858267
11
0.6286501574803149
21
0.6180986220472441
0
LINE
8
BLACK
6
CONTINUOUS
10
0.9884926771653543
20
0.6180986220472441
11
0.9938404724409449
21
0.6158835039370079
0
LINE
8
BLACK
6
CONTINUOUS
10
0.9938404724409449
20
0.6158835039370079
11
0.9986533464566929
21
0.6126676377952756
0
LINE
8
BLACK
6
CONTINUOUS
10
0.9986533464566929
20
0.6126676377952756
11
1.0027463779527559
21
0.6085746062992126
0
LINE
8
BLACK
6
CONTINUOUS
10
1.0027463779527559
20
0.6085746062992126
11
1.0059622440944882
21
0.6037617322834645
0
LINE
8
BLACK
6
CONTINUOUS
10
1.0059622440944882
20
0.6037617322834645
11
1.0081773622047243
21
0.598413937007874
0
LINE
8
BLACK
6
CONTINUOUS
10
1.0081773622047243
20
0.598413937007874
11
1.0093066535433071
21
0.5927367322834646
0
LINE
8
BLACK
6
CONTINUOUS
10
1.0093066535433071
20
0.5927367322834646
11
1.0093066535433071
21
0.5869483070866142
0
LINE
8
BLACK
6
CONTINUOUS
10
1.0093066535433071
20
0.5869483070866142
11
1.0081773622047243
21
0.5812711023622047
0
LINE
8
BLACK
6
CONTINUOUS
10
1.0081773622047243
20
0.5812711023622047
11
1.0059622440944882
21
0.5759233070866142
0
LINE
8
BLACK
6
CONTINUOUS
10
1.0059622440944882
20
0.5759233070866142
11
1.0027463779527559
21
0.5711104330708662
0
LINE
8
BLACK
6
CONTINUOUS
10
1.0027463779527559
20
0.5711104330708662
11
0.9986533464566929
21
0.5670174015748032
0
LINE
8
BLACK
6
CONTINUOUS
10
0.9986533464566929
20
0.5670174015748032
11
0.9938404724409449
21
0.5638015354330709
0
LINE
8
BLACK
6
CONTINUOUS
10
0.9938404724409449
20
0.5638015354330709
11
0.9884926771653543
21
0.5615864173228347
0
LINE
8
BLACK
6
CONTINUOUS
10
0.9884926771653543
20
0.5615864173228347
11
0.9828154724409449
21
0.5604571259842519
0
LINE
8
BLACK
6
CONTINUOUS
10
0.9828154724409449
20
0.5604571259842519
11
0.9770270472440945
21
0.5604571259842519
0
LINE
8
BLACK
6
CONTINUOUS
10
0.9770270472440945
20
0.5604571259842519
11
0.971349842519685
21
0.5615864173228347
0
LINE
8
BLACK
6
CONTINUOUS
10
0.971349842519685
20
0.5615864173228347
11
0.9660020472440944
21
0.5638015354330709
0
LINE
8
BLACK
6
CONTINUOUS
10
0.9660020472440944
20
0.5638015354330709
11
0.9611891732283464
21
0.5670174015748032
0
LINE
8
BLACK
6
CONTINUOUS
10
0.9611891732283464
20
0.5670174015748032
11
0.9570961417322834
21
0.5711104330708662
0
LINE
8
BLACK
6
CONTINUOUS
10
0.9570961417322834
20
0.5711104330708662
11
0.9538802755905511
21
0.5759233070866142
0
LINE
8
BLACK
6
CONTINUOUS
10
0.9538802755905511
20
0.5759233070866142
11
0.951665157480315
21
0.5812711023622047
0
LINE
8
BLACK
6
CONTINUOUS
10
0.951665157480315
20
0.5812711023622047
11
0.9505358661417322
21
0.5869483070866142
0
LINE
8
BLACK
6
CONTINUOUS
10
0.9505358661417322
20
0.5869483070866142
11
0.9505358661417322
21
0.5927367322834646
0
LINE
8
BLACK
6
CONTINUOUS
10
0.9505358661417322
20
0.5927367322834646
11
0.951665157480315
21
0.598413937007874
0
LINE
8
BLACK
6
CONTINUOUS
10
0.951665157480315
20
0.598413937007874
11
0.9538802755905511
21
0.6037617322834645
0
LINE
8
BLACK
6
CONTINUOUS
10
0.9538802755905511
20
0.6037617322834645
11
0.9570961417322834
21
0.6085746062992126
0
LINE
8
BLACK
6
CONTINUOUS
10
0.9570961417322834
20
0.6085746062992126
11
0.9611891732283464
21
0.6126676377952756
0
LINE
8
BLACK
6
CONTINUOUS
10
0.9611891732283464
20
0.6126676377952756
11
0.9660020472440944
21
0.6158835039370079
0
LINE
8
BLACK
6
CONTINUOUS
10
0.9660020472440944
20
0.6158835039370079
11
0.971349842519685
21
0.6180986220472441
0
LINE
8
BLACK
6
CONTINUOUS
10
0.971349842519685
20
0.6180986220472441
11
0.9770270472440945
21
0.6192279133858267
0
LINE
8
BLACK
6
CONTINUOUS
10
0.9770270472440945
20
0.6192279133858267
11
0.9828154724409449
21
0.6192279133858267
0
LINE
8
BLACK
6
CONTINUOUS
10
0.9828154724409449
20
0.6192279133858267
11
0.9884926771653543
21
0.6180986220472441
0
LINE
8
BLACK
6
CONTINUOUS
10
0.175
20
0.605
11
0.115
21
0.605
0
LINE
8
BLACK
6
CONTINUOUS
10
0.115
20
0.605
11
0.115
21
0.665
0
LINE
8
BLACK
6
CONTINUOUS
10
0.115
20
0.665
11
0.175
21
0.665
0
LINE
8
BLACK
6
CONTINUOUS
10
0.175
20
0.665
11
0.175
21
0.605
0
LINE
8
BLACK
6
CONTINUOUS
10
0.175
20
0.705
11
0.115
21
0.705
0
LINE
8
BLACK
6
CONTINUOUS
10
0.115
20
0.705
11
0.115
21
0.765
0
LINE
8
BLACK
6
CONTINUOUS
10
0.115
20
0.765
11
0.175
21
0.765
0
LINE
8
BLACK
6
CONTINUOUS
10
0.175
20
0.765
11
0.175
21
0.705
0
LINE
8
BLACK
6
CONTINUOUS
10
0.278
20
1.5620000000000001
11
0.2299194488188976
21
1.5620000000000001
0
LINE
8
BLACK
6
CONTINUOUS
10
0.2299194488188976
20
1.5620000000000001
11
0.2029597244094488
21
1.5350402755905512
0
LINE
8
BLACK
6
CONTINUOUS
10
0.2029597244094488
20
1.5350402755905512
11
0.2014683858267717
21
1.5338164173228346
0
LINE
8
BLACK
6
CONTINUOUS
10
0.2014683858267717
20
1.5338164173228346
11
0.2014682283464567
21
1.5338162598425196
0
LINE
8
BLACK
6
CONTINUOUS
10
0.2014682283464567
20
1.5338162598425196
11
0.1979201968503937
21
1.5323466141732283
0
LINE
8
BLACK
6
CONTINUOUS
10
0.1979201968503937
20
1.5323466141732283
11
0.196
21
1.5321574803149607
0
LINE
8
BLACK
6
CONTINUOUS
10
0.196
20
1.5321574803149607
11
0.1056201968503937
21
1.5321574803149607
0
LINE
8
BLACK
6
CONTINUOUS
10
0.1056201968503937
20
1.5321574803149607
11
0.0958425196850394
21
1.5223797637795276
0
LINE
8
BLACK
6
CONTINUOUS
10
0.0958425196850394
20
1.5223797637795276
11
0.0958425196850394
21
1.2088535039370079
0
LINE
8
BLACK
6
CONTINUOUS
10
0.0958425196850394
20
1.2088535039370079
11
0.0969597244094488
21
1.2077362992125984
0
LINE
8
BLACK
6
CONTINUOUS
10
0.0969597244094488
20
1.2077362992125984
11
0.0981835433070866
21
1.2062449606299213
0
LINE
8
BLACK
6
CONTINUOUS
10
0.0981835433070866
20
1.2062449606299213
11
0.0981837401574803
21
1.2062448031496062
0
LINE
8
BLACK
6
CONTINUOUS
10
0.0981837401574803
20
1.2062448031496062
11
0.0996533858267716
21
1.2026967716535433
0
LINE
8
BLACK
6
CONTINUOUS
10
0.0996533858267716
20
1.2026967716535433
11
0.0998425196850394
21
1.2007765748031496
0
LINE
8
BLACK
6
CONTINUOUS
10
0.0998425196850394
20
1.2007765748031496
11
0.0998425196850394
21
1.1903742913385826
0
LINE
8
BLACK
6
CONTINUOUS
10
0.0998425196850394
20
1.1903742913385826
11
0.1006653149606299
21
1.1898992913385826
0
LINE
8
BLACK
6
CONTINUOUS
10
0.1006653149606299
20
1.1898992913385826
11
0.1038992913385827
21
1.1866653149606299
0
LINE
8
BLACK
6
CONTINUOUS
10
0.1038992913385827
20
1.1866653149606299
11
0.106186062992126
21
1.1827044881889763
0
LINE
8
BLACK
6
CONTINUOUS
10
0.106186062992126
20
1.1827044881889763
11
0.1073698031496063
21
1.1782867716535432
0
LINE
8
BLACK
6
CONTINUOUS
10
0.1073698031496063
20
1.1782867716535432
11
0.1073698031496063
21
1.1737132283464566
0
LINE
8
BLACK
6
CONTINUOUS
10
0.1073698031496063
20
1.1737132283464566
11
0.106186062992126
21
1.1692955118110235
0
LINE
8
BLACK
6
CONTINUOUS
10
0.106186062992126
20
1.1692955118110235
11
0.1038992913385827
21
1.16533468503937
0
LINE
8
BLACK
6
CONTINUOUS
10
0.1038992913385827
20
1.16533468503937
11
0.1006653149606299
21
1.1621007086614172
0
LINE
8
BLACK
6
CONTINUOUS
10
0.1006653149606299
20
1.1621007086614172
11
0.0967044881889764
21
1.1598139370078739
0
LINE
8
BLACK
6
CONTINUOUS
10
0.0967044881889764
20
1.1598139370078739
11
0.0922867716535433
21
1.1586301968503936
0
LINE
8
BLACK
6
CONTINUOUS
10
0.0922867716535433
20
1.1586301968503936
11
0.0877132283464567
21
1.1586301968503936
0
LINE
8
BLACK
6
CONTINUOUS
10
0.0877132283464567
20
1.1586301968503936
11
0.0832955118110236
21
1.1598139370078739
0
LINE
8
BLACK
6
CONTINUOUS
10
0.0832955118110236
20
1.1598139370078739
11
0.0793346850393701
21
1.1621007086614172
0
LINE
8
BLACK
6
CONTINUOUS
10
0.0793346850393701
20
1.1621007086614172
11
0.0761007086614173
21
1.16533468503937
0
LINE
8
BLACK
6
CONTINUOUS
10
0.0761007086614173
20
1.16533468503937
11
0.073813937007874
21
1.1692955118110235
0
LINE
8
BLACK
6
CONTINUOUS
10
0.073813937007874
20
1.1692955118110235
11
0.0726301968503937
21
1.1737132283464566
0
LINE
8
BLACK
6
CONTINUOUS
10
0.0726301968503937
20
1.1737132283464566
11
0.0726301968503937
21
1.1782867716535432
0
LINE
8
BLACK
6
CONTINUOUS
10
0.0726301968503937
20
1.1782867716535432
11
0.073813937007874
21
1.1827044881889763
0
LINE
8
BLACK
6
CONTINUOUS
10
0.073813937007874
20
1.1827044881889763
11
0.0761007086614173
21
1.1866653149606299
0
LINE
8
BLACK
6
CONTINUOUS
10
0.0761007086614173
20
1.1866653149606299
11
0.0793346850393701
21
1.1898992913385826
0
LINE
8
BLACK
6
CONTINUOUS
10
0.0793346850393701
20
1.1898992913385826
11
0.0801574803149606
21
1.1903742913385826
0
LINE
8
BLACK
6
CONTINUOUS
10
0.0801574803149606
20
1.1903742913385826
11
0.0801574803149606
21
1.1966996456692913
0
LINE
8
BLACK
6
CONTINUOUS
10
0.0801574803149606
20
1.1966996456692913
11
0.0790402755905512
21
1.1978168503937008
0
LINE
8
BLACK
6
CONTINUOUS
10
0.0790402755905512
20
1.1978168503937008
11
0.0778164173228346
21
1.1993081496062992
0
LINE
8
BLACK
6
CONTINUOUS
10
0.0778164173228346
20
1.1993081496062992
11
0.0778162598425197
21
1.1993083464566929
0
LINE
8
BLACK
6
CONTINUOUS
10
0.0778162598425197
20
1.1993083464566929
11
0.0763466141732283
21
1.2028563779527559
0
LINE
8
BLACK
6
CONTINUOUS
10
0.0763466141732283
20
1.2028563779527559
11
0.0761574803149606
21
1.2047765748031496
0
LINE
8
BLACK
6
CONTINUOUS
10
0.0761574803149606
20
1.2047765748031496
11
0.0761574803149606
21
1.5264566929133858
0
LINE
8
BLACK
6
CONTINUOUS
10
0.0761574803149606
20
1.5264566929133858
11
0.0763466141732283
21
1.5283768897637795
0
LINE
8
BLACK
6
CONTINUOUS
10
0.0763466141732283
20
1.5283768897637795
11
0.0778162598425197
21
1.5319249212598425
0
LINE
8
BLACK
6
CONTINUOUS
10
0.0778162598425197
20
1.5319249212598425
11
0.0778164173228346
21
1.5319250787401575
0
LINE
8
BLACK
6
CONTINUOUS
10
0.0778164173228346
20
1.5319250787401575
11
0.0790402755905512
21
1.5334164173228346
0
LINE
8
BLACK
6
CONTINUOUS
10
0.0790402755905512
20
1.5334164173228346
11
0.0945836220472441
21
1.5489597244094488
0
LINE
8
BLACK
6
CONTINUOUS
10
0.0945836220472441
20
1.5489597244094488
11
0.0960751181102362
21
1.550183779527559
0
LINE
8
BLACK
6
CONTINUOUS
10
0.0960751181102362
20
1.550183779527559
11
0.0996231496062992
21
1.5516534251968503
0
LINE
8
BLACK
6
CONTINUOUS
10
0.0996231496062992
20
1.5516534251968503
11
0.0996235039370079
21
1.5516534251968503
0
LINE
8
BLACK
6
CONTINUOUS
10
0.0996235039370079
20
1.5516534251968503
11
0.1015433070866142
21
1.5518425196850394
0
LINE
8
BLACK
6
CONTINUOUS
10
0.1015433070866142
20
1.5518425196850394
11
0.1919230708661417
21
1.5518425196850394
0
LINE
8
BLACK
6
CONTINUOUS
10
0.1919230708661417
20
1.5518425196850394
11
0.218
21
1.5779194488188977
0
LINE
8
BLACK
6
CONTINUOUS
10
0.218
20
1.5779194488188977
11
0.218
21
1.6219999999999999
0
LINE
8
BLACK
6
CONTINUOUS
10
0.218
20
1.6219999999999999
11
0.278
21
1.6219999999999999
0
LINE
8
BLACK
6
CONTINUOUS
10
0.278
20
1.6219999999999999
11
0.278
21
1.5620000000000001
0
LINE
8
BLACK
6
CONTINUOUS
10
0.1775
20
1.3625
11
0.1175
21
1.3625
0
LINE
8
BLACK
6
CONTINUOUS
10
0.1175
20
1.3625
11
0.1175
21
1.4224999999999999
0
LINE
8
BLACK
6
CONTINUOUS
10
0.1175
20
1.4224999999999999
11
0.1775
21
1.4224999999999999
0
LINE
8
BLACK
6
CONTINUOUS
10
0.1775
20
1.4224999999999999
11
0.1775
21
1.3625
0
LINE
8
BLACK
6
CONTINUOUS
10
0.2775
20
1.4624999999999999
11
0.2175
21
1.4624999999999999
0
LINE
8
BLACK
6
CONTINUOUS
10
0.2175
20
1.4624999999999999
11
0.2175
21
1.5225
0
LINE
8
BLACK
6
CONTINUOUS
10
0.2175
20
1.5225
11
0.2775
21
1.5225
0
LINE
8
BLACK
6
CONTINUOUS
10
0.2775
20
1.5225
11
0.2775
21
1.4624999999999999
0
LINE
8
BLACK
6
CONTINUOUS
10
0.178
20
1.5620000000000001
11
0.118
21
1.5620000000000001
0
LINE
8
BLACK
6
CONTINUOUS
10
0.118
20
1.5620000000000001
11
0.118
21
1.6219999999999999
0
LINE
8
BLACK
6
CONTINUOUS
10
0.118
20
1.6219999999999999
11
0.178
21
1.6219999999999999
0
LINE
8
BLACK
6
CONTINUOUS
10
0.178
20
1.6219999999999999
11
0.178
21
1.5620000000000001
0
LINE
8
BLACK
6
CONTINUOUS
10
0.667271062992126
20
0.4245673622047244
11
0.6719058267716536
21
0.4226475984251968
0
LINE
8
BLACK
6
CONTINUOUS
10
0.6719058267716536
20
0.4226475984251968
11
0.6760770078740157
21
0.4198605118110236
0
LINE
8
BLACK
6
CONTINUOUS
10
0.6760770078740157
20
0.4198605118110236
11
0.6796242913385827
21
0.4163132283464567
0
LINE
8
BLACK
6
CONTINUOUS
10
0.6796242913385827
20
0.4163132283464567
11
0.6824113779527559
21
0.4121420472440945
0
LINE
8
BLACK
6
CONTINUOUS
10
0.6824113779527559
20
0.4121420472440945
11
0.6843311417322835
21
0.4075072834645669
0
LINE
8
BLACK
6
CONTINUOUS
10
0.6843311417322835
20
0.4075072834645669
11
0.6853098425196851
21
0.4025870472440945
0
LINE
8
BLACK
6
CONTINUOUS
10
0.6853098425196851
20
0.4025870472440945
11
0.6853098425196851
21
0.3975704330708661
0
LINE
8
BLACK
6
CONTINUOUS
10
0.6853098425196851
20
0.3975704330708661
11
0.6843311417322835
21
0.3926501968503937
0
LINE
8
BLACK
6
CONTINUOUS
10
0.6843311417322835
20
0.3926501968503937
11
0.6824113779527559
21
0.3880154330708661
0
LINE
8
BLACK
6
CONTINUOUS
10
0.6824113779527559
20
0.3880154330708661
11
0.6796242913385827
21
0.3838442519685039
0
LINE
8
BLACK
6
CONTINUOUS
10
0.6796242913385827
20
0.3838442519685039
11
0.6760770078740157
21
0.380296968503937
0
LINE
8
BLACK
6
CONTINUOUS
10
0.6760770078740157
20
0.380296968503937
11
0.6719058267716536
21
0.3775098818897638
0
LINE
8
BLACK
6
CONTINUOUS
10
0.6719058267716536
20
0.3775098818897638
11
0.667271062992126
21
0.3755901181102362
0
LINE
8
BLACK
6
CONTINUOUS
10
0.667271062992126
20
0.3755901181102362
11
0.6623508267716536
21
0.3746114173228347
0
LINE
8
BLACK
6
CONTINUOUS
10
0.6623508267716536
20
0.3746114173228347
11
0.6573342125984252
21
0.3746114173228347
0
LINE
8
BLACK
6
CONTINUOUS
10
0.6573342125984252
20
0.3746114173228347
11
0.6524139763779527
21
0.3755901181102362
0
LINE
8
BLACK
6
CONTINUOUS
10
0.6524139763779527
20
0.3755901181102362
11
0.6477792125984252
21
0.3775098818897638
0
LINE
8
BLACK
6
CONTINUOUS
10
0.6477792125984252
20
0.3775098818897638
11
0.6436080314960629
21
0.380296968503937
0
LINE
8
BLACK
6
CONTINUOUS
10
0.6436080314960629
20
0.380296968503937
11
0.640060748031496
21
0.3838442519685039
0
LINE
8
BLACK
6
CONTINUOUS
10
0.640060748031496
20
0.3838442519685039
11
0.6372736614173228
21
0.3880154330708661
0
LINE
8
BLACK
6
CONTINUOUS
10
0.6372736614173228
20
0.3880154330708661
11
0.6353538976377953
21
0.3926501968503937
0
LINE
8
BLACK
6
CONTINUOUS
10
0.6353538976377953
20
0.3926501968503937
11
0.6343751968503937
21
0.3975704330708661
0
LINE
8
BLACK
6
CONTINUOUS
10
0.6343751968503937
20
0.3975704330708661
11
0.6343751968503937
21
0.4025870472440945
0
LINE
8
BLACK
6
CONTINUOUS
10
0.6343751968503937
20
0.4025870472440945
11
0.6353538976377953
21
0.4075072834645669
0
LINE
8
BLACK
6
CONTINUOUS
10
0.6353538976377953
20
0.4075072834645669
11
0.6372736614173228
21
0.4121420472440945
0
LINE
8
BLACK
6
CONTINUOUS
10
0.6372736614173228
20
0.4121420472440945
11
0.640060748031496
21
0.4163132283464567
0
LINE
8
BLACK
6
CONTINUOUS
10
0.640060748031496
20
0.4163132283464567
11
0.6436080314960629
21
0.4198605118110236
0
LINE
8
BLACK
6
CONTINUOUS
10
0.6436080314960629
20
0.4198605118110236
11
0.6477792125984252
21
0.4226475984251968
0
LINE
8
BLACK
6
CONTINUOUS
10
0.6477792125984252
20
0.4226475984251968
11
0.6524139763779527
21
0.4245673622047244
0
LINE
8
BLACK
6
CONTINUOUS
10
0.6524139763779527
20
0.4245673622047244
11
0.6573342125984252
21
0.425546062992126
0
LINE
8
BLACK
6
CONTINUOUS
10
0.6573342125984252
20
0.425546062992126
11
0.6623508267716536
21
0.425546062992126
0
LINE
8
BLACK
6
CONTINUOUS
10
0.6623508267716536
20
0.425546062992126
11
0.667271062992126
21
0.4245673622047244
0
LINE
8
BLACK
6
CONTINUOUS
10
0.7471923228346457
20
0.4245673622047244
11
0.7518270866141732
21
0.4226475984251968
0
LINE
8
BLACK
6
CONTINUOUS
10
0.7518270866141732
20
0.4226475984251968
11
0.7559982677165354
21
0.4198605118110236
0
LINE
8
BLACK
6
CONTINUOUS
10
0.7559982677165354
20
0.4198605118110236
11
0.7595455511811023
21
0.4163132283464567
0
LINE
8
BLACK
6
CONTINUOUS
10
0.7595455511811023
20
0.4163132283464567
11
0.7623326377952756
21
0.4121420472440945
0
LINE
8
BLACK
6
CONTINUOUS
10
0.7623326377952756
20
0.4121420472440945
11
0.7642524015748031
21
0.4075072834645669
0
LINE
8
BLACK
6
CONTINUOUS
10
0.7642524015748031
20
0.4075072834645669
11
0.7652311023622047
21
0.4025870472440945
0
LINE
8
BLACK
6
CONTINUOUS
10
0.7652311023622047
20
0.4025870472440945
11
0.7652311023622047
21
0.3975704330708661
0
LINE
8
BLACK
6
CONTINUOUS
10
0.7652311023622047
20
0.3975704330708661
11
0.7642524015748031
21
0.3926501968503937
0
LINE
8
BLACK
6
CONTINUOUS
10
0.7642524015748031
20
0.3926501968503937
11
0.7623326377952756
21
0.3880154330708661
0
LINE
8
BLACK
6
CONTINUOUS
10
0.7623326377952756
20
0.3880154330708661
11
0.7595455511811023
21
0.3838442519685039
0
LINE
8
BLACK
6
CONTINUOUS
10
0.7595455511811023
20
0.3838442519685039
11
0.7559982677165354
21
0.380296968503937
0
LINE
8
BLACK
6
CONTINUOUS
10
0.7559982677165354
20
0.380296968503937
11
0.7518270866141732
21
0.3775098818897638
0
LINE
8
BLACK
6
CONTINUOUS
10
0.7518270866141732
20
0.3775098818897638
11
0.7471923228346457
21
0.3755901181102362
0
LINE
8
BLACK
6
CONTINUOUS
10
0.7471923228346457
20
0.3755901181102362
11
0.7422720866141732
21
0.3746114173228347
0
LINE
8
BLACK
6
CONTINUOUS
10
0.7422720866141732
20
0.3746114173228347
11
0.7372554724409449
21
0.3746114173228347
0
LINE
8
BLACK
6
CONTINUOUS
10
0.7372554724409449
20
0.3746114173228347
11
0.7323352362204725
21
0.3755901181102362
0
LINE
8
BLACK
6
CONTINUOUS
10
0.7323352362204725
20
0.3755901181102362
11
0.7277004724409448
21
0.3775098818897638
0
LINE
8
BLACK
6
CONTINUOUS
10
0.7277004724409448
20
0.3775098818897638
11
0.7235292913385827
21
0.380296968503937
0
LINE
8
BLACK
6
CONTINUOUS
10
0.7235292913385827
20
0.380296968503937
11
0.7199820078740158
21
0.3838442519685039
0
LINE
8
BLACK
6
CONTINUOUS
10
0.7199820078740158
20
0.3838442519685039
11
0.7171949212598425
21
0.3880154330708661
0
LINE
8
BLACK
6
CONTINUOUS
10
0.7171949212598425
20
0.3880154330708661
11
0.7152751574803149
21
0.3926501968503937
0
LINE
8
BLACK
6
CONTINUOUS
10
0.7152751574803149
20
0.3926501968503937
11
0.7142964566929134
21
0.3975704330708661
0
LINE
8
BLACK
6
CONTINUOUS
10
0.7142964566929134
20
0.3975704330708661
11
0.7142964566929134
21
0.4025870472440945
0
LINE
8
BLACK
6
CONTINUOUS
10
0.7142964566929134
20
0.4025870472440945
11
0.7152751574803149
21
0.4075072834645669
0
LINE
8
BLACK
6
CONTINUOUS
10
0.7152751574803149
20
0.4075072834645669
11
0.7171949212598425
21
0.4121420472440945
0
LINE
8
BLACK
6
CONTINUOUS
10
0.7171949212598425
20
0.4121420472440945
11
0.7199820078740158
21
0.4163132283464567
0
LINE
8
BLACK
6
CONTINUOUS
10
0.7199820078740158
20
0.4163132283464567
11
0.7235292913385827
21
0.4198605118110236
0
LINE
8
BLACK
6
CONTINUOUS
10
0.7235292913385827
20
0.4198605118110236
11
0.7277004724409448
21
0.4226475984251968
0
LINE
8
BLACK
6
CONTINUOUS
10
0.7277004724409448
20
0.4226475984251968
11
0.7323352362204725
21
0.4245673622047244
0
LINE
8
BLACK
6
CONTINUOUS
10
0.7323352362204725
20
0.4245673622047244
11
0.7372554724409449
21
0.425546062992126
0
LINE
8
BLACK
6
CONTINUOUS
10
0.7372554724409449
20
0.425546062992126
11
0.7422720866141732
21
0.425546062992126
0
LINE
8
BLACK
6
CONTINUOUS
10
0.7422720866141732
20
0.425546062992126
11
0.7471923228346457
21
0.4245673622047244
0
LINE
8
BLACK
6
CONTINUOUS
10
0.275
20
0.505
11
0.215
21
0.505
0
LINE
8
BLACK
6
CONTINUOUS
10
0.215
20
0.505
11
0.215
21
0.5649999999999999
0
LINE
8
BLACK
6
CONTINUOUS
10
0.215
20
0.5649999999999999
11
0.275
21
0.5649999999999999
0
LINE
8
BLACK
6
CONTINUOUS
10
0.275
20
0.5649999999999999
11
0.275
21
0.505
0
LINE
8
BLACK
6
CONTINUOUS
10
0.52
20
1.53
11
0.4789918897637795
21
1.53
0
LINE
8
BLACK
6
CONTINUOUS
10
0.4789918897637795
20
1.53
11
0.3877165354330708
21
1.4387246456692913
0
LINE
8
BLACK
6
CONTINUOUS
10
0.3877165354330708
20
1.4387246456692913
11
0.3877165354330708
21
1.3637653543307087
0
LINE
8
BLACK
6
CONTINUOUS
10
0.3877165354330708
20
1.3637653543307087
11
0.3877165354330708
21
1.1288
0
LINE
8
BLACK
6
CONTINUOUS
10
0.3877165354330708
20
1.1288
11
0.3875649606299212
21
1.1264875196850392
0
LINE
8
BLACK
6
CONTINUOUS
10
0.3875649606299212
20
1.1264875196850392
11
0.3863679527559055
21
1.122020157480315
0
LINE
8
BLACK
6
CONTINUOUS
10
0.3863679527559055
20
1.122020157480315
11
0.3840554724409449
21
1.118014842519685
0
LINE
8
BLACK
6
CONTINUOUS
10
0.3840554724409449
20
1.118014842519685
11
0.3825274803149606
21
1.1162725196850394
0
LINE
8
BLACK
6
CONTINUOUS
10
0.3825274803149606
20
1.1162725196850394
11
0.2623165354330709
21
0.9960615748031496
0
LINE
8
BLACK
6
CONTINUOUS
10
0.2623165354330709
20
0.9960615748031496
11
0.2623165354330709
21
0.9565384645669291
0
LINE
8
BLACK
6
CONTINUOUS
10
0.2623165354330709
20
0.9565384645669291
11
0.2689384645669291
21
0.9499165354330709
0
LINE
8
BLACK
6
CONTINUOUS
10
0.2689384645669291
20
0.9499165354330709
11
0.3471317716535433
21
0.8717232283464567
0
LINE
8
BLACK
6
CONTINUOUS
10
0.3471317716535433
20
0.8717232283464567
11
0.3486594488188977
21
0.8699811811023622
0
LINE
8
BLACK
6
CONTINUOUS
10
0.3486594488188977
20
0.8699811811023622
11
0.3486597637795276
21
0.869980905511811
0
LINE
8
BLACK
6
CONTINUOUS
10
0.3486597637795276
20
0.869980905511811
11
0.3509722440944882
21
0.8659755905511811
0
LINE
8
BLACK
6
CONTINUOUS
10
0.3509722440944882
20
0.8659755905511811
11
0.3511764960629921
21
0.8652132283464566
0
LINE
8
BLACK
6
CONTINUOUS
10
0.3511764960629921
20
0.8652132283464566
11
0.3521692913385827
21
0.8615081889763779
0
LINE
8
BLACK
6
CONTINUOUS
10
0.3521692913385827
20
0.8615081889763779
11
0.3521692913385827
21
0.8615075984251969
0
LINE
8
BLACK
6
CONTINUOUS
10
0.3521692913385827
20
0.8615075984251969
11
0.3523208267716536
21
0.859195748031496
0
LINE
8
BLACK
6
CONTINUOUS
10
0.3523208267716536
20
0.859195748031496
11
0.3523208267716536
21
0.6591712204724409
0
LINE
8
BLACK
6
CONTINUOUS
10
0.3523208267716536
20
0.6591712204724409
11
0.3521692519685039
21
0.6568587401574802
0
LINE
8
BLACK
6
CONTINUOUS
10
0.3521692519685039
20
0.6568587401574802
11
0.3509722440944882
21
0.6523913779527559
0
LINE
8
BLACK
6
CONTINUOUS
10
0.3509722440944882
20
0.6523913779527559
11
0.3486597637795276
21
0.648386062992126
0
LINE
8
BLACK
6
CONTINUOUS
10
0.3486597637795276
20
0.648386062992126
11
0.3486594488188977
21
0.6483857480314961
0
LINE
8
BLACK
6
CONTINUOUS
10
0.3486594488188977
20
0.6483857480314961
11
0.3471317716535433
21
0.6466437401574803
0
LINE
8
BLACK
6
CONTINUOUS
10
0.3471317716535433
20
0.6466437401574803
11
0.3229605511811023
21
0.6224725196850394
0
LINE
8
BLACK
6
CONTINUOUS
10
0.3229605511811023
20
0.6224725196850394
11
0.3212185039370078
21
0.6209448031496063
0
LINE
8
BLACK
6
CONTINUOUS
10
0.3212185039370078
20
0.6209448031496063
11
0.3212182283464567
21
0.6209445275590552
0
LINE
8
BLACK
6
CONTINUOUS
10
0.3212182283464567
20
0.6209445275590552
11
0.3172129133858267
21
0.6186320472440945
0
LINE
8
BLACK
6
CONTINUOUS
10
0.3172129133858267
20
0.6186320472440945
11
0.3127455511811024
21
0.6174350393700787
0
LINE
8
BLACK
6
CONTINUOUS
10
0.3127455511811024
20
0.6174350393700787
11
0.3104330708661417
21
0.6172834645669292
0
LINE
8
BLACK
6
CONTINUOUS
10
0.3104330708661417
20
0.6172834645669292
11
0.275
21
0.6172834645669292
0
LINE
8
BLACK
6
CONTINUOUS
10
0.275
20
0.6172834645669292
11
0.275
21
0.605
0
LINE
8
BLACK
6
CONTINUOUS
10
0.275
20
0.605
11
0.215
21
0.605
0
LINE
8
BLACK
6
CONTINUOUS
10
0.215
20
0.605
11
0.215
21
0.665
0
LINE
8
BLACK
6
CONTINUOUS
10
0.215
20
0.665
11
0.275
21
0.665
0
LINE
8
BLACK
6
CONTINUOUS
10
0.275
20
0.665
11
0.275
21
0.6527165354330708
0
LINE
8
BLACK
6
CONTINUOUS
10
0.275
20
0.6527165354330708
11
0.3030946456692913
21
0.6527165354330708
0
LINE
8
BLACK
6
CONTINUOUS
10
0.3030946456692913
20
0.6527165354330708
11
0.3168877559055118
21
0.6665096456692913
0
LINE
8
BLACK
6
CONTINUOUS
10
0.3168877559055118
20
0.6665096456692913
11
0.3168877559055118
21
0.8518573228346457
0
LINE
8
BLACK
6
CONTINUOUS
10
0.3168877559055118
20
0.8518573228346457
11
0.2438835039370079
21
0.9248615748031496
0
LINE
8
BLACK
6
CONTINUOUS
10
0.2438835039370079
20
0.9248615748031496
11
0.2320725196850394
21
0.936672559055118
0
LINE
8
BLACK
6
CONTINUOUS
10
0.2320725196850394
20
0.936672559055118
11
0.2305445275590551
21
0.9384149212598425
0
LINE
8
BLACK
6
CONTINUOUS
10
0.2305445275590551
20
0.9384149212598425
11
0.2282320472440945
21
0.9424202362204724
0
LINE
8
BLACK
6
CONTINUOUS
10
0.2282320472440945
20
0.9424202362204724
11
0.2270350393700787
21
0.9468875590551181
0
LINE
8
BLACK
6
CONTINUOUS
10
0.2270350393700787
20
0.9468875590551181
11
0.2270350393700787
21
0.9484875196850393
0
LINE
8
BLACK
6
CONTINUOUS
10
0.2270350393700787
20
0.9484875196850393
11
0.2268834645669291
21
0.9508
0
LINE
8
BLACK
6
CONTINUOUS
10
0.2268834645669291
20
0.9508
11
0.2268834645669291
21
1.0034000000000001
0
LINE
8
BLACK
6
CONTINUOUS
10
0.2268834645669291
20
1.0034000000000001
11
0.2270350393700787
21
1.0057124803149606
0
LINE
8
BLACK
6
CONTINUOUS
10
0.2270350393700787
20
1.0057124803149606
11
0.2282320472440945
21
1.0101798425196851
0
LINE
8
BLACK
6
CONTINUOUS
10
0.2282320472440945
20
1.0101798425196851
11
0.2305445275590551
21
1.0141851574803149
0
LINE
8
BLACK
6
CONTINUOUS
10
0.2305445275590551
20
1.0141851574803149
11
0.2305448031496063
21
1.0141854330708662
0
LINE
8
BLACK
6
CONTINUOUS
10
0.2305448031496063
20
1.0141854330708662
11
0.2320725196850394
21
1.0159274803149605
0
LINE
8
BLACK
6
CONTINUOUS
10
0.2320725196850394
20
1.0159274803149605
11
0.3522834645669291
21
1.1361384251968503
0
LINE
8
BLACK
6
CONTINUOUS
10
0.3522834645669291
20
1.1361384251968503
11
0.3522834645669291
21
1.3584751181102361
0
LINE
8
BLACK
6
CONTINUOUS
10
0.3522834645669291
20
1.3584751181102361
11
0.3516301968503937
21
1.3609131496062992
0
LINE
8
BLACK
6
CONTINUOUS
10
0.3516301968503937
20
1.3609131496062992
11
0.3516301968503937
21
1.3654866929133858
0
LINE
8
BLACK
6
CONTINUOUS
10
0.3516301968503937
20
1.3654866929133858
11
0.3522834645669291
21
1.36792468503937
0
LINE
8
BLACK
6
CONTINUOUS
10
0.3522834645669291
20
1.36792468503937
11
0.3522834645669291
21
1.4460630708661417
0
LINE
8
BLACK
6
CONTINUOUS
10
0.3522834645669291
20
1.4460630708661417
11
0.3524350393700788
21
1.4483755511811023
0
LINE
8
BLACK
6
CONTINUOUS
10
0.3524350393700788
20
1.4483755511811023
11
0.3536320472440945
21
1.4528429133858267
0
LINE
8
BLACK
6
CONTINUOUS
10
0.3536320472440945
20
1.4528429133858267
11
0.3559445275590551
21
1.4568482283464566
0
LINE
8
BLACK
6
CONTINUOUS
10
0.3559445275590551
20
1.4568482283464566
11
0.3559448031496063
21
1.4568485039370078
0
LINE
8
BLACK
6
CONTINUOUS
10
0.3559448031496063
20
1.4568485039370078
11
0.3574725196850393
21
1.4585905511811024
0
LINE
8
BLACK
6
CONTINUOUS
10
0.3574725196850393
20
1.4585905511811024
11
0.46
21
1.5611180314960629
0
LINE
8
BLACK
6
CONTINUOUS
10
0.46
20
1.5611180314960629
11
0.46
21
1.5899999999999999
0
LINE
8
BLACK
6
CONTINUOUS
10
0.46
20
1.5899999999999999
11
0.52
21
1.5899999999999999
0
LINE
8
BLACK
6
CONTINUOUS
10
0.52
20
1.5899999999999999
11
0.52
21
1.53
0
LINE
8
BLACK
6
CONTINUOUS
10
0.62
20
1.5611180314960629
11
0.6825274803149606
21
1.4985905511811024
0
LINE
8
BLACK
6
CONTINUOUS
10
0.6825274803149606
20
1.4985905511811024
11
0.6840554724409449
21
1.4968482283464566
0
LINE
8
BLACK
6
CONTINUOUS
10
0.6840554724409449
20
1.4968482283464566
11
0.6863679527559055
21
1.4928429133858268
0
LINE
8
BLACK
6
CONTINUOUS
10
0.6863679527559055
20
1.4928429133858268
11
0.6875649606299212
21
1.4883755511811023
0
LINE
8
BLACK
6
CONTINUOUS
10
0.6875649606299212
20
1.4883755511811023
11
0.6877165354330709
21
1.4860630708661418
0
LINE
8
BLACK
6
CONTINUOUS
10
0.6877165354330709
20
1.4860630708661418
11
0.6877165354330709
21
1.4339369291338582
0
LINE
8
BLACK
6
CONTINUOUS
10
0.6877165354330709
20
1.4339369291338582
11
0.6875649606299212
21
1.4316244488188976
0
LINE
8
BLACK
6
CONTINUOUS
10
0.6875649606299212
20
1.4316244488188976
11
0.6863679527559055
21
1.4271570866141732
0
LINE
8
BLACK
6
CONTINUOUS
10
0.6863679527559055
20
1.4271570866141732
11
0.6840554724409449
21
1.4231517716535433
0
LINE
8
BLACK
6
CONTINUOUS
10
0.6840554724409449
20
1.4231517716535433
11
0.6825274803149606
21
1.4214094488188975
0
LINE
8
BLACK
6
CONTINUOUS
10
0.6825274803149606
20
1.4214094488188975
11
0.6035905511811024
21
1.3424725196850393
0
LINE
8
BLACK
6
CONTINUOUS
10
0.6035905511811024
20
1.3424725196850393
11
0.6018485039370078
21
1.3409448031496063
0
LINE
8
BLACK
6
CONTINUOUS
10
0.6018485039370078
20
1.3409448031496063
11
0.6018482283464567
21
1.340944527559055
0
LINE
8
BLACK
6
CONTINUOUS
10
0.6018482283464567
20
1.340944527559055
11
0.5978429133858267
21
1.3386320472440945
0
LINE
8
BLACK
6
CONTINUOUS
10
0.5978429133858267
20
1.3386320472440945
11
0.5933755511811023
21
1.3374350393700787
0
LINE
8
BLACK
6
CONTINUOUS
10
0.5933755511811023
20
1.3374350393700787
11
0.5910630708661417
21
1.3372834645669291
0
LINE
8
BLACK
6
CONTINUOUS
10
0.5910630708661417
20
1.3372834645669291
11
0.5816981889763779
21
1.3372834645669291
0
LINE
8
BLACK
6
CONTINUOUS
10
0.5816981889763779
20
1.3372834645669291
11
0.4379164566929134
21
1.1935017322834645
0
LINE
8
BLACK
6
CONTINUOUS
10
0.4379164566929134
20
1.1935017322834645
11
0.4379164566929134
21
0.9735033070866141
0
LINE
8
BLACK
6
CONTINUOUS
10
0.4379164566929134
20
0.9735033070866141
11
0.4379164566929134
21
0.9568
0
LINE
8
BLACK
6
CONTINUOUS
10
0.4379164566929134
20
0.9568
11
0.4377648818897638
21
0.9544875196850393
0
LINE
8
BLACK
6
CONTINUOUS
10
0.4377648818897638
20
0.9544875196850393
11
0.4374831496062992
21
0.9534361417322834
0
LINE
8
BLACK
6
CONTINUOUS
10
0.4374831496062992
20
0.9534361417322834
11
0.4389703937007874
21
0.9519488976377952
0
LINE
8
BLACK
6
CONTINUOUS
10
0.4389703937007874
20
0.9519488976377952
11
0.4389706299212598
21
0.9519487401574803
0
LINE
8
BLACK
6
CONTINUOUS
10
0.4389706299212598
20
0.9519487401574803
11
0.4507596850393701
21
0.9401596456692913
0
LINE
8
BLACK
6
CONTINUOUS
10
0.4507596850393701
20
0.9401596456692913
11
0.4519835433070866
21
0.9386683070866142
0
LINE
8
BLACK
6
CONTINUOUS
10
0.4519835433070866
20
0.9386683070866142
11
0.4519837401574803
21
0.9386681496062992
0
LINE
8
BLACK
6
CONTINUOUS
10
0.4519837401574803
20
0.9386681496062992
11
0.4534533858267716
21
0.9351201181102362
0
LINE
8
BLACK
6
CONTINUOUS
10
0.4534533858267716
20
0.9351201181102362
11
0.4536425196850394
21
0.9331999212598425
0
LINE
8
BLACK
6
CONTINUOUS
10
0.4536425196850394
20
0.9331999212598425
11
0.4536425196850394
21
0.6967742913385827
0
LINE
8
BLACK
6
CONTINUOUS
10
0.4536425196850394
20
0.6967742913385827
11
0.4544653149606299
21
0.6962992913385827
0
LINE
8
BLACK
6
CONTINUOUS
10
0.4544653149606299
20
0.6962992913385827
11
0.4576992913385827
21
0.69306531496063
0
LINE
8
BLACK
6
CONTINUOUS
10
0.4576992913385827
20
0.69306531496063
11
0.459986062992126
21
0.6891044881889764
0
LINE
8
BLACK
6
CONTINUOUS
10
0.459986062992126
20
0.6891044881889764
11
0.4611698031496063
21
0.6846867716535433
0
LINE
8
BLACK
6
CONTINUOUS
10
0.4611698031496063
20
0.6846867716535433
11
0.4611698031496063
21
0.6801132283464567
0
LINE
8
BLACK
6
CONTINUOUS
10
0.4611698031496063
20
0.6801132283464567
11
0.459986062992126
21
0.6756955118110236
0
LINE
8
BLACK
6
CONTINUOUS
10
0.459986062992126
20
0.6756955118110236
11
0.4576992913385827
21
0.6717346850393701
0
LINE
8
BLACK
6
CONTINUOUS
10
0.4576992913385827
20
0.6717346850393701
11
0.4544653149606299
21
0.6685007086614173
0
LINE
8
BLACK
6
CONTINUOUS
10
0.4544653149606299
20
0.6685007086614173
11
0.4505044881889764
21
0.666213937007874
0
LINE
8
BLACK
6
CONTINUOUS
10
0.4505044881889764
20
0.666213937007874
11
0.4460867716535433
21
0.6650301968503937
0
LINE
8
BLACK
6
CONTINUOUS
10
0.4460867716535433
20
0.6650301968503937
11
0.4415132283464567
21
0.6650301968503937
0
LINE
8
BLACK
6
CONTINUOUS
10
0.4415132283464567
20
0.6650301968503937
11
0.4370955118110236
21
0.666213937007874
0
LINE
8
BLACK
6
CONTINUOUS
10
0.4370955118110236
20
0.666213937007874
11
0.4331346850393701
21
0.6685007086614173
0
LINE
8
BLACK
6
CONTINUOUS
10
0.4331346850393701
20
0.6685007086614173
11
0.4299007086614173
21
0.6717346850393701
0
LINE
8
BLACK
6
CONTINUOUS
10
0.4299007086614173
20
0.6717346850393701
11
0.427613937007874
21
0.6756955118110236
0
LINE
8
BLACK
6
CONTINUOUS
10
0.427613937007874
20
0.6756955118110236
11
0.4264301968503937
21
0.6801132283464567
0
LINE
8
BLACK
6
CONTINUOUS
10
0.4264301968503937
20
0.6801132283464567
11
0.4264301968503937
21
0.6846867716535433
0
LINE
8
BLACK
6
CONTINUOUS
10
0.4264301968503937
20
0.6846867716535433
11
0.427613937007874
21
0.6891044881889764
0
LINE
8
BLACK
6
CONTINUOUS
10
0.427613937007874
20
0.6891044881889764
11
0.4299007086614173
21
0.69306531496063
0
LINE
8
BLACK
6
CONTINUOUS
10
0.4299007086614173
20
0.69306531496063
11
0.4331346850393701
21
0.6962992913385827
0
LINE
8
BLACK
6
CONTINUOUS
10
0.4331346850393701
20
0.6962992913385827
11
0.4339574803149606
21
0.6967742913385827
0
LINE
8
BLACK
6
CONTINUOUS
10
0.4339574803149606
20
0.6967742913385827
11
0.4339574803149606
21
0.9291229921259843
0
LINE
8
BLACK
6
CONTINUOUS
10
0.4339574803149606
20
0.9291229921259843
11
0.4250511811023622
21
0.9380292913385827
0
LINE
8
BLACK
6
CONTINUOUS
10
0.4250511811023622
20
0.9380292913385827
11
0.4250509842519685
21
0.9380294881889764
0
LINE
8
BLACK
6
CONTINUOUS
10
0.4250509842519685
20
0.9380294881889764
11
0.4235637401574803
21
0.9395167322834646
0
LINE
8
BLACK
6
CONTINUOUS
10
0.4235637401574803
20
0.9395167322834646
11
0.4225124015748031
21
0.9392350393700787
0
LINE
8
BLACK
6
CONTINUOUS
10
0.4225124015748031
20
0.9392350393700787
11
0.4178874409448819
21
0.9392350393700787
0
LINE
8
BLACK
6
CONTINUOUS
10
0.4178874409448819
20
0.9392350393700787
11
0.4134200787401575
21
0.9404320472440945
0
LINE
8
BLACK
6
CONTINUOUS
10
0.4134200787401575
20
0.9404320472440945
11
0.4094147637795276
21
0.9427445275590551
0
LINE
8
BLACK
6
CONTINUOUS
10
0.4094147637795276
20
0.9427445275590551
11
0.4061444488188976
21
0.946014842519685
0
LINE
8
BLACK
6
CONTINUOUS
10
0.4061444488188976
20
0.946014842519685
11
0.403831968503937
21
0.950020157480315
0
LINE
8
BLACK
6
CONTINUOUS
10
0.403831968503937
20
0.950020157480315
11
0.4026349606299213
21
0.9544875196850393
0
LINE
8
BLACK
6
CONTINUOUS
10
0.4026349606299213
20
0.9544875196850393
11
0.4024833858267716
21
0.9568
0
LINE
8
BLACK
6
CONTINUOUS
10
0.4024833858267716
20
0.9568
11
0.4024833858267716
21
0.9735033070866141
0
LINE
8
BLACK
6
CONTINUOUS
10
0.4024833858267716
20
0.9735033070866141
11
0.4024833858267716
21
1.2008401574803149
0
LINE
8
BLACK
6
CONTINUOUS
10
0.4024833858267716
20
1.2008401574803149
11
0.4026349606299213
21
1.2031526377952755
0
LINE
8
BLACK
6
CONTINUOUS
10
0.4026349606299213
20
1.2031526377952755
11
0.403831968503937
21
1.2076199999999999
0
LINE
8
BLACK
6
CONTINUOUS
10
0.403831968503937
20
1.2076199999999999
11
0.4061444488188976
21
1.21162531496063
0
LINE
8
BLACK
6
CONTINUOUS
10
0.4061444488188976
20
1.21162531496063
11
0.4061447244094488
21
1.211625590551181
0
LINE
8
BLACK
6
CONTINUOUS
10
0.4061447244094488
20
1.211625590551181
11
0.4076724409448819
21
1.2133676377952756
0
LINE
8
BLACK
6
CONTINUOUS
10
0.4076724409448819
20
1.2133676377952756
11
0.5618322834645669
21
1.3675274803149606
0
LINE
8
BLACK
6
CONTINUOUS
10
0.5618322834645669
20
1.3675274803149606
11
0.5635746062992126
21
1.3690554724409449
0
LINE
8
BLACK
6
CONTINUOUS
10
0.5635746062992126
20
1.3690554724409449
11
0.5675799212598425
21
1.3713679527559055
0
LINE
8
BLACK
6
CONTINUOUS
10
0.5675799212598425
20
1.3713679527559055
11
0.5720472834645669
21
1.3725649606299213
0
LINE
8
BLACK
6
CONTINUOUS
10
0.5720472834645669
20
1.3725649606299213
11
0.5743597637795276
21
1.3727165354330708
0
LINE
8
BLACK
6
CONTINUOUS
10
0.5743597637795276
20
1.3727165354330708
11
0.5837246456692913
21
1.3727165354330708
0
LINE
8
BLACK
6
CONTINUOUS
10
0.5837246456692913
20
1.3727165354330708
11
0.6522834645669291
21
1.4412753543307086
0
LINE
8
BLACK
6
CONTINUOUS
10
0.6522834645669291
20
1.4412753543307086
11
0.6522834645669291
21
1.4787246456692913
0
LINE
8
BLACK
6
CONTINUOUS
10
0.6522834645669291
20
1.4787246456692913
11
0.6010081102362205
21
1.53
0
LINE
8
BLACK
6
CONTINUOUS
10
0.6010081102362205
20
1.53
11
0.5599999999999999
21
1.53
0
LINE
8
BLACK
6
CONTINUOUS
10
0.5599999999999999
20
1.53
11
0.5599999999999999
21
1.5899999999999999
0
LINE
8
BLACK
6
CONTINUOUS
10
0.5599999999999999
20
1.5899999999999999
11
0.62
21
1.5899999999999999
0
LINE
8
BLACK
6
CONTINUOUS
10
0.62
20
1.5899999999999999
11
0.62
21
1.5611180314960629
0
LINE
8
BLACK
6
CONTINUOUS
10
1.0567044881889764
20
1.076186062992126
11
1.06066531496063
21
1.0738992913385828
0
LINE
8
BLACK
6
CONTINUOUS
10
1.06066531496063
20
1.0738992913385828
11
1.0638992913385827
21
1.07066531496063
0
LINE
8
BLACK
6
CONTINUOUS
10
1.0638992913385827
20
1.07066531496063
11
1.066186062992126
21
1.0667044881889765
0
LINE
8
BLACK
6
CONTINUOUS
10
1.066186062992126
20
1.0667044881889765
11
1.0673698031496062
21
1.0622867716535433
0
LINE
8
BLACK
6
CONTINUOUS
10
1.0673698031496062
20
1.0622867716535433
11
1.0673698031496062
21
1.0577132283464568
0
LINE
8
BLACK
6
CONTINUOUS
10
1.0673698031496062
20
1.0577132283464568
11
1.066186062992126
21
1.0532955118110237
0
LINE
8
BLACK
6
CONTINUOUS
10
1.066186062992126
20
1.0532955118110237
11
1.0638992913385827
21
1.0493346850393701
0
LINE
8
BLACK
6
CONTINUOUS
10
1.0638992913385827
20
1.0493346850393701
11
1.06066531496063
21
1.0461007086614174
0
LINE
8
BLACK
6
CONTINUOUS
10
1.06066531496063
20
1.0461007086614174
11
1.0567044881889764
21
1.0438139370078741
0
LINE
8
BLACK
6
CONTINUOUS
10
1.0567044881889764
20
1.0438139370078741
11
1.0522867716535433
21
1.0426301968503937
0
LINE
8
BLACK
6
CONTINUOUS
10
1.0522867716535433
20
1.0426301968503937
11
1.0477132283464567
21
1.0426301968503937
0
LINE
8
BLACK
6
CONTINUOUS
10
1.0477132283464567
20
1.0426301968503937
11
1.0432955118110236
21
1.0438139370078741
0
LINE
8
BLACK
6
CONTINUOUS
10
1.0432955118110236
20
1.0438139370078741
11
1.0393346850393701
21
1.0461007086614174
0
LINE
8
BLACK
6
CONTINUOUS
10
1.0393346850393701
20
1.0461007086614174
11
1.0361007086614173
21
1.0493346850393701
0
LINE
8
BLACK
6
CONTINUOUS
10
1.0361007086614173
20
1.0493346850393701
11
1.0338139370078741
21
1.0532955118110237
0
LINE
8
BLACK
6
CONTINUOUS
10
1.0338139370078741
20
1.0532955118110237
11
1.0335998425196851
21
1.0540944881889764
0
LINE
8
BLACK
6
CONTINUOUS
10
1.0335998425196851
20
1.0540944881889764
11
1.0263661023622046
21
1.0540944881889764
0
LINE
8
BLACK
6
CONTINUOUS
10
1.0263661023622046
20
1.0540944881889764
11
0.9157965354330708
21
0.9435249212598426
0
LINE
8
BLACK
6
CONTINUOUS
10
0.9157965354330708
20
0.9435249212598426
11
0.9149016141732284
21
0.9427904724409448
0
LINE
8
BLACK
6
CONTINUOUS
10
0.9149016141732284
20
0.9427904724409448
11
0.9140077559055118
21
0.9424202362204724
0
LINE
8
BLACK
6
CONTINUOUS
10
0.9140077559055118
20
0.9424202362204724
11
0.9127728346456693
21
0.9419087007874015
0
LINE
8
BLACK
6
CONTINUOUS
10
0.9127728346456693
20
0.9419087007874015
11
0.9116207086614173
21
0.9417952362204725
0
LINE
8
BLACK
6
CONTINUOUS
10
0.9116207086614173
20
0.9417952362204725
11
0.4875226771653543
21
0.9417952362204725
0
LINE
8
BLACK
6
CONTINUOUS
10
0.4875226771653543
20
0.9417952362204725
11
0.4863705511811023
21
0.9419087007874015
0
LINE
8
BLACK
6
CONTINUOUS
10
0.4863705511811023
20
0.9419087007874015
11
0.4855592519685039
21
0.9422447637795275
0
LINE
8
BLACK
6
CONTINUOUS
10
0.4855592519685039
20
0.9422447637795275
11
0.4842417322834646
21
0.9427904724409448
0
LINE
8
BLACK
6
CONTINUOUS
10
0.4842417322834646
20
0.9427904724409448
11
0.4833468503937008
21
0.9435249212598426
0
LINE
8
BLACK
6
CONTINUOUS
10
0.4833468503937008
20
0.9435249212598426
11
0.4758241732283465
21
0.9510475984251968
0
LINE
8
BLACK
6
CONTINUOUS
10
0.4758241732283465
20
0.9510475984251968
11
0.4750897244094488
21
0.9519425196850394
0
LINE
8
BLACK
6
CONTINUOUS
10
0.4750897244094488
20
0.9519425196850394
11
0.4742079527559055
21
0.9540713385826771
0
LINE
8
BLACK
6
CONTINUOUS
10
0.4742079527559055
20
0.9540713385826771
11
0.4740944881889764
21
0.9552234251968503
0
LINE
8
BLACK
6
CONTINUOUS
10
0.4740944881889764
20
0.9552234251968503
11
0.4740944881889764
21
0.963599842519685
0
LINE
8
BLACK
6
CONTINUOUS
10
0.4740944881889764
20
0.963599842519685
11
0.4732955118110236
21
0.963813937007874
0
LINE
8
BLACK
6
CONTINUOUS
10
0.4732955118110236
20
0.963813937007874
11
0.4693346850393701
21
0.9661007086614173
0
LINE
8
BLACK
6
CONTINUOUS
10
0.4693346850393701
20
0.9661007086614173
11
0.4661007086614173
21
0.96933468503937
0
LINE
8
BLACK
6
CONTINUOUS
10
0.4661007086614173
20
0.96933468503937
11
0.463813937007874
21
0.9732955118110236
0
LINE
8
BLACK
6
CONTINUOUS
10
0.463813937007874
20
0.9732955118110236
11
0.4626301968503937
21
0.9777132283464567
0
LINE
8
BLACK
6
CONTINUOUS
10
0.4626301968503937
20
0.9777132283464567
11
0.4626301968503937
21
0.9822867716535433
0
LINE
8
BLACK
6
CONTINUOUS
10
0.4626301968503937
20
0.9822867716535433
11
0.463813937007874
21
0.9867044881889764
0
LINE
8
BLACK
6
CONTINUOUS
10
0.463813937007874
20
0.9867044881889764
11
0.4661007086614173
21
0.9906653149606299
0
LINE
8
BLACK
6
CONTINUOUS
10
0.4661007086614173
20
0.9906653149606299
11
0.4693346850393701
21
0.9938992913385827
0
LINE
8
BLACK
6
CONTINUOUS
10
0.4693346850393701
20
0.9938992913385827
11
0.4732955118110236
21
0.996186062992126
0
LINE
8
BLACK
6
CONTINUOUS
10
0.4732955118110236
20
0.996186062992126
11
0.4777132283464567
21
0.9973698031496063
0
LINE
8
BLACK
6
CONTINUOUS
10
0.4777132283464567
20
0.9973698031496063
11
0.4822867716535433
21
0.9973698031496063
0
LINE
8
BLACK
6
CONTINUOUS
10
0.4822867716535433
20
0.9973698031496063
11
0.4867044881889764
21
0.996186062992126
0
LINE
8
BLACK
6
CONTINUOUS
10
0.4867044881889764
20
0.996186062992126
11
0.4906653149606299
21
0.9938992913385827
0
LINE
8
BLACK
6
CONTINUOUS
10
0.4906653149606299
20
0.9938992913385827
11
0.4938992913385827
21
0.9906653149606299
0
LINE
8
BLACK
6
CONTINUOUS
10
0.4938992913385827
20
0.9906653149606299
11
0.496186062992126
21
0.9867044881889764
0
LINE
8
BLACK
6
CONTINUOUS
10
0.496186062992126
20
0.9867044881889764
11
0.4973698031496063
21
0.9822867716535433
0
LINE
8
BLACK
6
CONTINUOUS
10
0.4973698031496063
20
0.9822867716535433
11
0.4973698031496063
21
0.9777132283464567
0
LINE
8
BLACK
6
CONTINUOUS
10
0.4973698031496063
20
0.9777132283464567
11
0.496186062992126
21
0.9732955118110236
0
LINE
8
BLACK
6
CONTINUOUS
10
0.496186062992126
20
0.9732955118110236
11
0.4938992913385827
21
0.96933468503937
0
LINE
8
BLACK
6
CONTINUOUS
10
0.4938992913385827
20
0.96933468503937
11
0.4906653149606299
21
0.9661007086614173
0
LINE
8
BLACK
6
CONTINUOUS
10
0.4906653149606299
20
0.9661007086614173
11
0.4867044881889764
21
0.963813937007874
0
LINE
8
BLACK
6
CONTINUOUS
10
0.4867044881889764
20
0.963813937007874
11
0.4859055118110236
21
0.963599842519685
0
LINE
8
BLACK
6
CONTINUOUS
10
0.4859055118110236
20
0.963599842519685
11
0.4859055118110236
21
0.9576695669291339
0
LINE
8
BLACK
6
CONTINUOUS
10
0.4859055118110236
20
0.9576695669291339
11
0.4899688188976378
21
0.9536062598425197
0
LINE
8
BLACK
6
CONTINUOUS
10
0.4899688188976378
20
0.9536062598425197
11
0.9091745669291338
21
0.9536062598425197
0
LINE
8
BLACK
6
CONTINUOUS
10
0.9091745669291338
20
0.9536062598425197
11
1.0197441338582678
21
1.0641758267716535
0
LINE
8
BLACK
6
CONTINUOUS
10
1.0197441338582678
20
1.0641758267716535
11
1.0206390551181102
21
1.0649102755905511
0
LINE
8
BLACK
6
CONTINUOUS
10
1.0206390551181102
20
1.0649102755905511
11
1.0223829133858267
21
1.0656325984251969
0
LINE
8
BLACK
6
CONTINUOUS
10
1.0223829133858267
20
1.0656325984251969
11
1.0227678346456692
21
1.0657920472440945
0
LINE
8
BLACK
6
CONTINUOUS
10
1.0227678346456692
20
1.0657920472440945
11
1.0239199606299212
21
1.0659055118110237
0
LINE
8
BLACK
6
CONTINUOUS
10
1.0239199606299212
20
1.0659055118110237
11
1.0335998425196851
21
1.0659055118110237
0
LINE
8
BLACK
6
CONTINUOUS
10
1.0335998425196851
20
1.0659055118110237
11
1.0338139370078741
21
1.0667044881889765
0
LINE
8
BLACK
6
CONTINUOUS
10
1.0338139370078741
20
1.0667044881889765
11
1.0361007086614173
21
1.07066531496063
0
LINE
8
BLACK
6
CONTINUOUS
10
1.0361007086614173
20
1.07066531496063
11
1.0393346850393701
21
1.0738992913385828
0
LINE
8
BLACK
6
CONTINUOUS
10
1.0393346850393701
20
1.0738992913385828
11
1.0432955118110236
21
1.076186062992126
0
LINE
8
BLACK
6
CONTINUOUS
10
1.0432955118110236
20
1.076186062992126
11
1.0477132283464567
21
1.0773698031496062
0
LINE
8
BLACK
6
CONTINUOUS
10
1.0477132283464567
20
1.0773698031496062
11
1.0522867716535433
21
1.0773698031496062
0
LINE
8
BLACK
6
CONTINUOUS
10
1.0522867716535433
20
1.0773698031496062
11
1.0567044881889764
21
1.076186062992126
0
LINE
8
BLACK
6
CONTINUOUS
10
1.0215323228346456
20
1.1113582283464567
11
1.0254931496062991
21
1.1090714566929134
0
LINE
8
BLACK
6
CONTINUOUS
10
1.0254931496062991
20
1.1090714566929134
11
1.0287271259842519
21
1.1058374803149607
0
LINE
8
BLACK
6
CONTINUOUS
10
1.0287271259842519
20
1.1058374803149607
11
1.0310138976377952
21
1.1018766535433071
0
LINE
8
BLACK
6
CONTINUOUS
10
1.0310138976377952
20
1.1018766535433071
11
1.0321976377952755
21
1.097458937007874
0
LINE
8
BLACK
6
CONTINUOUS
10
1.0321976377952755
20
1.097458937007874
11
1.0321976377952755
21
1.0928853937007874
0
LINE
8
BLACK
6
CONTINUOUS
10
1.0321976377952755
20
1.0928853937007874
11
1.0310138976377952
21
1.0884676771653543
0
LINE
8
BLACK
6
CONTINUOUS
10
1.0310138976377952
20
1.0884676771653543
11
1.0287271259842519
21
1.0845068503937008
0
LINE
8
BLACK
6
CONTINUOUS
10
1.0287271259842519
20
1.0845068503937008
11
1.0254931496062991
21
1.081272874015748
0
LINE
8
BLACK
6
CONTINUOUS
10
1.0254931496062991
20
1.081272874015748
11
1.0215323228346456
21
1.0789861023622047
0
LINE
8
BLACK
6
CONTINUOUS
10
1.0215323228346456
20
1.0789861023622047
11
1.0171146062992125
21
1.0778023622047244
0
LINE
8
BLACK
6
CONTINUOUS
10
1.0171146062992125
20
1.0778023622047244
11
1.0125410629921259
21
1.0778023622047244
0
LINE
8
BLACK
6
CONTINUOUS
10
1.0125410629921259
20
1.0778023622047244
11
1.008123346456693
21
1.0789861023622047
0
LINE
8
BLACK
6
CONTINUOUS
10
1.008123346456693
20
1.0789861023622047
11
1.0074069685039371
21
1.0793996456692914
0
LINE
8
BLACK
6
CONTINUOUS
10
1.0074069685039371
20
1.0793996456692914
11
0.9969858267716535
21
1.0689785039370079
0
LINE
8
BLACK
6
CONTINUOUS
10
0.9969858267716535
20
1.0689785039370079
11
0.9969858267716535
21
1.0550002755905512
0
LINE
8
BLACK
6
CONTINUOUS
10
0.9969858267716535
20
1.0550002755905512
11
0.9968723622047244
21
1.0538481496062992
0
LINE
8
BLACK
6
CONTINUOUS
10
0.9968723622047244
20
1.0538481496062992
11
0.9965070866141732
21
1.0529663779527558
0
LINE
8
BLACK
6
CONTINUOUS
10
0.9965070866141732
20
1.0529663779527558
11
0.9959905905511811
21
1.0517193700787402
0
LINE
8
BLACK
6
CONTINUOUS
10
0.9959905905511811
20
1.0517193700787402
11
0.9952561417322835
21
1.0508244488188976
0
LINE
8
BLACK
6
CONTINUOUS
10
0.9952561417322835
20
1.0508244488188976
11
0.9077558661417323
21
0.9633241732283464
0
LINE
8
BLACK
6
CONTINUOUS
10
0.9077558661417323
20
0.9633241732283464
11
0.9068609448818897
21
0.9625897244094488
0
LINE
8
BLACK
6
CONTINUOUS
10
0.9068609448818897
20
0.9625897244094488
11
0.905613937007874
21
0.9620731889763779
0
LINE
8
BLACK
6
CONTINUOUS
10
0.905613937007874
20
0.9620731889763779
11
0.9047321653543307
21
0.9617079527559055
0
LINE
8
BLACK
6
CONTINUOUS
10
0.9047321653543307
20
0.9617079527559055
11
0.9035800393700787
21
0.9615944881889763
0
LINE
8
BLACK
6
CONTINUOUS
10
0.9035800393700787
20
0.9615944881889763
11
0.536
21
0.9615944881889763
0
LINE
8
BLACK
6
CONTINUOUS
10
0.536
20
0.9615944881889763
11
0.5348478740157481
21
0.9617079527559055
0
LINE
8
BLACK
6
CONTINUOUS
10
0.5348478740157481
20
0.9617079527559055
11
0.5339661023622048
21
0.9620731889763779
0
LINE
8
BLACK
6
CONTINUOUS
10
0.5339661023622048
20
0.9620731889763779
11
0.532719094488189
21
0.9625897244094488
0
LINE
8
BLACK
6
CONTINUOUS
10
0.532719094488189
20
0.9625897244094488
11
0.5319332283464567
21
0.9632346456692913
0
LINE
8
BLACK
6
CONTINUOUS
10
0.5319332283464567
20
0.9632346456692913
11
0.5312044881889764
21
0.962813937007874
0
LINE
8
BLACK
6
CONTINUOUS
10
0.5312044881889764
20
0.962813937007874
11
0.5267867716535433
21
0.9616301968503936
0
LINE
8
BLACK
6
CONTINUOUS
10
0.5267867716535433
20
0.9616301968503936
11
0.5222132283464567
21
0.9616301968503936
0
LINE
8
BLACK
6
CONTINUOUS
10
0.5222132283464567
20
0.9616301968503936
11
0.5177955118110236
21
0.962813937007874
0
LINE
8
BLACK
6
CONTINUOUS
10
0.5177955118110236
20
0.962813937007874
11
0.51383468503937
21
0.9651007086614173
0
LINE
8
BLACK
6
CONTINUOUS
10
0.51383468503937
20
0.9651007086614173
11
0.5106007086614173
21
0.96833468503937
0
LINE
8
BLACK
6
CONTINUOUS
10
0.5106007086614173
20
0.96833468503937
11
0.508313937007874
21
0.9722955118110236
0
LINE
8
BLACK
6
CONTINUOUS
10
0.508313937007874
20
0.9722955118110236
11
0.5071301968503937
21
0.9767132283464567
0
LINE
8
BLACK
6
CONTINUOUS
10
0.5071301968503937
20
0.9767132283464567
11
0.5071301968503937
21
0.9812867716535433
0
LINE
8
BLACK
6
CONTINUOUS
10
0.5071301968503937
20
0.9812867716535433
11
0.508313937007874
21
0.9857044881889764
0
LINE
8
BLACK
6
CONTINUOUS
10
0.508313937007874
20
0.9857044881889764
11
0.5106007086614173
21
0.9896653149606299
0
LINE
8
BLACK
6
CONTINUOUS
10
0.5106007086614173
20
0.9896653149606299
11
0.51383468503937
21
0.9928992913385827
0
LINE
8
BLACK
6
CONTINUOUS
10
0.51383468503937
20
0.9928992913385827
11
0.5177955118110236
21
0.995186062992126
0
LINE
8
BLACK
6
CONTINUOUS
10
0.5177955118110236
20
0.995186062992126
11
0.5222132283464567
21
0.9963698031496063
0
LINE
8
BLACK
6
CONTINUOUS
10
0.5222132283464567
20
0.9963698031496063
11
0.5267867716535433
21
0.9963698031496063
0
LINE
8
BLACK
6
CONTINUOUS
10
0.5267867716535433
20
0.9963698031496063
11
0.5312044881889764
21
0.995186062992126
0
LINE
8
BLACK
6
CONTINUOUS
10
0.5312044881889764
20
0.995186062992126
11
0.5351653149606299
21
0.9928992913385827
0
LINE
8
BLACK
6
CONTINUOUS
10
0.5351653149606299
20
0.9928992913385827
11
0.5383992913385827
21
0.9896653149606299
0
LINE
8
BLACK
6
CONTINUOUS
10
0.5383992913385827
20
0.9896653149606299
11
0.540686062992126
21
0.9857044881889764
0
LINE
8
BLACK
6
CONTINUOUS
10
0.540686062992126
20
0.9857044881889764
11
0.5418698031496063
21
0.9812867716535433
0
LINE
8
BLACK
6
CONTINUOUS
10
0.5418698031496063
20
0.9812867716535433
11
0.5418698031496063
21
0.9767132283464567
0
LINE
8
BLACK
6
CONTINUOUS
10
0.5418698031496063
20
0.9767132283464567
11
0.5409835039370079
21
0.9734055118110236
0
LINE
8
BLACK
6
CONTINUOUS
10
0.5409835039370079
20
0.9734055118110236
11
0.9011338976377953
21
0.9734055118110236
0
LINE
8
BLACK
6
CONTINUOUS
10
0.9011338976377953
20
0.9734055118110236
11
0.9851748031496063
21
1.0574464173228346
0
LINE
8
BLACK
6
CONTINUOUS
10
0.9851748031496063
20
1.0574464173228346
11
0.9851748031496063
21
1.0714246456692913
0
LINE
8
BLACK
6
CONTINUOUS
10
0.9851748031496063
20
1.0714246456692913
11
0.9852882677165354
21
1.0725767716535433
0
LINE
8
BLACK
6
CONTINUOUS
10
0.9852882677165354
20
1.0725767716535433
11
0.9857802362204724
21
1.0737644881889763
0
LINE
8
BLACK
6
CONTINUOUS
10
0.9857802362204724
20
1.0737644881889763
11
0.9861700393700787
21
1.0747055511811023
0
LINE
8
BLACK
6
CONTINUOUS
10
0.9861700393700787
20
1.0747055511811023
11
0.9869044881889764
21
1.0756004724409449
0
LINE
8
BLACK
6
CONTINUOUS
10
0.9869044881889764
20
1.0756004724409449
11
0.9990553149606299
21
1.0877512992125984
0
LINE
8
BLACK
6
CONTINUOUS
10
0.9990553149606299
20
1.0877512992125984
11
0.9986417716535433
21
1.0884676771653543
0
LINE
8
BLACK
6
CONTINUOUS
10
0.9986417716535433
20
1.0884676771653543
11
0.9974580314960629
21
1.0928853937007874
0
LINE
8
BLACK
6
CONTINUOUS
10
0.9974580314960629
20
1.0928853937007874
11
0.9974580314960629
21
1.097458937007874
0
LINE
8
BLACK
6
CONTINUOUS
10
0.9974580314960629
20
1.097458937007874
11
0.9986417716535433
21
1.1018766535433071
0
LINE
8
BLACK
6
CONTINUOUS
10
0.9986417716535433
20
1.1018766535433071
11
1.0009285433070867
21
1.1058374803149607
0
LINE
8
BLACK
6
CONTINUOUS
10
1.0009285433070867
20
1.1058374803149607
11
1.0041625196850394
21
1.1090714566929134
0
LINE
8
BLACK
6
CONTINUOUS
10
1.0041625196850394
20
1.1090714566929134
11
1.008123346456693
21
1.1113582283464567
0
LINE
8
BLACK
6
CONTINUOUS
10
1.008123346456693
20
1.1113582283464567
11
1.0125410629921259
21
1.1125419685039371
0
LINE
8
BLACK
6
CONTINUOUS
10
1.0125410629921259
20
1.1125419685039371
11
1.0171146062992125
21
1.1125419685039371
0
LINE
8
BLACK
6
CONTINUOUS
10
1.0171146062992125
20
1.1125419685039371
11
1.0215323228346456
21
1.1113582283464567
0
LINE
8
BLACK
6
CONTINUOUS
10
0.4867044881889764
20
1.0861860629921261
11
0.4906653149606299
21
1.0838992913385828
0
LINE
8
BLACK
6
CONTINUOUS
10
0.4906653149606299
20
1.0838992913385828
11
0.4938992913385827
21
1.0806653149606298
0
LINE
8
BLACK
6
CONTINUOUS
10
0.4938992913385827
20
1.0806653149606298
11
0.496186062992126
21
1.0767044881889765
0
LINE
8
BLACK
6
CONTINUOUS
10
0.496186062992126
20
1.0767044881889765
11
0.496400157480315
21
1.0759055118110237
0
LINE
8
BLACK
6
CONTINUOUS
10
0.496400157480315
20
1.0759055118110237
11
0.5047765748031496
21
1.0759055118110237
0
LINE
8
BLACK
6
CONTINUOUS
10
0.5047765748031496
20
1.0759055118110237
11
0.5059287007874016
21
1.0757920472440945
0
LINE
8
BLACK
6
CONTINUOUS
10
0.5059287007874016
20
1.0757920472440945
11
0.5061941732283465
21
1.0756820866141732
0
LINE
8
BLACK
6
CONTINUOUS
10
0.5061941732283465
20
1.0756820866141732
11
0.5127234251968504
21
1.0756820866141732
0
LINE
8
BLACK
6
CONTINUOUS
10
0.5127234251968504
20
1.0756820866141732
11
0.5138755511811024
21
1.075568622047244
0
LINE
8
BLACK
6
CONTINUOUS
10
0.5138755511811024
20
1.075568622047244
11
0.5147573228346457
21
1.0752033464566928
0
LINE
8
BLACK
6
CONTINUOUS
10
0.5147573228346457
20
1.0752033464566928
11
0.5160043307086614
21
1.0746868503937008
0
LINE
8
BLACK
6
CONTINUOUS
10
0.5160043307086614
20
1.0746868503937008
11
0.5168992519685039
21
1.0739524015748032
0
LINE
8
BLACK
6
CONTINUOUS
10
0.5168992519685039
20
1.0739524015748032
11
0.5524461417322835
21
1.0384055118110236
0
LINE
8
BLACK
6
CONTINUOUS
10
0.5524461417322835
20
1.0384055118110236
11
0.7960379527559055
21
1.0384055118110236
0
LINE
8
BLACK
6
CONTINUOUS
10
0.7960379527559055
20
1.0384055118110236
11
0.7971900787401575
21
1.0382920472440944
0
LINE
8
BLACK
6
CONTINUOUS
10
0.7971900787401575
20
1.0382920472440944
11
0.7980718503937008
21
1.0379267716535432
0
LINE
8
BLACK
6
CONTINUOUS
10
0.7980718503937008
20
1.0379267716535432
11
0.7993188582677165
21
1.0374102755905512
0
LINE
8
BLACK
6
CONTINUOUS
10
0.7993188582677165
20
1.0374102755905512
11
0.800213779527559
21
1.0366758267716536
0
LINE
8
BLACK
6
CONTINUOUS
10
0.800213779527559
20
1.0366758267716536
11
0.802406968503937
21
1.0344825984251969
0
LINE
8
BLACK
6
CONTINUOUS
10
0.802406968503937
20
1.0344825984251969
11
0.8031233464566929
21
1.0348961811023623
0
LINE
8
BLACK
6
CONTINUOUS
10
0.8031233464566929
20
1.0348961811023623
11
0.8075410629921259
21
1.0360799212598426
0
LINE
8
BLACK
6
CONTINUOUS
10
0.8075410629921259
20
1.0360799212598426
11
0.8121146062992126
21
1.0360799212598426
0
LINE
8
BLACK
6
CONTINUOUS
10
0.8121146062992126
20
1.0360799212598426
11
0.8165323228346456
21
1.0348961811023623
0
LINE
8
BLACK
6
CONTINUOUS
10
0.8165323228346456
20
1.0348961811023623
11
0.8204931496062992
21
1.032609409448819
0
LINE
8
BLACK
6
CONTINUOUS
10
0.8204931496062992
20
1.032609409448819
11
0.8237271259842519
21
1.0293754330708662
0
LINE
8
BLACK
6
CONTINUOUS
10
0.8237271259842519
20
1.0293754330708662
11
0.8260138976377952
21
1.0254146062992127
0
LINE
8
BLACK
6
CONTINUOUS
10
0.8260138976377952
20
1.0254146062992127
11
0.8271976377952756
21
1.0209968897637796
0
LINE
8
BLACK
6
CONTINUOUS
10
0.8271976377952756
20
1.0209968897637796
11
0.8271976377952756
21
1.016423346456693
0
LINE
8
BLACK
6
CONTINUOUS
10
0.8271976377952756
20
1.016423346456693
11
0.8260138976377952
21
1.0120056299212599
0
LINE
8
BLACK
6
CONTINUOUS
10
0.8260138976377952
20
1.0120056299212599
11
0.8237271259842519
21
1.0080448031496063
0
LINE
8
BLACK
6
CONTINUOUS
10
0.8237271259842519
20
1.0080448031496063
11
0.8204931496062992
21
1.0048108267716536
0
LINE
8
BLACK
6
CONTINUOUS
10
0.8204931496062992
20
1.0048108267716536
11
0.8165323228346456
21
1.0025240551181103
0
LINE
8
BLACK
6
CONTINUOUS
10
0.8165323228346456
20
1.0025240551181103
11
0.8121146062992126
21
1.0013403149606299
0
LINE
8
BLACK
6
CONTINUOUS
10
0.8121146062992126
20
1.0013403149606299
11
0.8075410629921259
21
1.0013403149606299
0
LINE
8
BLACK
6
CONTINUOUS
10
0.8075410629921259
20
1.0013403149606299
11
0.8031233464566929
21
1.0025240551181103
0
LINE
8
BLACK
6
CONTINUOUS
10
0.8031233464566929
20
1.0025240551181103
11
0.7991625196850394
21
1.0048108267716536
0
LINE
8
BLACK
6
CONTINUOUS
10
0.7991625196850394
20
1.0048108267716536
11
0.7959285433070866
21
1.0080448031496063
0
LINE
8
BLACK
6
CONTINUOUS
10
0.7959285433070866
20
1.0080448031496063
11
0.7936417716535433
21
1.0120056299212599
0
LINE
8
BLACK
6
CONTINUOUS
10
0.7936417716535433
20
1.0120056299212599
11
0.792458031496063
21
1.016423346456693
0
LINE
8
BLACK
6
CONTINUOUS
10
0.792458031496063
20
1.016423346456693
11
0.792458031496063
21
1.0209968897637796
0
LINE
8
BLACK
6
CONTINUOUS
10
0.792458031496063
20
1.0209968897637796
11
0.7936417716535433
21
1.0254146062992127
0
LINE
8
BLACK
6
CONTINUOUS
10
0.7936417716535433
20
1.0254146062992127
11
0.7940553149606299
21
1.0261309448818898
0
LINE
8
BLACK
6
CONTINUOUS
10
0.7940553149606299
20
1.0261309448818898
11
0.7935918110236221
21
1.0265944881889764
0
LINE
8
BLACK
6
CONTINUOUS
10
0.7935918110236221
20
1.0265944881889764
11
0.5499999999999999
21
1.0265944881889764
0
LINE
8
BLACK
6
CONTINUOUS
10
0.5499999999999999
20
1.0265944881889764
11
0.548847874015748
21
1.0267079527559055
0
LINE
8
BLACK
6
CONTINUOUS
10
0.548847874015748
20
1.0267079527559055
11
0.5479661023622047
21
1.027073188976378
0
LINE
8
BLACK
6
CONTINUOUS
10
0.5479661023622047
20
1.027073188976378
11
0.546719094488189
21
1.0275897244094487
0
LINE
8
BLACK
6
CONTINUOUS
10
0.546719094488189
20
1.0275897244094487
11
0.5458241732283464
21
1.0283241732283463
0
LINE
8
BLACK
6
CONTINUOUS
10
0.5458241732283464
20
1.0283241732283463
11
0.5102772834645669
21
1.063871062992126
0
LINE
8
BLACK
6
CONTINUOUS
10
0.5102772834645669
20
1.063871062992126
11
0.505
21
1.063871062992126
0
LINE
8
BLACK
6
CONTINUOUS
10
0.505
20
1.063871062992126
11
0.503847874015748
21
1.0639845275590551
0
LINE
8
BLACK
6
CONTINUOUS
10
0.503847874015748
20
1.0639845275590551
11
0.5035824015748032
21
1.0640944881889765
0
LINE
8
BLACK
6
CONTINUOUS
10
0.5035824015748032
20
1.0640944881889765
11
0.496400157480315
21
1.0640944881889765
0
LINE
8
BLACK
6
CONTINUOUS
10
0.496400157480315
20
1.0640944881889765
11
0.496186062992126
21
1.0632955118110237
0
LINE
8
BLACK
6
CONTINUOUS
10
0.496186062992126
20
1.0632955118110237
11
0.4938992913385827
21
1.0593346850393701
0
LINE
8
BLACK
6
CONTINUOUS
10
0.4938992913385827
20
1.0593346850393701
11
0.4906653149606299
21
1.0561007086614174
0
LINE
8
BLACK
6
CONTINUOUS
10
0.4906653149606299
20
1.0561007086614174
11
0.4867044881889764
21
1.0538139370078741
0
LINE
8
BLACK
6
CONTINUOUS
10
0.4867044881889764
20
1.0538139370078741
11
0.4822867716535433
21
1.0526301968503937
0
LINE
8
BLACK
6
CONTINUOUS
10
0.4822867716535433
20
1.0526301968503937
11
0.4777132283464567
21
1.0526301968503937
0
LINE
8
BLACK
6
CONTINUOUS
10
0.4777132283464567
20
1.0526301968503937
11
0.4732955118110236
21
1.0538139370078741
0
LINE
8
BLACK
6
CONTINUOUS
10
0.4732955118110236
20
1.0538139370078741
11
0.4693346850393701
21
1.0561007086614174
0
LINE
8
BLACK
6
CONTINUOUS
10
0.4693346850393701
20
1.0561007086614174
11
0.4661007086614173
21
1.0593346850393701
0
LINE
8
BLACK
6
CONTINUOUS
10
0.4661007086614173
20
1.0593346850393701
11
0.463813937007874
21
1.0632955118110237
0
LINE
8
BLACK
6
CONTINUOUS
10
0.463813937007874
20
1.0632955118110237
11
0.4626301968503937
21
1.0677132283464568
0
LINE
8
BLACK
6
CONTINUOUS
10
0.4626301968503937
20
1.0677132283464568
11
0.4626301968503937
21
1.0722867716535434
0
LINE
8
BLACK
6
CONTINUOUS
10
0.4626301968503937
20
1.0722867716535434
11
0.463813937007874
21
1.0767044881889765
0
LINE
8
BLACK
6
CONTINUOUS
10
0.463813937007874
20
1.0767044881889765
11
0.4661007086614173
21
1.0806653149606298
0
LINE
8
BLACK
6
CONTINUOUS
10
0.4661007086614173
20
1.0806653149606298
11
0.4693346850393701
21
1.0838992913385828
0
LINE
8
BLACK
6
CONTINUOUS
10
0.4693346850393701
20
1.0838992913385828
11
0.4732955118110236
21
1.0861860629921261
0
LINE
8
BLACK
6
CONTINUOUS
10
0.4732955118110236
20
1.0861860629921261
11
0.4777132283464567
21
1.0873698031496062
0
LINE
8
BLACK
6
CONTINUOUS
10
0.4777132283464567
20
1.0873698031496062
11
0.4822867716535433
21
1.0873698031496062
0
LINE
8
BLACK
6
CONTINUOUS
10
0.4822867716535433
20
1.0873698031496062
11
0.4867044881889764
21
1.0861860629921261
0
LINE
8
BLACK
6
CONTINUOUS
10
0.509488031496063
20
1.1248621259842519
11
0.5134488582677166
21
1.1225753543307087
0
LINE
8
BLACK
6
CONTINUOUS
10
0.5134488582677166
20
1.1225753543307087
11
0.5166828346456693
21
1.1193413779527559
0
LINE
8
BLACK
6
CONTINUOUS
10
0.5166828346456693
20
1.1193413779527559
11
0.5189696062992126
21
1.1153805511811024
0
LINE
8
BLACK
6
CONTINUOUS
10
0.5189696062992126
20
1.1153805511811024
11
0.5201533464566929
21
1.1109628346456693
0
LINE
8
BLACK
6
CONTINUOUS
10
0.5201533464566929
20
1.1109628346456693
11
0.5201533464566929
21
1.1063892913385827
0
LINE
8
BLACK
6
CONTINUOUS
10
0.5201533464566929
20
1.1063892913385827
11
0.5189696062992126
21
1.1019715748031496
0
LINE
8
BLACK
6
CONTINUOUS
10
0.5189696062992126
20
1.1019715748031496
11
0.5185560236220472
21
1.1012551968503936
0
LINE
8
BLACK
6
CONTINUOUS
10
0.5185560236220472
20
1.1012551968503936
11
0.561405748031496
21
1.0584055118110236
0
LINE
8
BLACK
6
CONTINUOUS
10
0.561405748031496
20
1.0584055118110236
11
0.8331057480314961
21
1.0584055118110236
0
LINE
8
BLACK
6
CONTINUOUS
10
0.8331057480314961
20
1.0584055118110236
11
0.8335807874015748
21
1.0588805511811024
0
LINE
8
BLACK
6
CONTINUOUS
10
0.8335807874015748
20
1.0588805511811024
11
0.8375416141732284
21
1.0611673228346457
0
LINE
8
BLACK
6
CONTINUOUS
10
0.8375416141732284
20
1.0611673228346457
11
0.8419593307086614
21
1.062351062992126
0
LINE
8
BLACK
6
CONTINUOUS
10
0.8419593307086614
20
1.062351062992126
11
0.8465328740157481
21
1.062351062992126
0
LINE
8
BLACK
6
CONTINUOUS
10
0.8465328740157481
20
1.062351062992126
11
0.8509505905511811
21
1.0611673228346457
0
LINE
8
BLACK
6
CONTINUOUS
10
0.8509505905511811
20
1.0611673228346457
11
0.8549114173228346
21
1.0588805511811024
0
LINE
8
BLACK
6
CONTINUOUS
10
0.8549114173228346
20
1.0588805511811024
11
0.8581453937007874
21
1.0556465748031496
0
LINE
8
BLACK
6
CONTINUOUS
10
0.8581453937007874
20
1.0556465748031496
11
0.8604321653543306
21
1.0516857480314961
0
LINE
8
BLACK
6
CONTINUOUS
10
0.8604321653543306
20
1.0516857480314961
11
0.861615905511811
21
1.047268031496063
0
LINE
8
BLACK
6
CONTINUOUS
10
0.861615905511811
20
1.047268031496063
11
0.861615905511811
21
1.0426944881889764
0
LINE
8
BLACK
6
CONTINUOUS
10
0.861615905511811
20
1.0426944881889764
11
0.8604321653543306
21
1.0382767716535433
0
LINE
8
BLACK
6
CONTINUOUS
10
0.8604321653543306
20
1.0382767716535433
11
0.8581453937007874
21
1.0343159448818897
0
LINE
8
BLACK
6
CONTINUOUS
10
0.8581453937007874
20
1.0343159448818897
11
0.8549114173228346
21
1.031081968503937
0
LINE
8
BLACK
6
CONTINUOUS
10
0.8549114173228346
20
1.031081968503937
11
0.8509505905511811
21
1.0287951968503937
0
LINE
8
BLACK
6
CONTINUOUS
10
0.8509505905511811
20
1.0287951968503937
11
0.8465328740157481
21
1.0276114566929133
0
LINE
8
BLACK
6
CONTINUOUS
10
0.8465328740157481
20
1.0276114566929133
11
0.8419593307086614
21
1.0276114566929133
0
LINE
8
BLACK
6
CONTINUOUS
10
0.8419593307086614
20
1.0276114566929133
11
0.8375416141732284
21
1.0287951968503937
0
LINE
8
BLACK
6
CONTINUOUS
10
0.8375416141732284
20
1.0287951968503937
11
0.8335807874015748
21
1.031081968503937
0
LINE
8
BLACK
6
CONTINUOUS
10
0.8335807874015748
20
1.031081968503937
11
0.8303468110236221
21
1.0343159448818897
0
LINE
8
BLACK
6
CONTINUOUS
10
0.8303468110236221
20
1.0343159448818897
11
0.8280600393700788
21
1.0382767716535433
0
LINE
8
BLACK
6
CONTINUOUS
10
0.8280600393700788
20
1.0382767716535433
11
0.8268762992125984
21
1.0426944881889764
0
LINE
8
BLACK
6
CONTINUOUS
10
0.8268762992125984
20
1.0426944881889764
11
0.8268762992125984
21
1.0465944881889764
0
LINE
8
BLACK
6
CONTINUOUS
10
0.8268762992125984
20
1.0465944881889764
11
0.5589596062992126
21
1.0465944881889764
0
LINE
8
BLACK
6
CONTINUOUS
10
0.5589596062992126
20
1.0465944881889764
11
0.5578074803149606
21
1.0467079527559056
0
LINE
8
BLACK
6
CONTINUOUS
10
0.5578074803149606
20
1.0467079527559056
11
0.5564553543307087
21
1.047268031496063
0
LINE
8
BLACK
6
CONTINUOUS
10
0.5564553543307087
20
1.047268031496063
11
0.5556787007874016
21
1.0475897244094488
0
LINE
8
BLACK
6
CONTINUOUS
10
0.5556787007874016
20
1.0475897244094488
11
0.5547837795275591
21
1.0483241732283464
0
LINE
8
BLACK
6
CONTINUOUS
10
0.5547837795275591
20
1.0483241732283464
11
0.5102043700787402
21
1.0929035433070866
0
LINE
8
BLACK
6
CONTINUOUS
10
0.5102043700787402
20
1.0929035433070866
11
0.509488031496063
21
1.09249
0
LINE
8
BLACK
6
CONTINUOUS
10
0.509488031496063
20
1.09249
11
0.5050703149606299
21
1.0913062598425196
0
LINE
8
BLACK
6
CONTINUOUS
10
0.5050703149606299
20
1.0913062598425196
11
0.5004967716535433
21
1.0913062598425196
0
LINE
8
BLACK
6
CONTINUOUS
10
0.5004967716535433
20
1.0913062598425196
11
0.4960790551181102
21
1.09249
0
LINE
8
BLACK
6
CONTINUOUS
10
0.4960790551181102
20
1.09249
11
0.4921182283464567
21
1.0947767716535433
0
LINE
8
BLACK
6
CONTINUOUS
10
0.4921182283464567
20
1.0947767716535433
11
0.4888842519685039
21
1.098010748031496
0
LINE
8
BLACK
6
CONTINUOUS
10
0.4888842519685039
20
1.098010748031496
11
0.4865974803149606
21
1.1019715748031496
0
LINE
8
BLACK
6
CONTINUOUS
10
0.4865974803149606
20
1.1019715748031496
11
0.4854137401574803
21
1.1063892913385827
0
LINE
8
BLACK
6
CONTINUOUS
10
0.4854137401574803
20
1.1063892913385827
11
0.4854137401574803
21
1.1109628346456693
0
LINE
8
BLACK
6
CONTINUOUS
10
0.4854137401574803
20
1.1109628346456693
11
0.4865974803149606
21
1.1153805511811024
0
LINE
8
BLACK
6
CONTINUOUS
10
0.4865974803149606
20
1.1153805511811024
11
0.4888842519685039
21
1.1193413779527559
0
LINE
8
BLACK
6
CONTINUOUS
10
0.4888842519685039
20
1.1193413779527559
11
0.4921182283464567
21
1.1225753543307087
0
LINE
8
BLACK
6
CONTINUOUS
10
0.4921182283464567
20
1.1225753543307087
11
0.4960790551181102
21
1.1248621259842519
0
LINE
8
BLACK
6
CONTINUOUS
10
0.4960790551181102
20
1.1248621259842519
11
0.5004967716535433
21
1.1260458661417323
0
LINE
8
BLACK
6
CONTINUOUS
10
0.5004967716535433
20
1.1260458661417323
11
0.5050703149606299
21
1.1260458661417323
0
LINE
8
BLACK
6
CONTINUOUS
10
0.5050703149606299
20
1.1260458661417323
11
0.509488031496063
21
1.1248621259842519
0
LINE
8
BLACK
6
CONTINUOUS
10
0.5096624409448819
20
1.1751213385826771
11
0.5136232677165354
21
1.1728345669291338
0
LINE
8
BLACK
6
CONTINUOUS
10
0.5136232677165354
20
1.1728345669291338
11
0.5168572440944882
21
1.169600590551181
0
LINE
8
BLACK
6
CONTINUOUS
10
0.5168572440944882
20
1.169600590551181
11
0.5191440157480315
21
1.1656397637795275
0
LINE
8
BLACK
6
CONTINUOUS
10
0.5191440157480315
20
1.1656397637795275
11
0.5193581102362205
21
1.1648407874015747
0
LINE
8
BLACK
6
CONTINUOUS
10
0.5193581102362205
20
1.1648407874015747
11
0.58
21
1.1648407874015747
0
LINE
8
BLACK
6
CONTINUOUS
10
0.58
20
1.1648407874015747
11
0.590377874015748
21
1.1648407874015747
0
LINE
8
BLACK
6
CONTINUOUS
10
0.590377874015748
20
1.1648407874015747
11
0.59153
21
1.1647273228346458
0
LINE
8
BLACK
6
CONTINUOUS
10
0.59153
20
1.1647273228346458
11
0.5924117716535433
21
1.1643620472440945
0
LINE
8
BLACK
6
CONTINUOUS
10
0.5924117716535433
20
1.1643620472440945
11
0.5936587795275591
21
1.1638455511811023
0
LINE
8
BLACK
6
CONTINUOUS
10
0.5936587795275591
20
1.1638455511811023
11
0.5945537007874016
21
1.1631111023622047
0
LINE
8
BLACK
6
CONTINUOUS
10
0.5945537007874016
20
1.1631111023622047
11
0.6195383858267717
21
1.138126377952756
0
LINE
8
BLACK
6
CONTINUOUS
10
0.6195383858267717
20
1.138126377952756
11
0.6202547637795276
21
1.1385399606299211
0
LINE
8
BLACK
6
CONTINUOUS
10
0.6202547637795276
20
1.1385399606299211
11
0.6246724803149606
21
1.1397237007874015
0
LINE
8
BLACK
6
CONTINUOUS
10
0.6246724803149606
20
1.1397237007874015
11
0.6292460236220472
21
1.1397237007874015
0
LINE
8
BLACK
6
CONTINUOUS
10
0.6292460236220472
20
1.1397237007874015
11
0.6336637401574803
21
1.1385399606299211
0
LINE
8
BLACK
6
CONTINUOUS
10
0.6336637401574803
20
1.1385399606299211
11
0.6376245669291338
21
1.1362531889763778
0
LINE
8
BLACK
6
CONTINUOUS
10
0.6376245669291338
20
1.1362531889763778
11
0.6408585433070866
21
1.1330192125984251
0
LINE
8
BLACK
6
CONTINUOUS
10
0.6408585433070866
20
1.1330192125984251
11
0.6431453149606299
21
1.1290583858267715
0
LINE
8
BLACK
6
CONTINUOUS
10
0.6431453149606299
20
1.1290583858267715
11
0.6443290551181102
21
1.1246406692913387
0
LINE
8
BLACK
6
CONTINUOUS
10
0.6443290551181102
20
1.1246406692913387
11
0.6443290551181102
21
1.1200671259842518
0
LINE
8
BLACK
6
CONTINUOUS
10
0.6443290551181102
20
1.1200671259842518
11
0.6431453149606299
21
1.115649409448819
0
LINE
8
BLACK
6
CONTINUOUS
10
0.6431453149606299
20
1.115649409448819
11
0.6408585433070866
21
1.1116885826771654
0
LINE
8
BLACK
6
CONTINUOUS
10
0.6408585433070866
20
1.1116885826771654
11
0.6376245669291338
21
1.1084546062992127
0
LINE
8
BLACK
6
CONTINUOUS
10
0.6376245669291338
20
1.1084546062992127
11
0.6336637401574803
21
1.1061678346456694
0
LINE
8
BLACK
6
CONTINUOUS
10
0.6336637401574803
20
1.1061678346456694
11
0.6292460236220472
21
1.104984094488189
0
LINE
8
BLACK
6
CONTINUOUS
10
0.6292460236220472
20
1.104984094488189
11
0.6246724803149606
21
1.104984094488189
0
LINE
8
BLACK
6
CONTINUOUS
10
0.6246724803149606
20
1.104984094488189
11
0.6202547637795276
21
1.1061678346456694
0
LINE
8
BLACK
6
CONTINUOUS
10
0.6202547637795276
20
1.1061678346456694
11
0.616293937007874
21
1.1084546062992127
0
LINE
8
BLACK
6
CONTINUOUS
10
0.616293937007874
20
1.1084546062992127
11
0.6130599606299213
21
1.1116885826771654
0
LINE
8
BLACK
6
CONTINUOUS
10
0.6130599606299213
20
1.1116885826771654
11
0.6107731889763779
21
1.115649409448819
0
LINE
8
BLACK
6
CONTINUOUS
10
0.6107731889763779
20
1.115649409448819
11
0.6095894488188977
21
1.1200671259842518
0
LINE
8
BLACK
6
CONTINUOUS
10
0.6095894488188977
20
1.1200671259842518
11
0.6095894488188977
21
1.1246406692913387
0
LINE
8
BLACK
6
CONTINUOUS
10
0.6095894488188977
20
1.1246406692913387
11
0.6107731889763779
21
1.1290583858267715
0
LINE
8
BLACK
6
CONTINUOUS
10
0.6107731889763779
20
1.1290583858267715
11
0.6111867322834645
21
1.1297747244094487
0
LINE
8
BLACK
6
CONTINUOUS
10
0.6111867322834645
20
1.1297747244094487
11
0.5879317322834645
21
1.1530297637795275
0
LINE
8
BLACK
6
CONTINUOUS
10
0.5879317322834645
20
1.1530297637795275
11
0.58
21
1.1530297637795275
0
LINE
8
BLACK
6
CONTINUOUS
10
0.58
20
1.1530297637795275
11
0.5193581102362205
21
1.1530297637795275
0
LINE
8
BLACK
6
CONTINUOUS
10
0.5193581102362205
20
1.1530297637795275
11
0.5191440157480315
21
1.1522307874015747
0
LINE
8
BLACK
6
CONTINUOUS
10
0.5191440157480315
20
1.1522307874015747
11
0.5168572440944882
21
1.1482699606299211
0
LINE
8
BLACK
6
CONTINUOUS
10
0.5168572440944882
20
1.1482699606299211
11
0.5136232677165354
21
1.1450359842519684
0
LINE
8
BLACK
6
CONTINUOUS
10
0.5136232677165354
20
1.1450359842519684
11
0.5096624409448819
21
1.1427492125984251
0
LINE
8
BLACK
6
CONTINUOUS
10
0.5096624409448819
20
1.1427492125984251
11
0.5052447244094488
21
1.1415654724409448
0
LINE
8
BLACK
6
CONTINUOUS
10
0.5052447244094488
20
1.1415654724409448
11
0.5006711811023622
21
1.1415654724409448
0
LINE
8
BLACK
6
CONTINUOUS
10
0.5006711811023622
20
1.1415654724409448
11
0.4962534645669291
21
1.1427492125984251
0
LINE
8
BLACK
6
CONTINUOUS
10
0.4962534645669291
20
1.1427492125984251
11
0.4922926377952756
21
1.1450359842519684
0
LINE
8
BLACK
6
CONTINUOUS
10
0.4922926377952756
20
1.1450359842519684
11
0.4890586614173228
21
1.1482699606299211
0
LINE
8
BLACK
6
CONTINUOUS
10
0.4890586614173228
20
1.1482699606299211
11
0.4867718897637795
21
1.1522307874015747
0
LINE
8
BLACK
6
CONTINUOUS
10
0.4867718897637795
20
1.1522307874015747
11
0.4855881496062992
21
1.1566485039370078
0
LINE
8
BLACK
6
CONTINUOUS
10
0.4855881496062992
20
1.1566485039370078
11
0.4855881496062992
21
1.1612220472440944
0
LINE
8
BLACK
6
CONTINUOUS
10
0.4855881496062992
20
1.1612220472440944
11
0.4867718897637795
21
1.1656397637795275
0
LINE
8
BLACK
6
CONTINUOUS
10
0.4867718897637795
20
1.1656397637795275
11
0.4890586614173228
21
1.169600590551181
0
LINE
8
BLACK
6
CONTINUOUS
10
0.4890586614173228
20
1.169600590551181
11
0.4922926377952756
21
1.1728345669291338
0
LINE
8
BLACK
6
CONTINUOUS
10
0.4922926377952756
20
1.1728345669291338
11
0.4962534645669291
21
1.1751213385826771
0
LINE
8
BLACK
6
CONTINUOUS
10
0.4962534645669291
20
1.1751213385826771
11
0.5006711811023622
21
1.1763050787401574
0
LINE
8
BLACK
6
CONTINUOUS
10
0.5006711811023622
20
1.1763050787401574
11
0.5052447244094488
21
1.1763050787401574
0
LINE
8
BLACK
6
CONTINUOUS
10
0.5052447244094488
20
1.1763050787401574
11
0.5096624409448819
21
1.1751213385826771
0
LINE
8
BLACK
6
CONTINUOUS
10
0.5329120866141732
20
1.2033116929133858
11
0.5337938582677165
21
1.2029464173228346
0
LINE
8
BLACK
6
CONTINUOUS
10
0.5337938582677165
20
1.2029464173228346
11
0.5350408661417323
21
1.2024299212598424
0
LINE
8
BLACK
6
CONTINUOUS
10
0.5350408661417323
20
1.2024299212598424
11
0.5359357874015748
21
1.2016954724409448
0
LINE
8
BLACK
6
CONTINUOUS
10
0.5359357874015748
20
1.2016954724409448
11
0.5424461417322834
21
1.1951851181102362
0
LINE
8
BLACK
6
CONTINUOUS
10
0.5424461417322834
20
1.1951851181102362
11
0.6009438188976378
21
1.1951851181102362
0
LINE
8
BLACK
6
CONTINUOUS
10
0.6009438188976378
20
1.1951851181102362
11
0.6020959448818898
21
1.195071653543307
0
LINE
8
BLACK
6
CONTINUOUS
10
0.6020959448818898
20
1.195071653543307
11
0.6029777165354331
21
1.1947063779527558
0
LINE
8
BLACK
6
CONTINUOUS
10
0.6029777165354331
20
1.1947063779527558
11
0.6042247244094489
21
1.1941898818897638
0
LINE
8
BLACK
6
CONTINUOUS
10
0.6042247244094489
20
1.1941898818897638
11
0.6051196456692913
21
1.1934554330708662
0
LINE
8
BLACK
6
CONTINUOUS
10
0.6051196456692913
20
1.1934554330708662
11
0.6326695669291339
21
1.1659055118110235
0
LINE
8
BLACK
6
CONTINUOUS
10
0.6326695669291339
20
1.1659055118110235
11
0.638599842519685
21
1.1659055118110235
0
LINE
8
BLACK
6
CONTINUOUS
10
0.638599842519685
20
1.1659055118110235
11
0.638813937007874
21
1.1667044881889763
0
LINE
8
BLACK
6
CONTINUOUS
10
0.638813937007874
20
1.1667044881889763
11
0.6411007086614173
21
1.1706653149606299
0
LINE
8
BLACK
6
CONTINUOUS
10
0.6411007086614173
20
1.1706653149606299
11
0.6443346850393701
21
1.1738992913385826
0
LINE
8
BLACK
6
CONTINUOUS
10
0.6443346850393701
20
1.1738992913385826
11
0.6482955118110236
21
1.1761860629921259
0
LINE
8
BLACK
6
CONTINUOUS
10
0.6482955118110236
20
1.1761860629921259
11
0.6527132283464567
21
1.1773698031496063
0
LINE
8
BLACK
6
CONTINUOUS
10
0.6527132283464567
20
1.1773698031496063
11
0.6572867716535433
21
1.1773698031496063
0
LINE
8
BLACK
6
CONTINUOUS
10
0.6572867716535433
20
1.1773698031496063
11
0.6617044881889763
21
1.1761860629921259
0
LINE
8
BLACK
6
CONTINUOUS
10
0.6617044881889763
20
1.1761860629921259
11
0.6656653149606299
21
1.1738992913385826
0
LINE
8
BLACK
6
CONTINUOUS
10
0.6656653149606299
20
1.1738992913385826
11
0.6688992913385826
21
1.1706653149606299
0
LINE
8
BLACK
6
CONTINUOUS
10
0.6688992913385826
20
1.1706653149606299
11
0.671186062992126
21
1.1667044881889763
0
LINE
8
BLACK
6
CONTINUOUS
10
0.671186062992126
20
1.1667044881889763
11
0.6723698031496063
21
1.1622867716535432
0
LINE
8
BLACK
6
CONTINUOUS
10
0.6723698031496063
20
1.1622867716535432
11
0.6723698031496063
21
1.1577132283464566
0
LINE
8
BLACK
6
CONTINUOUS
10
0.6723698031496063
20
1.1577132283464566
11
0.671186062992126
21
1.1532955118110235
0
LINE
8
BLACK
6
CONTINUOUS
10
0.671186062992126
20
1.1532955118110235
11
0.6688992913385826
21
1.14933468503937
0
LINE
8
BLACK
6
CONTINUOUS
10
0.6688992913385826
20
1.14933468503937
11
0.6656653149606299
21
1.1461007086614172
0
LINE
8
BLACK
6
CONTINUOUS
10
0.6656653149606299
20
1.1461007086614172
11
0.6617044881889763
21
1.1438139370078739
0
LINE
8
BLACK
6
CONTINUOUS
10
0.6617044881889763
20
1.1438139370078739
11
0.6572867716535433
21
1.1426301968503936
0
LINE
8
BLACK
6
CONTINUOUS
10
0.6572867716535433
20
1.1426301968503936
11
0.6527132283464567
21
1.1426301968503936
0
LINE
8
BLACK
6
CONTINUOUS
10
0.6527132283464567
20
1.1426301968503936
11
0.6482955118110236
21
1.1438139370078739
0
LINE
8
BLACK
6
CONTINUOUS
10
0.6482955118110236
20
1.1438139370078739
11
0.6443346850393701
21
1.1461007086614172
0
LINE
8
BLACK
6
CONTINUOUS
10
0.6443346850393701
20
1.1461007086614172
11
0.6411007086614173
21
1.14933468503937
0
LINE
8
BLACK
6
CONTINUOUS
10
0.6411007086614173
20
1.14933468503937
11
0.638813937007874
21
1.1532955118110235
0
LINE
8
BLACK
6
CONTINUOUS
10
0.638813937007874
20
1.1532955118110235
11
0.638599842519685
21
1.1540944881889763
0
LINE
8
BLACK
6
CONTINUOUS
10
0.638599842519685
20
1.1540944881889763
11
0.6302234251968504
21
1.1540944881889763
0
LINE
8
BLACK
6
CONTINUOUS
10
0.6302234251968504
20
1.1540944881889763
11
0.6290712992125984
21
1.1542079527559055
0
LINE
8
BLACK
6
CONTINUOUS
10
0.6290712992125984
20
1.1542079527559055
11
0.6278242519685039
21
1.1547244881889764
0
LINE
8
BLACK
6
CONTINUOUS
10
0.6278242519685039
20
1.1547244881889764
11
0.6269424803149606
21
1.1550897244094489
0
LINE
8
BLACK
6
CONTINUOUS
10
0.6269424803149606
20
1.1550897244094489
11
0.6260475984251969
21
1.1558241732283465
0
LINE
8
BLACK
6
CONTINUOUS
10
0.6260475984251969
20
1.1558241732283465
11
0.5984976771653543
21
1.183374094488189
0
LINE
8
BLACK
6
CONTINUOUS
10
0.5984976771653543
20
1.183374094488189
11
0.54
21
1.183374094488189
0
LINE
8
BLACK
6
CONTINUOUS
10
0.54
20
1.183374094488189
11
0.5388478740157481
21
1.1834875590551182
0
LINE
8
BLACK
6
CONTINUOUS
10
0.5388478740157481
20
1.1834875590551182
11
0.5379661023622047
21
1.1838527952755906
0
LINE
8
BLACK
6
CONTINUOUS
10
0.5379661023622047
20
1.1838527952755906
11
0.536719094488189
21
1.1843693307086613
0
LINE
8
BLACK
6
CONTINUOUS
10
0.536719094488189
20
1.1843693307086613
11
0.5358241732283464
21
1.185103779527559
0
LINE
8
BLACK
6
CONTINUOUS
10
0.5358241732283464
20
1.185103779527559
11
0.5293138188976377
21
1.1916141338582678
0
LINE
8
BLACK
6
CONTINUOUS
10
0.5293138188976377
20
1.1916141338582678
11
0.4849657874015748
21
1.1916141338582678
0
LINE
8
BLACK
6
CONTINUOUS
10
0.4849657874015748
20
1.1916141338582678
11
0.4807724803149606
21
1.1874208267716535
0
LINE
8
BLACK
6
CONTINUOUS
10
0.4807724803149606
20
1.1874208267716535
11
0.481186062992126
21
1.1867044881889763
0
LINE
8
BLACK
6
CONTINUOUS
10
0.481186062992126
20
1.1867044881889763
11
0.4823698031496063
21
1.1822867716535432
0
LINE
8
BLACK
6
CONTINUOUS
10
0.4823698031496063
20
1.1822867716535432
11
0.4823698031496063
21
1.1777132283464566
0
LINE
8
BLACK
6
CONTINUOUS
10
0.4823698031496063
20
1.1777132283464566
11
0.481186062992126
21
1.1732955118110235
0
LINE
8
BLACK
6
CONTINUOUS
10
0.481186062992126
20
1.1732955118110235
11
0.4788992913385827
21
1.16933468503937
0
LINE
8
BLACK
6
CONTINUOUS
10
0.4788992913385827
20
1.16933468503937
11
0.4756653149606299
21
1.1661007086614172
0
LINE
8
BLACK
6
CONTINUOUS
10
0.4756653149606299
20
1.1661007086614172
11
0.4717044881889764
21
1.1638139370078739
0
LINE
8
BLACK
6
CONTINUOUS
10
0.4717044881889764
20
1.1638139370078739
11
0.4672867716535433
21
1.1626301968503936
0
LINE
8
BLACK
6
CONTINUOUS
10
0.4672867716535433
20
1.1626301968503936
11
0.4627132283464567
21
1.1626301968503936
0
LINE
8
BLACK
6
CONTINUOUS
10
0.4627132283464567
20
1.1626301968503936
11
0.4582955118110236
21
1.1638139370078739
0
LINE
8
BLACK
6
CONTINUOUS
10
0.4582955118110236
20
1.1638139370078739
11
0.4543346850393701
21
1.1661007086614172
0
LINE
8
BLACK
6
CONTINUOUS
10
0.4543346850393701
20
1.1661007086614172
11
0.4511007086614173
21
1.16933468503937
0
LINE
8
BLACK
6
CONTINUOUS
10
0.4511007086614173
20
1.16933468503937
11
0.448813937007874
21
1.1732955118110235
0
LINE
8
BLACK
6
CONTINUOUS
10
0.448813937007874
20
1.1732955118110235
11
0.4476301968503937
21
1.1777132283464566
0
LINE
8
BLACK
6
CONTINUOUS
10
0.4476301968503937
20
1.1777132283464566
11
0.4476301968503937
21
1.1822867716535432
0
LINE
8
BLACK
6
CONTINUOUS
10
0.4476301968503937
20
1.1822867716535432
11
0.448813937007874
21
1.1867044881889763
0
LINE
8
BLACK
6
CONTINUOUS
10
0.448813937007874
20
1.1867044881889763
11
0.4511007086614173
21
1.1906653149606299
0
LINE
8
BLACK
6
CONTINUOUS
10
0.4511007086614173
20
1.1906653149606299
11
0.4543346850393701
21
1.1938992913385826
0
LINE
8
BLACK
6
CONTINUOUS
10
0.4543346850393701
20
1.1938992913385826
11
0.4582955118110236
21
1.1961860629921259
0
LINE
8
BLACK
6
CONTINUOUS
10
0.4582955118110236
20
1.1961860629921259
11
0.4627132283464567
21
1.1973698031496063
0
LINE
8
BLACK
6
CONTINUOUS
10
0.4627132283464567
20
1.1973698031496063
11
0.4672867716535433
21
1.1973698031496063
0
LINE
8
BLACK
6
CONTINUOUS
10
0.4672867716535433
20
1.1973698031496063
11
0.4717044881889764
21
1.1961860629921259
0
LINE
8
BLACK
6
CONTINUOUS
10
0.4717044881889764
20
1.1961860629921259
11
0.4724208267716535
21
1.1957724803149605
0
LINE
8
BLACK
6
CONTINUOUS
10
0.4724208267716535
20
1.1957724803149605
11
0.4783438188976378
21
1.2016954724409448
0
LINE
8
BLACK
6
CONTINUOUS
10
0.4783438188976378
20
1.2016954724409448
11
0.4792387401574803
21
1.2024299212598424
0
LINE
8
BLACK
6
CONTINUOUS
10
0.4792387401574803
20
1.2024299212598424
11
0.4804857480314961
21
1.2029464173228346
0
LINE
8
BLACK
6
CONTINUOUS
10
0.4804857480314961
20
1.2029464173228346
11
0.4813675196850394
21
1.2033116929133858
0
LINE
8
BLACK
6
CONTINUOUS
10
0.4813675196850394
20
1.2033116929133858
11
0.4825196456692913
21
1.203425157480315
0
LINE
8
BLACK
6
CONTINUOUS
10
0.4825196456692913
20
1.203425157480315
11
0.5317599606299213
21
1.203425157480315
0
LINE
8
BLACK
6
CONTINUOUS
10
0.5317599606299213
20
1.203425157480315
11
0.5329120866141732
21
1.2033116929133858
0
LINE
8
BLACK
6
CONTINUOUS
10
0.52
20
1.4299999999999999
11
0.46
21
1.4299999999999999
0
LINE
8
BLACK
6
CONTINUOUS
10
0.46
20
1.4299999999999999
11
0.46
21
1.49
0
LINE
8
BLACK
6
CONTINUOUS
10
0.46
20
1.49
11
0.52
21
1.49
0
LINE
8
BLACK
6
CONTINUOUS
10
0.52
20
1.49
11
0.52
21
1.4299999999999999
0
LINE
8
BLACK
6
CONTINUOUS
10
0.62
20
1.4299999999999999
11
0.5599999999999999
21
1.4299999999999999
0
LINE
8
BLACK
6
CONTINUOUS
10
0.5599999999999999
20
1.4299999999999999
11
0.5599999999999999
21
1.49
0
LINE
8
BLACK
6
CONTINUOUS
10
0.5599999999999999
20
1.49
11
0.62
21
1.49
0
LINE
8
BLACK
6
CONTINUOUS
10
0.62
20
1.49
11
0.62
21
1.4299999999999999
0
LINE
8
BLACK
6
CONTINUOUS
10
0.59
20
0.6799999999999999
11
0.53
21
0.6799999999999999
0
LINE
8
BLACK
6
CONTINUOUS
10
0.53
20
0.6799999999999999
11
0.53
21
0.74
0
LINE
8
BLACK
6
CONTINUOUS
10
0.53
20
0.74
11
0.59
21
0.74
0
LINE
8
BLACK
6
CONTINUOUS
10
0.59
20
0.74
11
0.59
21
0.6799999999999999
0
LINE
8
BLACK
6
CONTINUOUS
10
0.6899999999999999
20
0.6799999999999999
11
0.63
21
0.6799999999999999
0
LINE
8
BLACK
6
CONTINUOUS
10
0.63
20
0.6799999999999999
11
0.63
21
0.74
0
LINE
8
BLACK
6
CONTINUOUS
10
0.63
20
0.74
11
0.6899999999999999
21
0.74
0
LINE
8
BLACK
6
CONTINUOUS
10
0.6899999999999999
20
0.74
11
0.6899999999999999
21
0.6799999999999999
0
LINE
8
BLACK
6
CONTINUOUS
10
0.79
20
0.6799999999999999
11
0.73
21
0.6799999999999999
0
LINE
8
BLACK
6
CONTINUOUS
10
0.73
20
0.6799999999999999
11
0.73
21
0.74
0
LINE
8
BLACK
6
CONTINUOUS
10
0.73
20
0.74
11
0.79
21
0.74
0
LINE
8
BLACK
6
CONTINUOUS
10
0.79
20
0.74
11
0.79
21
0.6799999999999999
0
LINE
8
BLACK
6
CONTINUOUS
10
0.89
20
0.6799999999999999
11
0.83
21
0.6799999999999999
0
LINE
8
BLACK
6
CONTINUOUS
10
0.83
20
0.6799999999999999
11
0.83
21
0.74
0
LINE
8
BLACK
6
CONTINUOUS
10
0.83
20
0.74
11
0.89
21
0.74
0
LINE
8
BLACK
6
CONTINUOUS
10
0.89
20
0.74
11
0.89
21
0.6799999999999999
0
LINE
8
BLACK
6
CONTINUOUS
10
0.99
20
0.6799999999999999
11
0.9299999999999999
21
0.6799999999999999
0
LINE
8
BLACK
6
CONTINUOUS
10
0.9299999999999999
20
0.6799999999999999
11
0.9299999999999999
21
0.74
0
LINE
8
BLACK
6
CONTINUOUS
10
0.9299999999999999
20
0.74
11
0.99
21
0.74
0
LINE
8
BLACK
6
CONTINUOUS
10
0.99
20
0.74
11
0.99
21
0.6799999999999999
0
LINE
8
BLACK
6
CONTINUOUS
10
1.0900000000000001
20
0.6799999999999999
11
1.03
21
0.6799999999999999
0
LINE
8
BLACK
6
CONTINUOUS
10
1.03
20
0.6799999999999999
11
1.03
21
0.74
0
LINE
8
BLACK
6
CONTINUOUS
10
1.03
20
0.74
11
1.0900000000000001
21
0.74
0
LINE
8
BLACK
6
CONTINUOUS
10
1.0900000000000001
20
0.74
11
1.0900000000000001
21
0.6799999999999999
0
LINE
8
BLACK
6
CONTINUOUS
10
0.275
20
0.705
11
0.215
21
0.705
0
LINE
8
BLACK
6
CONTINUOUS
10
0.215
20
0.705
11
0.215
21
0.765
0
LINE
8
BLACK
6
CONTINUOUS
10
0.215
20
0.765
11
0.275
21
0.765
0
LINE
8
BLACK
6
CONTINUOUS
10
0.275
20
0.765
11
0.275
21
0.705
0
LINE
8
BLACK
6
CONTINUOUS
10
0.59
20
0.78
11
0.53
21
0.78
0
LINE
8
BLACK
6
CONTINUOUS
10
0.53
20
0.78
11
0.53
21
0.84
0
LINE
8
BLACK
6
CONTINUOUS
10
0.53
20
0.84
11
0.59
21
0.84
0
LINE
8
BLACK
6
CONTINUOUS
10
0.59
20
0.84
11
0.59
21
0.78
0
LINE
8
BLACK
6
CONTINUOUS
10
0.6899999999999999
20
0.78
11
0.63
21
0.78
0
LINE
8
BLACK
6
CONTINUOUS
10
0.63
20
0.78
11
0.63
21
0.84
0
LINE
8
BLACK
6
CONTINUOUS
10
0.63
20
0.84
11
0.6899999999999999
21
0.84
0
LINE
8
BLACK
6
CONTINUOUS
10
0.6899999999999999
20
0.84
11
0.6899999999999999
21
0.78
0
LINE
8
BLACK
6
CONTINUOUS
10
0.79
20
0.78
11
0.73
21
0.78
0
LINE
8
BLACK
6
CONTINUOUS
10
0.73
20
0.78
11
0.73
21
0.84
0
LINE
8
BLACK
6
CONTINUOUS
10
0.73
20
0.84
11
0.79
21
0.84
0
LINE
8
BLACK
6
CONTINUOUS
10
0.79
20
0.84
11
0.79
21
0.78
0
LINE
8
BLACK
6
CONTINUOUS
10
0.89
20
0.78
11
0.83
21
0.78
0
LINE
8
BLACK
6
CONTINUOUS
10
0.83
20
0.78
11
0.83
21
0.84
0
LINE
8
BLACK
6
CONTINUOUS
10
0.83
20
0.84
11
0.89
21
0.84
0
LINE
8
BLACK
6
CONTINUOUS
10
0.89
20
0.84
11
0.89
21
0.78
0
LINE
8
BLACK
6
CONTINUOUS
10
0.99
20
0.78
11
0.9299999999999999
21
0.78
0
LINE
8
BLACK
6
CONTINUOUS
10
0.9299999999999999
20
0.78
11
0.9299999999999999
21
0.84
0
LINE
8
BLACK
6
CONTINUOUS
10
0.9299999999999999
20
0.84
11
0.99
21
0.84
0
LINE
8
BLACK
6
CONTINUOUS
10
0.99
20
0.84
11
0.99
21
0.78
0
LINE
8
BLACK
6
CONTINUOUS
10
1.0900000000000001
20
0.78
11
1.03
21
0.78
0
LINE
8
BLACK
6
CONTINUOUS
10
1.03
20
0.78
11
1.03
21
0.84
0
LINE
8
BLACK
6
CONTINUOUS
10
1.03
20
0.84
11
1.0900000000000001
21
0.84
0
LINE
8
BLACK
6
CONTINUOUS
10
1.0900000000000001
20
0.84
11
1.0900000000000001
21
0.78
0
LINE
8
BLACK
6
CONTINUOUS
10
1.3374999999999999
20
0.8825
11
1.2775000000000001
21
0.8825
0
LINE
8
BLACK
6
CONTINUOUS
10
1.2775000000000001
20
0.8825
11
1.2775000000000001
21
0.9425
0
LINE
8
BLACK
6
CONTINUOUS
10
1.2775000000000001
20
0.9425
11
1.3374999999999999
21
0.9425
0
LINE
8
BLACK
6
CONTINUOUS
10
1.3374999999999999
20
0.9425
11
1.3374999999999999
21
0.8825
0
LINE
8
BLACK
6
CONTINUOUS
10
0.2775
20
1.3625
11
0.2175
21
1.3625
0
LINE
8
BLACK
6
CONTINUOUS
10
0.2175
20
1.3625
11
0.2175
21
1.4224999999999999
0
LINE
8
BLACK
6
CONTINUOUS
10
0.2175
20
1.4224999999999999
11
0.2775
21
1.4224999999999999
0
LINE
8
BLACK
6
CONTINUOUS
10
0.2775
20
1.4224999999999999
11
0.2775
21
1.3625
0
LINE
8
BLACK
6
CONTINUOUS
10
1.1599999999999999
20
1.405
11
1.0999999999999999
21
1.405
0
LINE
8
BLACK
6
CONTINUOUS
10
1.0999999999999999
20
1.405
11
1.0999999999999999
21
1.4649999999999999
0
LINE
8
BLACK
6
CONTINUOUS
10
1.0999999999999999
20
1.4649999999999999
11
1.1599999999999999
21
1.4649999999999999
0
LINE
8
BLACK
6
CONTINUOUS
10
1.1599999999999999
20
1.4649999999999999
11
1.1599999999999999
21
1.405
0
LINE
8
BLACK
6
CONTINUOUS
10
1.415
20
1.4550000000000001
11
1.355
21
1.4550000000000001
0
LINE
8
BLACK
6
CONTINUOUS
10
1.355
20
1.4550000000000001
11
1.355
21
1.5149999999999999
0
LINE
8
BLACK
6
CONTINUOUS
10
1.355
20
1.5149999999999999
11
1.415
21
1.5149999999999999
0
LINE
8
BLACK
6
CONTINUOUS
10
1.415
20
1.5149999999999999
11
1.415
21
1.4550000000000001
0
LINE
8
BLACK
6
CONTINUOUS
10
1.5149999999999999
20
1.4550000000000001
11
1.4550000000000001
21
1.4550000000000001
0
LINE
8
BLACK
6
CONTINUOUS
10
1.4550000000000001
20
1.4550000000000001
11
1.4550000000000001
21
1.5149999999999999
0
LINE
8
BLACK
6
CONTINUOUS
10
1.4550000000000001
20
1.5149999999999999
11
1.5149999999999999
21
1.5149999999999999
0
LINE
8
BLACK
6
CONTINUOUS
10
1.5149999999999999
20
1.5149999999999999
11
1.5149999999999999
21
1.4550000000000001
0
LINE
8
BLACK
6
CONTINUOUS
10
1.1599999999999999
20
1.5049999999999999
11
1.0999999999999999
21
1.5049999999999999
0
LINE
8
BLACK
6
CONTINUOUS
10
1.0999999999999999
20
1.5049999999999999
11
1.0999999999999999
21
1.5649999999999999
0
LINE
8
BLACK
6
CONTINUOUS
10
1.0999999999999999
20
1.5649999999999999
11
1.1599999999999999
21
1.5649999999999999
0
LINE
8
BLACK
6
CONTINUOUS
10
1.1599999999999999
20
1.5649999999999999
11
1.1599999999999999
21
1.5049999999999999
0
LINE
8
BLACK
6
CONTINUOUS
10
0.52
20
1.6299999999999999
11
0.46
21
1.6299999999999999
0
LINE
8
BLACK
6
CONTINUOUS
10
0.46
20
1.6299999999999999
11
0.46
21
1.6899999999999999
0
LINE
8
BLACK
6
CONTINUOUS
10
0.46
20
1.6899999999999999
11
0.52
21
1.6899999999999999
0
LINE
8
BLACK
6
CONTINUOUS
10
0.52
20
1.6899999999999999
11
0.52
21
1.6299999999999999
0
LINE
8
BLACK
6
CONTINUOUS
10
0.62
20
1.6299999999999999
11
0.5599999999999999
21
1.6299999999999999
0
LINE
8
BLACK
6
CONTINUOUS
10
0.5599999999999999
20
1.6299999999999999
11
0.5599999999999999
21
1.6899999999999999
0
LINE
8
BLACK
6
CONTINUOUS
10
0.5599999999999999
20
1.6899999999999999
11
0.62
21
1.6899999999999999
0
LINE
8
BLACK
6
CONTINUOUS
10
0.62
20
1.6899999999999999
11
0.62
21
1.6299999999999999
0
LINE
8
BLACK
6
CONTINUOUS
10
0.95
20
1.7649999999999999
11
0.89
21
1.7649999999999999
0
LINE
8
BLACK
6
CONTINUOUS
10
0.89
20
1.7649999999999999
11
0.89
21
1.825
0
LINE
8
BLACK
6
CONTINUOUS
10
0.89
20
1.825
11
0.95
21
1.825
0
LINE
8
BLACK
6
CONTINUOUS
10
0.95
20
1.825
11
0.95
21
1.7649999999999999
0
LINE
8
BLACK
6
CONTINUOUS
10
0.95
20
1.865
11
0.89
21
1.865
0
LINE
8
BLACK
6
CONTINUOUS
10
0.89
20
1.865
11
0.89
21
1.925
0
LINE
8
BLACK
6
CONTINUOUS
10
0.89
20
1.925
11
0.95
21
1.925
0
LINE
8
BLACK
6
CONTINUOUS
10
0.95
20
1.925
11
0.95
21
1.865
0
LINE
8
BLACK
6
CONTINUOUS
10
1.5857331102362204
20
1.9872243307086614
11
1.5875635433070865
21
1.9851118897637794
0
LINE
8
BLACK
6
CONTINUOUS
10
1.5875635433070865
20
1.9851118897637794
11
1.5880118110236221
21
1.9830511811023621
0
LINE
8
BLACK
6
CONTINUOUS
10
1.5880118110236221
20
1.9830511811023621
11
1.5880118110236221
21
0.0169488188976378
0
LINE
8
BLACK
6
CONTINUOUS
10
1.5880118110236221
20
0.0169488188976378
11
1.5872243307086613
21
0.0142668897637795
0
LINE
8
BLACK
6
CONTINUOUS
10
1.5872243307086613
20
0.0142668897637795
11
1.5851118897637795
21
0.0124364566929134
0
LINE
8
BLACK
6
CONTINUOUS
10
1.5851118897637795
20
0.0124364566929134
11
1.5830511811023622
21
0.011988188976378
0
LINE
8
BLACK
6
CONTINUOUS
10
1.5830511811023622
20
0.011988188976378
11
0.0169488188976378
21
0.011988188976378
0
LINE
8
BLACK
6
CONTINUOUS
10
0.0169488188976378
20
0.011988188976378
11
0.0142668897637795
21
0.0127756692913386
0
LINE
8
BLACK
6
CONTINUOUS
10
0.0142668897637795
20
0.0127756692913386
11
0.0124364566929134
21
0.0148881102362205
0
LINE
8
BLACK
6
CONTINUOUS
10
0.0124364566929134
20
0.0148881102362205
11
0.011988188976378
21
0.0169488188976378
0
LINE
8
BLACK
6
CONTINUOUS
10
0.011988188976378
20
0.0169488188976378
11
0.011988188976378
21
0.2349042125984252
0
LINE
8
BLACK
6
CONTINUOUS
10
0.011988188976378
20
0.2349042125984252
11
0.011988188976378
21
0.9386327952755905
0
LINE
8
BLACK
6
CONTINUOUS
10
0.011988188976378
20
0.9386327952755905
11
0.011988188976378
21
1.6907775590551182
0
LINE
8
BLACK
6
CONTINUOUS
10
0.011988188976378
20
1.6907775590551182
11
0.011988188976378
21
1.825777559055118
0
LINE
8
BLACK
6
CONTINUOUS
10
0.011988188976378
20
1.825777559055118
11
0.011988188976378
21
1.925777559055118
0
LINE
8
BLACK
6
CONTINUOUS
10
0.011988188976378
20
1.925777559055118
11
0.011988188976378
21
1.9830511811023621
0
LINE
8
BLACK
6
CONTINUOUS
10
0.011988188976378
20
1.9830511811023621
11
0.0127756692913386
21
1.9857331102362203
0
LINE
8
BLACK
6
CONTINUOUS
10
0.0127756692913386
20
1.9857331102362203
11
0.0148881102362205
21
1.9875635433070866
0
LINE
8
BLACK
6
CONTINUOUS
10
0.0148881102362205
20
1.9875635433070866
11
0.0169488188976378
21
1.988011811023622
0
LINE
8
BLACK
6
CONTINUOUS
10
0.0169488188976378
20
1.988011811023622
11
1.5830511811023622
21
1.988011811023622
0
LINE
8
BLACK
6
CONTINUOUS
10
1.5830511811023622
20
1.988011811023622
11
1.5857331102362204
21
1.9872243307086614
0
LINE
8
BLACK
6
CONTINUOUS
10
0.5387779133858268
20
0.303991062992126
11
0.5353716929133858
21
0.3035426377952756
0
LINE
8
BLACK
6
CONTINUOUS
10
0.5353716929133858
20
0.3035426377952756
11
0.5353716141732283
21
0.3035425984251968
0
LINE
8
BLACK
6
CONTINUOUS
10
0.5353716141732283
20
0.3035425984251968
11
0.5353714566929134
21
0.3035425984251968
0
LINE
8
BLACK
6
CONTINUOUS
10
0.5353714566929134
20
0.3035425984251968
11
0.5258973622047244
21
0.3010040157480315
0
LINE
8
BLACK
6
CONTINUOUS
10
0.5258973622047244
20
0.3010040157480315
11
0.5168357086614173
21
0.2972505511811023
0
LINE
8
BLACK
6
CONTINUOUS
10
0.5168357086614173
20
0.2972505511811023
11
0.5168353543307086
21
0.2972503149606299
0
LINE
8
BLACK
6
CONTINUOUS
10
0.5168353543307086
20
0.2972503149606299
11
0.5168351968503937
21
0.2972502755905512
0
LINE
8
BLACK
6
CONTINUOUS
10
0.5168351968503937
20
0.2972502755905512
11
0.5083415748031496
21
0.2923464960629921
0
LINE
8
BLACK
6
CONTINUOUS
10
0.5083415748031496
20
0.2923464960629921
11
0.5083414566929134
21
0.2923464173228346
0
LINE
8
BLACK
6
CONTINUOUS
10
0.5083414566929134
20
0.2923464173228346
11
0.50056
21
0.2863755118110236
0
LINE
8
BLACK
6
CONTINUOUS
10
0.50056
20
0.2863755118110236
11
0.5005597637795276
21
0.2863752755905511
0
LINE
8
BLACK
6
CONTINUOUS
10
0.5005597637795276
20
0.2863752755905511
11
0.5005595669291338
21
0.2863751181102362
0
LINE
8
BLACK
6
CONTINUOUS
10
0.5005595669291338
20
0.2863751181102362
11
0.493624842519685
21
0.2794403937007874
0
LINE
8
BLACK
6
CONTINUOUS
10
0.493624842519685
20
0.2794403937007874
11
0.4936246456692913
21
0.279440157480315
0
LINE
8
BLACK
6
CONTINUOUS
10
0.4936246456692913
20
0.279440157480315
11
0.4936244881889764
21
0.27944
0
LINE
8
BLACK
6
CONTINUOUS
10
0.4936244881889764
20
0.27944
11
0.4876535826771654
21
0.2716585433070866
0
LINE
8
BLACK
6
CONTINUOUS
10
0.4876535826771654
20
0.2716585433070866
11
0.4876534645669291
21
0.2716583858267717
0
LINE
8
BLACK
6
CONTINUOUS
10
0.4876534645669291
20
0.2716583858267717
11
0.48274968503937
21
0.2631647637795276
0
LINE
8
BLACK
6
CONTINUOUS
10
0.48274968503937
20
0.2631647637795276
11
0.4827495275590551
21
0.2631644488188976
0
LINE
8
BLACK
6
CONTINUOUS
10
0.4827495275590551
20
0.2631644488188976
11
0.4827494488188976
21
0.2631642913385827
0
LINE
8
BLACK
6
CONTINUOUS
10
0.4827494488188976
20
0.2631642913385827
11
0.4789959842519685
21
0.2541026377952756
0
LINE
8
BLACK
6
CONTINUOUS
10
0.4789959842519685
20
0.2541026377952756
11
0.4789959842519685
21
0.2541025984251968
0
LINE
8
BLACK
6
CONTINUOUS
10
0.4789959842519685
20
0.2541025984251968
11
0.4789959448818897
21
0.2541024409448819
0
LINE
8
BLACK
6
CONTINUOUS
10
0.4789959448818897
20
0.2541024409448819
11
0.4764573228346456
21
0.2446282677165354
0
LINE
8
BLACK
6
CONTINUOUS
10
0.4764573228346456
20
0.2446282677165354
11
0.4751771653543307
21
0.2349042125984252
0
LINE
8
BLACK
6
CONTINUOUS
10
0.4751771653543307
20
0.2349042125984252
11
0.4751771653543307
21
0.2250957480314961
0
LINE
8
BLACK
6
CONTINUOUS
10
0.4751771653543307
20
0.2250957480314961
11
0.4764573228346456
21
0.2153716929133858
0
LINE
8
BLACK
6
CONTINUOUS
10
0.4764573228346456
20
0.2153716929133858
11
0.4789959448818897
21
0.2058975196850394
0
LINE
8
BLACK
6
CONTINUOUS
10
0.4789959448818897
20
0.2058975196850394
11
0.4789959842519685
21
0.2058973622047244
0
LINE
8
BLACK
6
CONTINUOUS
10
0.4789959842519685
20
0.2058973622047244
11
0.4827494881889764
21
0.1968356299212598
0
LINE
8
BLACK
6
CONTINUOUS
10
0.4827494881889764
20
0.1968356299212598
11
0.48274968503937
21
0.1968351968503937
0
LINE
8
BLACK
6
CONTINUOUS
10
0.48274968503937
20
0.1968351968503937
11
0.4876534645669291
21
0.1883415748031496
0
LINE
8
BLACK
6
CONTINUOUS
10
0.4876534645669291
20
0.1883415748031496
11
0.4936244881889764
21
0.18056
0
LINE
8
BLACK
6
CONTINUOUS
10
0.4936244881889764
20
0.18056
11
0.493624842519685
21
0.1805595669291339
0
LINE
8
BLACK
6
CONTINUOUS
10
0.493624842519685
20
0.1805595669291339
11
0.5005595669291338
21
0.173624842519685
0
LINE
8
BLACK
6
CONTINUOUS
10
0.5005595669291338
20
0.173624842519685
11
0.50056
21
0.1736244881889764
0
LINE
8
BLACK
6
CONTINUOUS
10
0.50056
20
0.1736244881889764
11
0.5083415748031496
21
0.1676534645669291
0
LINE
8
BLACK
6
CONTINUOUS
10
0.5083415748031496
20
0.1676534645669291
11
0.5168351968503937
21
0.1627496850393701
0
LINE
8
BLACK
6
CONTINUOUS
10
0.5168351968503937
20
0.1627496850393701
11
0.5168356299212599
21
0.1627494881889764
0
LINE
8
BLACK
6
CONTINUOUS
10
0.5168356299212599
20
0.1627494881889764
11
0.5258973622047244
21
0.1589959842519685
0
LINE
8
BLACK
6
CONTINUOUS
10
0.5258973622047244
20
0.1589959842519685
11
0.5258975196850394
21
0.1589959448818898
0
LINE
8
BLACK
6
CONTINUOUS
10
0.5258975196850394
20
0.1589959448818898
11
0.5353716929133858
21
0.1564573228346457
0
LINE
8
BLACK
6
CONTINUOUS
10
0.5353716929133858
20
0.1564573228346457
11
0.5450957480314961
21
0.1551771653543307
0
LINE
8
BLACK
6
CONTINUOUS
10
0.5450957480314961
20
0.1551771653543307
11
0.5450958661417322
21
0.1551771653543307
0
LINE
8
BLACK
6
CONTINUOUS
10
0.5450958661417322
20
0.1551771653543307
11
0.5549042125984252
21
0.1551771653543307
0
LINE
8
BLACK
6
CONTINUOUS
10
0.5549042125984252
20
0.1551771653543307
11
0.5646282677165354
21
0.1564573228346457
0
LINE
8
BLACK
6
CONTINUOUS
10
0.5646282677165354
20
0.1564573228346457
11
0.5671667322834646
21
0.1571374803149606
0
LINE
8
BLACK
6
CONTINUOUS
10
0.5671667322834646
20
0.1571374803149606
11
0.5741026377952756
21
0.1589959842519685
0
LINE
8
BLACK
6
CONTINUOUS
10
0.5741026377952756
20
0.1589959842519685
11
0.5831642913385827
21
0.1627494488188976
0
LINE
8
BLACK
6
CONTINUOUS
10
0.5831642913385827
20
0.1627494488188976
11
0.5831644488188976
21
0.1627495275590551
0
LINE
8
BLACK
6
CONTINUOUS
10
0.5831644488188976
20
0.1627495275590551
11
0.5831647637795275
21
0.1627496850393701
0
LINE
8
BLACK
6
CONTINUOUS
10
0.5831647637795275
20
0.1627496850393701
11
0.5916583858267717
21
0.1676534645669291
0
LINE
8
BLACK
6
CONTINUOUS
10
0.5916583858267717
20
0.1676534645669291
11
0.5916585433070866
21
0.1676535826771653
0
LINE
8
BLACK
6
CONTINUOUS
10
0.5916585433070866
20
0.1676535826771653
11
0.59944
21
0.1736244881889764
0
LINE
8
BLACK
6
CONTINUOUS
10
0.59944
20
0.1736244881889764
11
0.599440157480315
21
0.1736246456692913
0
LINE
8
BLACK
6
CONTINUOUS
10
0.599440157480315
20
0.1736246456692913
11
0.5994403937007874
21
0.173624842519685
0
LINE
8
BLACK
6
CONTINUOUS
10
0.5994403937007874
20
0.173624842519685
11
0.6063751181102363
21
0.1805595669291339
0
LINE
8
BLACK
6
CONTINUOUS
10
0.6063751181102363
20
0.1805595669291339
11
0.6063752755905512
21
0.1805597637795276
0
LINE
8
BLACK
6
CONTINUOUS
10
0.6063752755905512
20
0.1805597637795276
11
0.6063755118110236
21
0.18056
0
LINE
8
BLACK
6
CONTINUOUS
10
0.6063755118110236
20
0.18056
11
0.6123464173228347
21
0.1883414566929134
0
LINE
8
BLACK
6
CONTINUOUS
10
0.6123464173228347
20
0.1883414566929134
11
0.6123464960629921
21
0.1883415748031496
0
LINE
8
BLACK
6
CONTINUOUS
10
0.6123464960629921
20
0.1883415748031496
11
0.6172502755905511
21
0.1968351968503937
0
LINE
8
BLACK
6
CONTINUOUS
10
0.6172502755905511
20
0.1968351968503937
11
0.6172503149606299
21
0.1968353543307086
0
LINE
8
BLACK
6
CONTINUOUS
10
0.6172503149606299
20
0.1968353543307086
11
0.6172505511811024
21
0.1968357086614173
0
LINE
8
BLACK
6
CONTINUOUS
10
0.6172505511811024
20
0.1968357086614173
11
0.6210040157480314
21
0.2058973622047244
0
LINE
8
BLACK
6
CONTINUOUS
10
0.6210040157480314
20
0.2058973622047244
11
0.6235425984251969
21
0.2153714566929134
0
LINE
8
BLACK
6
CONTINUOUS
10
0.6235425984251969
20
0.2153714566929134
11
0.6248228346456692
21
0.2250958661417323
0
LINE
8
BLACK
6
CONTINUOUS
10
0.6248228346456692
20
0.2250958661417323
11
0.6248228346456692
21
0.2349041338582677
0
LINE
8
BLACK
6
CONTINUOUS
10
0.6248228346456692
20
0.2349041338582677
11
0.6248228346456692
21
0.2349042125984252
0
LINE
8
BLACK
6
CONTINUOUS
10
0.6248228346456692
20
0.2349042125984252
11
0.6235425984251969
21
0.2446285433070866
0
LINE
8
BLACK
6
CONTINUOUS
10
0.6235425984251969
20
0.2446285433070866
11
0.6210040157480314
21
0.2541026377952756
0
LINE
8
BLACK
6
CONTINUOUS
10
0.6210040157480314
20
0.2541026377952756
11
0.6172505511811024
21
0.2631642913385827
0
LINE
8
BLACK
6
CONTINUOUS
10
0.6172505511811024
20
0.2631642913385827
11
0.6123464173228347
21
0.2716585433070866
0
LINE
8
BLACK
6
CONTINUOUS
10
0.6123464173228347
20
0.2716585433070866
11
0.6063755118110236
21
0.27944
0
LINE
8
BLACK
6
CONTINUOUS
10
0.6063755118110236
20
0.27944
11
0.59944
21
0.2863755118110236
0
LINE
8
BLACK
6
CONTINUOUS
10
0.59944
20
0.2863755118110236
11
0.5916585433070866
21
0.2923464173228346
0
LINE
8
BLACK
6
CONTINUOUS
10
0.5916585433070866
20
0.2923464173228346
11
0.5831642913385827
21
0.2972505511811023
0
LINE
8
BLACK
6
CONTINUOUS
10
0.5831642913385827
20
0.2972505511811023
11
0.5741026377952756
21
0.3010040157480315
0
LINE
8
BLACK
6
CONTINUOUS
10
0.5741026377952756
20
0.3010040157480315
11
0.5646285433070866
21
0.3035425984251968
0
LINE
8
BLACK
6
CONTINUOUS
10
0.5646285433070866
20
0.3035425984251968
11
0.5646282677165354
21
0.3035425984251968
0
LINE
8
BLACK
6
CONTINUOUS
10
0.5646282677165354
20
0.3035425984251968
11
0.5646282677165354
21
0.3035426377952756
0
LINE
8
BLACK
6
CONTINUOUS
10
0.5646282677165354
20
0.3035426377952756
11
0.5636925196850393
21
0.3036657874015748
0
LINE
8
BLACK
6
CONTINUOUS
10
0.5636925196850393
20
0.3036657874015748
11
0.5549041338582678
21
0.3048228346456693
0
LINE
8
BLACK
6
CONTINUOUS
10
0.5549041338582678
20
0.3048228346456693
11
0.5450958661417322
21
0.3048228346456693
0
LINE
8
BLACK
6
CONTINUOUS
10
0.5450958661417322
20
0.3048228346456693
11
0.5387779133858268
21
0.303991062992126
0
LINE
8
BLACK
6
CONTINUOUS
10
0.8500755118110236
20
0.3621974803149606
11
0.8439817716535433
21
0.3596733464566929
0
LINE
8
BLACK
6
CONTINUOUS
10
0.8439817716535433
20
0.3596733464566929
11
0.8384975590551181
21
0.3560088976377953
0
LINE
8
BLACK
6
CONTINUOUS
10
0.8384975590551181
20
0.3560088976377953
11
0.8384973228346456
21
0.3560087007874015
0
LINE
8
BLACK
6
CONTINUOUS
10
0.8384973228346456
20
0.3560087007874015
11
0.833833779527559
21
0.351345157480315
0
LINE
8
BLACK
6
CONTINUOUS
10
0.833833779527559
20
0.351345157480315
11
0.8338336220472441
21
0.3513449606299213
0
LINE
8
BLACK
6
CONTINUOUS
10
0.8338336220472441
20
0.3513449606299213
11
0.8301691732283465
21
0.3458607480314961
0
LINE
8
BLACK
6
CONTINUOUS
10
0.8301691732283465
20
0.3458607480314961
11
0.8296591338582677
21
0.3446293700787402
0
LINE
8
BLACK
6
CONTINUOUS
10
0.8296591338582677
20
0.3446293700787402
11
0.8276450787401575
21
0.339767125984252
0
LINE
8
BLACK
6
CONTINUOUS
10
0.8276450787401575
20
0.339767125984252
11
0.8263582677165354
21
0.3332979921259843
0
LINE
8
BLACK
6
CONTINUOUS
10
0.8263582677165354
20
0.3332979921259843
11
0.8263582677165354
21
0.326701968503937
0
LINE
8
BLACK
6
CONTINUOUS
10
0.8263582677165354
20
0.326701968503937
11
0.8276450787401575
21
0.3202328346456693
0
LINE
8
BLACK
6
CONTINUOUS
10
0.8276450787401575
20
0.3202328346456693
11
0.8301692125984251
21
0.3141391732283464
0
LINE
8
BLACK
6
CONTINUOUS
10
0.8301692125984251
20
0.3141391732283464
11
0.8338335826771653
21
0.3086550393700787
0
LINE
8
BLACK
6
CONTINUOUS
10
0.8338335826771653
20
0.3086550393700787
11
0.833833779527559
21
0.3086548031496063
0
LINE
8
BLACK
6
CONTINUOUS
10
0.833833779527559
20
0.3086548031496063
11
0.8384973228346456
21
0.3039912598425197
0
LINE
8
BLACK
6
CONTINUOUS
10
0.8384973228346456
20
0.3039912598425197
11
0.8384975590551181
21
0.303991062992126
0
LINE
8
BLACK
6
CONTINUOUS
10
0.8384975590551181
20
0.303991062992126
11
0.8439816929133858
21
0.3003266929133858
0
LINE
8
BLACK
6
CONTINUOUS
10
0.8439816929133858
20
0.3003266929133858
11
0.8500753543307087
21
0.2978025590551181
0
LINE
8
BLACK
6
CONTINUOUS
10
0.8500753543307087
20
0.2978025590551181
11
0.8500754724409448
21
0.2978025196850393
0
LINE
8
BLACK
6
CONTINUOUS
10
0.8500754724409448
20
0.2978025196850393
11
0.8500755118110236
21
0.2978025196850393
0
LINE
8
BLACK
6
CONTINUOUS
10
0.8500755118110236
20
0.2978025196850393
11
0.8517255905511811
21
0.2974742913385827
0
LINE
8
BLACK
6
CONTINUOUS
10
0.8517255905511811
20
0.2974742913385827
11
0.8565444881889763
21
0.2965157480314961
0
LINE
8
BLACK
6
CONTINUOUS
10
0.8565444881889763
20
0.2965157480314961
11
0.8565446062992126
21
0.2965157480314961
0
LINE
8
BLACK
6
CONTINUOUS
10
0.8565446062992126
20
0.2965157480314961
11
0.8631405118110236
21
0.2965157480314961
0
LINE
8
BLACK
6
CONTINUOUS
10
0.8631405118110236
20
0.2965157480314961
11
0.8668345669291339
21
0.2972505511811023
0
LINE
8
BLACK
6
CONTINUOUS
10
0.8668345669291339
20
0.2972505511811023
11
0.8696095275590551
21
0.2978025196850393
0
LINE
8
BLACK
6
CONTINUOUS
10
0.8696095275590551
20
0.2978025196850393
11
0.8696095669291338
21
0.2978025196850393
0
LINE
8
BLACK
6
CONTINUOUS
10
0.8696095669291338
20
0.2978025196850393
11
0.8696096456692913
21
0.2978025590551181
0
LINE
8
BLACK
6
CONTINUOUS
10
0.8696096456692913
20
0.2978025590551181
11
0.8713944881889764
21
0.2985418897637795
0
LINE
8
BLACK
6
CONTINUOUS
10
0.8713944881889764
20
0.2985418897637795
11
0.8757032677165354
21
0.3003266535433071
0
LINE
8
BLACK
6
CONTINUOUS
10
0.8757032677165354
20
0.3003266535433071
11
0.8805162598425197
21
0.3035425984251968
0
LINE
8
BLACK
6
CONTINUOUS
10
0.8805162598425197
20
0.3035425984251968
11
0.8811874409448819
21
0.303991062992126
0
LINE
8
BLACK
6
CONTINUOUS
10
0.8811874409448819
20
0.303991062992126
11
0.8811876771653543
21
0.3039912598425197
0
LINE
8
BLACK
6
CONTINUOUS
10
0.8811876771653543
20
0.3039912598425197
11
0.8858512204724409
21
0.3086548031496063
0
LINE
8
BLACK
6
CONTINUOUS
10
0.8858512204724409
20
0.3086548031496063
11
0.8858514173228347
21
0.3086550393700787
0
LINE
8
BLACK
6
CONTINUOUS
10
0.8858514173228347
20
0.3086550393700787
11
0.8879996456692913
21
0.3118700787401575
0
LINE
8
BLACK
6
CONTINUOUS
10
0.8879996456692913
20
0.3118700787401575
11
0.8895158661417323
21
0.314139251968504
0
LINE
8
BLACK
6
CONTINUOUS
10
0.8895158661417323
20
0.314139251968504
11
0.8920399999999999
21
0.3202329921259842
0
LINE
8
BLACK
6
CONTINUOUS
10
0.8920399999999999
20
0.3202329921259842
11
0.8933267716535432
21
0.3267020866141732
0
LINE
8
BLACK
6
CONTINUOUS
10
0.8933267716535432
20
0.3267020866141732
11
0.8933267716535432
21
0.3332979133858268
0
LINE
8
BLACK
6
CONTINUOUS
10
0.8933267716535432
20
0.3332979133858268
11
0.8933267716535432
21
0.3332979921259843
0
LINE
8
BLACK
6
CONTINUOUS
10
0.8933267716535432
20
0.3332979921259843
11
0.8920399999999999
21
0.3397670078740158
0
LINE
8
BLACK
6
CONTINUOUS
10
0.8920399999999999
20
0.3397670078740158
11
0.8895158661417323
21
0.3458607480314961
0
LINE
8
BLACK
6
CONTINUOUS
10
0.8895158661417323
20
0.3458607480314961
11
0.8858514173228347
21
0.3513449606299213
0
LINE
8
BLACK
6
CONTINUOUS
10
0.8858514173228347
20
0.3513449606299213
11
0.8811874803149606
21
0.3560088976377953
0
LINE
8
BLACK
6
CONTINUOUS
10
0.8811874803149606
20
0.3560088976377953
11
0.8757032677165354
21
0.3596733464566929
0
LINE
8
BLACK
6
CONTINUOUS
10
0.8757032677165354
20
0.3596733464566929
11
0.8696095275590551
21
0.3621974803149606
0
LINE
8
BLACK
6
CONTINUOUS
10
0.8696095275590551
20
0.3621974803149606
11
0.8631404330708661
21
0.3634842519685039
0
LINE
8
BLACK
6
CONTINUOUS
10
0.8631404330708661
20
0.3634842519685039
11
0.8565446062992126
21
0.3634842519685039
0
LINE
8
BLACK
6
CONTINUOUS
10
0.8565446062992126
20
0.3634842519685039
11
0.8500755118110236
21
0.3621974803149606
0
LINE
8
BLACK
6
CONTINUOUS
10
0.666515748031496
20
0.326701968503937
11
0.6678025590551181
21
0.3202328346456693
0
LINE
8
BLACK
6
CONTINUOUS
10
0.6678025590551181
20
0.3202328346456693
11
0.6703266929133858
21
0.3141391732283464
0
LINE
8
BLACK
6
CONTINUOUS
10
0.6703266929133858
20
0.3141391732283464
11
0.673991062992126
21
0.3086550393700787
0
LINE
8
BLACK
6
CONTINUOUS
10
0.673991062992126
20
0.3086550393700787
11
0.6739912598425196
21
0.3086548031496063
0
LINE
8
BLACK
6
CONTINUOUS
10
0.6739912598425196
20
0.3086548031496063
11
0.6786548031496062
21
0.3039912598425197
0
LINE
8
BLACK
6
CONTINUOUS
10
0.6786548031496062
20
0.3039912598425197
11
0.6786550393700788
21
0.303991062992126
0
LINE
8
BLACK
6
CONTINUOUS
10
0.6786550393700788
20
0.303991062992126
11
0.6841391732283464
21
0.3003266929133858
0
LINE
8
BLACK
6
CONTINUOUS
10
0.6841391732283464
20
0.3003266929133858
11
0.6902328346456693
21
0.2978025590551181
0
LINE
8
BLACK
6
CONTINUOUS
10
0.6902328346456693
20
0.2978025590551181
11
0.6902329527559055
21
0.2978025196850393
0
LINE
8
BLACK
6
CONTINUOUS
10
0.6902329527559055
20
0.2978025196850393
11
0.6902329921259842
21
0.2978025196850393
0
LINE
8
BLACK
6
CONTINUOUS
10
0.6902329921259842
20
0.2978025196850393
11
0.6918830708661418
21
0.2974742913385827
0
LINE
8
BLACK
6
CONTINUOUS
10
0.6918830708661418
20
0.2974742913385827
11
0.696701968503937
21
0.2965157480314961
0
LINE
8
BLACK
6
CONTINUOUS
10
0.696701968503937
20
0.2965157480314961
11
0.6967020866141732
21
0.2965157480314961
0
LINE
8
BLACK
6
CONTINUOUS
10
0.6967020866141732
20
0.2965157480314961
11
0.7032979921259842
21
0.2965157480314961
0
LINE
8
BLACK
6
CONTINUOUS
10
0.7032979921259842
20
0.2965157480314961
11
0.7069920472440945
21
0.2972505511811023
0
LINE
8
BLACK
6
CONTINUOUS
10
0.7069920472440945
20
0.2972505511811023
11
0.7097670078740157
21
0.2978025196850393
0
LINE
8
BLACK
6
CONTINUOUS
10
0.7097670078740157
20
0.2978025196850393
11
0.7097670472440945
21
0.2978025196850393
0
LINE
8
BLACK
6
CONTINUOUS
10
0.7097670472440945
20
0.2978025196850393
11
0.709767125984252
21
0.2978025590551181
0
LINE
8
BLACK
6
CONTINUOUS
10
0.709767125984252
20
0.2978025590551181
11
0.711551968503937
21
0.2985418897637795
0
LINE
8
BLACK
6
CONTINUOUS
10
0.711551968503937
20
0.2985418897637795
11
0.715860748031496
21
0.3003266535433071
0
LINE
8
BLACK
6
CONTINUOUS
10
0.715860748031496
20
0.3003266535433071
11
0.7206737401574803
21
0.3035425984251968
0
LINE
8
BLACK
6
CONTINUOUS
10
0.7206737401574803
20
0.3035425984251968
11
0.7213449212598425
21
0.303991062992126
0
LINE
8
BLACK
6
CONTINUOUS
10
0.7213449212598425
20
0.303991062992126
11
0.7213451574803149
21
0.3039912598425197
0
LINE
8
BLACK
6
CONTINUOUS
10
0.7213451574803149
20
0.3039912598425197
11
0.7260087007874015
21
0.3086548031496063
0
LINE
8
BLACK
6
CONTINUOUS
10
0.7260087007874015
20
0.3086548031496063
11
0.7260088976377953
21
0.3086550393700787
0
LINE
8
BLACK
6
CONTINUOUS
10
0.7260088976377953
20
0.3086550393700787
11
0.728157125984252
21
0.3118700787401575
0
LINE
8
BLACK
6
CONTINUOUS
10
0.728157125984252
20
0.3118700787401575
11
0.7296733464566929
21
0.314139251968504
0
LINE
8
BLACK
6
CONTINUOUS
10
0.7296733464566929
20
0.314139251968504
11
0.7321974803149606
21
0.3202329921259842
0
LINE
8
BLACK
6
CONTINUOUS
10
0.7321974803149606
20
0.3202329921259842
11
0.733484251968504
21
0.3267020866141732
0
LINE
8
BLACK
6
CONTINUOUS
10
0.733484251968504
20
0.3267020866141732
11
0.733484251968504
21
0.3332979133858268
0
LINE
8
BLACK
6
CONTINUOUS
10
0.733484251968504
20
0.3332979133858268
11
0.733484251968504
21
0.3332979921259843
0
LINE
8
BLACK
6
CONTINUOUS
10
0.733484251968504
20
0.3332979921259843
11
0.7321974803149606
21
0.3397670078740158
0
LINE
8
BLACK
6
CONTINUOUS
10
0.7321974803149606
20
0.3397670078740158
11
0.7296733464566929
21
0.3458607480314961
0
LINE
8
BLACK
6
CONTINUOUS
10
0.7296733464566929
20
0.3458607480314961
11
0.7260088976377953
21
0.3513449606299213
0
LINE
8
BLACK
6
CONTINUOUS
10
0.7260088976377953
20
0.3513449606299213
11
0.7213449606299213
21
0.3560088976377953
0
LINE
8
BLACK
6
CONTINUOUS
10
0.7213449606299213
20
0.3560088976377953
11
0.715860748031496
21
0.3596733464566929
0
LINE
8
BLACK
6
CONTINUOUS
10
0.715860748031496
20
0.3596733464566929
11
0.7097670078740157
21
0.3621974803149606
0
LINE
8
BLACK
6
CONTINUOUS
10
0.7097670078740157
20
0.3621974803149606
11
0.7032979133858267
21
0.3634842519685039
0
LINE
8
BLACK
6
CONTINUOUS
10
0.7032979133858267
20
0.3634842519685039
11
0.6967020866141732
21
0.3634842519685039
0
LINE
8
BLACK
6
CONTINUOUS
10
0.6967020866141732
20
0.3634842519685039
11
0.6902329921259842
21
0.3621974803149606
0
LINE
8
BLACK
6
CONTINUOUS
10
0.6902329921259842
20
0.3621974803149606
11
0.6841392519685039
21
0.3596733464566929
0
LINE
8
BLACK
6
CONTINUOUS
10
0.6841392519685039
20
0.3596733464566929
11
0.6786550393700788
21
0.3560088976377953
0
LINE
8
BLACK
6
CONTINUOUS
10
0.6786550393700788
20
0.3560088976377953
11
0.6786548031496062
21
0.3560087007874015
0
LINE
8
BLACK
6
CONTINUOUS
10
0.6786548031496062
20
0.3560087007874015
11
0.6739912598425196
21
0.351345157480315
0
LINE
8
BLACK
6
CONTINUOUS
10
0.6739912598425196
20
0.351345157480315
11
0.6739911023622047
21
0.3513449606299213
0
LINE
8
BLACK
6
CONTINUOUS
10
0.6739911023622047
20
0.3513449606299213
11
0.6703266535433071
21
0.3458607480314961
0
LINE
8
BLACK
6
CONTINUOUS
10
0.6703266535433071
20
0.3458607480314961
11
0.6698166141732284
21
0.3446293700787402
0
LINE
8
BLACK
6
CONTINUOUS
10
0.6698166141732284
20
0.3446293700787402
11
0.6678025590551181
21
0.339767125984252
0
LINE
8
BLACK
6
CONTINUOUS
10
0.6678025590551181
20
0.339767125984252
11
0.666515748031496
21
0.3332979921259843
0
LINE
8
BLACK
6
CONTINUOUS
10
0.666515748031496
20
0.3332979921259843
11
0.666515748031496
21
0.326701968503937
0
LINE
8
BLACK
6
CONTINUOUS
10
0.9062795275590551
20
0.326701968503937
11
0.9075663385826771
21
0.3202328346456693
0
LINE
8
BLACK
6
CONTINUOUS
10
0.9075663385826771
20
0.3202328346456693
11
0.9100904724409449
21
0.3141391732283464
0
LINE
8
BLACK
6
CONTINUOUS
10
0.9100904724409449
20
0.3141391732283464
11
0.913754842519685
21
0.3086550393700787
0
LINE
8
BLACK
6
CONTINUOUS
10
0.913754842519685
20
0.3086550393700787
11
0.9137550393700787
21
0.3086548031496063
0
LINE
8
BLACK
6
CONTINUOUS
10
0.9137550393700787
20
0.3086548031496063
11
0.9184185826771654
21
0.3039912598425197
0
LINE
8
BLACK
6
CONTINUOUS
10
0.9184185826771654
20
0.3039912598425197
11
0.9184188188976378
21
0.303991062992126
0
LINE
8
BLACK
6
CONTINUOUS
10
0.9184188188976378
20
0.303991062992126
11
0.9239029527559055
21
0.3003266929133858
0
LINE
8
BLACK
6
CONTINUOUS
10
0.9239029527559055
20
0.3003266929133858
11
0.9299966141732283
21
0.2978025590551181
0
LINE
8
BLACK
6
CONTINUOUS
10
0.9299966141732283
20
0.2978025590551181
11
0.9299967322834646
21
0.2978025196850393
0
LINE
8
BLACK
6
CONTINUOUS
10
0.9299967322834646
20
0.2978025196850393
11
0.9299967716535433
21
0.2978025196850393
0
LINE
8
BLACK
6
CONTINUOUS
10
0.9299967716535433
20
0.2978025196850393
11
0.9316468503937008
21
0.2974742913385827
0
LINE
8
BLACK
6
CONTINUOUS
10
0.9316468503937008
20
0.2974742913385827
11
0.9364657480314961
21
0.2965157480314961
0
LINE
8
BLACK
6
CONTINUOUS
10
0.9364657480314961
20
0.2965157480314961
11
0.9364658661417322
21
0.2965157480314961
0
LINE
8
BLACK
6
CONTINUOUS
10
0.9364658661417322
20
0.2965157480314961
11
0.9430617716535433
21
0.2965157480314961
0
LINE
8
BLACK
6
CONTINUOUS
10
0.9430617716535433
20
0.2965157480314961
11
0.9467558267716535
21
0.2972505511811023
0
LINE
8
BLACK
6
CONTINUOUS
10
0.9467558267716535
20
0.2972505511811023
11
0.9495307874015748
21
0.2978025196850393
0
LINE
8
BLACK
6
CONTINUOUS
10
0.9495307874015748
20
0.2978025196850393
11
0.9495308267716536
21
0.2978025196850393
0
LINE
8
BLACK
6
CONTINUOUS
10
0.9495308267716536
20
0.2978025196850393
11
0.949530905511811
21
0.2978025590551181
0
LINE
8
BLACK
6
CONTINUOUS
10
0.949530905511811
20
0.2978025590551181
11
0.951315748031496
21
0.2985418897637795
0
LINE
8
BLACK
6
CONTINUOUS
10
0.951315748031496
20
0.2985418897637795
11
0.9556245275590551
21
0.3003266535433071
0
LINE
8
BLACK
6
CONTINUOUS
10
0.9556245275590551
20
0.3003266535433071
11
0.9604375196850393
21
0.3035425984251968
0
LINE
8
BLACK
6
CONTINUOUS
10
0.9604375196850393
20
0.3035425984251968
11
0.9611087007874015
21
0.303991062992126
0
LINE
8
BLACK
6
CONTINUOUS
10
0.9611087007874015
20
0.303991062992126
11
0.961108937007874
21
0.3039912598425197
0
LINE
8
BLACK
6
CONTINUOUS
10
0.961108937007874
20
0.3039912598425197
11
0.9657724803149607
21
0.3086548031496063
0
LINE
8
BLACK
6
CONTINUOUS
10
0.9657724803149607
20
0.3086548031496063
11
0.9657726771653543
21
0.3086550393700787
0
LINE
8
BLACK
6
CONTINUOUS
10
0.9657726771653543
20
0.3086550393700787
11
0.967920905511811
21
0.3118700787401575
0
LINE
8
BLACK
6
CONTINUOUS
10
0.967920905511811
20
0.3118700787401575
11
0.9694371259842519
21
0.314139251968504
0
LINE
8
BLACK
6
CONTINUOUS
10
0.9694371259842519
20
0.314139251968504
11
0.9719612598425197
21
0.3202329921259842
0
LINE
8
BLACK
6
CONTINUOUS
10
0.9719612598425197
20
0.3202329921259842
11
0.973248031496063
21
0.3267020866141732
0
LINE
8
BLACK
6
CONTINUOUS
10
0.973248031496063
20
0.3267020866141732
11
0.973248031496063
21
0.3332979133858268
0
LINE
8
BLACK
6
CONTINUOUS
10
0.973248031496063
20
0.3332979133858268
11
0.9719612598425197
21
0.3397670078740158
0
LINE
8
BLACK
6
CONTINUOUS
10
0.9719612598425197
20
0.3397670078740158
11
0.9694371259842519
21
0.3458607480314961
0
LINE
8
BLACK
6
CONTINUOUS
10
0.9694371259842519
20
0.3458607480314961
11
0.9657726771653543
21
0.3513449606299213
0
LINE
8
BLACK
6
CONTINUOUS
10
0.9657726771653543
20
0.3513449606299213
11
0.9611087401574803
21
0.3560088976377953
0
LINE
8
BLACK
6
CONTINUOUS
10
0.9611087401574803
20
0.3560088976377953
11
0.9556245275590551
21
0.3596733464566929
0
LINE
8
BLACK
6
CONTINUOUS
10
0.9556245275590551
20
0.3596733464566929
11
0.9495307874015748
21
0.3621974803149606
0
LINE
8
BLACK
6
CONTINUOUS
10
0.9495307874015748
20
0.3621974803149606
11
0.9430616929133858
21
0.3634842519685039
0
LINE
8
BLACK
6
CONTINUOUS
10
0.9430616929133858
20
0.3634842519685039
11
0.9364658661417322
21
0.3634842519685039
0
LINE
8
BLACK
6
CONTINUOUS
10
0.9364658661417322
20
0.3634842519685039
11
0.9299967716535433
21
0.3621974803149606
0
LINE
8
BLACK
6
CONTINUOUS
10
0.9299967716535433
20
0.3621974803149606
11
0.923903031496063
21
0.3596733464566929
0
LINE
8
BLACK
6
CONTINUOUS
10
0.923903031496063
20
0.3596733464566929
11
0.9184188188976378
21
0.3560088976377953
0
LINE
8
BLACK
6
CONTINUOUS
10
0.9184188188976378
20
0.3560088976377953
11
0.9184185826771654
21
0.3560087007874015
0
LINE
8
BLACK
6
CONTINUOUS
10
0.9184185826771654
20
0.3560087007874015
11
0.9137550393700787
21
0.351345157480315
0
LINE
8
BLACK
6
CONTINUOUS
10
0.9137550393700787
20
0.351345157480315
11
0.9137548818897637
21
0.3513449606299213
0
LINE
8
BLACK
6
CONTINUOUS
10
0.9137548818897637
20
0.3513449606299213
11
0.9100904330708661
21
0.3458607480314961
0
LINE
8
BLACK
6
CONTINUOUS
10
0.9100904330708661
20
0.3458607480314961
11
0.9095803937007874
21
0.3446293700787402
0
LINE
8
BLACK
6
CONTINUOUS
10
0.9095803937007874
20
0.3446293700787402
11
0.9075663385826771
21
0.339767125984252
0
LINE
8
BLACK
6
CONTINUOUS
10
0.9075663385826771
20
0.339767125984252
11
0.9062795275590551
21
0.3332979921259843
0
LINE
8
BLACK
6
CONTINUOUS
10
0.9062795275590551
20
0.3332979921259843
11
0.9062795275590551
21
0.326701968503937
0
LINE
8
BLACK
6
CONTINUOUS
10
0.426751968503937
20
0.360854842519685
11
0.4275195275590551
21
0.3560087007874015
0
LINE
8
BLACK
6
CONTINUOUS
10
0.4275195275590551
20
0.3560087007874015
11
0.4280612204724409
21
0.3525887007874016
0
LINE
8
BLACK
6
CONTINUOUS
10
0.4280612204724409
20
0.3525887007874016
11
0.4306473622047244
21
0.3446294488188976
0
LINE
8
BLACK
6
CONTINUOUS
10
0.4306473622047244
20
0.3446294488188976
11
0.4306474015748031
21
0.3446293700787402
0
LINE
8
BLACK
6
CONTINUOUS
10
0.4306474015748031
20
0.3446293700787402
11
0.4344468897637795
21
0.3371724409448819
0
LINE
8
BLACK
6
CONTINUOUS
10
0.4344468897637795
20
0.3371724409448819
11
0.439366062992126
21
0.3304017716535433
0
LINE
8
BLACK
6
CONTINUOUS
10
0.439366062992126
20
0.3304017716535433
11
0.4393661417322834
21
0.3304016535433071
0
LINE
8
BLACK
6
CONTINUOUS
10
0.4393661417322834
20
0.3304016535433071
11
0.4452835433070866
21
0.3244842519685039
0
LINE
8
BLACK
6
CONTINUOUS
10
0.4452835433070866
20
0.3244842519685039
11
0.4452836614173228
21
0.3244841732283464
0
LINE
8
BLACK
6
CONTINUOUS
10
0.4452836614173228
20
0.3244841732283464
11
0.4520543307086614
21
0.319565
0
LINE
8
BLACK
6
CONTINUOUS
10
0.4520543307086614
20
0.319565
11
0.4595112598425197
21
0.3157655118110236
0
LINE
8
BLACK
6
CONTINUOUS
10
0.4595112598425197
20
0.3157655118110236
11
0.4595113385826772
21
0.3157654724409449
0
LINE
8
BLACK
6
CONTINUOUS
10
0.4595113385826772
20
0.3157654724409449
11
0.4674705905511811
21
0.3131793307086614
0
LINE
8
BLACK
6
CONTINUOUS
10
0.4674705905511811
20
0.3131793307086614
11
0.4674706299212598
21
0.3131792913385827
0
LINE
8
BLACK
6
CONTINUOUS
10
0.4674706299212598
20
0.3131792913385827
11
0.4674707480314961
21
0.3131792913385827
0
LINE
8
BLACK
6
CONTINUOUS
10
0.4674707480314961
20
0.3131792913385827
11
0.4757367322834646
21
0.3118700787401575
0
LINE
8
BLACK
6
CONTINUOUS
10
0.4757367322834646
20
0.3118700787401575
11
0.4757368503937008
21
0.3118700787401575
0
LINE
8
BLACK
6
CONTINUOUS
10
0.4757368503937008
20
0.3118700787401575
11
0.4841056692913386
21
0.3118700787401575
0
LINE
8
BLACK
6
CONTINUOUS
10
0.4841056692913386
20
0.3118700787401575
11
0.4841057874015748
21
0.3118700787401575
0
LINE
8
BLACK
6
CONTINUOUS
10
0.4841057874015748
20
0.3118700787401575
11
0.4923717716535433
21
0.3131792913385827
0
LINE
8
BLACK
6
CONTINUOUS
10
0.4923717716535433
20
0.3131792913385827
11
0.5003311811023622
21
0.3157654724409449
0
LINE
8
BLACK
6
CONTINUOUS
10
0.5003311811023622
20
0.3157654724409449
11
0.507788031496063
21
0.3195649212598425
0
LINE
8
BLACK
6
CONTINUOUS
10
0.507788031496063
20
0.3195649212598425
11
0.5087073622047243
21
0.3202328346456693
0
LINE
8
BLACK
6
CONTINUOUS
10
0.5087073622047243
20
0.3202328346456693
11
0.509461968503937
21
0.3207811023622047
0
LINE
8
BLACK
6
CONTINUOUS
10
0.509461968503937
20
0.3207811023622047
11
0.5145587401574803
21
0.324484094488189
0
LINE
8
BLACK
6
CONTINUOUS
10
0.5145587401574803
20
0.324484094488189
11
0.5145588188976378
21
0.3244841732283464
0
LINE
8
BLACK
6
CONTINUOUS
10
0.5145588188976378
20
0.3244841732283464
11
0.514558937007874
21
0.3244842519685039
0
LINE
8
BLACK
6
CONTINUOUS
10
0.514558937007874
20
0.3244842519685039
11
0.5204763385826772
21
0.3304016535433071
0
LINE
8
BLACK
6
CONTINUOUS
10
0.5204763385826772
20
0.3304016535433071
11
0.5204764173228347
21
0.3304017716535433
0
LINE
8
BLACK
6
CONTINUOUS
10
0.5204764173228347
20
0.3304017716535433
11
0.5204765354330708
21
0.3304018897637795
0
LINE
8
BLACK
6
CONTINUOUS
10
0.5204765354330708
20
0.3304018897637795
11
0.5225806692913386
21
0.3332979921259843
0
LINE
8
BLACK
6
CONTINUOUS
10
0.5225806692913386
20
0.3332979921259843
11
0.5253957086614173
21
0.3371725984251969
0
LINE
8
BLACK
6
CONTINUOUS
10
0.5253957086614173
20
0.3371725984251969
11
0.529195157480315
21
0.3446294488188976
0
LINE
8
BLACK
6
CONTINUOUS
10
0.529195157480315
20
0.3446294488188976
11
0.5317813385826772
21
0.3525888582677165
0
LINE
8
BLACK
6
CONTINUOUS
10
0.5317813385826772
20
0.3525888582677165
11
0.5330905511811024
21
0.360854842519685
0
LINE
8
BLACK
6
CONTINUOUS
10
0.5330905511811024
20
0.360854842519685
11
0.5330905511811024
21
0.3692238976377953
0
LINE
8
BLACK
6
CONTINUOUS
10
0.5330905511811024
20
0.3692238976377953
11
0.5317813385826772
21
0.3774898818897638
0
LINE
8
BLACK
6
CONTINUOUS
10
0.5317813385826772
20
0.3774898818897638
11
0.529195157480315
21
0.3854492913385827
0
LINE
8
BLACK
6
CONTINUOUS
10
0.529195157480315
20
0.3854492913385827
11
0.5253957086614173
21
0.3929061417322834
0
LINE
8
BLACK
6
CONTINUOUS
10
0.5253957086614173
20
0.3929061417322834
11
0.5204765354330708
21
0.3996768503937008
0
LINE
8
BLACK
6
CONTINUOUS
10
0.5204765354330708
20
0.3996768503937008
11
0.5204763385826772
21
0.3996770472440945
0
LINE
8
BLACK
6
CONTINUOUS
10
0.5204763385826772
20
0.3996770472440945
11
0.520040748031496
21
0.4001126771653543
0
LINE
8
BLACK
6
CONTINUOUS
10
0.520040748031496
20
0.4001126771653543
11
0.516776653543307
21
0.4033767322834645
0
LINE
8
BLACK
6
CONTINUOUS
10
0.516776653543307
20
0.4033767322834645
11
0.514558937007874
21
0.4055944488188976
0
LINE
8
BLACK
6
CONTINUOUS
10
0.514558937007874
20
0.4055944488188976
11
0.5145587401574803
21
0.4055946456692913
0
LINE
8
BLACK
6
CONTINUOUS
10
0.5145587401574803
20
0.4055946456692913
11
0.507788031496063
21
0.4105138188976378
0
LINE
8
BLACK
6
CONTINUOUS
10
0.507788031496063
20
0.4105138188976378
11
0.5003311811023622
21
0.4143132677165354
0
LINE
8
BLACK
6
CONTINUOUS
10
0.5003311811023622
20
0.4143132677165354
11
0.4923717716535433
21
0.4168994488188976
0
LINE
8
BLACK
6
CONTINUOUS
10
0.4923717716535433
20
0.4168994488188976
11
0.4841057874015748
21
0.4182086614173228
0
LINE
8
BLACK
6
CONTINUOUS
10
0.4841057874015748
20
0.4182086614173228
11
0.4757367322834646
21
0.4182086614173228
0
LINE
8
BLACK
6
CONTINUOUS
10
0.4757367322834646
20
0.4182086614173228
11
0.4674707480314961
21
0.4168994488188976
0
LINE
8
BLACK
6
CONTINUOUS
10
0.4674707480314961
20
0.4168994488188976
11
0.4595113385826772
21
0.4143132677165354
0
LINE
8
BLACK
6
CONTINUOUS
10
0.4595113385826772
20
0.4143132677165354
11
0.4520544881889764
21
0.4105138188976378
0
LINE
8
BLACK
6
CONTINUOUS
10
0.4520544881889764
20
0.4105138188976378
11
0.445283779527559
21
0.4055946456692913
0
LINE
8
BLACK
6
CONTINUOUS
10
0.445283779527559
20
0.4055946456692913
11
0.4452836614173228
21
0.4055945275590551
0
LINE
8
BLACK
6
CONTINUOUS
10
0.4452836614173228
20
0.4055945275590551
11
0.4452835433070866
21
0.4055944488188976
0
LINE
8
BLACK
6
CONTINUOUS
10
0.4452835433070866
20
0.4055944488188976
11
0.4393661417322834
21
0.3996770472440945
0
LINE
8
BLACK
6
CONTINUOUS
10
0.4393661417322834
20
0.3996770472440945
11
0.439366062992126
21
0.3996769291338583
0
LINE
8
BLACK
6
CONTINUOUS
10
0.439366062992126
20
0.3996769291338583
11
0.4393659842519685
21
0.3996768503937008
0
LINE
8
BLACK
6
CONTINUOUS
10
0.4393659842519685
20
0.3996768503937008
11
0.434446811023622
21
0.3929061417322834
0
LINE
8
BLACK
6
CONTINUOUS
10
0.434446811023622
20
0.3929061417322834
11
0.4306473622047244
21
0.3854492913385827
0
LINE
8
BLACK
6
CONTINUOUS
10
0.4306473622047244
20
0.3854492913385827
11
0.4280611811023622
21
0.3774898818897638
0
LINE
8
BLACK
6
CONTINUOUS
10
0.4280611811023622
20
0.3774898818897638
11
0.426751968503937
21
0.3692238976377953
0
LINE
8
BLACK
6
CONTINUOUS
10
0.426751968503937
20
0.3692238976377953
11
0.426751968503937
21
0.360854842519685
0
LINE
8
BLACK
6
CONTINUOUS
10
0.5845866141732283
20
0.4799968897637795
11
0.5850037401574804
21
0.4778998818897638
0
LINE
8
BLACK
6
CONTINUOUS
10
0.5850037401574804
20
0.4778998818897638
11
0.5855632283464567
21
0.4750872047244095
0
LINE
8
BLACK
6
CONTINUOUS
10
0.5855632283464567
20
0.4750872047244095
11
0.5862990551181102
21
0.4733108267716535
0
LINE
8
BLACK
6
CONTINUOUS
10
0.5862990551181102
20
0.4733108267716535
11
0.5874789763779528
21
0.4704622440944882
0
LINE
8
BLACK
6
CONTINUOUS
10
0.5874789763779528
20
0.4704622440944882
11
0.5902600393700788
21
0.4663000787401574
0
LINE
8
BLACK
6
CONTINUOUS
10
0.5902600393700788
20
0.4663000787401574
11
0.5902602362204724
21
0.4662998031496063
0
LINE
8
BLACK
6
CONTINUOUS
10
0.5902602362204724
20
0.4662998031496063
11
0.5937998031496062
21
0.4627602362204724
0
LINE
8
BLACK
6
CONTINUOUS
10
0.5937998031496062
20
0.4627602362204724
11
0.5937999212598425
21
0.462760157480315
0
LINE
8
BLACK
6
CONTINUOUS
10
0.5937999212598425
20
0.462760157480315
11
0.5979622440944882
21
0.4599789763779528
0
LINE
8
BLACK
6
CONTINUOUS
10
0.5979622440944882
20
0.4599789763779528
11
0.6025872047244094
21
0.4580632283464567
0
LINE
8
BLACK
6
CONTINUOUS
10
0.6025872047244094
20
0.4580632283464567
11
0.6038146456692913
21
0.4578190551181102
0
LINE
8
BLACK
6
CONTINUOUS
10
0.6038146456692913
20
0.4578190551181102
11
0.6074968897637795
21
0.4570866141732283
0
LINE
8
BLACK
6
CONTINUOUS
10
0.6074968897637795
20
0.4570866141732283
11
0.6074970078740157
21
0.4570866141732283
0
LINE
8
BLACK
6
CONTINUOUS
10
0.6074970078740157
20
0.4570866141732283
11
0.6125030708661418
21
0.4570866141732283
0
LINE
8
BLACK
6
CONTINUOUS
10
0.6125030708661418
20
0.4570866141732283
11
0.614957874015748
21
0.4575749212598425
0
LINE
8
BLACK
6
CONTINUOUS
10
0.614957874015748
20
0.4575749212598425
11
0.6174127952755906
21
0.4580632283464567
0
LINE
8
BLACK
6
CONTINUOUS
10
0.6174127952755906
20
0.4580632283464567
11
0.6220377559055118
21
0.4599789763779528
0
LINE
8
BLACK
6
CONTINUOUS
10
0.6220377559055118
20
0.4599789763779528
11
0.6262000787401575
21
0.462760157480315
0
LINE
8
BLACK
6
CONTINUOUS
10
0.6262000787401575
20
0.462760157480315
11
0.626750748031496
21
0.4633108267716535
0
LINE
8
BLACK
6
CONTINUOUS
10
0.626750748031496
20
0.4633108267716535
11
0.6292039763779528
21
0.4646504330708661
0
LINE
8
BLACK
6
CONTINUOUS
10
0.6292039763779528
20
0.4646504330708661
11
0.6302584251968504
21
0.464763779527559
0
LINE
8
BLACK
6
CONTINUOUS
10
0.6302584251968504
20
0.464763779527559
11
0.6371114960629921
21
0.464763779527559
0
LINE
8
BLACK
6
CONTINUOUS
10
0.6371114960629921
20
0.464763779527559
11
0.6371115748031496
21
0.464763779527559
0
LINE
8
BLACK
6
CONTINUOUS
10
0.6371115748031496
20
0.464763779527559
11
0.6407993700787401
21
0.4657519291338583
0
LINE
8
BLACK
6
CONTINUOUS
10
0.6407993700787401
20
0.4657519291338583
11
0.6407993700787401
21
0.4657518897637795
0
LINE
8
BLACK
6
CONTINUOUS
10
0.6407993700787401
20
0.4657518897637795
11
0.6407994488188976
21
0.4657519291338583
0
LINE
8
BLACK
6
CONTINUOUS
10
0.6407994488188976
20
0.4657519291338583
11
0.6416222047244095
21
0.4659723622047244
0
LINE
8
BLACK
6
CONTINUOUS
10
0.6416222047244095
20
0.4659723622047244
11
0.6416225196850394
21
0.4659724803149606
0
LINE
8
BLACK
6
CONTINUOUS
10
0.6416225196850394
20
0.4659724803149606
11
0.6456667322834646
21
0.4683074015748032
0
LINE
8
BLACK
6
CONTINUOUS
10
0.6456667322834646
20
0.4683074015748032
11
0.6456667716535432
21
0.4683074409448819
0
LINE
8
BLACK
6
CONTINUOUS
10
0.6456667716535432
20
0.4683074409448819
11
0.6456668897637795
21
0.4683075196850394
0
LINE
8
BLACK
6
CONTINUOUS
10
0.6456668897637795
20
0.4683075196850394
11
0.6506702362204724
21
0.4733108661417323
0
LINE
8
BLACK
6
CONTINUOUS
10
0.6506702362204724
20
0.4733108661417323
11
0.6531233858267717
21
0.4746503937007874
0
LINE
8
BLACK
6
CONTINUOUS
10
0.6531233858267717
20
0.4746503937007874
11
0.654177874015748
21
0.474763779527559
0
LINE
8
BLACK
6
CONTINUOUS
10
0.654177874015748
20
0.474763779527559
11
0.8461757086614173
21
0.474763779527559
0
LINE
8
BLACK
6
CONTINUOUS
10
0.8461757086614173
20
0.474763779527559
11
0.8488576377952756
21
0.4739762992125984
0
LINE
8
BLACK
6
CONTINUOUS
10
0.8488576377952756
20
0.4739762992125984
11
0.8506880708661417
21
0.4718638582677165
0
LINE
8
BLACK
6
CONTINUOUS
10
0.8506880708661417
20
0.4718638582677165
11
0.8510858661417323
21
0.4690971653543307
0
LINE
8
BLACK
6
CONTINUOUS
10
0.8510858661417323
20
0.4690971653543307
11
0.84992468503937
21
0.4665546456692913
0
LINE
8
BLACK
6
CONTINUOUS
10
0.84992468503937
20
0.4665546456692913
11
0.8496834251968504
21
0.4662954724409449
0
LINE
8
BLACK
6
CONTINUOUS
10
0.8496834251968504
20
0.4662954724409449
11
0.8181549212598425
21
0.434766968503937
0
LINE
8
BLACK
6
CONTINUOUS
10
0.8181549212598425
20
0.434766968503937
11
0.8157017716535433
21
0.4334274803149606
0
LINE
8
BLACK
6
CONTINUOUS
10
0.8157017716535433
20
0.4334274803149606
11
0.8156165748031496
21
0.4334096850393701
0
LINE
8
BLACK
6
CONTINUOUS
10
0.8156165748031496
20
0.4334096850393701
11
0.809918031496063
21
0.4322762204724409
0
LINE
8
BLACK
6
CONTINUOUS
10
0.809918031496063
20
0.4322762204724409
11
0.8099179527559055
21
0.4322761811023622
0
LINE
8
BLACK
6
CONTINUOUS
10
0.8099179527559055
20
0.4322761811023622
11
0.8099179133858267
21
0.4322761811023622
0
LINE
8
BLACK
6
CONTINUOUS
10
0.8099179133858267
20
0.4322761811023622
11
0.8099178346456692
21
0.4322761417322835
0
LINE
8
BLACK
6
CONTINUOUS
10
0.8099178346456692
20
0.4322761417322835
11
0.8038242913385827
21
0.4297520866141732
0
LINE
8
BLACK
6
CONTINUOUS
10
0.8038242913385827
20
0.4297520866141732
11
0.7992479527559055
21
0.4266942519685039
0
LINE
8
BLACK
6
CONTINUOUS
10
0.7992479527559055
20
0.4266942519685039
11
0.7983400787401574
21
0.4260876377952756
0
LINE
8
BLACK
6
CONTINUOUS
10
0.7983400787401574
20
0.4260876377952756
11
0.798339842519685
21
0.4260874409448819
0
LINE
8
BLACK
6
CONTINUOUS
10
0.798339842519685
20
0.4260874409448819
11
0.7936762992125984
21
0.4214238976377953
0
LINE
8
BLACK
6
CONTINUOUS
10
0.7936762992125984
20
0.4214238976377953
11
0.7936761417322834
21
0.4214237007874015
0
LINE
8
BLACK
6
CONTINUOUS
10
0.7936761417322834
20
0.4214237007874015
11
0.7900116929133858
21
0.4159394881889764
0
LINE
8
BLACK
6
CONTINUOUS
10
0.7900116929133858
20
0.4159394881889764
11
0.7893380708661417
21
0.4143132283464567
0
LINE
8
BLACK
6
CONTINUOUS
10
0.7893380708661417
20
0.4143132283464567
11
0.7874875984251968
21
0.4098458661417323
0
LINE
8
BLACK
6
CONTINUOUS
10
0.7874875984251968
20
0.4098458661417323
11
0.7862007874015747
21
0.4033767322834645
0
LINE
8
BLACK
6
CONTINUOUS
10
0.7862007874015747
20
0.4033767322834645
11
0.7862007874015747
21
0.3967807086614173
0
LINE
8
BLACK
6
CONTINUOUS
10
0.7862007874015747
20
0.3967807086614173
11
0.7874875984251968
21
0.3903115748031496
0
LINE
8
BLACK
6
CONTINUOUS
10
0.7874875984251968
20
0.3903115748031496
11
0.7900117322834646
21
0.3842179133858268
0
LINE
8
BLACK
6
CONTINUOUS
10
0.7900117322834646
20
0.3842179133858268
11
0.7936761023622048
21
0.378733779527559
0
LINE
8
BLACK
6
CONTINUOUS
10
0.7936761023622048
20
0.378733779527559
11
0.7936762992125984
21
0.3787335433070866
0
LINE
8
BLACK
6
CONTINUOUS
10
0.7936762992125984
20
0.3787335433070866
11
0.798339842519685
21
0.37407
0
LINE
8
BLACK
6
CONTINUOUS
10
0.798339842519685
20
0.37407
11
0.7983400787401574
21
0.3740698031496063
0
LINE
8
BLACK
6
CONTINUOUS
10
0.7983400787401574
20
0.3740698031496063
11
0.8038242125984252
21
0.3704054330708662
0
LINE
8
BLACK
6
CONTINUOUS
10
0.8038242125984252
20
0.3704054330708662
11
0.8038242519685039
21
0.3704053937007874
0
LINE
8
BLACK
6
CONTINUOUS
10
0.8038242519685039
20
0.3704053937007874
11
0.8038242913385827
21
0.3704053937007874
0
LINE
8
BLACK
6
CONTINUOUS
10
0.8038242913385827
20
0.3704053937007874
11
0.8050861811023622
21
0.3698826771653543
0
LINE
8
BLACK
6
CONTINUOUS
10
0.8050861811023622
20
0.3698826771653543
11
0.809917874015748
21
0.3678812992125984
0
LINE
8
BLACK
6
CONTINUOUS
10
0.809917874015748
20
0.3678812992125984
11
0.8099179921259843
21
0.3678812598425197
0
LINE
8
BLACK
6
CONTINUOUS
10
0.8099179921259843
20
0.3678812598425197
11
0.809918031496063
21
0.3678812598425197
0
LINE
8
BLACK
6
CONTINUOUS
10
0.809918031496063
20
0.3678812598425197
11
0.8115681102362204
21
0.367553031496063
0
LINE
8
BLACK
6
CONTINUOUS
10
0.8115681102362204
20
0.367553031496063
11
0.8163870078740157
21
0.3665944881889764
0
LINE
8
BLACK
6
CONTINUOUS
10
0.8163870078740157
20
0.3665944881889764
11
0.816387125984252
21
0.3665944881889764
0
LINE
8
BLACK
6
CONTINUOUS
10
0.816387125984252
20
0.3665944881889764
11
0.822983031496063
21
0.3665944881889764
0
LINE
8
BLACK
6
CONTINUOUS
10
0.822983031496063
20
0.3665944881889764
11
0.8269464566929133
21
0.367382874015748
0
LINE
8
BLACK
6
CONTINUOUS
10
0.8269464566929133
20
0.367382874015748
11
0.8294520472440945
21
0.3678812598425197
0
LINE
8
BLACK
6
CONTINUOUS
10
0.8294520472440945
20
0.3678812598425197
11
0.8294520866141732
21
0.3678812598425197
0
LINE
8
BLACK
6
CONTINUOUS
10
0.8294520866141732
20
0.3678812598425197
11
0.8294521653543306
21
0.3678812992125984
0
LINE
8
BLACK
6
CONTINUOUS
10
0.8294521653543306
20
0.3678812992125984
11
0.8326934251968504
21
0.3692238976377953
0
LINE
8
BLACK
6
CONTINUOUS
10
0.8326934251968504
20
0.3692238976377953
11
0.8355457874015748
21
0.3704053937007874
0
LINE
8
BLACK
6
CONTINUOUS
10
0.8355457874015748
20
0.3704053937007874
11
0.8410299999999999
21
0.3740698425196851
0
LINE
8
BLACK
6
CONTINUOUS
10
0.8410299999999999
20
0.3740698425196851
11
0.8410301968503937
21
0.37407
0
LINE
8
BLACK
6
CONTINUOUS
10
0.8410301968503937
20
0.37407
11
0.8456937401574803
21
0.3787335433070866
0
LINE
8
BLACK
6
CONTINUOUS
10
0.8456937401574803
20
0.3787335433070866
11
0.845693937007874
21
0.378733779527559
0
LINE
8
BLACK
6
CONTINUOUS
10
0.845693937007874
20
0.378733779527559
11
0.8493583858267716
21
0.3842179921259842
0
LINE
8
BLACK
6
CONTINUOUS
10
0.8493583858267716
20
0.3842179921259842
11
0.8514493700787401
21
0.3892660236220472
0
LINE
8
BLACK
6
CONTINUOUS
10
0.8514493700787401
20
0.3892660236220472
11
0.8518824803149606
21
0.3903116141732283
0
LINE
8
BLACK
6
CONTINUOUS
10
0.8518824803149606
20
0.3903116141732283
11
0.8523985826771653
21
0.3929061417322834
0
LINE
8
BLACK
6
CONTINUOUS
10
0.8523985826771653
20
0.3929061417322834
11
0.8530157086614173
21
0.3960088188976378
0
LINE
8
BLACK
6
CONTINUOUS
10
0.8530157086614173
20
0.3960088188976378
11
0.8533663385826772
21
0.3966790944881889
0
LINE
8
BLACK
6
CONTINUOUS
10
0.8533663385826772
20
0.3966790944881889
11
0.8535271653543307
21
0.3974183858267716
0
LINE
8
BLACK
6
CONTINUOUS
10
0.8535271653543307
20
0.3974183858267716
11
0.8542768897637795
21
0.398419842519685
0
LINE
8
BLACK
6
CONTINUOUS
10
0.8542768897637795
20
0.398419842519685
11
0.8543112598425197
21
0.3984855511811023
0
LINE
8
BLACK
6
CONTINUOUS
10
0.8543112598425197
20
0.3984855511811023
11
0.8543733464566929
21
0.3985487007874016
0
LINE
8
BLACK
6
CONTINUOUS
10
0.8543733464566929
20
0.3985487007874016
11
0.8576537401574803
21
0.401829094488189
0
LINE
8
BLACK
6
CONTINUOUS
10
0.8576537401574803
20
0.401829094488189
11
0.860106968503937
21
0.4031687007874016
0
LINE
8
BLACK
6
CONTINUOUS
10
0.860106968503937
20
0.4031687007874016
11
0.8628949606299212
21
0.4029692913385827
0
LINE
8
BLACK
6
CONTINUOUS
10
0.8628949606299212
20
0.4029692913385827
11
0.8651325984251969
21
0.4012942125984252
0
LINE
8
BLACK
6
CONTINUOUS
10
0.8651325984251969
20
0.4012942125984252
11
0.8661094094488189
21
0.3986753149606299
0
LINE
8
BLACK
6
CONTINUOUS
10
0.8661094094488189
20
0.3986753149606299
11
0.8661220472440945
21
0.3983214173228347
0
LINE
8
BLACK
6
CONTINUOUS
10
0.8661220472440945
20
0.3983214173228347
11
0.8661220472440945
21
0.3967807086614173
0
LINE
8
BLACK
6
CONTINUOUS
10
0.8661220472440945
20
0.3967807086614173
11
0.8674088582677165
21
0.3903115748031496
0
LINE
8
BLACK
6
CONTINUOUS
10
0.8674088582677165
20
0.3903115748031496
11
0.8699329921259842
21
0.3842179133858268
0
LINE
8
BLACK
6
CONTINUOUS
10
0.8699329921259842
20
0.3842179133858268
11
0.8735973622047244
21
0.378733779527559
0
LINE
8
BLACK
6
CONTINUOUS
10
0.8735973622047244
20
0.378733779527559
11
0.873597559055118
21
0.3787335433070866
0
LINE
8
BLACK
6
CONTINUOUS
10
0.873597559055118
20
0.3787335433070866
11
0.8782611023622047
21
0.37407
0
LINE
8
BLACK
6
CONTINUOUS
10
0.8782611023622047
20
0.37407
11
0.8782613385826772
21
0.3740698031496063
0
LINE
8
BLACK
6
CONTINUOUS
10
0.8782613385826772
20
0.3740698031496063
11
0.8837454724409448
21
0.3704054330708662
0
LINE
8
BLACK
6
CONTINUOUS
10
0.8837454724409448
20
0.3704054330708662
11
0.8837455118110236
21
0.3704053937007874
0
LINE
8
BLACK
6
CONTINUOUS
10
0.8837455118110236
20
0.3704053937007874
11
0.8837455511811023
21
0.3704053937007874
0
LINE
8
BLACK
6
CONTINUOUS
10
0.8837455511811023
20
0.3704053937007874
11
0.8850074409448818
21
0.3698826771653543
0
LINE
8
BLACK
6
CONTINUOUS
10
0.8850074409448818
20
0.3698826771653543
11
0.8898391338582677
21
0.3678812992125984
0
LINE
8
BLACK
6
CONTINUOUS
10
0.8898391338582677
20
0.3678812992125984
11
0.8898392519685039
21
0.3678812598425197
0
LINE
8
BLACK
6
CONTINUOUS
10
0.8898392519685039
20
0.3678812598425197
11
0.8898392913385826
21
0.3678812598425197
0
LINE
8
BLACK
6
CONTINUOUS
10
0.8898392913385826
20
0.3678812598425197
11
0.8914893700787402
21
0.367553031496063
0
LINE
8
BLACK
6
CONTINUOUS
10
0.8914893700787402
20
0.367553031496063
11
0.8963082677165354
21
0.3665944881889764
0
LINE
8
BLACK
6
CONTINUOUS
10
0.8963082677165354
20
0.3665944881889764
11
0.8963083858267716
21
0.3665944881889764
0
LINE
8
BLACK
6
CONTINUOUS
10
0.8963083858267716
20
0.3665944881889764
11
0.9029042913385826
21
0.3665944881889764
0
LINE
8
BLACK
6
CONTINUOUS
10
0.9029042913385826
20
0.3665944881889764
11
0.9068677165354331
21
0.367382874015748
0
LINE
8
BLACK
6
CONTINUOUS
10
0.9068677165354331
20
0.367382874015748
11
0.9093733070866141
21
0.3678812598425197
0
LINE
8
BLACK
6
CONTINUOUS
10
0.9093733070866141
20
0.3678812598425197
11
0.9093733464566929
21
0.3678812598425197
0
LINE
8
BLACK
6
CONTINUOUS
10
0.9093733464566929
20
0.3678812598425197
11
0.9093734251968504
21
0.3678812992125984
0
LINE
8
BLACK
6
CONTINUOUS
10
0.9093734251968504
20
0.3678812992125984
11
0.91261468503937
21
0.3692238976377953
0
LINE
8
BLACK
6
CONTINUOUS
10
0.91261468503937
20
0.3692238976377953
11
0.9154670472440944
21
0.3704053937007874
0
LINE
8
BLACK
6
CONTINUOUS
10
0.9154670472440944
20
0.3704053937007874
11
0.9209512598425197
21
0.3740698425196851
0
LINE
8
BLACK
6
CONTINUOUS
10
0.9209512598425197
20
0.3740698425196851
11
0.9209514566929133
21
0.37407
0
LINE
8
BLACK
6
CONTINUOUS
10
0.9209514566929133
20
0.37407
11
0.925615
21
0.3787335433070866
0
LINE
8
BLACK
6
CONTINUOUS
10
0.925615
20
0.3787335433070866
11
0.9256151968503937
21
0.378733779527559
0
LINE
8
BLACK
6
CONTINUOUS
10
0.9256151968503937
20
0.378733779527559
11
0.9292796456692913
21
0.3842179921259842
0
LINE
8
BLACK
6
CONTINUOUS
10
0.9292796456692913
20
0.3842179921259842
11
0.931803779527559
21
0.3903117322834646
0
LINE
8
BLACK
6
CONTINUOUS
10
0.931803779527559
20
0.3903117322834646
11
0.9330905511811023
21
0.3967808267716535
0
LINE
8
BLACK
6
CONTINUOUS
10
0.9330905511811023
20
0.3967808267716535
11
0.9330905511811023
21
0.4033766535433071
0
LINE
8
BLACK
6
CONTINUOUS
10
0.9330905511811023
20
0.4033766535433071
11
0.931803779527559
21
0.409845748031496
0
LINE
8
BLACK
6
CONTINUOUS
10
0.931803779527559
20
0.409845748031496
11
0.9292796456692913
21
0.4159394881889764
0
LINE
8
BLACK
6
CONTINUOUS
10
0.9292796456692913
20
0.4159394881889764
11
0.9279475984251968
21
0.417933031496063
0
LINE
8
BLACK
6
CONTINUOUS
10
0.9279475984251968
20
0.417933031496063
11
0.9271123622047244
21
0.4206004724409449
0
LINE
8
BLACK
6
CONTINUOUS
10
0.9271123622047244
20
0.4206004724409449
11
0.9278518503937008
21
0.4232960236220472
0
LINE
8
BLACK
6
CONTINUOUS
10
0.9278518503937008
20
0.4232960236220472
11
0.9299312598425197
21
0.4251638582677165
0
LINE
8
BLACK
6
CONTINUOUS
10
0.9299312598425197
20
0.4251638582677165
11
0.9320722047244094
21
0.4256496456692913
0
LINE
8
BLACK
6
CONTINUOUS
10
0.9320722047244094
20
0.4256496456692913
11
0.9487112204724409
21
0.4256496456692913
0
LINE
8
BLACK
6
CONTINUOUS
10
0.9487112204724409
20
0.4256496456692913
11
0.9506094881889764
21
0.4252720472440945
0
LINE
8
BLACK
6
CONTINUOUS
10
0.9506094881889764
20
0.4252720472440945
11
0.9518368110236221
21
0.4247637007874016
0
LINE
8
BLACK
6
CONTINUOUS
10
0.9518368110236221
20
0.4247637007874016
11
0.9518367716535433
21
0.4247637007874016
0
LINE
8
BLACK
6
CONTINUOUS
10
0.9518367716535433
20
0.4247637007874016
11
0.9543107086614173
21
0.4242715748031496
0
LINE
8
BLACK
6
CONTINUOUS
10
0.9543107086614173
20
0.4242715748031496
11
0.9567846456692913
21
0.4237794881889764
0
LINE
8
BLACK
6
CONTINUOUS
10
0.9567846456692913
20
0.4237794881889764
11
0.9567846850393701
21
0.4237794881889764
0
LINE
8
BLACK
6
CONTINUOUS
10
0.9567846850393701
20
0.4237794881889764
11
1.097584842519685
21
0.4237794881889764
0
LINE
8
BLACK
6
CONTINUOUS
10
1.097584842519685
20
0.4237794881889764
11
1.1002667716535433
21
0.4229920078740158
0
LINE
8
BLACK
6
CONTINUOUS
10
1.1002667716535433
20
0.4229920078740158
11
1.1020972047244095
21
0.4208795669291339
0
LINE
8
BLACK
6
CONTINUOUS
10
1.1020972047244095
20
0.4208795669291339
11
1.102495
21
0.418112874015748
0
LINE
8
BLACK
6
CONTINUOUS
10
1.102495
20
0.418112874015748
11
1.1013338188976378
21
0.4155703543307087
0
LINE
8
BLACK
6
CONTINUOUS
10
1.1013338188976378
20
0.4155703543307087
11
1.0998369291338583
21
0.4143988976377952
0
LINE
8
BLACK
6
CONTINUOUS
10
1.0998369291338583
20
0.4143988976377952
11
1.099668937007874
21
0.4143133070866142
0
LINE
8
BLACK
6
CONTINUOUS
10
1.099668937007874
20
0.4143133070866142
11
1.0996688188976378
21
0.4143132677165354
0
LINE
8
BLACK
6
CONTINUOUS
10
1.0996688188976378
20
0.4143132677165354
11
1.0922119685039371
21
0.4105138188976378
0
LINE
8
BLACK
6
CONTINUOUS
10
1.0922119685039371
20
0.4105138188976378
11
1.0854412598425196
21
0.4055946456692913
0
LINE
8
BLACK
6
CONTINUOUS
10
1.0854412598425196
20
0.4055946456692913
11
1.0854411417322833
21
0.4055945275590551
0
LINE
8
BLACK
6
CONTINUOUS
10
1.0854411417322833
20
0.4055945275590551
11
1.0854410236220473
21
0.4055944488188976
0
LINE
8
BLACK
6
CONTINUOUS
10
1.0854410236220473
20
0.4055944488188976
11
1.0795236220472442
21
0.3996770472440945
0
LINE
8
BLACK
6
CONTINUOUS
10
1.0795236220472442
20
0.3996770472440945
11
1.0795235433070867
21
0.3996769291338583
0
LINE
8
BLACK
6
CONTINUOUS
10
1.0795235433070867
20
0.3996769291338583
11
1.0795234645669292
21
0.3996768503937008
0
LINE
8
BLACK
6
CONTINUOUS
10
1.0795234645669292
20
0.3996768503937008
11
1.0746042913385827
21
0.3929061417322834
0
LINE
8
BLACK
6
CONTINUOUS
10
1.0746042913385827
20
0.3929061417322834
11
1.070804842519685
21
0.3854492913385827
0
LINE
8
BLACK
6
CONTINUOUS
10
1.070804842519685
20
0.3854492913385827
11
1.0682186614173228
21
0.3774898818897638
0
LINE
8
BLACK
6
CONTINUOUS
10
1.0682186614173228
20
0.3774898818897638
11
1.0669094488188977
21
0.3692238976377953
0
LINE
8
BLACK
6
CONTINUOUS
10
1.0669094488188977
20
0.3692238976377953
11
1.0669094488188977
21
0.360854842519685
0
LINE
8
BLACK
6
CONTINUOUS
10
1.0669094488188977
20
0.360854842519685
11
1.0676770078740156
21
0.3560087007874015
0
LINE
8
BLACK
6
CONTINUOUS
10
1.0676770078740156
20
0.3560087007874015
11
1.0682187007874016
21
0.3525887007874016
0
LINE
8
BLACK
6
CONTINUOUS
10
1.0682187007874016
20
0.3525887007874016
11
1.070804842519685
21
0.3446294488188976
0
LINE
8
BLACK
6
CONTINUOUS
10
1.070804842519685
20
0.3446294488188976
11
1.0708048818897637
21
0.3446293700787402
0
LINE
8
BLACK
6
CONTINUOUS
10
1.0708048818897637
20
0.3446293700787402
11
1.0746043700787402
21
0.3371724409448819
0
LINE
8
BLACK
6
CONTINUOUS
10
1.0746043700787402
20
0.3371724409448819
11
1.0795235433070867
21
0.3304017716535433
0
LINE
8
BLACK
6
CONTINUOUS
10
1.0795235433070867
20
0.3304017716535433
11
1.0795236220472442
21
0.3304016535433071
0
LINE
8
BLACK
6
CONTINUOUS
10
1.0795236220472442
20
0.3304016535433071
11
1.0854410236220473
21
0.3244842519685039
0
LINE
8
BLACK
6
CONTINUOUS
10
1.0854410236220473
20
0.3244842519685039
11
1.0854411417322833
21
0.3244841732283464
0
LINE
8
BLACK
6
CONTINUOUS
10
1.0854411417322833
20
0.3244841732283464
11
1.0922118110236221
21
0.319565
0
LINE
8
BLACK
6
CONTINUOUS
10
1.0922118110236221
20
0.319565
11
1.0996687401574803
21
0.3157655118110236
0
LINE
8
BLACK
6
CONTINUOUS
10
1.0996687401574803
20
0.3157655118110236
11
1.0996688188976378
21
0.3157654724409449
0
LINE
8
BLACK
6
CONTINUOUS
10
1.0996688188976378
20
0.3157654724409449
11
1.1076280708661417
21
0.3131793307086614
0
LINE
8
BLACK
6
CONTINUOUS
10
1.1076280708661417
20
0.3131793307086614
11
1.1076281102362204
21
0.3131792913385827
0
LINE
8
BLACK
6
CONTINUOUS
10
1.1076281102362204
20
0.3131792913385827
11
1.1076282283464567
21
0.3131792913385827
0
LINE
8
BLACK
6
CONTINUOUS
10
1.1076282283464567
20
0.3131792913385827
11
1.1158942125984253
21
0.3118700787401575
0
LINE
8
BLACK
6
CONTINUOUS
10
1.1158942125984253
20
0.3118700787401575
11
1.1158943307086613
21
0.3118700787401575
0
LINE
8
BLACK
6
CONTINUOUS
10
1.1158943307086613
20
0.3118700787401575
11
1.1242631496062991
21
0.3118700787401575
0
LINE
8
BLACK
6
CONTINUOUS
10
1.1242631496062991
20
0.3118700787401575
11
1.1242632677165354
21
0.3118700787401575
0
LINE
8
BLACK
6
CONTINUOUS
10
1.1242632677165354
20
0.3118700787401575
11
1.132529251968504
21
0.3131792913385827
0
LINE
8
BLACK
6
CONTINUOUS
10
1.132529251968504
20
0.3131792913385827
11
1.1404886614173229
21
0.3157654724409449
0
LINE
8
BLACK
6
CONTINUOUS
10
1.1404886614173229
20
0.3157654724409449
11
1.1479455118110236
21
0.3195649212598425
0
LINE
8
BLACK
6
CONTINUOUS
10
1.1479455118110236
20
0.3195649212598425
11
1.148864842519685
21
0.3202328346456693
0
LINE
8
BLACK
6
CONTINUOUS
10
1.148864842519685
20
0.3202328346456693
11
1.1496194488188975
21
0.3207811023622047
0
LINE
8
BLACK
6
CONTINUOUS
10
1.1496194488188975
20
0.3207811023622047
11
1.1547162204724408
21
0.324484094488189
0
LINE
8
BLACK
6
CONTINUOUS
10
1.1547162204724408
20
0.324484094488189
11
1.1547162992125983
21
0.3244841732283464
0
LINE
8
BLACK
6
CONTINUOUS
10
1.1547162992125983
20
0.3244841732283464
11
1.1547164173228346
21
0.3244842519685039
0
LINE
8
BLACK
6
CONTINUOUS
10
1.1547164173228346
20
0.3244842519685039
11
1.1606338188976377
21
0.3304016535433071
0
LINE
8
BLACK
6
CONTINUOUS
10
1.1606338188976377
20
0.3304016535433071
11
1.1606338976377952
21
0.3304017716535433
0
LINE
8
BLACK
6
CONTINUOUS
10
1.1606338976377952
20
0.3304017716535433
11
1.1606340157480315
21
0.3304018897637795
0
LINE
8
BLACK
6
CONTINUOUS
10
1.1606340157480315
20
0.3304018897637795
11
1.1655531889763779
21
0.3371725984251969
0
LINE
8
BLACK
6
CONTINUOUS
10
1.1655531889763779
20
0.3371725984251969
11
1.1693526377952757
21
0.3446294488188976
0
LINE
8
BLACK
6
CONTINUOUS
10
1.1693526377952757
20
0.3446294488188976
11
1.1719388188976378
21
0.3525888582677165
0
LINE
8
BLACK
6
CONTINUOUS
10
1.1719388188976378
20
0.3525888582677165
11
1.1732480314960629
21
0.360854842519685
0
LINE
8
BLACK
6
CONTINUOUS
10
1.1732480314960629
20
0.360854842519685
11
1.1732480314960629
21
0.3692238976377953
0
LINE
8
BLACK
6
CONTINUOUS
10
1.1732480314960629
20
0.3692238976377953
11
1.1719388188976378
21
0.3774898818897638
0
LINE
8
BLACK
6
CONTINUOUS
10
1.1719388188976378
20
0.3774898818897638
11
1.1693526377952757
21
0.3854492913385827
0
LINE
8
BLACK
6
CONTINUOUS
10
1.1693526377952757
20
0.3854492913385827
11
1.1655531889763779
21
0.3929061417322834
0
LINE
8
BLACK
6
CONTINUOUS
10
1.1655531889763779
20
0.3929061417322834
11
1.1606340157480315
21
0.3996768503937008
0
LINE
8
BLACK
6
CONTINUOUS
10
1.1606340157480315
20
0.3996768503937008
11
1.1547162204724408
21
0.4055946456692913
0
LINE
8
BLACK
6
CONTINUOUS
10
1.1547162204724408
20
0.4055946456692913
11
1.1479455118110236
21
0.4105138188976378
0
LINE
8
BLACK
6
CONTINUOUS
10
1.1479455118110236
20
0.4105138188976378
11
1.1404886614173229
21
0.4143132677165354
0
LINE
8
BLACK
6
CONTINUOUS
10
1.1404886614173229
20
0.4143132677165354
11
1.1404885039370078
21
0.4143133070866142
0
LINE
8
BLACK
6
CONTINUOUS
10
1.1404885039370078
20
0.4143133070866142
11
1.1403205511811023
21
0.4143988976377952
0
LINE
8
BLACK
6
CONTINUOUS
10
1.1403205511811023
20
0.4143988976377952
11
1.1382884645669291
21
0.4163181102362205
0
LINE
8
BLACK
6
CONTINUOUS
10
1.1382884645669291
20
0.4163181102362205
11
1.1376165748031495
21
0.4190312992125984
0
LINE
8
BLACK
6
CONTINUOUS
10
1.1376165748031495
20
0.4190312992125984
11
1.138518188976378
21
0.4216770472440945
0
LINE
8
BLACK
6
CONTINUOUS
10
1.138518188976378
20
0.4216770472440945
11
1.1407070472440946
21
0.4234153149606299
0
LINE
8
BLACK
6
CONTINUOUS
10
1.1407070472440946
20
0.4234153149606299
11
1.1425726377952756
21
0.4237794881889764
0
LINE
8
BLACK
6
CONTINUOUS
10
1.1425726377952756
20
0.4237794881889764
11
1.2964789763779527
21
0.4237794881889764
0
LINE
8
BLACK
6
CONTINUOUS
10
1.2964789763779527
20
0.4237794881889764
11
1.2964790551181102
21
0.4237794881889764
0
LINE
8
BLACK
6
CONTINUOUS
10
1.2964790551181102
20
0.4237794881889764
11
1.2997775984251969
21
0.4244356299212598
0
LINE
8
BLACK
6
CONTINUOUS
10
1.2997775984251969
20
0.4244356299212598
11
1.3014269291338583
21
0.4247637007874016
0
LINE
8
BLACK
6
CONTINUOUS
10
1.3014269291338583
20
0.4247637007874016
11
1.301426968503937
21
0.4247637401574803
0
LINE
8
BLACK
6
CONTINUOUS
10
1.301426968503937
20
0.4247637401574803
11
1.3032685433070865
21
0.4255265354330708
0
LINE
8
BLACK
6
CONTINUOUS
10
1.3032685433070865
20
0.4255265354330708
11
1.3060876377952755
21
0.4266942519685039
0
LINE
8
BLACK
6
CONTINUOUS
10
1.3060876377952755
20
0.4266942519685039
11
1.3102822047244094
21
0.4294969291338583
0
LINE
8
BLACK
6
CONTINUOUS
10
1.3102822047244094
20
0.4294969291338583
11
1.343722125984252
21
0.4629368503937007
0
LINE
8
BLACK
6
CONTINUOUS
10
1.343722125984252
20
0.4629368503937007
11
1.3447995275590552
21
0.463525157480315
0
LINE
8
BLACK
6
CONTINUOUS
10
1.3447995275590552
20
0.463525157480315
11
1.3458322047244093
21
0.4641888188976378
0
LINE
8
BLACK
6
CONTINUOUS
10
1.3458322047244093
20
0.4641888188976378
11
1.3460802755905512
21
0.4642244881889764
0
LINE
8
BLACK
6
CONTINUOUS
10
1.3460802755905512
20
0.4642244881889764
11
1.3461753149606299
21
0.4642763779527559
0
LINE
8
BLACK
6
CONTINUOUS
10
1.3461753149606299
20
0.4642763779527559
11
1.3472297637795276
21
0.4643897637795276
0
LINE
8
BLACK
6
CONTINUOUS
10
1.3472297637795276
20
0.4643897637795276
11
1.3571456692913386
21
0.4643897637795276
0
LINE
8
BLACK
6
CONTINUOUS
10
1.3571456692913386
20
0.4643897637795276
11
1.3598275984251968
21
0.4636022834645669
0
LINE
8
BLACK
6
CONTINUOUS
10
1.3598275984251968
20
0.4636022834645669
11
1.3616580314960629
21
0.4614898425196851
0
LINE
8
BLACK
6
CONTINUOUS
10
1.3616580314960629
20
0.4614898425196851
11
1.3621062992125983
21
0.4594291338582677
0
LINE
8
BLACK
6
CONTINUOUS
10
1.3621062992125983
20
0.4594291338582677
11
1.3621062992125983
21
0.4592224015748032
0
LINE
8
BLACK
6
CONTINUOUS
10
1.3621062992125983
20
0.4592224015748032
11
1.3625642519685039
21
0.4569201181102362
0
LINE
8
BLACK
6
CONTINUOUS
10
1.3625642519685039
20
0.4569201181102362
11
1.3625642913385827
21
0.45692
0
LINE
8
BLACK
6
CONTINUOUS
10
1.3625642913385827
20
0.45692
11
1.3643089763779528
21
0.4543089763779528
0
LINE
8
BLACK
6
CONTINUOUS
10
1.3643089763779528
20
0.4543089763779528
11
1.3669199999999999
21
0.4525642913385827
0
LINE
8
BLACK
6
CONTINUOUS
10
1.3669199999999999
20
0.4525642913385827
11
1.3669201181102362
21
0.4525642519685039
0
LINE
8
BLACK
6
CONTINUOUS
10
1.3669201181102362
20
0.4525642519685039
11
1.3692224015748031
21
0.4521062992125984
0
LINE
8
BLACK
6
CONTINUOUS
10
1.3692224015748031
20
0.4521062992125984
11
1.3692225196850394
21
0.4521062992125984
0
LINE
8
BLACK
6
CONTINUOUS
10
1.3692225196850394
20
0.4521062992125984
11
1.4307775590551182
21
0.4521062992125984
0
LINE
8
BLACK
6
CONTINUOUS
10
1.4307775590551182
20
0.4521062992125984
11
1.4330798425196849
21
0.4525642519685039
0
LINE
8
BLACK
6
CONTINUOUS
10
1.4330798425196849
20
0.4525642519685039
11
1.4330799606299212
21
0.4525642913385827
0
LINE
8
BLACK
6
CONTINUOUS
10
1.4330799606299212
20
0.4525642913385827
11
1.4356910236220473
21
0.4543089763779528
0
LINE
8
BLACK
6
CONTINUOUS
10
1.4356910236220473
20
0.4543089763779528
11
1.4374357086614173
21
0.4569200393700787
0
LINE
8
BLACK
6
CONTINUOUS
10
1.4374357086614173
20
0.4569200393700787
11
1.4378937007874015
21
0.4592225196850394
0
LINE
8
BLACK
6
CONTINUOUS
10
1.4378937007874015
20
0.4592225196850394
11
1.4378937007874015
21
0.4594291338582677
0
LINE
8
BLACK
6
CONTINUOUS
10
1.4378937007874015
20
0.4594291338582677
11
1.4386811811023621
21
0.462111062992126
0
LINE
8
BLACK
6
CONTINUOUS
10
1.4386811811023621
20
0.462111062992126
11
1.4407936220472441
21
0.4639414960629921
0
LINE
8
BLACK
6
CONTINUOUS
10
1.4407936220472441
20
0.4639414960629921
11
1.4428543307086614
21
0.4643897637795276
0
LINE
8
BLACK
6
CONTINUOUS
10
1.4428543307086614
20
0.4643897637795276
11
1.4571456692913385
21
0.4643897637795276
0
LINE
8
BLACK
6
CONTINUOUS
10
1.4571456692913385
20
0.4643897637795276
11
1.4598275984251967
21
0.4636022834645669
0
LINE
8
BLACK
6
CONTINUOUS
10
1.4598275984251967
20
0.4636022834645669
11
1.461658031496063
21
0.4614898425196851
0
LINE
8
BLACK
6
CONTINUOUS
10
1.461658031496063
20
0.4614898425196851
11
1.4621062992125984
21
0.4594291338582677
0
LINE
8
BLACK
6
CONTINUOUS
10
1.4621062992125984
20
0.4594291338582677
11
1.4621062992125984
21
0.4592224015748032
0
LINE
8
BLACK
6
CONTINUOUS
10
1.4621062992125984
20
0.4592224015748032
11
1.4625642519685038
21
0.4569201181102362
0
LINE
8
BLACK
6
CONTINUOUS
10
1.4625642519685038
20
0.4569201181102362
11
1.4625642913385826
21
0.45692
0
LINE
8
BLACK
6
CONTINUOUS
10
1.4625642913385826
20
0.45692
11
1.4643089763779527
21
0.4543089763779528
0
LINE
8
BLACK
6
CONTINUOUS
10
1.4643089763779527
20
0.4543089763779528
11
1.46692
21
0.4525642913385827
0
LINE
8
BLACK
6
CONTINUOUS
10
1.46692
20
0.4525642913385827
11
1.4669201181102363
21
0.4525642519685039
0
LINE
8
BLACK
6
CONTINUOUS
10
1.4669201181102363
20
0.4525642519685039
11
1.4692224015748032
21
0.4521062992125984
0
LINE
8
BLACK
6
CONTINUOUS
10
1.4692224015748032
20
0.4521062992125984
11
1.4692225196850393
21
0.4521062992125984
0
LINE
8
BLACK
6
CONTINUOUS
10
1.4692225196850393
20
0.4521062992125984
11
1.530777559055118
21
0.4521062992125984
0
LINE
8
BLACK
6
CONTINUOUS
10
1.530777559055118
20
0.4521062992125984
11
1.533079842519685
21
0.4525642519685039
0
LINE
8
BLACK
6
CONTINUOUS
10
1.533079842519685
20
0.4525642519685039
11
1.5330799606299212
21
0.4525642913385827
0
LINE
8
BLACK
6
CONTINUOUS
10
1.5330799606299212
20
0.4525642913385827
11
1.5356910236220471
21
0.4543089763779528
0
LINE
8
BLACK
6
CONTINUOUS
10
1.5356910236220471
20
0.4543089763779528
11
1.5374357086614172
21
0.4569200393700787
0
LINE
8
BLACK
6
CONTINUOUS
10
1.5374357086614172
20
0.4569200393700787
11
1.5378937007874016
21
0.4592225196850394
0
LINE
8
BLACK
6
CONTINUOUS
10
1.5378937007874016
20
0.4592225196850394
11
1.5378937007874016
21
0.5207774803149606
0
LINE
8
BLACK
6
CONTINUOUS
10
1.5378937007874016
20
0.5207774803149606
11
1.5374357086614172
21
0.5230799606299212
0
LINE
8
BLACK
6
CONTINUOUS
10
1.5374357086614172
20
0.5230799606299212
11
1.5356910236220471
21
0.5256910236220472
0
LINE
8
BLACK
6
CONTINUOUS
10
1.5356910236220471
20
0.5256910236220472
11
1.5330799606299212
21
0.5274357086614173
0
LINE
8
BLACK
6
CONTINUOUS
10
1.5330799606299212
20
0.5274357086614173
11
1.5307774803149605
21
0.5278937007874016
0
LINE
8
BLACK
6
CONTINUOUS
10
1.5307774803149605
20
0.5278937007874016
11
1.4692225196850393
21
0.5278937007874016
0
LINE
8
BLACK
6
CONTINUOUS
10
1.4692225196850393
20
0.5278937007874016
11
1.4669200393700788
21
0.5274357086614173
0
LINE
8
BLACK
6
CONTINUOUS
10
1.4669200393700788
20
0.5274357086614173
11
1.4643089763779527
21
0.5256910236220472
0
LINE
8
BLACK
6
CONTINUOUS
10
1.4643089763779527
20
0.5256910236220472
11
1.4625642913385826
21
0.5230799606299212
0
LINE
8
BLACK
6
CONTINUOUS
10
1.4625642913385826
20
0.5230799606299212
11
1.4625642519685038
21
0.523079842519685
0
LINE
8
BLACK
6
CONTINUOUS
10
1.4625642519685038
20
0.523079842519685
11
1.4621062992125984
21
0.5207775590551181
0
LINE
8
BLACK
6
CONTINUOUS
10
1.4621062992125984
20
0.5207775590551181
11
1.4621062992125984
21
0.5205708661417323
0
LINE
8
BLACK
6
CONTINUOUS
10
1.4621062992125984
20
0.5205708661417323
11
1.4613188188976378
21
0.517888937007874
0
LINE
8
BLACK
6
CONTINUOUS
10
1.4613188188976378
20
0.517888937007874
11
1.4592063779527558
21
0.5160585039370079
0
LINE
8
BLACK
6
CONTINUOUS
10
1.4592063779527558
20
0.5160585039370079
11
1.4571456692913385
21
0.5156102362204724
0
LINE
8
BLACK
6
CONTINUOUS
10
1.4571456692913385
20
0.5156102362204724
11
1.4428543307086614
21
0.5156102362204724
0
LINE
8
BLACK
6
CONTINUOUS
10
1.4428543307086614
20
0.5156102362204724
11
1.4401724015748032
21
0.5163977165354331
0
LINE
8
BLACK
6
CONTINUOUS
10
1.4401724015748032
20
0.5163977165354331
11
1.4383419685039369
21
0.5185101574803149
0
LINE
8
BLACK
6
CONTINUOUS
10
1.4383419685039369
20
0.5185101574803149
11
1.4378937007874015
21
0.5205708661417323
0
LINE
8
BLACK
6
CONTINUOUS
10
1.4378937007874015
20
0.5205708661417323
11
1.4378937007874015
21
0.5207774015748031
0
LINE
8
BLACK
6
CONTINUOUS
10
1.4378937007874015
20
0.5207774015748031
11
1.4378937007874015
21
0.5207774803149606
0
LINE
8
BLACK
6
CONTINUOUS
10
1.4378937007874015
20
0.5207774803149606
11
1.4374357086614173
21
0.5230799606299212
0
LINE
8
BLACK
6
CONTINUOUS
10
1.4374357086614173
20
0.5230799606299212
11
1.4356910236220473
21
0.5256910236220472
0
LINE
8
BLACK
6
CONTINUOUS
10
1.4356910236220473
20
0.5256910236220472
11
1.4330799606299212
21
0.5274357086614173
0
LINE
8
BLACK
6
CONTINUOUS
10
1.4330799606299212
20
0.5274357086614173
11
1.4307774803149607
21
0.5278937007874016
0
LINE
8
BLACK
6
CONTINUOUS
10
1.4307774803149607
20
0.5278937007874016
11
1.4307774409448819
21
0.5278937007874016
0
LINE
8
BLACK
6
CONTINUOUS
10
1.4307774409448819
20
0.5278937007874016
11
1.4305708661417322
21
0.5278937007874016
0
LINE
8
BLACK
6
CONTINUOUS
10
1.4305708661417322
20
0.5278937007874016
11
1.427888937007874
21
0.5286811811023622
0
LINE
8
BLACK
6
CONTINUOUS
10
1.427888937007874
20
0.5286811811023622
11
1.4260585039370079
21
0.5307936220472441
0
LINE
8
BLACK
6
CONTINUOUS
10
1.4260585039370079
20
0.5307936220472441
11
1.4256102362204723
21
0.5328543307086614
0
LINE
8
BLACK
6
CONTINUOUS
10
1.4256102362204723
20
0.5328543307086614
11
1.4256102362204723
21
0.5471456692913386
0
LINE
8
BLACK
6
CONTINUOUS
10
1.4256102362204723
20
0.5471456692913386
11
1.4263977165354331
21
0.5498275984251968
0
LINE
8
BLACK
6
CONTINUOUS
10
1.4263977165354331
20
0.5498275984251968
11
1.428510157480315
21
0.551658031496063
0
LINE
8
BLACK
6
CONTINUOUS
10
1.428510157480315
20
0.551658031496063
11
1.4305708661417322
21
0.5521062992125985
0
LINE
8
BLACK
6
CONTINUOUS
10
1.4305708661417322
20
0.5521062992125985
11
1.4307775590551182
21
0.5521062992125985
0
LINE
8
BLACK
6
CONTINUOUS
10
1.4307775590551182
20
0.5521062992125985
11
1.4330798425196849
21
0.5525642519685039
0
LINE
8
BLACK
6
CONTINUOUS
10
1.4330798425196849
20
0.5525642519685039
11
1.4330799606299212
21
0.5525642913385826
0
LINE
8
BLACK
6
CONTINUOUS
10
1.4330799606299212
20
0.5525642913385826
11
1.4356910236220473
21
0.5543089763779527
0
LINE
8
BLACK
6
CONTINUOUS
10
1.4356910236220473
20
0.5543089763779527
11
1.4374357086614173
21
0.5569200393700787
0
LINE
8
BLACK
6
CONTINUOUS
10
1.4374357086614173
20
0.5569200393700787
11
1.4378937007874015
21
0.5592225196850393
0
LINE
8
BLACK
6
CONTINUOUS
10
1.4378937007874015
20
0.5592225196850393
11
1.4378937007874015
21
0.5594291338582678
0
LINE
8
BLACK
6
CONTINUOUS
10
1.4378937007874015
20
0.5594291338582678
11
1.4386811811023621
21
0.562111062992126
0
LINE
8
BLACK
6
CONTINUOUS
10
1.4386811811023621
20
0.562111062992126
11
1.4407936220472441
21
0.5639414960629922
0
LINE
8
BLACK
6
CONTINUOUS
10
1.4407936220472441
20
0.5639414960629922
11
1.4428543307086614
21
0.5643897637795275
0
LINE
8
BLACK
6
CONTINUOUS
10
1.4428543307086614
20
0.5643897637795275
11
1.4571456692913385
21
0.5643897637795275
0
LINE
8
BLACK
6
CONTINUOUS
10
1.4571456692913385
20
0.5643897637795275
11
1.4598275984251967
21
0.5636022834645669
0
LINE
8
BLACK
6
CONTINUOUS
10
1.4598275984251967
20
0.5636022834645669
11
1.461658031496063
21
0.561489842519685
0
LINE
8
BLACK
6
CONTINUOUS
10
1.461658031496063
20
0.561489842519685
11
1.4621062992125984
21
0.5594291338582678
0
LINE
8
BLACK
6
CONTINUOUS
10
1.4621062992125984
20
0.5594291338582678
11
1.4621062992125984
21
0.5592224015748032
0
LINE
8
BLACK
6
CONTINUOUS
10
1.4621062992125984
20
0.5592224015748032
11
1.4625642519685038
21
0.5569201181102362
0
LINE
8
BLACK
6
CONTINUOUS
10
1.4625642519685038
20
0.5569201181102362
11
1.4625642913385826
21
0.55692
0
LINE
8
BLACK
6
CONTINUOUS
10
1.4625642913385826
20
0.55692
11
1.4643089763779527
21
0.5543089763779527
0
LINE
8
BLACK
6
CONTINUOUS
10
1.4643089763779527
20
0.5543089763779527
11
1.46692
21
0.5525642913385826
0
LINE
8
BLACK
6
CONTINUOUS
10
1.46692
20
0.5525642913385826
11
1.4669201181102363
21
0.5525642519685039
0
LINE
8
BLACK
6
CONTINUOUS
10
1.4669201181102363
20
0.5525642519685039
11
1.4692224015748032
21
0.5521062992125985
0
LINE
8
BLACK
6
CONTINUOUS
10
1.4692224015748032
20
0.5521062992125985
11
1.4692225196850393
21
0.5521062992125985
0
LINE
8
BLACK
6
CONTINUOUS
10
1.4692225196850393
20
0.5521062992125985
11
1.530777559055118
21
0.5521062992125985
0
LINE
8
BLACK
6
CONTINUOUS
10
1.530777559055118
20
0.5521062992125985
11
1.533079842519685
21
0.5525642519685039
0
LINE
8
BLACK
6
CONTINUOUS
10
1.533079842519685
20
0.5525642519685039
11
1.5330799606299212
21
0.5525642913385826
0
LINE
8
BLACK
6
CONTINUOUS
10
1.5330799606299212
20
0.5525642913385826
11
1.5356910236220471
21
0.5543089763779527
0
LINE
8
BLACK
6
CONTINUOUS
10
1.5356910236220471
20
0.5543089763779527
11
1.5374357086614172
21
0.5569200393700787
0
LINE
8
BLACK
6
CONTINUOUS
10
1.5374357086614172
20
0.5569200393700787
11
1.5378937007874016
21
0.5592225196850393
0
LINE
8
BLACK
6
CONTINUOUS
10
1.5378937007874016
20
0.5592225196850393
11
1.5378937007874016
21
0.6207774803149606
0
LINE
8
BLACK
6
CONTINUOUS
10
1.5378937007874016
20
0.6207774803149606
11
1.5374357086614172
21
0.6230799606299212
0
LINE
8
BLACK
6
CONTINUOUS
10
1.5374357086614172
20
0.6230799606299212
11
1.5356910236220471
21
0.6256910236220472
0
LINE
8
BLACK
6
CONTINUOUS
10
1.5356910236220471
20
0.6256910236220472
11
1.5330799606299212
21
0.6274357086614173
0
LINE
8
BLACK
6
CONTINUOUS
10
1.5330799606299212
20
0.6274357086614173
11
1.5307774803149605
21
0.6278937007874016
0
LINE
8
BLACK
6
CONTINUOUS
10
1.5307774803149605
20
0.6278937007874016
11
1.4692225196850393
21
0.6278937007874016
0
LINE
8
BLACK
6
CONTINUOUS
10
1.4692225196850393
20
0.6278937007874016
11
1.4669200393700788
21
0.6274357086614173
0
LINE
8
BLACK
6
CONTINUOUS
10
1.4669200393700788
20
0.6274357086614173
11
1.4643089763779527
21
0.6256910236220472
0
LINE
8
BLACK
6
CONTINUOUS
10
1.4643089763779527
20
0.6256910236220472
11
1.4625642913385826
21
0.6230799606299212
0
LINE
8
BLACK
6
CONTINUOUS
10
1.4625642913385826
20
0.6230799606299212
11
1.4625642519685038
21
0.6230798425196851
0
LINE
8
BLACK
6
CONTINUOUS
10
1.4625642519685038
20
0.6230798425196851
11
1.4621062992125984
21
0.6207775590551181
0
LINE
8
BLACK
6
CONTINUOUS
10
1.4621062992125984
20
0.6207775590551181
11
1.4621062992125984
21
0.6205708661417323
0
LINE
8
BLACK
6
CONTINUOUS
10
1.4621062992125984
20
0.6205708661417323
11
1.4613188188976378
21
0.617888937007874
0
LINE
8
BLACK
6
CONTINUOUS
10
1.4613188188976378
20
0.617888937007874
11
1.4592063779527558
21
0.6160585039370079
0
LINE
8
BLACK
6
CONTINUOUS
10
1.4592063779527558
20
0.6160585039370079
11
1.4571456692913385
21
0.6156102362204724
0
LINE
8
BLACK
6
CONTINUOUS
10
1.4571456692913385
20
0.6156102362204724
11
1.4428543307086614
21
0.6156102362204724
0
LINE
8
BLACK
6
CONTINUOUS
10
1.4428543307086614
20
0.6156102362204724
11
1.4401724015748032
21
0.6163977165354331
0
LINE
8
BLACK
6
CONTINUOUS
10
1.4401724015748032
20
0.6163977165354331
11
1.4383419685039369
21
0.6185101574803149
0
LINE
8
BLACK
6
CONTINUOUS
10
1.4383419685039369
20
0.6185101574803149
11
1.4378937007874015
21
0.6205708661417323
0
LINE
8
BLACK
6
CONTINUOUS
10
1.4378937007874015
20
0.6205708661417323
11
1.4378937007874015
21
0.6207774015748031
0
LINE
8
BLACK
6
CONTINUOUS
10
1.4378937007874015
20
0.6207774015748031
11
1.4378937007874015
21
0.6207774803149606
0
LINE
8
BLACK
6
CONTINUOUS
10
1.4378937007874015
20
0.6207774803149606
11
1.4374357086614173
21
0.6230799606299212
0
LINE
8
BLACK
6
CONTINUOUS
10
1.4374357086614173
20
0.6230799606299212
11
1.4356910236220473
21
0.6256910236220472
0
LINE
8
BLACK
6
CONTINUOUS
10
1.4356910236220473
20
0.6256910236220472
11
1.4330799606299212
21
0.6274357086614173
0
LINE
8
BLACK
6
CONTINUOUS
10
1.4330799606299212
20
0.6274357086614173
11
1.4307774803149607
21
0.6278937007874016
0
LINE
8
BLACK
6
CONTINUOUS
10
1.4307774803149607
20
0.6278937007874016
11
1.3692225196850394
21
0.6278937007874016
0
LINE
8
BLACK
6
CONTINUOUS
10
1.3692225196850394
20
0.6278937007874016
11
1.3669200393700787
21
0.6274357086614173
0
LINE
8
BLACK
6
CONTINUOUS
10
1.3669200393700787
20
0.6274357086614173
11
1.3658267716535433
21
0.6267051968503937
0
LINE
8
BLACK
6
CONTINUOUS
10
1.3658267716535433
20
0.6267051968503937
11
1.3631594488188976
21
0.62587
0
LINE
8
BLACK
6
CONTINUOUS
10
1.3631594488188976
20
0.62587
11
1.3604638976377952
21
0.6266094881889763
0
LINE
8
BLACK
6
CONTINUOUS
10
1.3604638976377952
20
0.6266094881889763
11
1.3585960236220471
21
0.6286888582677165
0
LINE
8
BLACK
6
CONTINUOUS
10
1.3585960236220471
20
0.6286888582677165
11
1.3581102362204724
21
0.630829842519685
0
LINE
8
BLACK
6
CONTINUOUS
10
1.3581102362204724
20
0.630829842519685
11
1.3581102362204724
21
0.7594040551181103
0
LINE
8
BLACK
6
CONTINUOUS
10
1.3581102362204724
20
0.7594040551181103
11
1.358897716535433
21
0.7620859842519685
0
LINE
8
BLACK
6
CONTINUOUS
10
1.358897716535433
20
0.7620859842519685
11
1.359563188976378
21
0.7629117322834645
0
LINE
8
BLACK
6
CONTINUOUS
10
1.359563188976378
20
0.7629117322834645
11
1.4273926377952755
21
0.8307411811023622
0
LINE
8
BLACK
6
CONTINUOUS
10
1.4273926377952755
20
0.8307411811023622
11
1.4273927559055117
21
0.8307413385826772
0
LINE
8
BLACK
6
CONTINUOUS
10
1.4273927559055117
20
0.8307413385826772
11
1.4273927952755905
21
0.8307413779527559
0
LINE
8
BLACK
6
CONTINUOUS
10
1.4273927952755905
20
0.8307413779527559
11
1.4301954724409449
21
0.8349359448818897
0
LINE
8
BLACK
6
CONTINUOUS
10
1.4301954724409449
20
0.8349359448818897
11
1.4321260236220472
21
0.8395966929133858
0
LINE
8
BLACK
6
CONTINUOUS
10
1.4321260236220472
20
0.8395966929133858
11
1.4328188976377954
21
0.8430799606299212
0
LINE
8
BLACK
6
CONTINUOUS
10
1.4328188976377954
20
0.8430799606299212
11
1.4331102362204724
21
0.8445445275590551
0
LINE
8
BLACK
6
CONTINUOUS
10
1.4331102362204724
20
0.8445445275590551
11
1.4331102362204724
21
0.8696456692913386
0
LINE
8
BLACK
6
CONTINUOUS
10
1.4331102362204724
20
0.8696456692913386
11
1.433897716535433
21
0.8723275984251968
0
LINE
8
BLACK
6
CONTINUOUS
10
1.433897716535433
20
0.8723275984251968
11
1.436010157480315
21
0.874158031496063
0
LINE
8
BLACK
6
CONTINUOUS
10
1.436010157480315
20
0.874158031496063
11
1.4380708661417323
21
0.8746062992125984
0
LINE
8
BLACK
6
CONTINUOUS
10
1.4380708661417323
20
0.8746062992125984
11
1.438277559055118
21
0.8746062992125984
0
LINE
8
BLACK
6
CONTINUOUS
10
1.438277559055118
20
0.8746062992125984
11
1.440579842519685
21
0.8750642519685039
0
LINE
8
BLACK
6
CONTINUOUS
10
1.440579842519685
20
0.8750642519685039
11
1.4405799606299212
21
0.8750642913385827
0
LINE
8
BLACK
6
CONTINUOUS
10
1.4405799606299212
20
0.8750642913385827
11
1.4412641338582677
21
0.8755214566929134
0
LINE
8
BLACK
6
CONTINUOUS
10
1.4412641338582677
20
0.8755214566929134
11
1.4431910236220473
21
0.8768089763779527
0
LINE
8
BLACK
6
CONTINUOUS
10
1.4431910236220473
20
0.8768089763779527
11
1.4449357086614172
21
0.8794200393700787
0
LINE
8
BLACK
6
CONTINUOUS
10
1.4449357086614172
20
0.8794200393700787
11
1.4453937007874016
21
0.8817225196850393
0
LINE
8
BLACK
6
CONTINUOUS
10
1.4453937007874016
20
0.8817225196850393
11
1.4453937007874016
21
0.9432774803149606
0
LINE
8
BLACK
6
CONTINUOUS
10
1.4453937007874016
20
0.9432774803149606
11
1.4449357086614172
21
0.9455799606299212
0
LINE
8
BLACK
6
CONTINUOUS
10
1.4449357086614172
20
0.9455799606299212
11
1.4431910236220473
21
0.9481910236220472
0
LINE
8
BLACK
6
CONTINUOUS
10
1.4431910236220473
20
0.9481910236220472
11
1.4405799606299212
21
0.9499357086614173
0
LINE
8
BLACK
6
CONTINUOUS
10
1.4405799606299212
20
0.9499357086614173
11
1.4382774803149605
21
0.9503937007874016
0
LINE
8
BLACK
6
CONTINUOUS
10
1.4382774803149605
20
0.9503937007874016
11
1.3767225196850394
21
0.9503937007874016
0
LINE
8
BLACK
6
CONTINUOUS
10
1.3767225196850394
20
0.9503937007874016
11
1.3744200393700787
21
0.9499357086614173
0
LINE
8
BLACK
6
CONTINUOUS
10
1.3744200393700787
20
0.9499357086614173
11
1.3718089763779526
21
0.9481910236220472
0
LINE
8
BLACK
6
CONTINUOUS
10
1.3718089763779526
20
0.9481910236220472
11
1.3717295669291338
21
0.9480721653543307
0
LINE
8
BLACK
6
CONTINUOUS
10
1.3717295669291338
20
0.9480721653543307
11
1.3700642913385825
21
0.9455799606299212
0
LINE
8
BLACK
6
CONTINUOUS
10
1.3700642913385825
20
0.9455799606299212
11
1.370064251968504
21
0.945579842519685
0
LINE
8
BLACK
6
CONTINUOUS
10
1.370064251968504
20
0.945579842519685
11
1.3696062992125984
21
0.9432775590551181
0
LINE
8
BLACK
6
CONTINUOUS
10
1.3696062992125984
20
0.9432775590551181
11
1.3696062992125984
21
0.8817224015748031
0
LINE
8
BLACK
6
CONTINUOUS
10
1.3696062992125984
20
0.8817224015748031
11
1.370064251968504
21
0.8794201181102362
0
LINE
8
BLACK
6
CONTINUOUS
10
1.370064251968504
20
0.8794201181102362
11
1.3700642913385825
21
0.87942
0
LINE
8
BLACK
6
CONTINUOUS
10
1.3700642913385825
20
0.87942
11
1.3718089763779526
21
0.8768089763779527
0
LINE
8
BLACK
6
CONTINUOUS
10
1.3718089763779526
20
0.8768089763779527
11
1.37442
21
0.8750642913385827
0
LINE
8
BLACK
6
CONTINUOUS
10
1.37442
20
0.8750642913385827
11
1.3744201181102362
21
0.8750642519685039
0
LINE
8
BLACK
6
CONTINUOUS
10
1.3744201181102362
20
0.8750642519685039
11
1.3767224015748032
21
0.8746062992125984
0
LINE
8
BLACK
6
CONTINUOUS
10
1.3767224015748032
20
0.8746062992125984
11
1.3767225196850394
21
0.8746062992125984
0
LINE
8
BLACK
6
CONTINUOUS
10
1.3767225196850394
20
0.8746062992125984
11
1.3769291338582677
21
0.8746062992125984
0
LINE
8
BLACK
6
CONTINUOUS
10
1.3769291338582677
20
0.8746062992125984
11
1.3772765748031495
21
0.8745042519685039
0
LINE
8
BLACK
6
CONTINUOUS
10
1.3772765748031495
20
0.8745042519685039
11
1.3776351181102362
21
0.8745558267716536
0
LINE
8
BLACK
6
CONTINUOUS
10
1.3776351181102362
20
0.8745558267716536
11
1.3785967322834645
21
0.8741166141732283
0
LINE
8
BLACK
6
CONTINUOUS
10
1.3785967322834645
20
0.8741166141732283
11
1.3796110629921259
21
0.8738188188976378
0
LINE
8
BLACK
6
CONTINUOUS
10
1.3796110629921259
20
0.8738188188976378
11
1.3798482283464566
21
0.8735450393700788
0
LINE
8
BLACK
6
CONTINUOUS
10
1.3798482283464566
20
0.8735450393700788
11
1.3801776377952755
21
0.8733946456692914
0
LINE
8
BLACK
6
CONTINUOUS
10
1.3801776377952755
20
0.8733946456692914
11
1.3807490551181103
21
0.8725054330708661
0
LINE
8
BLACK
6
CONTINUOUS
10
1.3807490551181103
20
0.8725054330708661
11
1.3814414960629922
21
0.8717063779527559
0
LINE
8
BLACK
6
CONTINUOUS
10
1.3814414960629922
20
0.8717063779527559
11
1.3815329921259842
21
0.8712856299212598
0
LINE
8
BLACK
6
CONTINUOUS
10
1.3815329921259842
20
0.8712856299212598
11
1.3816888188976377
21
0.8710432283464566
0
LINE
8
BLACK
6
CONTINUOUS
10
1.3816888188976377
20
0.8710432283464566
11
1.3818897637795275
21
0.8696456692913386
0
LINE
8
BLACK
6
CONTINUOUS
10
1.3818897637795275
20
0.8696456692913386
11
1.3818897637795275
21
0.8597297637795276
0
LINE
8
BLACK
6
CONTINUOUS
10
1.3818897637795275
20
0.8597297637795276
11
1.381102283464567
21
0.8570478346456692
0
LINE
8
BLACK
6
CONTINUOUS
10
1.381102283464567
20
0.8570478346456692
11
1.380436811023622
21
0.8562220866141732
0
LINE
8
BLACK
6
CONTINUOUS
10
1.380436811023622
20
0.8562220866141732
11
1.3126073228346455
21
0.7883926377952756
0
LINE
8
BLACK
6
CONTINUOUS
10
1.3126073228346455
20
0.7883926377952756
11
1.3126072047244095
21
0.7883924803149606
0
LINE
8
BLACK
6
CONTINUOUS
10
1.3126072047244095
20
0.7883924803149606
11
1.3108428740157481
21
0.7857519291338583
0
LINE
8
BLACK
6
CONTINUOUS
10
1.3108428740157481
20
0.7857519291338583
11
1.3098045275590551
21
0.7841979133858268
0
LINE
8
BLACK
6
CONTINUOUS
10
1.3098045275590551
20
0.7841979133858268
11
1.3078740157480315
21
0.7795372440944882
0
LINE
8
BLACK
6
CONTINUOUS
10
1.3078740157480315
20
0.7795372440944882
11
1.3078739763779528
21
0.7795372047244095
0
LINE
8
BLACK
6
CONTINUOUS
10
1.3078739763779528
20
0.7795372047244095
11
1.3068897637795276
21
0.7745892519685039
0
LINE
8
BLACK
6
CONTINUOUS
10
1.3068897637795276
20
0.7745892519685039
11
1.3068897637795276
21
0.6074775590551181
0
LINE
8
BLACK
6
CONTINUOUS
10
1.3068897637795276
20
0.6074775590551181
11
1.307743464566929
21
0.603185748031496
0
LINE
8
BLACK
6
CONTINUOUS
10
1.307743464566929
20
0.603185748031496
11
1.3078738976377953
21
0.6025299606299213
0
LINE
8
BLACK
6
CONTINUOUS
10
1.3078738976377953
20
0.6025299606299213
11
1.3078740157480315
21
0.6025296456692913
0
LINE
8
BLACK
6
CONTINUOUS
10
1.3078740157480315
20
0.6025296456692913
11
1.3098045275590551
21
0.5978689763779528
0
LINE
8
BLACK
6
CONTINUOUS
10
1.3098045275590551
20
0.5978689763779528
11
1.3126072047244095
21
0.5936744094488189
0
LINE
8
BLACK
6
CONTINUOUS
10
1.3126072047244095
20
0.5936744094488189
11
1.3126073228346455
21
0.5936742519685039
0
LINE
8
BLACK
6
CONTINUOUS
10
1.3126073228346455
20
0.5936742519685039
11
1.336174094488189
21
0.5701074803149606
0
LINE
8
BLACK
6
CONTINUOUS
10
1.336174094488189
20
0.5701074803149606
11
1.3361743307086613
21
0.570107283464567
0
LINE
8
BLACK
6
CONTINUOUS
10
1.3361743307086613
20
0.570107283464567
11
1.340368937007874
21
0.5673045669291339
0
LINE
8
BLACK
6
CONTINUOUS
10
1.340368937007874
20
0.5673045669291339
11
1.3450296456692914
21
0.5653740157480315
0
LINE
8
BLACK
6
CONTINUOUS
10
1.3450296456692914
20
0.5653740157480315
11
1.3450296850393701
21
0.5653739763779527
0
LINE
8
BLACK
6
CONTINUOUS
10
1.3450296850393701
20
0.5653739763779527
11
1.3483283070866141
21
0.5647178346456693
0
LINE
8
BLACK
6
CONTINUOUS
10
1.3483283070866141
20
0.5647178346456693
11
1.3499775984251967
21
0.5643897637795275
0
LINE
8
BLACK
6
CONTINUOUS
10
1.3499775984251967
20
0.5643897637795275
11
1.3571456692913386
21
0.5643897637795275
0
LINE
8
BLACK
6
CONTINUOUS
10
1.3571456692913386
20
0.5643897637795275
11
1.3598275984251968
21
0.5636022834645669
0
LINE
8
BLACK
6
CONTINUOUS
10
1.3598275984251968
20
0.5636022834645669
11
1.3616580314960629
21
0.561489842519685
0
LINE
8
BLACK
6
CONTINUOUS
10
1.3616580314960629
20
0.561489842519685
11
1.3621062992125983
21
0.5594291338582678
0
LINE
8
BLACK
6
CONTINUOUS
10
1.3621062992125983
20
0.5594291338582678
11
1.3621062992125983
21
0.5592224015748032
0
LINE
8
BLACK
6
CONTINUOUS
10
1.3621062992125983
20
0.5592224015748032
11
1.3625642519685039
21
0.5569201181102362
0
LINE
8
BLACK
6
CONTINUOUS
10
1.3625642519685039
20
0.5569201181102362
11
1.3625642913385827
21
0.55692
0
LINE
8
BLACK
6
CONTINUOUS
10
1.3625642913385827
20
0.55692
11
1.3643089763779528
21
0.5543089763779527
0
LINE
8
BLACK
6
CONTINUOUS
10
1.3643089763779528
20
0.5543089763779527
11
1.3669199999999999
21
0.5525642913385826
0
LINE
8
BLACK
6
CONTINUOUS
10
1.3669199999999999
20
0.5525642913385826
11
1.3669201181102362
21
0.5525642519685039
0
LINE
8
BLACK
6
CONTINUOUS
10
1.3669201181102362
20
0.5525642519685039
11
1.3692224015748031
21
0.5521062992125985
0
LINE
8
BLACK
6
CONTINUOUS
10
1.3692224015748031
20
0.5521062992125985
11
1.3692225196850394
21
0.5521062992125985
0
LINE
8
BLACK
6
CONTINUOUS
10
1.3692225196850394
20
0.5521062992125985
11
1.3694291338582676
21
0.5521062992125985
0
LINE
8
BLACK
6
CONTINUOUS
10
1.3694291338582676
20
0.5521062992125985
11
1.372111062992126
21
0.5513188188976378
0
LINE
8
BLACK
6
CONTINUOUS
10
1.372111062992126
20
0.5513188188976378
11
1.3739414960629921
21
0.5492063779527558
0
LINE
8
BLACK
6
CONTINUOUS
10
1.3739414960629921
20
0.5492063779527558
11
1.3743897637795275
21
0.5471456692913386
0
LINE
8
BLACK
6
CONTINUOUS
10
1.3743897637795275
20
0.5471456692913386
11
1.3743897637795275
21
0.5328543307086614
0
LINE
8
BLACK
6
CONTINUOUS
10
1.3743897637795275
20
0.5328543307086614
11
1.3736022834645669
21
0.5301724015748032
0
LINE
8
BLACK
6
CONTINUOUS
10
1.3736022834645669
20
0.5301724015748032
11
1.3714898425196851
21
0.528341968503937
0
LINE
8
BLACK
6
CONTINUOUS
10
1.3714898425196851
20
0.528341968503937
11
1.3694291338582676
21
0.5278937007874016
0
LINE
8
BLACK
6
CONTINUOUS
10
1.3694291338582676
20
0.5278937007874016
11
1.3692225196850394
21
0.5278937007874016
0
LINE
8
BLACK
6
CONTINUOUS
10
1.3692225196850394
20
0.5278937007874016
11
1.3669200393700787
21
0.5274357086614173
0
LINE
8
BLACK
6
CONTINUOUS
10
1.3669200393700787
20
0.5274357086614173
11
1.3643089763779528
21
0.5256910236220472
0
LINE
8
BLACK
6
CONTINUOUS
10
1.3643089763779528
20
0.5256910236220472
11
1.3625642913385827
21
0.5230799606299212
0
LINE
8
BLACK
6
CONTINUOUS
10
1.3625642913385827
20
0.5230799606299212
11
1.3625642519685039
21
0.523079842519685
0
LINE
8
BLACK
6
CONTINUOUS
10
1.3625642519685039
20
0.523079842519685
11
1.3621062992125983
21
0.5207775590551181
0
LINE
8
BLACK
6
CONTINUOUS
10
1.3621062992125983
20
0.5207775590551181
11
1.3621062992125983
21
0.5205708661417323
0
LINE
8
BLACK
6
CONTINUOUS
10
1.3621062992125983
20
0.5205708661417323
11
1.3613188188976377
21
0.517888937007874
0
LINE
8
BLACK
6
CONTINUOUS
10
1.3613188188976377
20
0.517888937007874
11
1.3592063779527559
21
0.5160585039370079
0
LINE
8
BLACK
6
CONTINUOUS
10
1.3592063779527559
20
0.5160585039370079
11
1.3571456692913386
21
0.5156102362204724
0
LINE
8
BLACK
6
CONTINUOUS
10
1.3571456692913386
20
0.5156102362204724
11
1.3320445275590551
21
0.5156102362204724
0
LINE
8
BLACK
6
CONTINUOUS
10
1.3320445275590551
20
0.5156102362204724
11
1.3270966929133858
21
0.5146260236220472
0
LINE
8
BLACK
6
CONTINUOUS
10
1.3270966929133858
20
0.5146260236220472
11
1.3224359448818896
21
0.5126954724409448
0
LINE
8
BLACK
6
CONTINUOUS
10
1.3224359448818896
20
0.5126954724409448
11
1.318241377952756
21
0.5098927952755905
0
LINE
8
BLACK
6
CONTINUOUS
10
1.318241377952756
20
0.5098927952755905
11
1.2848014173228346
21
0.4764528346456693
0
LINE
8
BLACK
6
CONTINUOUS
10
1.2848014173228346
20
0.4764528346456693
11
1.2823482677165354
21
0.4751133464566929
0
LINE
8
BLACK
6
CONTINUOUS
10
1.2823482677165354
20
0.4751133464566929
11
1.2812938188976377
21
0.4749999606299212
0
LINE
8
BLACK
6
CONTINUOUS
10
1.2812938188976377
20
0.4749999606299212
11
1.0076825984251969
21
0.4749999606299212
0
LINE
8
BLACK
6
CONTINUOUS
10
1.0076825984251969
20
0.4749999606299212
11
1.0050006692913385
21
0.4757874409448819
0
LINE
8
BLACK
6
CONTINUOUS
10
1.0050006692913385
20
0.4757874409448819
11
1.0031702362204724
21
0.4778998818897638
0
LINE
8
BLACK
6
CONTINUOUS
10
1.0031702362204724
20
0.4778998818897638
11
1.0027724409448819
21
0.4806665748031496
0
LINE
8
BLACK
6
CONTINUOUS
10
1.0027724409448819
20
0.4806665748031496
11
1.0030995669291338
21
0.481858937007874
0
LINE
8
BLACK
6
CONTINUOUS
10
1.0030995669291338
20
0.481858937007874
11
1.0033273622047243
21
0.4824088976377953
0
LINE
8
BLACK
6
CONTINUOUS
10
1.0033273622047243
20
0.4824088976377953
11
1.0044367716535434
21
0.4850872047244094
0
LINE
8
BLACK
6
CONTINUOUS
10
1.0044367716535434
20
0.4850872047244094
11
1.0054133858267715
21
0.4899970078740157
0
LINE
8
BLACK
6
CONTINUOUS
10
1.0054133858267715
20
0.4899970078740157
11
1.0054133858267715
21
0.4950029921259843
0
LINE
8
BLACK
6
CONTINUOUS
10
1.0054133858267715
20
0.4950029921259843
11
1.0044367716535434
21
0.4999127952755905
0
LINE
8
BLACK
6
CONTINUOUS
10
1.0044367716535434
20
0.4999127952755905
11
1.0025210236220472
21
0.5045377559055118
0
LINE
8
BLACK
6
CONTINUOUS
10
1.0025210236220472
20
0.5045377559055118
11
0.9997398425196851
21
0.5087000787401574
0
LINE
8
BLACK
6
CONTINUOUS
10
0.9997398425196851
20
0.5087000787401574
11
0.9962000787401575
21
0.512239842519685
0
LINE
8
BLACK
6
CONTINUOUS
10
0.9962000787401575
20
0.512239842519685
11
0.9920377559055118
21
0.5150210236220473
0
LINE
8
BLACK
6
CONTINUOUS
10
0.9920377559055118
20
0.5150210236220473
11
0.9874127952755906
21
0.5169367716535433
0
LINE
8
BLACK
6
CONTINUOUS
10
0.9874127952755906
20
0.5169367716535433
11
0.9825029921259842
21
0.5179133858267716
0
LINE
8
BLACK
6
CONTINUOUS
10
0.9825029921259842
20
0.5179133858267716
11
0.9774970078740157
21
0.5179133858267716
0
LINE
8
BLACK
6
CONTINUOUS
10
0.9774970078740157
20
0.5179133858267716
11
0.9725872047244094
21
0.5169367716535433
0
LINE
8
BLACK
6
CONTINUOUS
10
0.9725872047244094
20
0.5169367716535433
11
0.9679622440944882
21
0.5150210236220473
0
LINE
8
BLACK
6
CONTINUOUS
10
0.9679622440944882
20
0.5150210236220473
11
0.9637999212598425
21
0.512239842519685
0
LINE
8
BLACK
6
CONTINUOUS
10
0.9637999212598425
20
0.512239842519685
11
0.9637998031496062
21
0.5122397244094488
0
LINE
8
BLACK
6
CONTINUOUS
10
0.9637998031496062
20
0.5122397244094488
11
0.9632492519685039
21
0.5116891732283464
0
LINE
8
BLACK
6
CONTINUOUS
10
0.9632492519685039
20
0.5116891732283464
11
0.9607960236220472
21
0.5103495669291338
0
LINE
8
BLACK
6
CONTINUOUS
10
0.9607960236220472
20
0.5103495669291338
11
0.9597415748031496
21
0.5102362204724409
0
LINE
8
BLACK
6
CONTINUOUS
10
0.9597415748031496
20
0.5102362204724409
11
0.9575584251968504
21
0.5102362204724409
0
LINE
8
BLACK
6
CONTINUOUS
10
0.9575584251968504
20
0.5102362204724409
11
0.6424415748031496
21
0.5102362204724409
0
LINE
8
BLACK
6
CONTINUOUS
10
0.6424415748031496
20
0.5102362204724409
11
0.6388840551181102
21
0.5092829527559055
0
LINE
8
BLACK
6
CONTINUOUS
10
0.6388840551181102
20
0.5092829527559055
11
0.6388839763779527
21
0.5092829527559055
0
LINE
8
BLACK
6
CONTINUOUS
10
0.6388839763779527
20
0.5092829527559055
11
0.6382795275590551
21
0.5091209842519685
0
LINE
8
BLACK
6
CONTINUOUS
10
0.6382795275590551
20
0.5091209842519685
11
0.6379306299212598
21
0.5090275196850393
0
LINE
8
BLACK
6
CONTINUOUS
10
0.6379306299212598
20
0.5090275196850393
11
0.6379305118110236
21
0.5090274409448818
0
LINE
8
BLACK
6
CONTINUOUS
10
0.6379305118110236
20
0.5090274409448818
11
0.634309251968504
21
0.5069366929133858
0
LINE
8
BLACK
6
CONTINUOUS
10
0.634309251968504
20
0.5069366929133858
11
0.6338862598425197
21
0.5066924803149606
0
LINE
8
BLACK
6
CONTINUOUS
10
0.6338862598425197
20
0.5066924803149606
11
0.6310170472440945
21
0.5038232677165354
0
LINE
8
BLACK
6
CONTINUOUS
10
0.6310170472440945
20
0.5038232677165354
11
0.6285639370078741
21
0.5024837795275591
0
LINE
8
BLACK
6
CONTINUOUS
10
0.6285639370078741
20
0.5024837795275591
11
0.6257759055118111
21
0.5026831496062992
0
LINE
8
BLACK
6
CONTINUOUS
10
0.6257759055118111
20
0.5026831496062992
11
0.6247535826771653
21
0.5032063385826772
0
LINE
8
BLACK
6
CONTINUOUS
10
0.6247535826771653
20
0.5032063385826772
11
0.6220377559055118
21
0.5050210236220473
0
LINE
8
BLACK
6
CONTINUOUS
10
0.6220377559055118
20
0.5050210236220473
11
0.6174127952755906
21
0.5069367716535433
0
LINE
8
BLACK
6
CONTINUOUS
10
0.6174127952755906
20
0.5069367716535433
11
0.6125029921259842
21
0.5079133858267716
0
LINE
8
BLACK
6
CONTINUOUS
10
0.6125029921259842
20
0.5079133858267716
11
0.6074970078740157
21
0.5079133858267716
0
LINE
8
BLACK
6
CONTINUOUS
10
0.6074970078740157
20
0.5079133858267716
11
0.6025872047244094
21
0.5069367716535433
0
LINE
8
BLACK
6
CONTINUOUS
10
0.6025872047244094
20
0.5069367716535433
11
0.5979622440944882
21
0.5050210236220473
0
LINE
8
BLACK
6
CONTINUOUS
10
0.5979622440944882
20
0.5050210236220473
11
0.5937999212598425
21
0.502239842519685
0
LINE
8
BLACK
6
CONTINUOUS
10
0.5937999212598425
20
0.502239842519685
11
0.5902601574803149
21
0.4987000787401575
0
LINE
8
BLACK
6
CONTINUOUS
10
0.5902601574803149
20
0.4987000787401575
11
0.5874789763779528
21
0.4945377559055118
0
LINE
8
BLACK
6
CONTINUOUS
10
0.5874789763779528
20
0.4945377559055118
11
0.5855632283464567
21
0.4899127952755906
0
LINE
8
BLACK
6
CONTINUOUS
10
0.5855632283464567
20
0.4899127952755906
11
0.5855632283464567
21
0.4899127165354331
0
LINE
8
BLACK
6
CONTINUOUS
10
0.5855632283464567
20
0.4899127165354331
11
0.5845866141732283
21
0.4850030708661417
0
LINE
8
BLACK
6
CONTINUOUS
10
0.5845866141732283
20
0.4850030708661417
11
0.5845866141732283
21
0.4799968897637795
0
LINE
8
BLACK
6
CONTINUOUS
10
0.0389835039370079
20
0.937069094488189
11
0.0396390551181102
21
0.9346224803149606
0
LINE
8
BLACK
6
CONTINUOUS
10
0.0396390551181102
20
0.9346224803149606
11
0.039639094488189
21
0.9346224015748031
0
LINE
8
BLACK
6
CONTINUOUS
10
0.039639094488189
20
0.9346224015748031
11
0.0396391338582677
21
0.9346222834645669
0
LINE
8
BLACK
6
CONTINUOUS
10
0.0396391338582677
20
0.9346222834645669
11
0.0417148031496063
21
0.931027125984252
0
LINE
8
BLACK
6
CONTINUOUS
10
0.0417148031496063
20
0.931027125984252
11
0.0417151181102362
21
0.9310267322834646
0
LINE
8
BLACK
6
CONTINUOUS
10
0.0417151181102362
20
0.9310267322834646
11
0.0428201968503937
21
0.9299216929133858
0
LINE
8
BLACK
6
CONTINUOUS
10
0.0428201968503937
20
0.9299216929133858
11
0.0441598031496063
21
0.9274684645669291
0
LINE
8
BLACK
6
CONTINUOUS
10
0.0441598031496063
20
0.9274684645669291
11
0.0442731496062992
21
0.9264140157480315
0
LINE
8
BLACK
6
CONTINUOUS
10
0.0442731496062992
20
0.9264140157480315
11
0.0442731496062992
21
0.4295367716535433
0
LINE
8
BLACK
6
CONTINUOUS
10
0.0442731496062992
20
0.4295367716535433
11
0.0442731102362205
21
0.4295367716535433
0
LINE
8
BLACK
6
CONTINUOUS
10
0.0442731102362205
20
0.4295367716535433
11
0.0448935039370079
21
0.4272214173228346
0
LINE
8
BLACK
6
CONTINUOUS
10
0.0448935039370079
20
0.4272214173228346
11
0.0453476771653543
21
0.4255264566929134
0
LINE
8
BLACK
6
CONTINUOUS
10
0.0453476771653543
20
0.4255264566929134
11
0.0453477165354331
21
0.4255263779527559
0
LINE
8
BLACK
6
CONTINUOUS
10
0.0453477165354331
20
0.4255263779527559
11
0.0453477559055118
21
0.4255262598425197
0
LINE
8
BLACK
6
CONTINUOUS
10
0.0453477559055118
20
0.4255262598425197
11
0.0474234251968504
21
0.4219311023622047
0
LINE
8
BLACK
6
CONTINUOUS
10
0.0474234251968504
20
0.4219311023622047
11
0.0474237401574803
21
0.4219307086614173
0
LINE
8
BLACK
6
CONTINUOUS
10
0.0474237401574803
20
0.4219307086614173
11
0.0906207480314961
21
0.378733779527559
0
LINE
8
BLACK
6
CONTINUOUS
10
0.0906207480314961
20
0.378733779527559
11
0.0990361023622047
21
0.3703184251968504
0
LINE
8
BLACK
6
CONTINUOUS
10
0.0990361023622047
20
0.3703184251968504
11
0.0990361417322835
21
0.3703183858267716
0
LINE
8
BLACK
6
CONTINUOUS
10
0.0990361417322835
20
0.3703183858267716
11
0.1001306299212598
21
0.3692238976377953
0
LINE
8
BLACK
6
CONTINUOUS
10
0.1001306299212598
20
0.3692238976377953
11
0.1019717716535433
21
0.3673827165354331
0
LINE
8
BLACK
6
CONTINUOUS
10
0.1019717716535433
20
0.3673827165354331
11
0.101971968503937
21
0.3673825590551181
0
LINE
8
BLACK
6
CONTINUOUS
10
0.101971968503937
20
0.3673825590551181
11
0.1055671653543307
21
0.3653068503937008
0
LINE
8
BLACK
6
CONTINUOUS
10
0.1055671653543307
20
0.3653068503937008
11
0.1071231889763779
21
0.3648899212598425
0
LINE
8
BLACK
6
CONTINUOUS
10
0.1071231889763779
20
0.3648899212598425
11
0.1095775984251968
21
0.3642322834645669
0
LINE
8
BLACK
6
CONTINUOUS
10
0.1095775984251968
20
0.3642322834645669
11
0.1095776771653543
21
0.3642322834645669
0
LINE
8
BLACK
6
CONTINUOUS
10
0.1095776771653543
20
0.3642322834645669
11
0.3720758267716535
21
0.3642322834645669
0
LINE
8
BLACK
6
CONTINUOUS
10
0.3720758267716535
20
0.3642322834645669
11
0.3720758661417323
21
0.3642322834645669
0
LINE
8
BLACK
6
CONTINUOUS
10
0.3720758661417323
20
0.3642322834645669
11
0.3760861417322834
21
0.3653068110236221
0
LINE
8
BLACK
6
CONTINUOUS
10
0.3760861417322834
20
0.3653068110236221
11
0.3760862204724409
21
0.3653068503937008
0
LINE
8
BLACK
6
CONTINUOUS
10
0.3760862204724409
20
0.3653068503937008
11
0.3760862992125984
21
0.3653068897637795
0
LINE
8
BLACK
6
CONTINUOUS
10
0.3760862992125984
20
0.3653068897637795
11
0.3796814566929134
21
0.3673825590551181
0
LINE
8
BLACK
6
CONTINUOUS
10
0.3796814566929134
20
0.3673825590551181
11
0.3796818503937008
21
0.367382874015748
0
LINE
8
BLACK
6
CONTINUOUS
10
0.3796818503937008
20
0.367382874015748
11
0.381522874015748
21
0.3692238976377953
0
LINE
8
BLACK
6
CONTINUOUS
10
0.381522874015748
20
0.3692238976377953
11
0.3852254724409448
21
0.3729264960629921
0
LINE
8
BLACK
6
CONTINUOUS
10
0.3852254724409448
20
0.3729264960629921
11
0.4973020078740157
21
0.4850030708661417
0
LINE
8
BLACK
6
CONTINUOUS
10
0.4973020078740157
20
0.4850030708661417
11
0.5010533070866141
21
0.4887543700787401
0
LINE
8
BLACK
6
CONTINUOUS
10
0.5010533070866141
20
0.4887543700787401
11
0.5396451574803149
21
0.527346220472441
0
LINE
8
BLACK
6
CONTINUOUS
10
0.5396451574803149
20
0.527346220472441
11
0.5420983858267716
21
0.5286858267716535
0
LINE
8
BLACK
6
CONTINUOUS
10
0.5420983858267716
20
0.5286858267716535
11
0.5431528346456693
21
0.5287991732283465
0
LINE
8
BLACK
6
CONTINUOUS
10
0.5431528346456693
20
0.5287991732283465
11
1.0268789370078739
21
0.5287991732283465
0
LINE
8
BLACK
6
CONTINUOUS
10
1.0268789370078739
20
0.5287991732283465
11
1.0268789763779527
21
0.5287991732283465
0
LINE
8
BLACK
6
CONTINUOUS
10
1.0268789763779527
20
0.5287991732283465
11
1.030889251968504
21
0.5298737007874016
0
LINE
8
BLACK
6
CONTINUOUS
10
1.030889251968504
20
0.5298737007874016
11
1.0308893307086613
21
0.5298737401574803
0
LINE
8
BLACK
6
CONTINUOUS
10
1.0308893307086613
20
0.5298737401574803
11
1.0308894094488188
21
0.5298737795275591
0
LINE
8
BLACK
6
CONTINUOUS
10
1.0308894094488188
20
0.5298737795275591
11
1.0344845669291338
21
0.5319494488188976
0
LINE
8
BLACK
6
CONTINUOUS
10
1.0344845669291338
20
0.5319494488188976
11
1.0344848031496063
21
0.5319496456692914
0
LINE
8
BLACK
6
CONTINUOUS
10
1.0344848031496063
20
0.5319496456692914
11
1.0386796062992125
21
0.5361444488188977
0
LINE
8
BLACK
6
CONTINUOUS
10
1.0386796062992125
20
0.5361444488188977
11
1.0549789763779527
21
0.5524438188976378
0
LINE
8
BLACK
6
CONTINUOUS
10
1.0549789763779527
20
0.5524438188976378
11
1.0574321653543306
21
0.5537833464566929
0
LINE
8
BLACK
6
CONTINUOUS
10
1.0574321653543306
20
0.5537833464566929
11
1.0594543700787402
21
0.5538014173228346
0
LINE
8
BLACK
6
CONTINUOUS
10
1.0594543700787402
20
0.5538014173228346
11
1.0663928346456693
21
0.5524212598425197
0
LINE
8
BLACK
6
CONTINUOUS
10
1.0663928346456693
20
0.5524212598425197
11
1.0663930708661418
21
0.5524212598425197
0
LINE
8
BLACK
6
CONTINUOUS
10
1.0663930708661418
20
0.5524212598425197
11
1.0737644881889763
21
0.5524212598425197
0
LINE
8
BLACK
6
CONTINUOUS
10
1.0737644881889763
20
0.5524212598425197
11
1.0809941338582676
21
0.5538593307086614
0
LINE
8
BLACK
6
CONTINUOUS
10
1.0809941338582676
20
0.5538593307086614
11
1.0809943307086614
21
0.5538594094488188
0
LINE
8
BLACK
6
CONTINUOUS
10
1.0809943307086614
20
0.5538594094488188
11
1.0829519291338583
21
0.5546702755905512
0
LINE
8
BLACK
6
CONTINUOUS
10
1.0829519291338583
20
0.5546702755905512
11
1.0878043700787401
21
0.5566802362204725
0
LINE
8
BLACK
6
CONTINUOUS
10
1.0878043700787401
20
0.5566802362204725
11
1.0939333858267717
21
0.5607755118110236
0
LINE
8
BLACK
6
CONTINUOUS
10
1.0939333858267717
20
0.5607755118110236
11
1.0991457480314961
21
0.565987874015748
0
LINE
8
BLACK
6
CONTINUOUS
10
1.0991457480314961
20
0.565987874015748
11
1.1032410236220471
21
0.5721168897637795
0
LINE
8
BLACK
6
CONTINUOUS
10
1.1032410236220471
20
0.5721168897637795
11
1.1060619291338583
21
0.578927125984252
0
LINE
8
BLACK
6
CONTINUOUS
10
1.1060619291338583
20
0.578927125984252
11
1.1074999999999999
21
0.5861568503937008
0
LINE
8
BLACK
6
CONTINUOUS
10
1.1074999999999999
20
0.5861568503937008
11
1.1074999999999999
21
0.5935281889763779
0
LINE
8
BLACK
6
CONTINUOUS
10
1.1074999999999999
20
0.5935281889763779
11
1.1060619291338583
21
0.6007579133858267
0
LINE
8
BLACK
6
CONTINUOUS
10
1.1060619291338583
20
0.6007579133858267
11
1.1032410236220471
21
0.6075681496062992
0
LINE
8
BLACK
6
CONTINUOUS
10
1.1032410236220471
20
0.6075681496062992
11
1.0991457480314961
21
0.6136971653543307
0
LINE
8
BLACK
6
CONTINUOUS
10
1.0991457480314961
20
0.6136971653543307
11
1.0939333858267717
21
0.6189095275590552
0
LINE
8
BLACK
6
CONTINUOUS
10
1.0939333858267717
20
0.6189095275590552
11
1.0878043700787401
21
0.6230048031496063
0
LINE
8
BLACK
6
CONTINUOUS
10
1.0878043700787401
20
0.6230048031496063
11
1.0809941338582676
21
0.6258257086614173
0
LINE
8
BLACK
6
CONTINUOUS
10
1.0809941338582676
20
0.6258257086614173
11
1.0737644094488188
21
0.6272637795275591
0
LINE
8
BLACK
6
CONTINUOUS
10
1.0737644094488188
20
0.6272637795275591
11
1.0663930708661418
21
0.6272637795275591
0
LINE
8
BLACK
6
CONTINUOUS
10
1.0663930708661418
20
0.6272637795275591
11
1.059163346456693
21
0.6258257086614173
0
LINE
8
BLACK
6
CONTINUOUS
10
1.059163346456693
20
0.6258257086614173
11
1.0523531102362205
21
0.6230048031496063
0
LINE
8
BLACK
6
CONTINUOUS
10
1.0523531102362205
20
0.6230048031496063
11
1.0462240944881889
21
0.6189095275590552
0
LINE
8
BLACK
6
CONTINUOUS
10
1.0462240944881889
20
0.6189095275590552
11
1.0410117322834644
21
0.6136971653543307
0
LINE
8
BLACK
6
CONTINUOUS
10
1.0410117322834644
20
0.6136971653543307
11
1.0369164566929134
21
0.6075681496062992
0
LINE
8
BLACK
6
CONTINUOUS
10
1.0369164566929134
20
0.6075681496062992
11
1.0351011811023623
21
0.6031856692913385
0
LINE
8
BLACK
6
CONTINUOUS
10
1.0351011811023623
20
0.6031856692913385
11
1.0340956299212598
21
0.6007581102362205
0
LINE
8
BLACK
6
CONTINUOUS
10
1.0340956299212598
20
0.6007581102362205
11
1.0340955511811023
21
0.6007579133858267
0
LINE
8
BLACK
6
CONTINUOUS
10
1.0340955511811023
20
0.6007579133858267
11
1.0326574803149606
21
0.5935282677165354
0
LINE
8
BLACK
6
CONTINUOUS
10
1.0326574803149606
20
0.5935282677165354
11
1.0326574803149606
21
0.5861566141732283
0
LINE
8
BLACK
6
CONTINUOUS
10
1.0326574803149606
20
0.5861566141732283
11
1.0340376377952756
21
0.5792181496062992
0
LINE
8
BLACK
6
CONTINUOUS
10
1.0340376377952756
20
0.5792181496062992
11
1.0337885039370078
21
0.5764341338582677
0
LINE
8
BLACK
6
CONTINUOUS
10
1.0337885039370078
20
0.5764341338582677
11
1.03268
21
0.5747427165354331
0
LINE
8
BLACK
6
CONTINUOUS
10
1.03268
20
0.5747427165354331
11
1.019724842519685
21
0.5617875590551181
0
LINE
8
BLACK
6
CONTINUOUS
10
1.019724842519685
20
0.5617875590551181
11
1.0186473228346455
21
0.5611991732283464
0
LINE
8
BLACK
6
CONTINUOUS
10
1.0186473228346455
20
0.5611991732283464
11
1.0176147244094489
21
0.5605355511811023
0
LINE
8
BLACK
6
CONTINUOUS
10
1.0176147244094489
20
0.5605355511811023
11
1.0173667322834645
21
0.5604998818897637
0
LINE
8
BLACK
6
CONTINUOUS
10
1.0173667322834645
20
0.5604998818897637
11
1.0172716141732283
21
0.5604479527559055
0
LINE
8
BLACK
6
CONTINUOUS
10
1.0172716141732283
20
0.5604479527559055
11
1.0162171653543306
21
0.5603346062992126
0
LINE
8
BLACK
6
CONTINUOUS
10
1.0162171653543306
20
0.5603346062992126
11
1.0144915748031496
21
0.5603346062992126
0
LINE
8
BLACK
6
CONTINUOUS
10
1.0144915748031496
20
0.5603346062992126
11
1.0118096456692913
21
0.5611220866141732
0
LINE
8
BLACK
6
CONTINUOUS
10
1.0118096456692913
20
0.5611220866141732
11
1.0099792125984253
21
0.5632345275590551
0
LINE
8
BLACK
6
CONTINUOUS
10
1.0099792125984253
20
0.5632345275590551
11
1.0095814173228346
21
0.5660012204724409
0
LINE
8
BLACK
6
CONTINUOUS
10
1.0095814173228346
20
0.5660012204724409
11
1.0103669685039369
21
0.5680511811023622
0
LINE
8
BLACK
6
CONTINUOUS
10
1.0103669685039369
20
0.5680511811023622
11
1.0130834251968504
21
0.5721166929133858
0
LINE
8
BLACK
6
CONTINUOUS
10
1.0130834251968504
20
0.5721166929133858
11
1.0130835039370079
21
0.5721168503937007
0
LINE
8
BLACK
6
CONTINUOUS
10
1.0130835039370079
20
0.5721168503937007
11
1.0130835433070866
21
0.5721168897637795
0
LINE
8
BLACK
6
CONTINUOUS
10
1.0130835433070866
20
0.5721168897637795
11
1.0159044488188975
21
0.578927125984252
0
LINE
8
BLACK
6
CONTINUOUS
10
1.0159044488188975
20
0.578927125984252
11
1.0173425196850394
21
0.5861568503937008
0
LINE
8
BLACK
6
CONTINUOUS
10
1.0173425196850394
20
0.5861568503937008
11
1.0173425196850394
21
0.5935281889763779
0
LINE
8
BLACK
6
CONTINUOUS
10
1.0173425196850394
20
0.5935281889763779
11
1.0159044488188975
21
0.6007579133858267
0
LINE
8
BLACK
6
CONTINUOUS
10
1.0159044488188975
20
0.6007579133858267
11
1.0130835433070866
21
0.6075681496062992
0
LINE
8
BLACK
6
CONTINUOUS
10
1.0130835433070866
20
0.6075681496062992
11
1.0089882677165354
21
0.6136971653543307
0
LINE
8
BLACK
6
CONTINUOUS
10
1.0089882677165354
20
0.6136971653543307
11
1.003775905511811
21
0.6189095275590552
0
LINE
8
BLACK
6
CONTINUOUS
10
1.003775905511811
20
0.6189095275590552
11
0.9976468897637795
21
0.6230048031496063
0
LINE
8
BLACK
6
CONTINUOUS
10
0.9976468897637795
20
0.6230048031496063
11
0.9908366535433071
21
0.6258257086614173
0
LINE
8
BLACK
6
CONTINUOUS
10
0.9908366535433071
20
0.6258257086614173
11
0.9836069291338583
21
0.6272637795275591
0
LINE
8
BLACK
6
CONTINUOUS
10
0.9836069291338583
20
0.6272637795275591
11
0.976235590551181
21
0.6272637795275591
0
LINE
8
BLACK
6
CONTINUOUS
10
0.976235590551181
20
0.6272637795275591
11
0.9690058661417322
21
0.6258257086614173
0
LINE
8
BLACK
6
CONTINUOUS
10
0.9690058661417322
20
0.6258257086614173
11
0.9621956299212598
21
0.6230048031496063
0
LINE
8
BLACK
6
CONTINUOUS
10
0.9621956299212598
20
0.6230048031496063
11
0.9560666141732284
21
0.6189095275590552
0
LINE
8
BLACK
6
CONTINUOUS
10
0.9560666141732284
20
0.6189095275590552
11
0.9508542519685039
21
0.6136971653543307
0
LINE
8
BLACK
6
CONTINUOUS
10
0.9508542519685039
20
0.6136971653543307
11
0.9467589763779527
21
0.6075681496062992
0
LINE
8
BLACK
6
CONTINUOUS
10
0.9467589763779527
20
0.6075681496062992
11
0.9449437007874015
21
0.6031856692913385
0
LINE
8
BLACK
6
CONTINUOUS
10
0.9449437007874015
20
0.6031856692913385
11
0.9439381496062992
21
0.6007581102362205
0
LINE
8
BLACK
6
CONTINUOUS
10
0.9439381496062992
20
0.6007581102362205
11
0.9439380708661417
21
0.6007579133858267
0
LINE
8
BLACK
6
CONTINUOUS
10
0.9439380708661417
20
0.6007579133858267
11
0.9425
21
0.5935282677165354
0
LINE
8
BLACK
6
CONTINUOUS
10
0.9425
20
0.5935282677165354
11
0.9425
21
0.5861567322834645
0
LINE
8
BLACK
6
CONTINUOUS
10
0.9425
20
0.5861567322834645
11
0.9439380708661417
21
0.5789270866141732
0
LINE
8
BLACK
6
CONTINUOUS
10
0.9439380708661417
20
0.5789270866141732
11
0.9439381496062992
21
0.5789268897637795
0
LINE
8
BLACK
6
CONTINUOUS
10
0.9439381496062992
20
0.5789268897637795
11
0.9467589763779527
21
0.5721168503937007
0
LINE
8
BLACK
6
CONTINUOUS
10
0.9467589763779527
20
0.5721168503937007
11
0.9467590551181102
21
0.5721166929133858
0
LINE
8
BLACK
6
CONTINUOUS
10
0.9467590551181102
20
0.5721166929133858
11
0.9494755511811024
21
0.5680511811023622
0
LINE
8
BLACK
6
CONTINUOUS
10
0.9494755511811024
20
0.5680511811023622
11
0.9503107874015748
21
0.565383779527559
0
LINE
8
BLACK
6
CONTINUOUS
10
0.9503107874015748
20
0.565383779527559
11
0.9495712992125984
21
0.5626882283464567
0
LINE
8
BLACK
6
CONTINUOUS
10
0.9495712992125984
20
0.5626882283464567
11
0.9474918503937008
21
0.5608203937007874
0
LINE
8
BLACK
6
CONTINUOUS
10
0.9474918503937008
20
0.5608203937007874
11
0.9453509448818898
21
0.5603346062992126
0
LINE
8
BLACK
6
CONTINUOUS
10
0.9453509448818898
20
0.5603346062992126
11
0.6546490551181102
21
0.5603346062992126
0
LINE
8
BLACK
6
CONTINUOUS
10
0.6546490551181102
20
0.5603346062992126
11
0.651967125984252
21
0.5611220866141732
0
LINE
8
BLACK
6
CONTINUOUS
10
0.651967125984252
20
0.5611220866141732
11
0.6501366929133858
21
0.5632345275590551
0
LINE
8
BLACK
6
CONTINUOUS
10
0.6501366929133858
20
0.5632345275590551
11
0.6497388976377952
21
0.5660012204724409
0
LINE
8
BLACK
6
CONTINUOUS
10
0.6497388976377952
20
0.5660012204724409
11
0.6505244488188976
21
0.5680511811023622
0
LINE
8
BLACK
6
CONTINUOUS
10
0.6505244488188976
20
0.5680511811023622
11
0.653240905511811
21
0.5721166929133858
0
LINE
8
BLACK
6
CONTINUOUS
10
0.653240905511811
20
0.5721166929133858
11
0.6532409842519685
21
0.5721168503937007
0
LINE
8
BLACK
6
CONTINUOUS
10
0.6532409842519685
20
0.5721168503937007
11
0.6532410236220473
21
0.5721168897637795
0
LINE
8
BLACK
6
CONTINUOUS
10
0.6532410236220473
20
0.5721168897637795
11
0.6560619291338583
21
0.578927125984252
0
LINE
8
BLACK
6
CONTINUOUS
10
0.6560619291338583
20
0.578927125984252
11
0.6575
21
0.5861568503937008
0
LINE
8
BLACK
6
CONTINUOUS
10
0.6575
20
0.5861568503937008
11
0.6575
21
0.5935281889763779
0
LINE
8
BLACK
6
CONTINUOUS
10
0.6575
20
0.5935281889763779
11
0.6560619291338583
21
0.6007579133858267
0
LINE
8
BLACK
6
CONTINUOUS
10
0.6560619291338583
20
0.6007579133858267
11
0.6532410236220473
21
0.6075681496062992
0
LINE
8
BLACK
6
CONTINUOUS
10
0.6532410236220473
20
0.6075681496062992
11
0.6491457480314961
21
0.6136971653543307
0
LINE
8
BLACK
6
CONTINUOUS
10
0.6491457480314961
20
0.6136971653543307
11
0.6439333858267716
21
0.6189095275590552
0
LINE
8
BLACK
6
CONTINUOUS
10
0.6439333858267716
20
0.6189095275590552
11
0.6378043700787401
21
0.6230048031496063
0
LINE
8
BLACK
6
CONTINUOUS
10
0.6378043700787401
20
0.6230048031496063
11
0.6309941338582677
21
0.6258257086614173
0
LINE
8
BLACK
6
CONTINUOUS
10
0.6309941338582677
20
0.6258257086614173
11
0.6237644094488188
21
0.6272637795275591
0
LINE
8
BLACK
6
CONTINUOUS
10
0.6237644094488188
20
0.6272637795275591
11
0.6163930708661417
21
0.6272637795275591
0
LINE
8
BLACK
6
CONTINUOUS
10
0.6163930708661417
20
0.6272637795275591
11
0.6091633464566929
21
0.6258257086614173
0
LINE
8
BLACK
6
CONTINUOUS
10
0.6091633464566929
20
0.6258257086614173
11
0.6023531102362205
21
0.6230048031496063
0
LINE
8
BLACK
6
CONTINUOUS
10
0.6023531102362205
20
0.6230048031496063
11
0.5962240944881889
21
0.6189095275590552
0
LINE
8
BLACK
6
CONTINUOUS
10
0.5962240944881889
20
0.6189095275590552
11
0.5910117322834646
21
0.6136971653543307
0
LINE
8
BLACK
6
CONTINUOUS
10
0.5910117322834646
20
0.6136971653543307
11
0.5869164566929134
21
0.6075681496062992
0
LINE
8
BLACK
6
CONTINUOUS
10
0.5869164566929134
20
0.6075681496062992
11
0.5851011811023622
21
0.6031856692913385
0
LINE
8
BLACK
6
CONTINUOUS
10
0.5851011811023622
20
0.6031856692913385
11
0.5840956299212599
21
0.6007581102362205
0
LINE
8
BLACK
6
CONTINUOUS
10
0.5840956299212599
20
0.6007581102362205
11
0.5840955511811023
21
0.6007579133858267
0
LINE
8
BLACK
6
CONTINUOUS
10
0.5840955511811023
20
0.6007579133858267
11
0.5826574803149606
21
0.5935282677165354
0
LINE
8
BLACK
6
CONTINUOUS
10
0.5826574803149606
20
0.5935282677165354
11
0.5826574803149606
21
0.5861567322834645
0
LINE
8
BLACK
6
CONTINUOUS
10
0.5826574803149606
20
0.5861567322834645
11
0.5840955511811023
21
0.5789270866141732
0
LINE
8
BLACK
6
CONTINUOUS
10
0.5840955511811023
20
0.5789270866141732
11
0.5840956299212599
21
0.5789268897637795
0
LINE
8
BLACK
6
CONTINUOUS
10
0.5840956299212599
20
0.5789268897637795
11
0.5869164566929134
21
0.5721168503937007
0
LINE
8
BLACK
6
CONTINUOUS
10
0.5869164566929134
20
0.5721168503937007
11
0.5869165354330709
21
0.5721166929133858
0
LINE
8
BLACK
6
CONTINUOUS
10
0.5869165354330709
20
0.5721166929133858
11
0.5896330314960629
21
0.5680511811023622
0
LINE
8
BLACK
6
CONTINUOUS
10
0.5896330314960629
20
0.5680511811023622
11
0.5904682677165354
21
0.565383779527559
0
LINE
8
BLACK
6
CONTINUOUS
10
0.5904682677165354
20
0.565383779527559
11
0.5897287795275591
21
0.5626882283464567
0
LINE
8
BLACK
6
CONTINUOUS
10
0.5897287795275591
20
0.5626882283464567
11
0.5876493307086614
21
0.5608203937007874
0
LINE
8
BLACK
6
CONTINUOUS
10
0.5876493307086614
20
0.5608203937007874
11
0.5855084251968504
21
0.5603346062992126
0
LINE
8
BLACK
6
CONTINUOUS
10
0.5855084251968504
20
0.5603346062992126
11
0.5644915748031496
21
0.5603346062992126
0
LINE
8
BLACK
6
CONTINUOUS
10
0.5644915748031496
20
0.5603346062992126
11
0.5618096456692914
21
0.5611220866141732
0
LINE
8
BLACK
6
CONTINUOUS
10
0.5618096456692914
20
0.5611220866141732
11
0.5599792125984252
21
0.5632345275590551
0
LINE
8
BLACK
6
CONTINUOUS
10
0.5599792125984252
20
0.5632345275590551
11
0.5595814173228346
21
0.5660012204724409
0
LINE
8
BLACK
6
CONTINUOUS
10
0.5595814173228346
20
0.5660012204724409
11
0.560366968503937
21
0.5680511811023622
0
LINE
8
BLACK
6
CONTINUOUS
10
0.560366968503937
20
0.5680511811023622
11
0.5630834251968504
21
0.5721166929133858
0
LINE
8
BLACK
6
CONTINUOUS
10
0.5630834251968504
20
0.5721166929133858
11
0.5630835039370079
21
0.5721168503937007
0
LINE
8
BLACK
6
CONTINUOUS
10
0.5630835039370079
20
0.5721168503937007
11
0.5630835433070867
21
0.5721168897637795
0
LINE
8
BLACK
6
CONTINUOUS
10
0.5630835433070867
20
0.5721168897637795
11
0.5659044488188977
21
0.578927125984252
0
LINE
8
BLACK
6
CONTINUOUS
10
0.5659044488188977
20
0.578927125984252
11
0.5673425196850393
21
0.5861568503937008
0
LINE
8
BLACK
6
CONTINUOUS
10
0.5673425196850393
20
0.5861568503937008
11
0.5673425196850393
21
0.5935281889763779
0
LINE
8
BLACK
6
CONTINUOUS
10
0.5673425196850393
20
0.5935281889763779
11
0.5659044488188977
21
0.6007579133858267
0
LINE
8
BLACK
6
CONTINUOUS
10
0.5659044488188977
20
0.6007579133858267
11
0.5630835433070867
21
0.6075681496062992
0
LINE
8
BLACK
6
CONTINUOUS
10
0.5630835433070867
20
0.6075681496062992
11
0.5589882677165354
21
0.6136971653543307
0
LINE
8
BLACK
6
CONTINUOUS
10
0.5589882677165354
20
0.6136971653543307
11
0.553775905511811
21
0.6189095275590552
0
LINE
8
BLACK
6
CONTINUOUS
10
0.553775905511811
20
0.6189095275590552
11
0.5476468897637795
21
0.6230048031496063
0
LINE
8
BLACK
6
CONTINUOUS
10
0.5476468897637795
20
0.6230048031496063
11
0.5408366535433071
21
0.6258257086614173
0
LINE
8
BLACK
6
CONTINUOUS
10
0.5408366535433071
20
0.6258257086614173
11
0.5336069291338582
21
0.6272637795275591
0
LINE
8
BLACK
6
CONTINUOUS
10
0.5336069291338582
20
0.6272637795275591
11
0.5262355905511811
21
0.6272637795275591
0
LINE
8
BLACK
6
CONTINUOUS
10
0.5262355905511811
20
0.6272637795275591
11
0.5190058661417323
21
0.6258257086614173
0
LINE
8
BLACK
6
CONTINUOUS
10
0.5190058661417323
20
0.6258257086614173
11
0.5121956299212598
21
0.6230048031496063
0
LINE
8
BLACK
6
CONTINUOUS
10
0.5121956299212598
20
0.6230048031496063
11
0.5060666141732283
21
0.6189095275590552
0
LINE
8
BLACK
6
CONTINUOUS
10
0.5060666141732283
20
0.6189095275590552
11
0.500854251968504
21
0.6136971653543307
0
LINE
8
BLACK
6
CONTINUOUS
10
0.500854251968504
20
0.6136971653543307
11
0.4967589763779527
21
0.6075681496062992
0
LINE
8
BLACK
6
CONTINUOUS
10
0.4967589763779527
20
0.6075681496062992
11
0.4949437007874016
21
0.6031856692913385
0
LINE
8
BLACK
6
CONTINUOUS
10
0.4949437007874016
20
0.6031856692913385
11
0.4939381496062992
21
0.6007581102362205
0
LINE
8
BLACK
6
CONTINUOUS
10
0.4939381496062992
20
0.6007581102362205
11
0.4939380708661417
21
0.6007579133858267
0
LINE
8
BLACK
6
CONTINUOUS
10
0.4939380708661417
20
0.6007579133858267
11
0.4925
21
0.5935282677165354
0
LINE
8
BLACK
6
CONTINUOUS
10
0.4925
20
0.5935282677165354
11
0.4925
21
0.5861567322834645
0
LINE
8
BLACK
6
CONTINUOUS
10
0.4925
20
0.5861567322834645
11
0.4939380708661417
21
0.5789270866141732
0
LINE
8
BLACK
6
CONTINUOUS
10
0.4939380708661417
20
0.5789270866141732
11
0.4939381496062992
21
0.5789268897637795
0
LINE
8
BLACK
6
CONTINUOUS
10
0.4939381496062992
20
0.5789268897637795
11
0.4967589763779527
21
0.5721168897637795
0
LINE
8
BLACK
6
CONTINUOUS
10
0.4967589763779527
20
0.5721168897637795
11
0.5008541338582677
21
0.565988031496063
0
LINE
8
BLACK
6
CONTINUOUS
10
0.5008541338582677
20
0.565988031496063
11
0.5008543307086614
21
0.5659877559055118
0
LINE
8
BLACK
6
CONTINUOUS
10
0.5008543307086614
20
0.5659877559055118
11
0.5060664960629921
21
0.5607755905511811
0
LINE
8
BLACK
6
CONTINUOUS
10
0.5060664960629921
20
0.5607755905511811
11
0.5060667716535433
21
0.5607753937007874
0
LINE
8
BLACK
6
CONTINUOUS
10
0.5060667716535433
20
0.5607753937007874
11
0.5121955511811024
21
0.5566802755905512
0
LINE
8
BLACK
6
CONTINUOUS
10
0.5121955511811024
20
0.5566802755905512
11
0.5121955905511811
21
0.5566802362204725
0
LINE
8
BLACK
6
CONTINUOUS
10
0.5121955905511811
20
0.5566802362204725
11
0.5121956299212598
21
0.5566802362204725
0
LINE
8
BLACK
6
CONTINUOUS
10
0.5121956299212598
20
0.5566802362204725
11
0.5139532677165354
21
0.5559521653543307
0
LINE
8
BLACK
6
CONTINUOUS
10
0.5139532677165354
20
0.5559521653543307
11
0.5161296456692913
21
0.5541983070866141
0
LINE
8
BLACK
6
CONTINUOUS
10
0.5161296456692913
20
0.5541983070866141
11
0.5170123622047244
21
0.5515461811023622
0
LINE
8
BLACK
6
CONTINUOUS
10
0.5170123622047244
20
0.5515461811023622
11
0.516321062992126
21
0.548837874015748
0
LINE
8
BLACK
6
CONTINUOUS
10
0.516321062992126
20
0.548837874015748
11
0.5155625590551181
21
0.5478614960629921
0
LINE
8
BLACK
6
CONTINUOUS
10
0.5155625590551181
20
0.5478614960629921
11
0.3649217322834646
21
0.3972206692913386
0
LINE
8
BLACK
6
CONTINUOUS
10
0.3649217322834646
20
0.3972206692913386
11
0.3624685039370079
21
0.395881062992126
0
LINE
8
BLACK
6
CONTINUOUS
10
0.3624685039370079
20
0.395881062992126
11
0.3614140551181103
21
0.3957677165354331
0
LINE
8
BLACK
6
CONTINUOUS
10
0.3614140551181103
20
0.3957677165354331
11
0.1202394094488189
21
0.3957677165354331
0
LINE
8
BLACK
6
CONTINUOUS
10
0.1202394094488189
20
0.3957677165354331
11
0.1175574803149606
21
0.3965551968503937
0
LINE
8
BLACK
6
CONTINUOUS
10
0.1175574803149606
20
0.3965551968503937
11
0.1167317322834646
21
0.3972206692913386
0
LINE
8
BLACK
6
CONTINUOUS
10
0.1167317322834646
20
0.3972206692913386
11
0.0772615354330709
21
0.4366908661417322
0
LINE
8
BLACK
6
CONTINUOUS
10
0.0772615354330709
20
0.4366908661417322
11
0.0759219291338583
21
0.439144094488189
0
LINE
8
BLACK
6
CONTINUOUS
10
0.0759219291338583
20
0.439144094488189
11
0.0758085826771654
21
0.4401985433070866
0
LINE
8
BLACK
6
CONTINUOUS
10
0.0758085826771654
20
0.4401985433070866
11
0.0758085826771654
21
0.5241684251968504
0
LINE
8
BLACK
6
CONTINUOUS
10
0.0758085826771654
20
0.5241684251968504
11
0.076596062992126
21
0.5268503543307087
0
LINE
8
BLACK
6
CONTINUOUS
10
0.076596062992126
20
0.5268503543307087
11
0.0787085039370079
21
0.5286807874015748
0
LINE
8
BLACK
6
CONTINUOUS
10
0.0787085039370079
20
0.5286807874015748
11
0.0814751968503937
21
0.5290785826771653
0
LINE
8
BLACK
6
CONTINUOUS
10
0.0814751968503937
20
0.5290785826771653
11
0.0840177165354331
21
0.5279174015748032
0
LINE
8
BLACK
6
CONTINUOUS
10
0.0840177165354331
20
0.5279174015748032
11
0.0842768897637795
21
0.5276761023622047
0
LINE
8
BLACK
6
CONTINUOUS
10
0.0842768897637795
20
0.5276761023622047
11
0.0895700787401575
21
0.522382874015748
0
LINE
8
BLACK
6
CONTINUOUS
10
0.0895700787401575
20
0.522382874015748
11
0.0895704724409449
21
0.5223825590551181
0
LINE
8
BLACK
6
CONTINUOUS
10
0.0895704724409449
20
0.5223825590551181
11
0.0931659448818898
21
0.5203067322834646
0
LINE
8
BLACK
6
CONTINUOUS
10
0.0931659448818898
20
0.5203067322834646
11
0.0971759448818898
21
0.5192322440944882
0
LINE
8
BLACK
6
CONTINUOUS
10
0.0971759448818898
20
0.5192322440944882
11
0.0971761023622047
21
0.5192322440944882
0
LINE
8
BLACK
6
CONTINUOUS
10
0.0971761023622047
20
0.5192322440944882
11
0.1016316929133858
21
0.5192322440944882
0
LINE
8
BLACK
6
CONTINUOUS
10
0.1016316929133858
20
0.5192322440944882
11
0.1016323228346457
21
0.519232283464567
0
LINE
8
BLACK
6
CONTINUOUS
10
0.1016323228346457
20
0.519232283464567
11
0.1021456692913386
21
0.519232283464567
0
LINE
8
BLACK
6
CONTINUOUS
10
0.1021456692913386
20
0.519232283464567
11
0.1048275984251968
21
0.5184448031496063
0
LINE
8
BLACK
6
CONTINUOUS
10
0.1048275984251968
20
0.5184448031496063
11
0.106658031496063
21
0.5163323622047244
0
LINE
8
BLACK
6
CONTINUOUS
10
0.106658031496063
20
0.5163323622047244
11
0.1071062992125984
21
0.5142716535433071
0
LINE
8
BLACK
6
CONTINUOUS
10
0.1071062992125984
20
0.5142716535433071
11
0.1071062992125984
21
0.5042224015748031
0
LINE
8
BLACK
6
CONTINUOUS
10
0.1071062992125984
20
0.5042224015748031
11
0.1075642519685039
21
0.5019201181102362
0
LINE
8
BLACK
6
CONTINUOUS
10
0.1075642519685039
20
0.5019201181102362
11
0.1075642913385827
21
0.50192
0
LINE
8
BLACK
6
CONTINUOUS
10
0.1075642913385827
20
0.50192
11
0.1093089763779528
21
0.4993089763779527
0
LINE
8
BLACK
6
CONTINUOUS
10
0.1093089763779528
20
0.4993089763779527
11
0.11192
21
0.4975642913385827
0
LINE
8
BLACK
6
CONTINUOUS
10
0.11192
20
0.4975642913385827
11
0.1119201181102362
21
0.4975642519685039
0
LINE
8
BLACK
6
CONTINUOUS
10
0.1119201181102362
20
0.4975642519685039
11
0.1142224015748032
21
0.4971062992125984
0
LINE
8
BLACK
6
CONTINUOUS
10
0.1142224015748032
20
0.4971062992125984
11
0.1142225196850394
21
0.4971062992125984
0
LINE
8
BLACK
6
CONTINUOUS
10
0.1142225196850394
20
0.4971062992125984
11
0.1757775590551181
21
0.4971062992125984
0
LINE
8
BLACK
6
CONTINUOUS
10
0.1757775590551181
20
0.4971062992125984
11
0.178079842519685
21
0.4975642519685039
0
LINE
8
BLACK
6
CONTINUOUS
10
0.178079842519685
20
0.4975642519685039
11
0.1780799606299213
21
0.4975642913385827
0
LINE
8
BLACK
6
CONTINUOUS
10
0.1780799606299213
20
0.4975642913385827
11
0.1797794488188976
21
0.4986998818897638
0
LINE
8
BLACK
6
CONTINUOUS
10
0.1797794488188976
20
0.4986998818897638
11
0.1806910236220473
21
0.4993089763779527
0
LINE
8
BLACK
6
CONTINUOUS
10
0.1806910236220473
20
0.4993089763779527
11
0.1824357086614173
21
0.5019200393700787
0
LINE
8
BLACK
6
CONTINUOUS
10
0.1824357086614173
20
0.5019200393700787
11
0.1828937007874016
21
0.5042225196850394
0
LINE
8
BLACK
6
CONTINUOUS
10
0.1828937007874016
20
0.5042225196850394
11
0.1828937007874016
21
0.5657774803149607
0
LINE
8
BLACK
6
CONTINUOUS
10
0.1828937007874016
20
0.5657774803149607
11
0.1828937007874016
21
0.5657775590551181
0
LINE
8
BLACK
6
CONTINUOUS
10
0.1828937007874016
20
0.5657775590551181
11
0.1824357086614173
21
0.5680799606299213
0
LINE
8
BLACK
6
CONTINUOUS
10
0.1824357086614173
20
0.5680799606299213
11
0.1806910236220473
21
0.5706910236220473
0
LINE
8
BLACK
6
CONTINUOUS
10
0.1806910236220473
20
0.5706910236220473
11
0.1780799606299213
21
0.5724357086614174
0
LINE
8
BLACK
6
CONTINUOUS
10
0.1780799606299213
20
0.5724357086614174
11
0.1757774803149606
21
0.5728937007874015
0
LINE
8
BLACK
6
CONTINUOUS
10
0.1757774803149606
20
0.5728937007874015
11
0.1142225196850394
21
0.5728937007874015
0
LINE
8
BLACK
6
CONTINUOUS
10
0.1142225196850394
20
0.5728937007874015
11
0.1119200393700787
21
0.5724357086614174
0
LINE
8
BLACK
6
CONTINUOUS
10
0.1119200393700787
20
0.5724357086614174
11
0.1110842519685039
21
0.5718772440944881
0
LINE
8
BLACK
6
CONTINUOUS
10
0.1110842519685039
20
0.5718772440944881
11
0.1084169291338583
21
0.5710420472440945
0
LINE
8
BLACK
6
CONTINUOUS
10
0.1084169291338583
20
0.5710420472440945
11
0.1057213779527559
21
0.5717815354330709
0
LINE
8
BLACK
6
CONTINUOUS
10
0.1057213779527559
20
0.5717815354330709
11
0.1038535039370079
21
0.5738609448818898
0
LINE
8
BLACK
6
CONTINUOUS
10
0.1038535039370079
20
0.5738609448818898
11
0.1033677165354331
21
0.5760018897637795
0
LINE
8
BLACK
6
CONTINUOUS
10
0.1033677165354331
20
0.5760018897637795
11
0.1033677165354331
21
0.5939980708661418
0
LINE
8
BLACK
6
CONTINUOUS
10
0.1033677165354331
20
0.5939980708661418
11
0.1041551968503937
21
0.59668
0
LINE
8
BLACK
6
CONTINUOUS
10
0.1041551968503937
20
0.59668
11
0.1062676377952756
21
0.5985104330708662
0
LINE
8
BLACK
6
CONTINUOUS
10
0.1062676377952756
20
0.5985104330708662
11
0.1090343307086614
21
0.5989082283464566
0
LINE
8
BLACK
6
CONTINUOUS
10
0.1090343307086614
20
0.5989082283464566
11
0.1110842519685039
21
0.598122716535433
0
LINE
8
BLACK
6
CONTINUOUS
10
0.1110842519685039
20
0.598122716535433
11
0.1119198818897638
21
0.5975643307086614
0
LINE
8
BLACK
6
CONTINUOUS
10
0.1119198818897638
20
0.5975643307086614
11
0.1119201181102362
21
0.5975642519685039
0
LINE
8
BLACK
6
CONTINUOUS
10
0.1119201181102362
20
0.5975642519685039
11
0.1142224015748032
21
0.5971062992125984
0
LINE
8
BLACK
6
CONTINUOUS
10
0.1142224015748032
20
0.5971062992125984
11
0.1142225196850394
21
0.5971062992125984
0
LINE
8
BLACK
6
CONTINUOUS
10
0.1142225196850394
20
0.5971062992125984
11
0.1757775590551181
21
0.5971062992125984
0
LINE
8
BLACK
6
CONTINUOUS
10
0.1757775590551181
20
0.5971062992125984
11
0.178079842519685
21
0.5975642519685039
0
LINE
8
BLACK
6
CONTINUOUS
10
0.178079842519685
20
0.5975642519685039
11
0.1780799606299213
21
0.5975642913385827
0
LINE
8
BLACK
6
CONTINUOUS
10
0.1780799606299213
20
0.5975642913385827
11
0.1785359448818898
21
0.5978689763779528
0
LINE
8
BLACK
6
CONTINUOUS
10
0.1785359448818898
20
0.5978689763779528
11
0.1806910236220473
21
0.5993089763779528
0
LINE
8
BLACK
6
CONTINUOUS
10
0.1806910236220473
20
0.5993089763779528
11
0.1824357086614173
21
0.6019200393700788
0
LINE
8
BLACK
6
CONTINUOUS
10
0.1824357086614173
20
0.6019200393700788
11
0.1828937007874016
21
0.6042225196850394
0
LINE
8
BLACK
6
CONTINUOUS
10
0.1828937007874016
20
0.6042225196850394
11
0.1828937007874016
21
0.6657774803149606
0
LINE
8
BLACK
6
CONTINUOUS
10
0.1828937007874016
20
0.6657774803149606
11
0.1828937007874016
21
0.665777559055118
0
LINE
8
BLACK
6
CONTINUOUS
10
0.1828937007874016
20
0.665777559055118
11
0.1824357086614173
21
0.6680799606299213
0
LINE
8
BLACK
6
CONTINUOUS
10
0.1824357086614173
20
0.6680799606299213
11
0.1806910236220473
21
0.6706910236220472
0
LINE
8
BLACK
6
CONTINUOUS
10
0.1806910236220473
20
0.6706910236220472
11
0.1780799606299213
21
0.6724357086614173
0
LINE
8
BLACK
6
CONTINUOUS
10
0.1780799606299213
20
0.6724357086614173
11
0.1757774803149606
21
0.6728937007874015
0
LINE
8
BLACK
6
CONTINUOUS
10
0.1757774803149606
20
0.6728937007874015
11
0.1142225196850394
21
0.6728937007874015
0
LINE
8
BLACK
6
CONTINUOUS
10
0.1142225196850394
20
0.6728937007874015
11
0.1119200393700787
21
0.6724357086614173
0
LINE
8
BLACK
6
CONTINUOUS
10
0.1119200393700787
20
0.6724357086614173
11
0.1110842519685039
21
0.6718772440944881
0
LINE
8
BLACK
6
CONTINUOUS
10
0.1110842519685039
20
0.6718772440944881
11
0.1084169291338583
21
0.6710420472440944
0
LINE
8
BLACK
6
CONTINUOUS
10
0.1084169291338583
20
0.6710420472440944
11
0.1057213779527559
21
0.6717815354330708
0
LINE
8
BLACK
6
CONTINUOUS
10
0.1057213779527559
20
0.6717815354330708
11
0.1038535039370079
21
0.6738609448818897
0
LINE
8
BLACK
6
CONTINUOUS
10
0.1038535039370079
20
0.6738609448818897
11
0.1033677165354331
21
0.6760018897637795
0
LINE
8
BLACK
6
CONTINUOUS
10
0.1033677165354331
20
0.6760018897637795
11
0.1033677165354331
21
0.6939980708661417
0
LINE
8
BLACK
6
CONTINUOUS
10
0.1033677165354331
20
0.6939980708661417
11
0.1041551968503937
21
0.69668
0
LINE
8
BLACK
6
CONTINUOUS
10
0.1041551968503937
20
0.69668
11
0.1062676377952756
21
0.6985104330708661
0
LINE
8
BLACK
6
CONTINUOUS
10
0.1062676377952756
20
0.6985104330708661
11
0.1090343307086614
21
0.6989082283464567
0
LINE
8
BLACK
6
CONTINUOUS
10
0.1090343307086614
20
0.6989082283464567
11
0.1110842519685039
21
0.698122716535433
0
LINE
8
BLACK
6
CONTINUOUS
10
0.1110842519685039
20
0.698122716535433
11
0.1119198818897638
21
0.6975643307086614
0
LINE
8
BLACK
6
CONTINUOUS
10
0.1119198818897638
20
0.6975643307086614
11
0.1119201181102362
21
0.6975642519685039
0
LINE
8
BLACK
6
CONTINUOUS
10
0.1119201181102362
20
0.6975642519685039
11
0.1142224015748032
21
0.6971062992125984
0
LINE
8
BLACK
6
CONTINUOUS
10
0.1142224015748032
20
0.6971062992125984
11
0.1142225196850394
21
0.6971062992125984
0
LINE
8
BLACK
6
CONTINUOUS
10
0.1142225196850394
20
0.6971062992125984
11
0.1757775590551181
21
0.6971062992125984
0
LINE
8
BLACK
6
CONTINUOUS
10
0.1757775590551181
20
0.6971062992125984
11
0.178079842519685
21
0.6975642519685039
0
LINE
8
BLACK
6
CONTINUOUS
10
0.178079842519685
20
0.6975642519685039
11
0.1780799606299213
21
0.6975642913385827
0
LINE
8
BLACK
6
CONTINUOUS
10
0.1780799606299213
20
0.6975642913385827
11
0.17808
21
0.6975643307086614
0
LINE
8
BLACK
6
CONTINUOUS
10
0.17808
20
0.6975643307086614
11
0.1806910236220473
21
0.6993089763779528
0
LINE
8
BLACK
6
CONTINUOUS
10
0.1806910236220473
20
0.6993089763779528
11
0.1824357086614173
21
0.7019200393700787
0
LINE
8
BLACK
6
CONTINUOUS
10
0.1824357086614173
20
0.7019200393700787
11
0.1828937007874016
21
0.7042225196850393
0
LINE
8
BLACK
6
CONTINUOUS
10
0.1828937007874016
20
0.7042225196850393
11
0.1828937007874016
21
0.7657774803149606
0
LINE
8
BLACK
6
CONTINUOUS
10
0.1828937007874016
20
0.7657774803149606
11
0.1828937007874016
21
0.7657775590551181
0
LINE
8
BLACK
6
CONTINUOUS
10
0.1828937007874016
20
0.7657775590551181
11
0.1824357086614173
21
0.7680799606299212
0
LINE
8
BLACK
6
CONTINUOUS
10
0.1824357086614173
20
0.7680799606299212
11
0.1806910236220473
21
0.7706910236220472
0
LINE
8
BLACK
6
CONTINUOUS
10
0.1806910236220473
20
0.7706910236220472
11
0.1780799606299213
21
0.7724357086614173
0
LINE
8
BLACK
6
CONTINUOUS
10
0.1780799606299213
20
0.7724357086614173
11
0.1757774803149606
21
0.7728937007874016
0
LINE
8
BLACK
6
CONTINUOUS
10
0.1757774803149606
20
0.7728937007874016
11
0.1142225196850394
21
0.7728937007874016
0
LINE
8
BLACK
6
CONTINUOUS
10
0.1142225196850394
20
0.7728937007874016
11
0.1119200393700787
21
0.7724357086614173
0
LINE
8
BLACK
6
CONTINUOUS
10
0.1119200393700787
20
0.7724357086614173
11
0.1110842519685039
21
0.7718772440944882
0
LINE
8
BLACK
6
CONTINUOUS
10
0.1110842519685039
20
0.7718772440944882
11
0.1084169291338583
21
0.7710420472440944
0
LINE
8
BLACK
6
CONTINUOUS
10
0.1084169291338583
20
0.7710420472440944
11
0.1057213779527559
21
0.7717815354330708
0
LINE
8
BLACK
6
CONTINUOUS
10
0.1057213779527559
20
0.7717815354330708
11
0.1038535039370079
21
0.7738609448818897
0
LINE
8
BLACK
6
CONTINUOUS
10
0.1038535039370079
20
0.7738609448818897
11
0.1033677165354331
21
0.7760018897637795
0
LINE
8
BLACK
6
CONTINUOUS
10
0.1033677165354331
20
0.7760018897637795
11
0.1033677165354331
21
0.995573031496063
0
LINE
8
BLACK
6
CONTINUOUS
10
0.1033677165354331
20
0.995573031496063
11
0.1041551968503937
21
0.9982549606299213
0
LINE
8
BLACK
6
CONTINUOUS
10
0.1041551968503937
20
0.9982549606299213
11
0.1048206299212598
21
0.9990807086614173
0
LINE
8
BLACK
6
CONTINUOUS
10
0.1048206299212598
20
0.9990807086614173
11
0.105479842519685
21
0.9997399212598425
0
LINE
8
BLACK
6
CONTINUOUS
10
0.105479842519685
20
0.9997399212598425
11
0.107339842519685
21
1.0015999212598425
0
LINE
8
BLACK
6
CONTINUOUS
10
0.107339842519685
20
1.0015999212598425
11
0.1101210236220472
21
1.0057622440944882
0
LINE
8
BLACK
6
CONTINUOUS
10
0.1101210236220472
20
1.0057622440944882
11
0.1120367716535433
21
1.0103872047244093
0
LINE
8
BLACK
6
CONTINUOUS
10
0.1120367716535433
20
1.0103872047244093
11
0.1130133858267716
21
1.0152970078740158
0
LINE
8
BLACK
6
CONTINUOUS
10
0.1130133858267716
20
1.0152970078740158
11
0.1130133858267716
21
1.0203029921259843
0
LINE
8
BLACK
6
CONTINUOUS
10
0.1130133858267716
20
1.0203029921259843
11
0.1120367716535433
21
1.0252127952755905
0
LINE
8
BLACK
6
CONTINUOUS
10
0.1120367716535433
20
1.0252127952755905
11
0.1101210236220472
21
1.0298377559055119
0
LINE
8
BLACK
6
CONTINUOUS
10
0.1101210236220472
20
1.0298377559055119
11
0.107339842519685
21
1.0340000787401575
0
LINE
8
BLACK
6
CONTINUOUS
10
0.107339842519685
20
1.0340000787401575
11
0.1038000787401575
21
1.0375398425196851
0
LINE
8
BLACK
6
CONTINUOUS
10
0.1038000787401575
20
1.0375398425196851
11
0.0996377559055118
21
1.0403210236220473
0
LINE
8
BLACK
6
CONTINUOUS
10
0.0996377559055118
20
1.0403210236220473
11
0.0950127952755905
21
1.0422367716535432
0
LINE
8
BLACK
6
CONTINUOUS
10
0.0950127952755905
20
1.0422367716535432
11
0.0901029921259842
21
1.0432133858267716
0
LINE
8
BLACK
6
CONTINUOUS
10
0.0901029921259842
20
1.0432133858267716
11
0.0850970078740158
21
1.0432133858267716
0
LINE
8
BLACK
6
CONTINUOUS
10
0.0850970078740158
20
1.0432133858267716
11
0.0801872047244094
21
1.0422367716535432
0
LINE
8
BLACK
6
CONTINUOUS
10
0.0801872047244094
20
1.0422367716535432
11
0.076958937007874
21
1.0408995275590551
0
LINE
8
BLACK
6
CONTINUOUS
10
0.076958937007874
20
1.0408995275590551
11
0.074179842519685
21
1.040600748031496
0
LINE
8
BLACK
6
CONTINUOUS
10
0.074179842519685
20
1.040600748031496
11
0.0716803543307087
21
1.0418518897637794
0
LINE
8
BLACK
6
CONTINUOUS
10
0.0716803543307087
20
1.0418518897637794
11
0.0702540551181102
21
1.0442557086614173
0
LINE
8
BLACK
6
CONTINUOUS
10
0.0702540551181102
20
1.0442557086614173
11
0.0700999606299213
21
1.045482559055118
0
LINE
8
BLACK
6
CONTINUOUS
10
0.0700999606299213
20
1.045482559055118
11
0.0700999606299213
21
1.0707462992125985
0
LINE
8
BLACK
6
CONTINUOUS
10
0.0700999606299213
20
1.0707462992125985
11
0.0708874409448819
21
1.0734282283464567
0
LINE
8
BLACK
6
CONTINUOUS
10
0.0708874409448819
20
1.0734282283464567
11
0.0715529133858268
21
1.0742539763779528
0
LINE
8
BLACK
6
CONTINUOUS
10
0.0715529133858268
20
1.0742539763779528
11
0.0904325984251969
21
1.0931336614173228
0
LINE
8
BLACK
6
CONTINUOUS
10
0.0904325984251969
20
1.0931336614173228
11
0.0928858267716535
21
1.0944732677165354
0
LINE
8
BLACK
6
CONTINUOUS
10
0.0928858267716535
20
1.0944732677165354
11
0.0939402755905512
21
1.0945866141732283
0
LINE
8
BLACK
6
CONTINUOUS
10
0.0939402755905512
20
1.0945866141732283
11
0.0975030708661417
21
1.0945866141732283
0
LINE
8
BLACK
6
CONTINUOUS
10
0.0975030708661417
20
1.0945866141732283
11
0.099957874015748
21
1.0950749212598425
0
LINE
8
BLACK
6
CONTINUOUS
10
0.099957874015748
20
1.0950749212598425
11
0.1024127952755906
21
1.0955632283464567
0
LINE
8
BLACK
6
CONTINUOUS
10
0.1024127952755906
20
1.0955632283464567
11
0.1070377559055118
21
1.0974789763779527
0
LINE
8
BLACK
6
CONTINUOUS
10
0.1070377559055118
20
1.0974789763779527
11
0.1112000787401575
21
1.100260157480315
0
LINE
8
BLACK
6
CONTINUOUS
10
0.1112000787401575
20
1.100260157480315
11
0.114739842519685
21
1.1037999212598424
0
LINE
8
BLACK
6
CONTINUOUS
10
0.114739842519685
20
1.1037999212598424
11
0.1175210236220472
21
1.1079622440944881
0
LINE
8
BLACK
6
CONTINUOUS
10
0.1175210236220472
20
1.1079622440944881
11
0.1194367716535433
21
1.1125872047244094
0
LINE
8
BLACK
6
CONTINUOUS
10
0.1194367716535433
20
1.1125872047244094
11
0.1204133858267716
21
1.1174970078740156
0
LINE
8
BLACK
6
CONTINUOUS
10
0.1204133858267716
20
1.1174970078740156
11
0.1204133858267716
21
1.1225029921259841
0
LINE
8
BLACK
6
CONTINUOUS
10
0.1204133858267716
20
1.1225029921259841
11
0.1194367716535433
21
1.1274127952755906
0
LINE
8
BLACK
6
CONTINUOUS
10
0.1194367716535433
20
1.1274127952755906
11
0.1175210236220472
21
1.1320377559055117
0
LINE
8
BLACK
6
CONTINUOUS
10
0.1175210236220472
20
1.1320377559055117
11
0.114739842519685
21
1.1362000787401574
0
LINE
8
BLACK
6
CONTINUOUS
10
0.114739842519685
20
1.1362000787401574
11
0.1112000787401575
21
1.139739842519685
0
LINE
8
BLACK
6
CONTINUOUS
10
0.1112000787401575
20
1.139739842519685
11
0.1070377559055118
21
1.1425210236220473
0
LINE
8
BLACK
6
CONTINUOUS
10
0.1070377559055118
20
1.1425210236220473
11
0.1024127952755906
21
1.1444367716535433
0
LINE
8
BLACK
6
CONTINUOUS
10
0.1024127952755906
20
1.1444367716535433
11
0.1024125590551181
21
1.144436811023622
0
LINE
8
BLACK
6
CONTINUOUS
10
0.1024125590551181
20
1.144436811023622
11
0.1023605905511811
21
1.1444583464566929
0
LINE
8
BLACK
6
CONTINUOUS
10
0.1023605905511811
20
1.1444583464566929
11
0.1001841338582677
21
1.1462122047244094
0
LINE
8
BLACK
6
CONTINUOUS
10
0.1001841338582677
20
1.1462122047244094
11
0.0993014173228346
21
1.1488642913385827
0
LINE
8
BLACK
6
CONTINUOUS
10
0.0993014173228346
20
1.1488642913385827
11
0.0999926771653543
21
1.1515725984251968
0
LINE
8
BLACK
6
CONTINUOUS
10
0.0999926771653543
20
1.1515725984251968
11
0.1018387007874016
21
1.1533381889763779
0
LINE
8
BLACK
6
CONTINUOUS
10
0.1018387007874016
20
1.1533381889763779
11
0.1018351181102362
21
1.1533435826771654
0
LINE
8
BLACK
6
CONTINUOUS
10
0.1018351181102362
20
1.1533435826771654
11
0.1018657480314961
21
1.1533640551181101
0
LINE
8
BLACK
6
CONTINUOUS
10
0.1018657480314961
20
1.1533640551181101
11
0.101920157480315
21
1.1534161023622047
0
LINE
8
BLACK
6
CONTINUOUS
10
0.101920157480315
20
1.1534161023622047
11
0.1020376771653543
21
1.1534788976377952
0
LINE
8
BLACK
6
CONTINUOUS
10
0.1020376771653543
20
1.1534788976377952
11
0.105372874015748
21
1.1557074409448818
0
LINE
8
BLACK
6
CONTINUOUS
10
0.105372874015748
20
1.1557074409448818
11
0.1062000787401575
21
1.1562601574803149
0
LINE
8
BLACK
6
CONTINUOUS
10
0.1062000787401575
20
1.1562601574803149
11
0.109739842519685
21
1.1597999212598424
0
LINE
8
BLACK
6
CONTINUOUS
10
0.109739842519685
20
1.1597999212598424
11
0.1125210236220472
21
1.1639622440944881
0
LINE
8
BLACK
6
CONTINUOUS
10
0.1125210236220472
20
1.1639622440944881
11
0.1144367716535433
21
1.1685872047244095
0
LINE
8
BLACK
6
CONTINUOUS
10
0.1144367716535433
20
1.1685872047244095
11
0.1154133858267716
21
1.1734970078740157
0
LINE
8
BLACK
6
CONTINUOUS
10
0.1154133858267716
20
1.1734970078740157
11
0.1154133858267716
21
1.1785029921259842
0
LINE
8
BLACK
6
CONTINUOUS
10
0.1154133858267716
20
1.1785029921259842
11
0.1144367716535433
21
1.1834127952755906
0
LINE
8
BLACK
6
CONTINUOUS
10
0.1144367716535433
20
1.1834127952755906
11
0.1125210236220472
21
1.1880377559055117
0
LINE
8
BLACK
6
CONTINUOUS
10
0.1125210236220472
20
1.1880377559055117
11
0.109739842519685
21
1.1922000787401574
0
LINE
8
BLACK
6
CONTINUOUS
10
0.109739842519685
20
1.1922000787401574
11
0.1091891732283465
21
1.1927507480314961
0
LINE
8
BLACK
6
CONTINUOUS
10
0.1091891732283465
20
1.1927507480314961
11
0.1078495669291339
21
1.1952039763779527
0
LINE
8
BLACK
6
CONTINUOUS
10
0.1078495669291339
20
1.1952039763779527
11
0.1077362204724409
21
1.1962584251968504
0
LINE
8
BLACK
6
CONTINUOUS
10
0.1077362204724409
20
1.1962584251968504
11
0.1077362204724409
21
1.2031114960629921
0
LINE
8
BLACK
6
CONTINUOUS
10
0.1077362204724409
20
1.2031114960629921
11
0.1077362204724409
21
1.2031115748031496
0
LINE
8
BLACK
6
CONTINUOUS
10
0.1077362204724409
20
1.2031115748031496
11
0.1065275196850394
21
1.2076224803149607
0
LINE
8
BLACK
6
CONTINUOUS
10
0.1065275196850394
20
1.2076224803149607
11
0.1065275196850394
21
1.2076225196850394
0
LINE
8
BLACK
6
CONTINUOUS
10
0.1065275196850394
20
1.2076225196850394
11
0.1044007874015748
21
1.2113060236220472
0
LINE
8
BLACK
6
CONTINUOUS
10
0.1044007874015748
20
1.2113060236220472
11
0.1037362204724409
21
1.213786338582677
0
LINE
8
BLACK
6
CONTINUOUS
10
0.1037362204724409
20
1.213786338582677
11
0.1037362204724409
21
1.3529223228346456
0
LINE
8
BLACK
6
CONTINUOUS
10
0.1037362204724409
20
1.3529223228346456
11
0.1045237007874016
21
1.3556042519685039
0
LINE
8
BLACK
6
CONTINUOUS
10
0.1045237007874016
20
1.3556042519685039
11
0.1066361417322835
21
1.3574346850393701
0
LINE
8
BLACK
6
CONTINUOUS
10
0.1066361417322835
20
1.3574346850393701
11
0.1094028346456693
21
1.3578324803149606
0
LINE
8
BLACK
6
CONTINUOUS
10
0.1094028346456693
20
1.3578324803149606
11
0.1114528346456693
21
1.3570469291338583
0
LINE
8
BLACK
6
CONTINUOUS
10
0.1114528346456693
20
1.3570469291338583
11
0.1144199606299213
21
1.3550642913385826
0
LINE
8
BLACK
6
CONTINUOUS
10
0.1144199606299213
20
1.3550642913385826
11
0.1144201181102362
21
1.3550642519685039
0
LINE
8
BLACK
6
CONTINUOUS
10
0.1144201181102362
20
1.3550642519685039
11
0.1167224015748032
21
1.3546062992125985
0
LINE
8
BLACK
6
CONTINUOUS
10
0.1167224015748032
20
1.3546062992125985
11
0.1167225196850394
21
1.3546062992125985
0
LINE
8
BLACK
6
CONTINUOUS
10
0.1167225196850394
20
1.3546062992125985
11
0.1782775590551181
21
1.3546062992125985
0
LINE
8
BLACK
6
CONTINUOUS
10
0.1782775590551181
20
1.3546062992125985
11
0.180579842519685
21
1.3550642519685039
0
LINE
8
BLACK
6
CONTINUOUS
10
0.180579842519685
20
1.3550642519685039
11
0.1805799606299213
21
1.3550642913385826
0
LINE
8
BLACK
6
CONTINUOUS
10
0.1805799606299213
20
1.3550642913385826
11
0.1831910236220472
21
1.3568089763779527
0
LINE
8
BLACK
6
CONTINUOUS
10
0.1831910236220472
20
1.3568089763779527
11
0.1849357086614173
21
1.3594200393700786
0
LINE
8
BLACK
6
CONTINUOUS
10
0.1849357086614173
20
1.3594200393700786
11
0.1853937007874016
21
1.3617225196850393
0
LINE
8
BLACK
6
CONTINUOUS
10
0.1853937007874016
20
1.3617225196850393
11
0.1853937007874016
21
1.4232774803149606
0
LINE
8
BLACK
6
CONTINUOUS
10
0.1853937007874016
20
1.4232774803149606
11
0.1853937007874016
21
1.4232775590551181
0
LINE
8
BLACK
6
CONTINUOUS
10
0.1853937007874016
20
1.4232775590551181
11
0.1849357086614173
21
1.4255799606299213
0
LINE
8
BLACK
6
CONTINUOUS
10
0.1849357086614173
20
1.4255799606299213
11
0.1831910236220472
21
1.4281910236220472
0
LINE
8
BLACK
6
CONTINUOUS
10
0.1831910236220472
20
1.4281910236220472
11
0.1805799606299213
21
1.4299357086614173
0
LINE
8
BLACK
6
CONTINUOUS
10
0.1805799606299213
20
1.4299357086614173
11
0.1782774803149606
21
1.4303937007874015
0
LINE
8
BLACK
6
CONTINUOUS
10
0.1782774803149606
20
1.4303937007874015
11
0.1167225196850394
21
1.4303937007874015
0
LINE
8
BLACK
6
CONTINUOUS
10
0.1167225196850394
20
1.4303937007874015
11
0.1144200393700787
21
1.4299357086614173
0
LINE
8
BLACK
6
CONTINUOUS
10
0.1144200393700787
20
1.4299357086614173
11
0.1118089763779528
21
1.4281910236220472
0
LINE
8
BLACK
6
CONTINUOUS
10
0.1118089763779528
20
1.4281910236220472
11
0.1118088976377953
21
1.4281909055118109
0
LINE
8
BLACK
6
CONTINUOUS
10
0.1118088976377953
20
1.4281909055118109
11
0.111452874015748
21
1.4279530314960629
0
LINE
8
BLACK
6
CONTINUOUS
10
0.111452874015748
20
1.4279530314960629
11
0.1087854330708661
21
1.4271177952755905
0
LINE
8
BLACK
6
CONTINUOUS
10
0.1087854330708661
20
1.4271177952755905
11
0.1060898818897638
21
1.4278572440944881
0
LINE
8
BLACK
6
CONTINUOUS
10
0.1060898818897638
20
1.4278572440944881
11
0.1042220078740157
21
1.4299366535433071
0
LINE
8
BLACK
6
CONTINUOUS
10
0.1042220078740157
20
1.4299366535433071
11
0.1037362204724409
21
1.4320776377952755
0
LINE
8
BLACK
6
CONTINUOUS
10
0.1037362204724409
20
1.4320776377952755
11
0.1037362204724409
21
1.5170553937007873
0
LINE
8
BLACK
6
CONTINUOUS
10
0.1037362204724409
20
1.5170553937007873
11
0.1040820078740157
21
1.5182331496062991
0
LINE
8
BLACK
6
CONTINUOUS
10
0.1040820078740157
20
1.5182331496062991
11
0.1043429921259842
21
1.5194327559055119
0
LINE
8
BLACK
6
CONTINUOUS
10
0.1043429921259842
20
1.5194327559055119
11
0.1044931496062992
21
1.5196333464566929
0
LINE
8
BLACK
6
CONTINUOUS
10
0.1044931496062992
20
1.5196333464566929
11
0.1045237007874016
21
1.5197373228346456
0
LINE
8
BLACK
6
CONTINUOUS
10
0.1045237007874016
20
1.5197373228346456
11
0.1051891732283464
21
1.5205630708661417
0
LINE
8
BLACK
6
CONTINUOUS
10
0.1051891732283464
20
1.5205630708661417
11
0.1074369291338583
21
1.5228108267716536
0
LINE
8
BLACK
6
CONTINUOUS
10
0.1074369291338583
20
1.5228108267716536
11
0.109890157480315
21
1.5241504330708662
0
LINE
8
BLACK
6
CONTINUOUS
10
0.109890157480315
20
1.5241504330708662
11
0.1109446062992126
21
1.5242637795275591
0
LINE
8
BLACK
6
CONTINUOUS
10
0.1109446062992126
20
1.5242637795275591
11
0.1983349606299213
21
1.5242637795275591
0
LINE
8
BLACK
6
CONTINUOUS
10
0.1983349606299213
20
1.5242637795275591
11
0.198335
21
1.5242637795275591
0
LINE
8
BLACK
6
CONTINUOUS
10
0.198335
20
1.5242637795275591
11
0.2018926377952756
21
1.5252170472440945
0
LINE
8
BLACK
6
CONTINUOUS
10
0.2018926377952756
20
1.5252170472440945
11
0.2018926377952756
21
1.5252170078740157
0
LINE
8
BLACK
6
CONTINUOUS
10
0.2018926377952756
20
1.5252170078740157
11
0.2031599212598425
21
1.5255566141732284
0
LINE
8
BLACK
6
CONTINUOUS
10
0.2031599212598425
20
1.5255566141732284
11
0.2031808661417323
21
1.5254783464566928
0
LINE
8
BLACK
6
CONTINUOUS
10
0.2031808661417323
20
1.5254783464566928
11
0.205527125984252
21
1.5257302755905511
0
LINE
8
BLACK
6
CONTINUOUS
10
0.205527125984252
20
1.5257302755905511
11
0.2080264566929134
21
1.5244787795275589
0
LINE
8
BLACK
6
CONTINUOUS
10
0.2080264566929134
20
1.5244787795275589
11
0.2094523622047244
21
1.52207468503937
0
LINE
8
BLACK
6
CONTINUOUS
10
0.2094523622047244
20
1.52207468503937
11
0.2096062992125984
21
1.5208485826771654
0
LINE
8
BLACK
6
CONTINUOUS
10
0.2096062992125984
20
1.5208485826771654
11
0.2096062992125984
21
1.4617224015748032
0
LINE
8
BLACK
6
CONTINUOUS
10
0.2096062992125984
20
1.4617224015748032
11
0.2100642519685039
21
1.4594201181102362
0
LINE
8
BLACK
6
CONTINUOUS
10
0.2100642519685039
20
1.4594201181102362
11
0.2100642913385827
21
1.4594199999999999
0
LINE
8
BLACK
6
CONTINUOUS
10
0.2100642913385827
20
1.4594199999999999
11
0.2118089763779528
21
1.4568089763779528
0
LINE
8
BLACK
6
CONTINUOUS
10
0.2118089763779528
20
1.4568089763779528
11
0.21442
21
1.4550642913385827
0
LINE
8
BLACK
6
CONTINUOUS
10
0.21442
20
1.4550642913385827
11
0.2144201181102362
21
1.455064251968504
0
LINE
8
BLACK
6
CONTINUOUS
10
0.2144201181102362
20
1.455064251968504
11
0.2167224015748032
21
1.4546062992125983
0
LINE
8
BLACK
6
CONTINUOUS
10
0.2167224015748032
20
1.4546062992125983
11
0.2167225196850394
21
1.4546062992125983
0
LINE
8
BLACK
6
CONTINUOUS
10
0.2167225196850394
20
1.4546062992125983
11
0.2782775590551181
21
1.4546062992125983
0
LINE
8
BLACK
6
CONTINUOUS
10
0.2782775590551181
20
1.4546062992125983
11
0.280579842519685
21
1.455064251968504
0
LINE
8
BLACK
6
CONTINUOUS
10
0.280579842519685
20
1.455064251968504
11
0.2805799606299212
21
1.4550642913385827
0
LINE
8
BLACK
6
CONTINUOUS
10
0.2805799606299212
20
1.4550642913385827
11
0.2831910236220472
21
1.4568089763779528
0
LINE
8
BLACK
6
CONTINUOUS
10
0.2831910236220472
20
1.4568089763779528
11
0.2849357086614173
21
1.4594200393700787
0
LINE
8
BLACK
6
CONTINUOUS
10
0.2849357086614173
20
1.4594200393700787
11
0.2853937007874016
21
1.4617225196850394
0
LINE
8
BLACK
6
CONTINUOUS
10
0.2853937007874016
20
1.4617225196850394
11
0.2853937007874016
21
1.5232774803149607
0
LINE
8
BLACK
6
CONTINUOUS
10
0.2853937007874016
20
1.5232774803149607
11
0.2849357086614173
21
1.5255799606299212
0
LINE
8
BLACK
6
CONTINUOUS
10
0.2849357086614173
20
1.5255799606299212
11
0.2831910236220472
21
1.5281910236220473
0
LINE
8
BLACK
6
CONTINUOUS
10
0.2831910236220472
20
1.5281910236220473
11
0.2805799606299212
21
1.5299357086614174
0
LINE
8
BLACK
6
CONTINUOUS
10
0.2805799606299212
20
1.5299357086614174
11
0.2782774803149606
21
1.5303937007874016
0
LINE
8
BLACK
6
CONTINUOUS
10
0.2782774803149606
20
1.5303937007874016
11
0.2214525196850394
21
1.5303937007874016
0
LINE
8
BLACK
6
CONTINUOUS
10
0.2214525196850394
20
1.5303937007874016
11
0.2187705905511811
21
1.5311811811023621
0
LINE
8
BLACK
6
CONTINUOUS
10
0.2187705905511811
20
1.5311811811023621
11
0.2169401574803149
21
1.533293622047244
0
LINE
8
BLACK
6
CONTINUOUS
10
0.2169401574803149
20
1.533293622047244
11
0.2165423622047244
21
1.5360603149606298
0
LINE
8
BLACK
6
CONTINUOUS
10
0.2165423622047244
20
1.5360603149606298
11
0.2177035433070866
21
1.5386028346456693
0
LINE
8
BLACK
6
CONTINUOUS
10
0.2177035433070866
20
1.5386028346456693
11
0.2179448031496063
21
1.5388620078740156
0
LINE
8
BLACK
6
CONTINUOUS
10
0.2179448031496063
20
1.5388620078740156
11
0.2317361811023622
21
1.5526533858267717
0
LINE
8
BLACK
6
CONTINUOUS
10
0.2317361811023622
20
1.5526533858267717
11
0.2341893700787402
21
1.5539929133858268
0
LINE
8
BLACK
6
CONTINUOUS
10
0.2341893700787402
20
1.5539929133858268
11
0.2352438188976378
21
1.5541062992125985
0
LINE
8
BLACK
6
CONTINUOUS
10
0.2352438188976378
20
1.5541062992125985
11
0.2787775590551181
21
1.5541062992125985
0
LINE
8
BLACK
6
CONTINUOUS
10
0.2787775590551181
20
1.5541062992125985
11
0.281079842519685
21
1.5545642519685039
0
LINE
8
BLACK
6
CONTINUOUS
10
0.281079842519685
20
1.5545642519685039
11
0.2810799606299212
21
1.5545642913385826
0
LINE
8
BLACK
6
CONTINUOUS
10
0.2810799606299212
20
1.5545642913385826
11
0.2836910236220472
21
1.5563089763779527
0
LINE
8
BLACK
6
CONTINUOUS
10
0.2836910236220472
20
1.5563089763779527
11
0.2854357086614173
21
1.5589200393700786
0
LINE
8
BLACK
6
CONTINUOUS
10
0.2854357086614173
20
1.5589200393700786
11
0.2858937007874016
21
1.5612225196850393
0
LINE
8
BLACK
6
CONTINUOUS
10
0.2858937007874016
20
1.5612225196850393
11
0.2858937007874016
21
1.6227774803149606
0
LINE
8
BLACK
6
CONTINUOUS
10
0.2858937007874016
20
1.6227774803149606
11
0.2854357086614173
21
1.6250799606299213
0
LINE
8
BLACK
6
CONTINUOUS
10
0.2854357086614173
20
1.6250799606299213
11
0.2836910236220472
21
1.6276910236220472
0
LINE
8
BLACK
6
CONTINUOUS
10
0.2836910236220472
20
1.6276910236220472
11
0.2810799606299212
21
1.6294357086614173
0
LINE
8
BLACK
6
CONTINUOUS
10
0.2810799606299212
20
1.6294357086614173
11
0.2787774803149606
21
1.6298937007874015
0
LINE
8
BLACK
6
CONTINUOUS
10
0.2787774803149606
20
1.6298937007874015
11
0.2172225196850394
21
1.6298937007874015
0
LINE
8
BLACK
6
CONTINUOUS
10
0.2172225196850394
20
1.6298937007874015
11
0.2149200393700787
21
1.6294357086614173
0
LINE
8
BLACK
6
CONTINUOUS
10
0.2149200393700787
20
1.6294357086614173
11
0.2123089763779528
21
1.6276910236220472
0
LINE
8
BLACK
6
CONTINUOUS
10
0.2123089763779528
20
1.6276910236220472
11
0.2105642913385827
21
1.6250799606299213
0
LINE
8
BLACK
6
CONTINUOUS
10
0.2105642913385827
20
1.6250799606299213
11
0.2105642519685039
21
1.6250798425196851
0
LINE
8
BLACK
6
CONTINUOUS
10
0.2105642519685039
20
1.6250798425196851
11
0.2101062992125984
21
1.6227775590551181
0
LINE
8
BLACK
6
CONTINUOUS
10
0.2101062992125984
20
1.6227775590551181
11
0.2101062992125984
21
1.5832438188976377
0
LINE
8
BLACK
6
CONTINUOUS
10
0.2101062992125984
20
1.5832438188976377
11
0.2093188188976378
21
1.5805618897637794
0
LINE
8
BLACK
6
CONTINUOUS
10
0.2093188188976378
20
1.5805618897637794
11
0.2086533464566929
21
1.5797361417322835
0
LINE
8
BLACK
6
CONTINUOUS
10
0.2086533464566929
20
1.5797361417322835
11
0.1943620078740158
21
1.5654448031496062
0
LINE
8
BLACK
6
CONTINUOUS
10
0.1943620078740158
20
1.5654448031496062
11
0.1919087795275591
21
1.5641051968503936
0
LINE
8
BLACK
6
CONTINUOUS
10
0.1919087795275591
20
1.5641051968503936
11
0.1891207874015748
21
1.5643046062992125
0
LINE
8
BLACK
6
CONTINUOUS
10
0.1891207874015748
20
1.5643046062992125
11
0.1868831496062992
21
1.5659796850393701
0
LINE
8
BLACK
6
CONTINUOUS
10
0.1868831496062992
20
1.5659796850393701
11
0.1859063385826772
21
1.5685985826771653
0
LINE
8
BLACK
6
CONTINUOUS
10
0.1859063385826772
20
1.5685985826771653
11
0.1858937007874016
21
1.5689524803149606
0
LINE
8
BLACK
6
CONTINUOUS
10
0.1858937007874016
20
1.5689524803149606
11
0.1858937007874016
21
1.6227774015748031
0
LINE
8
BLACK
6
CONTINUOUS
10
0.1858937007874016
20
1.6227774015748031
11
0.1858937007874016
21
1.6227774803149606
0
LINE
8
BLACK
6
CONTINUOUS
10
0.1858937007874016
20
1.6227774803149606
11
0.1854357086614173
21
1.6250799606299213
0
LINE
8
BLACK
6
CONTINUOUS
10
0.1854357086614173
20
1.6250799606299213
11
0.1836910236220472
21
1.6276910236220472
0
LINE
8
BLACK
6
CONTINUOUS
10
0.1836910236220472
20
1.6276910236220472
11
0.1810799606299213
21
1.6294357086614173
0
LINE
8
BLACK
6
CONTINUOUS
10
0.1810799606299213
20
1.6294357086614173
11
0.1787774803149606
21
1.6298937007874015
0
LINE
8
BLACK
6
CONTINUOUS
10
0.1787774803149606
20
1.6298937007874015
11
0.1172225196850394
21
1.6298937007874015
0
LINE
8
BLACK
6
CONTINUOUS
10
0.1172225196850394
20
1.6298937007874015
11
0.1149200393700787
21
1.6294357086614173
0
LINE
8
BLACK
6
CONTINUOUS
10
0.1149200393700787
20
1.6294357086614173
11
0.1123089763779528
21
1.6276910236220472
0
LINE
8
BLACK
6
CONTINUOUS
10
0.1123089763779528
20
1.6276910236220472
11
0.1105642913385827
21
1.6250799606299213
0
LINE
8
BLACK
6
CONTINUOUS
10
0.1105642913385827
20
1.6250799606299213
11
0.1105642519685039
21
1.6250798425196851
0
LINE
8
BLACK
6
CONTINUOUS
10
0.1105642519685039
20
1.6250798425196851
11
0.1101062992125984
21
1.6227775590551181
0
LINE
8
BLACK
6
CONTINUOUS
10
0.1101062992125984
20
1.6227775590551181
11
0.1101062992125984
21
1.5646968503937007
0
LINE
8
BLACK
6
CONTINUOUS
10
0.1101062992125984
20
1.5646968503937007
11
0.1093188188976378
21
1.5620149212598424
0
LINE
8
BLACK
6
CONTINUOUS
10
0.1093188188976378
20
1.5620149212598424
11
0.1072063779527559
21
1.5601844881889764
0
LINE
8
BLACK
6
CONTINUOUS
10
0.1072063779527559
20
1.5601844881889764
11
0.1051456692913386
21
1.559736220472441
0
LINE
8
BLACK
6
CONTINUOUS
10
0.1051456692913386
20
1.559736220472441
11
0.0992083070866142
21
1.559736220472441
0
LINE
8
BLACK
6
CONTINUOUS
10
0.0992083070866142
20
1.559736220472441
11
0.0946974015748032
21
1.5585275196850394
0
LINE
8
BLACK
6
CONTINUOUS
10
0.0946974015748032
20
1.5585275196850394
11
0.0946972834645669
21
1.5585274409448819
0
LINE
8
BLACK
6
CONTINUOUS
10
0.0946972834645669
20
1.5585274409448819
11
0.0946972047244094
21
1.5585274409448819
0
LINE
8
BLACK
6
CONTINUOUS
10
0.0946972047244094
20
1.5585274409448819
11
0.0908547244094488
21
1.5563089763779527
0
LINE
8
BLACK
6
CONTINUOUS
10
0.0908547244094488
20
1.5563089763779527
11
0.090653031496063
21
1.5561925196850392
0
LINE
8
BLACK
6
CONTINUOUS
10
0.090653031496063
20
1.5561925196850392
11
0.0906529527559055
21
1.556192440944882
0
LINE
8
BLACK
6
CONTINUOUS
10
0.0906529527559055
20
1.556192440944882
11
0.0906527559055118
21
1.556192283464567
0
LINE
8
BLACK
6
CONTINUOUS
10
0.0906527559055118
20
1.556192283464567
11
0.0718077165354331
21
1.5373472440944882
0
LINE
8
BLACK
6
CONTINUOUS
10
0.0718077165354331
20
1.5373472440944882
11
0.0718074015748031
21
1.5373468503937007
0
LINE
8
BLACK
6
CONTINUOUS
10
0.0718074015748031
20
1.5373468503937007
11
0.0694724409448819
21
1.5333025984251969
0
LINE
8
BLACK
6
CONTINUOUS
10
0.0694724409448819
20
1.5333025984251969
11
0.0694724803149606
21
1.5333025984251969
0
LINE
8
BLACK
6
CONTINUOUS
10
0.0694724803149606
20
1.5333025984251969
11
0.068263779527559
21
1.5287916929133858
0
LINE
8
BLACK
6
CONTINUOUS
10
0.068263779527559
20
1.5287916929133858
11
0.068263779527559
21
1.5287916141732283
0
LINE
8
BLACK
6
CONTINUOUS
10
0.068263779527559
20
1.5287916141732283
11
0.068263779527559
21
1.2024414173228346
0
LINE
8
BLACK
6
CONTINUOUS
10
0.068263779527559
20
1.2024414173228346
11
0.0687400393700787
21
1.200664094488189
0
LINE
8
BLACK
6
CONTINUOUS
10
0.0687400393700787
20
1.200664094488189
11
0.0687401181102362
21
1.200663779527559
0
LINE
8
BLACK
6
CONTINUOUS
10
0.0687401181102362
20
1.200663779527559
11
0.0688009842519685
21
1.2004367716535433
0
LINE
8
BLACK
6
CONTINUOUS
10
0.0688009842519685
20
1.2004367716535433
11
0.0694724803149606
21
1.1979306299212598
0
LINE
8
BLACK
6
CONTINUOUS
10
0.0694724803149606
20
1.1979306299212598
11
0.0702776771653543
21
1.1965359842519685
0
LINE
8
BLACK
6
CONTINUOUS
10
0.0702776771653543
20
1.1965359842519685
11
0.0704227165354331
21
1.1961466141732284
0
LINE
8
BLACK
6
CONTINUOUS
10
0.0704227165354331
20
1.1961466141732284
11
0.0704935433070866
21
1.1951499606299212
0
LINE
8
BLACK
6
CONTINUOUS
10
0.0704935433070866
20
1.1951499606299212
11
0.070729094488189
21
1.1941789763779527
0
LINE
8
BLACK
6
CONTINUOUS
10
0.070729094488189
20
1.1941789763779527
11
0.070592125984252
21
1.1937633464566928
0
LINE
8
BLACK
6
CONTINUOUS
10
0.070592125984252
20
1.1937633464566928
11
0.070620905511811
21
1.1933585039370078
0
LINE
8
BLACK
6
CONTINUOUS
10
0.070620905511811
20
1.1933585039370078
11
0.0702124803149606
21
1.1926113385826771
0
LINE
8
BLACK
6
CONTINUOUS
10
0.0702124803149606
20
1.1926113385826771
11
0.0698987007874016
21
1.1916591338582676
0
LINE
8
BLACK
6
CONTINUOUS
10
0.0698987007874016
20
1.1916591338582676
11
0.0674789763779527
21
1.1880377559055117
0
LINE
8
BLACK
6
CONTINUOUS
10
0.0674789763779527
20
1.1880377559055117
11
0.0655632283464567
21
1.1834127952755906
0
LINE
8
BLACK
6
CONTINUOUS
10
0.0655632283464567
20
1.1834127952755906
11
0.0651740551181102
21
1.1814562992125983
0
LINE
8
BLACK
6
CONTINUOUS
10
0.0651740551181102
20
1.1814562992125983
11
0.0645866141732283
21
1.1785030708661417
0
LINE
8
BLACK
6
CONTINUOUS
10
0.0645866141732283
20
1.1785030708661417
11
0.0645866141732283
21
1.1734968897637794
0
LINE
8
BLACK
6
CONTINUOUS
10
0.0645866141732283
20
1.1734968897637794
11
0.0655632283464567
21
1.1685872440944882
0
LINE
8
BLACK
6
CONTINUOUS
10
0.0655632283464567
20
1.1685872440944882
11
0.0655632677165354
21
1.168587125984252
0
LINE
8
BLACK
6
CONTINUOUS
10
0.0655632677165354
20
1.168587125984252
11
0.0674789763779527
21
1.1639622440944881
0
LINE
8
BLACK
6
CONTINUOUS
10
0.0674789763779527
20
1.1639622440944881
11
0.0702600393700787
21
1.1598000787401574
0
LINE
8
BLACK
6
CONTINUOUS
10
0.0702600393700787
20
1.1598000787401574
11
0.0702602362204724
21
1.1597998031496062
0
LINE
8
BLACK
6
CONTINUOUS
10
0.0702602362204724
20
1.1597998031496062
11
0.0737998031496063
21
1.1562602362204724
0
LINE
8
BLACK
6
CONTINUOUS
10
0.0737998031496063
20
1.1562602362204724
11
0.0738000787401575
21
1.1562600393700788
0
LINE
8
BLACK
6
CONTINUOUS
10
0.0738000787401575
20
1.1562600393700788
11
0.0779621653543307
21
1.1534790157480315
0
LINE
8
BLACK
6
CONTINUOUS
10
0.0779621653543307
20
1.1534790157480315
11
0.0779622047244094
21
1.1534789763779527
0
LINE
8
BLACK
6
CONTINUOUS
10
0.0779622047244094
20
1.1534789763779527
11
0.0779622440944882
21
1.1534789763779527
0
LINE
8
BLACK
6
CONTINUOUS
10
0.0779622440944882
20
1.1534789763779527
11
0.0825872047244094
21
1.1515632283464567
0
LINE
8
BLACK
6
CONTINUOUS
10
0.0825872047244094
20
1.1515632283464567
11
0.0825873228346457
21
1.151563188976378
0
LINE
8
BLACK
6
CONTINUOUS
10
0.0825873228346457
20
1.151563188976378
11
0.0826394488188976
21
1.1515416141732284
0
LINE
8
BLACK
6
CONTINUOUS
10
0.0826394488188976
20
1.1515416141732284
11
0.0848158267716535
21
1.1497877165354331
0
LINE
8
BLACK
6
CONTINUOUS
10
0.0848158267716535
20
1.1497877165354331
11
0.0856985433070866
21
1.1471356299212598
0
LINE
8
BLACK
6
CONTINUOUS
10
0.0856985433070866
20
1.1471356299212598
11
0.0850072834645669
21
1.1444273228346455
0
LINE
8
BLACK
6
CONTINUOUS
10
0.0850072834645669
20
1.1444273228346455
11
0.0831612204724409
21
1.1426618503937007
0
LINE
8
BLACK
6
CONTINUOUS
10
0.0831612204724409
20
1.1426618503937007
11
0.0831648818897638
21
1.1426564173228346
0
LINE
8
BLACK
6
CONTINUOUS
10
0.0831648818897638
20
1.1426564173228346
11
0.083133937007874
21
1.1426357086614174
0
LINE
8
BLACK
6
CONTINUOUS
10
0.083133937007874
20
1.1426357086614174
11
0.0830796062992126
21
1.1425837795275591
0
LINE
8
BLACK
6
CONTINUOUS
10
0.0830796062992126
20
1.1425837795275591
11
0.0829624015748032
21
1.1425211023622046
0
LINE
8
BLACK
6
CONTINUOUS
10
0.0829624015748032
20
1.1425211023622046
11
0.0829623228346457
21
1.1425210629921259
0
LINE
8
BLACK
6
CONTINUOUS
10
0.0829623228346457
20
1.1425210629921259
11
0.0829622440944882
21
1.1425210236220473
0
LINE
8
BLACK
6
CONTINUOUS
10
0.0829622440944882
20
1.1425210236220473
11
0.0787999212598425
21
1.139739842519685
0
LINE
8
BLACK
6
CONTINUOUS
10
0.0787999212598425
20
1.139739842519685
11
0.075260157480315
21
1.1362000787401574
0
LINE
8
BLACK
6
CONTINUOUS
10
0.075260157480315
20
1.1362000787401574
11
0.0724789763779528
21
1.1320377559055117
0
LINE
8
BLACK
6
CONTINUOUS
10
0.0724789763779528
20
1.1320377559055117
11
0.0705632283464567
21
1.1274127952755906
0
LINE
8
BLACK
6
CONTINUOUS
10
0.0705632283464567
20
1.1274127952755906
11
0.0705632283464567
21
1.1274127165354331
0
LINE
8
BLACK
6
CONTINUOUS
10
0.0705632283464567
20
1.1274127165354331
11
0.0695866141732283
21
1.1225030708661417
0
LINE
8
BLACK
6
CONTINUOUS
10
0.0695866141732283
20
1.1225030708661417
11
0.0695866141732283
21
1.1189402755905511
0
LINE
8
BLACK
6
CONTINUOUS
10
0.0695866141732283
20
1.1189402755905511
11
0.0687991338582677
21
1.1162583464566929
0
LINE
8
BLACK
6
CONTINUOUS
10
0.0687991338582677
20
1.1162583464566929
11
0.0681338188976378
21
1.1154327559055117
0
LINE
8
BLACK
6
CONTINUOUS
10
0.0681338188976378
20
1.1154327559055117
11
0.0541671653543307
21
1.1014661023622048
0
LINE
8
BLACK
6
CONTINUOUS
10
0.0541671653543307
20
1.1014661023622048
11
0.041715
21
1.089013937007874
0
LINE
8
BLACK
6
CONTINUOUS
10
0.041715
20
1.089013937007874
11
0.0417148031496063
21
1.0890137007874015
0
LINE
8
BLACK
6
CONTINUOUS
10
0.0417148031496063
20
1.0890137007874015
11
0.0396391338582677
21
1.0854185433070866
0
LINE
8
BLACK
6
CONTINUOUS
10
0.0396391338582677
20
1.0854185433070866
11
0.0396390157480315
21
1.0854182677165354
0
LINE
8
BLACK
6
CONTINUOUS
10
0.0396390157480315
20
1.0854182677165354
11
0.0390614566929134
21
1.0832626771653544
0
LINE
8
BLACK
6
CONTINUOUS
10
0.0390614566929134
20
1.0832626771653544
11
0.0385645275590551
21
1.0814081102362205
0
LINE
8
BLACK
6
CONTINUOUS
10
0.0385645275590551
20
1.0814081102362205
11
0.0385645275590551
21
0.9386327952755905
0
LINE
8
BLACK
6
CONTINUOUS
10
0.0385645275590551
20
0.9386327952755905
11
0.0385644881889764
21
0.9386327952755905
0
LINE
8
BLACK
6
CONTINUOUS
10
0.0385644881889764
20
0.9386327952755905
11
0.0389835039370079
21
0.937069094488189
0
LINE
8
BLACK
6
CONTINUOUS
10
0.6263582677165355
20
0.3967807086614173
11
0.6276450787401575
21
0.3903115748031496
0
LINE
8
BLACK
6
CONTINUOUS
10
0.6276450787401575
20
0.3903115748031496
11
0.6301692125984252
21
0.3842179133858268
0
LINE
8
BLACK
6
CONTINUOUS
10
0.6301692125984252
20
0.3842179133858268
11
0.6338335826771654
21
0.378733779527559
0
LINE
8
BLACK
6
CONTINUOUS
10
0.6338335826771654
20
0.378733779527559
11
0.633833779527559
21
0.3787335433070866
0
LINE
8
BLACK
6
CONTINUOUS
10
0.633833779527559
20
0.3787335433070866
11
0.6384973228346457
21
0.37407
0
LINE
8
BLACK
6
CONTINUOUS
10
0.6384973228346457
20
0.37407
11
0.6384975590551181
21
0.3740698031496063
0
LINE
8
BLACK
6
CONTINUOUS
10
0.6384975590551181
20
0.3740698031496063
11
0.6439816929133858
21
0.3704054330708662
0
LINE
8
BLACK
6
CONTINUOUS
10
0.6439816929133858
20
0.3704054330708662
11
0.6439817322834646
21
0.3704053937007874
0
LINE
8
BLACK
6
CONTINUOUS
10
0.6439817322834646
20
0.3704053937007874
11
0.6439817716535433
21
0.3704053937007874
0
LINE
8
BLACK
6
CONTINUOUS
10
0.6439817716535433
20
0.3704053937007874
11
0.6452436614173228
21
0.3698826771653543
0
LINE
8
BLACK
6
CONTINUOUS
10
0.6452436614173228
20
0.3698826771653543
11
0.6500753543307086
21
0.3678812992125984
0
LINE
8
BLACK
6
CONTINUOUS
10
0.6500753543307086
20
0.3678812992125984
11
0.6500754724409449
21
0.3678812598425197
0
LINE
8
BLACK
6
CONTINUOUS
10
0.6500754724409449
20
0.3678812598425197
11
0.6500755118110236
21
0.3678812598425197
0
LINE
8
BLACK
6
CONTINUOUS
10
0.6500755118110236
20
0.3678812598425197
11
0.6517255905511811
21
0.367553031496063
0
LINE
8
BLACK
6
CONTINUOUS
10
0.6517255905511811
20
0.367553031496063
11
0.6565444881889764
21
0.3665944881889764
0
LINE
8
BLACK
6
CONTINUOUS
10
0.6565444881889764
20
0.3665944881889764
11
0.6565446062992126
21
0.3665944881889764
0
LINE
8
BLACK
6
CONTINUOUS
10
0.6565446062992126
20
0.3665944881889764
11
0.6631405118110236
21
0.3665944881889764
0
LINE
8
BLACK
6
CONTINUOUS
10
0.6631405118110236
20
0.3665944881889764
11
0.667103937007874
21
0.367382874015748
0
LINE
8
BLACK
6
CONTINUOUS
10
0.667103937007874
20
0.367382874015748
11
0.6696095275590551
21
0.3678812598425197
0
LINE
8
BLACK
6
CONTINUOUS
10
0.6696095275590551
20
0.3678812598425197
11
0.6696095669291339
21
0.3678812598425197
0
LINE
8
BLACK
6
CONTINUOUS
10
0.6696095669291339
20
0.3678812598425197
11
0.6696096456692914
21
0.3678812992125984
0
LINE
8
BLACK
6
CONTINUOUS
10
0.6696096456692914
20
0.3678812992125984
11
0.672850905511811
21
0.3692238976377953
0
LINE
8
BLACK
6
CONTINUOUS
10
0.672850905511811
20
0.3692238976377953
11
0.6757032677165354
21
0.3704053937007874
0
LINE
8
BLACK
6
CONTINUOUS
10
0.6757032677165354
20
0.3704053937007874
11
0.6811874803149606
21
0.3740698425196851
0
LINE
8
BLACK
6
CONTINUOUS
10
0.6811874803149606
20
0.3740698425196851
11
0.6811876771653543
21
0.37407
0
LINE
8
BLACK
6
CONTINUOUS
10
0.6811876771653543
20
0.37407
11
0.685851220472441
21
0.3787335433070866
0
LINE
8
BLACK
6
CONTINUOUS
10
0.685851220472441
20
0.3787335433070866
11
0.6858514173228346
21
0.378733779527559
0
LINE
8
BLACK
6
CONTINUOUS
10
0.6858514173228346
20
0.378733779527559
11
0.6895158661417322
21
0.3842179921259842
0
LINE
8
BLACK
6
CONTINUOUS
10
0.6895158661417322
20
0.3842179921259842
11
0.69204
21
0.3903117322834646
0
LINE
8
BLACK
6
CONTINUOUS
10
0.69204
20
0.3903117322834646
11
0.6933267716535433
21
0.3967808267716535
0
LINE
8
BLACK
6
CONTINUOUS
10
0.6933267716535433
20
0.3967808267716535
11
0.6933267716535433
21
0.4033766535433071
0
LINE
8
BLACK
6
CONTINUOUS
10
0.6933267716535433
20
0.4033766535433071
11
0.6933267716535433
21
0.4033767322834645
0
LINE
8
BLACK
6
CONTINUOUS
10
0.6933267716535433
20
0.4033767322834645
11
0.69204
21
0.409845748031496
0
LINE
8
BLACK
6
CONTINUOUS
10
0.69204
20
0.409845748031496
11
0.6895158661417322
21
0.4159394881889764
0
LINE
8
BLACK
6
CONTINUOUS
10
0.6895158661417322
20
0.4159394881889764
11
0.6858514173228346
21
0.4214237007874015
0
LINE
8
BLACK
6
CONTINUOUS
10
0.6858514173228346
20
0.4214237007874015
11
0.6811874803149606
21
0.4260876377952756
0
LINE
8
BLACK
6
CONTINUOUS
10
0.6811874803149606
20
0.4260876377952756
11
0.6757032677165354
21
0.4297520866141732
0
LINE
8
BLACK
6
CONTINUOUS
10
0.6757032677165354
20
0.4297520866141732
11
0.6696095275590551
21
0.4322762204724409
0
LINE
8
BLACK
6
CONTINUOUS
10
0.6696095275590551
20
0.4322762204724409
11
0.6631404330708661
21
0.4335629921259843
0
LINE
8
BLACK
6
CONTINUOUS
10
0.6631404330708661
20
0.4335629921259843
11
0.6565446062992126
21
0.4335629921259843
0
LINE
8
BLACK
6
CONTINUOUS
10
0.6565446062992126
20
0.4335629921259843
11
0.6500755118110236
21
0.4322762204724409
0
LINE
8
BLACK
6
CONTINUOUS
10
0.6500755118110236
20
0.4322762204724409
11
0.6439817716535433
21
0.4297520866141732
0
LINE
8
BLACK
6
CONTINUOUS
10
0.6439817716535433
20
0.4297520866141732
11
0.6394054330708662
21
0.4266942519685039
0
LINE
8
BLACK
6
CONTINUOUS
10
0.6394054330708662
20
0.4266942519685039
11
0.6384975590551181
21
0.4260876377952756
0
LINE
8
BLACK
6
CONTINUOUS
10
0.6384975590551181
20
0.4260876377952756
11
0.6384973228346457
21
0.4260874409448819
0
LINE
8
BLACK
6
CONTINUOUS
10
0.6384973228346457
20
0.4260874409448819
11
0.633833779527559
21
0.4214238976377953
0
LINE
8
BLACK
6
CONTINUOUS
10
0.633833779527559
20
0.4214238976377953
11
0.633833622047244
21
0.4214237007874015
0
LINE
8
BLACK
6
CONTINUOUS
10
0.633833622047244
20
0.4214237007874015
11
0.6301691732283464
21
0.4159394881889764
0
LINE
8
BLACK
6
CONTINUOUS
10
0.6301691732283464
20
0.4159394881889764
11
0.6294955511811023
21
0.4143132283464567
0
LINE
8
BLACK
6
CONTINUOUS
10
0.6294955511811023
20
0.4143132283464567
11
0.6276450787401575
21
0.4098458661417323
0
LINE
8
BLACK
6
CONTINUOUS
10
0.6276450787401575
20
0.4098458661417323
11
0.6263582677165355
21
0.4033767322834645
0
LINE
8
BLACK
6
CONTINUOUS
10
0.6263582677165355
20
0.4033767322834645
11
0.6263582677165355
21
0.3967807086614173
0
LINE
8
BLACK
6
CONTINUOUS
10
0.7062795275590551
20
0.3967807086614173
11
0.7075663385826771
21
0.3903115748031496
0
LINE
8
BLACK
6
CONTINUOUS
10
0.7075663385826771
20
0.3903115748031496
11
0.7100904724409449
21
0.3842179133858268
0
LINE
8
BLACK
6
CONTINUOUS
10
0.7100904724409449
20
0.3842179133858268
11
0.713754842519685
21
0.378733779527559
0
LINE
8
BLACK
6
CONTINUOUS
10
0.713754842519685
20
0.378733779527559
11
0.7137550393700787
21
0.3787335433070866
0
LINE
8
BLACK
6
CONTINUOUS
10
0.7137550393700787
20
0.3787335433070866
11
0.7184185826771653
21
0.37407
0
LINE
8
BLACK
6
CONTINUOUS
10
0.7184185826771653
20
0.37407
11
0.7184188188976378
21
0.3740698031496063
0
LINE
8
BLACK
6
CONTINUOUS
10
0.7184188188976378
20
0.3740698031496063
11
0.7239029527559055
21
0.3704054330708662
0
LINE
8
BLACK
6
CONTINUOUS
10
0.7239029527559055
20
0.3704054330708662
11
0.7239029921259842
21
0.3704053937007874
0
LINE
8
BLACK
6
CONTINUOUS
10
0.7239029921259842
20
0.3704053937007874
11
0.7239030314960629
21
0.3704053937007874
0
LINE
8
BLACK
6
CONTINUOUS
10
0.7239030314960629
20
0.3704053937007874
11
0.7251649212598426
21
0.3698826771653543
0
LINE
8
BLACK
6
CONTINUOUS
10
0.7251649212598426
20
0.3698826771653543
11
0.7299966141732284
21
0.3678812992125984
0
LINE
8
BLACK
6
CONTINUOUS
10
0.7299966141732284
20
0.3678812992125984
11
0.7299967322834645
21
0.3678812598425197
0
LINE
8
BLACK
6
CONTINUOUS
10
0.7299967322834645
20
0.3678812598425197
11
0.7299967716535433
21
0.3678812598425197
0
LINE
8
BLACK
6
CONTINUOUS
10
0.7299967716535433
20
0.3678812598425197
11
0.7316468503937008
21
0.367553031496063
0
LINE
8
BLACK
6
CONTINUOUS
10
0.7316468503937008
20
0.367553031496063
11
0.736465748031496
21
0.3665944881889764
0
LINE
8
BLACK
6
CONTINUOUS
10
0.736465748031496
20
0.3665944881889764
11
0.7364658661417323
21
0.3665944881889764
0
LINE
8
BLACK
6
CONTINUOUS
10
0.7364658661417323
20
0.3665944881889764
11
0.7430617716535433
21
0.3665944881889764
0
LINE
8
BLACK
6
CONTINUOUS
10
0.7430617716535433
20
0.3665944881889764
11
0.7470251968503937
21
0.367382874015748
0
LINE
8
BLACK
6
CONTINUOUS
10
0.7470251968503937
20
0.367382874015748
11
0.7495307874015747
21
0.3678812598425197
0
LINE
8
BLACK
6
CONTINUOUS
10
0.7495307874015747
20
0.3678812598425197
11
0.7495308267716535
21
0.3678812598425197
0
LINE
8
BLACK
6
CONTINUOUS
10
0.7495308267716535
20
0.3678812598425197
11
0.749530905511811
21
0.3678812992125984
0
LINE
8
BLACK
6
CONTINUOUS
10
0.749530905511811
20
0.3678812992125984
11
0.7527721653543307
21
0.3692238976377953
0
LINE
8
BLACK
6
CONTINUOUS
10
0.7527721653543307
20
0.3692238976377953
11
0.7556245275590551
21
0.3704053937007874
0
LINE
8
BLACK
6
CONTINUOUS
10
0.7556245275590551
20
0.3704053937007874
11
0.7611087401574803
21
0.3740698425196851
0
LINE
8
BLACK
6
CONTINUOUS
10
0.7611087401574803
20
0.3740698425196851
11
0.761108937007874
21
0.37407
0
LINE
8
BLACK
6
CONTINUOUS
10
0.761108937007874
20
0.37407
11
0.7657724803149606
21
0.3787335433070866
0
LINE
8
BLACK
6
CONTINUOUS
10
0.7657724803149606
20
0.3787335433070866
11
0.7657726771653544
21
0.378733779527559
0
LINE
8
BLACK
6
CONTINUOUS
10
0.7657726771653544
20
0.378733779527559
11
0.769437125984252
21
0.3842179921259842
0
LINE
8
BLACK
6
CONTINUOUS
10
0.769437125984252
20
0.3842179921259842
11
0.7719612598425196
21
0.3903117322834646
0
LINE
8
BLACK
6
CONTINUOUS
10
0.7719612598425196
20
0.3903117322834646
11
0.773248031496063
21
0.3967808267716535
0
LINE
8
BLACK
6
CONTINUOUS
10
0.773248031496063
20
0.3967808267716535
11
0.773248031496063
21
0.4033766535433071
0
LINE
8
BLACK
6
CONTINUOUS
10
0.773248031496063
20
0.4033766535433071
11
0.7719612598425196
21
0.409845748031496
0
LINE
8
BLACK
6
CONTINUOUS
10
0.7719612598425196
20
0.409845748031496
11
0.769437125984252
21
0.4159394881889764
0
LINE
8
BLACK
6
CONTINUOUS
10
0.769437125984252
20
0.4159394881889764
11
0.7657726771653544
21
0.4214237007874015
0
LINE
8
BLACK
6
CONTINUOUS
10
0.7657726771653544
20
0.4214237007874015
11
0.7611087401574803
21
0.4260876377952756
0
LINE
8
BLACK
6
CONTINUOUS
10
0.7611087401574803
20
0.4260876377952756
11
0.7556245275590551
21
0.4297520866141732
0
LINE
8
BLACK
6
CONTINUOUS
10
0.7556245275590551
20
0.4297520866141732
11
0.7495307874015747
21
0.4322762204724409
0
LINE
8
BLACK
6
CONTINUOUS
10
0.7495307874015747
20
0.4322762204724409
11
0.7430616929133859
21
0.4335629921259843
0
LINE
8
BLACK
6
CONTINUOUS
10
0.7430616929133859
20
0.4335629921259843
11
0.7364658661417323
21
0.4335629921259843
0
LINE
8
BLACK
6
CONTINUOUS
10
0.7364658661417323
20
0.4335629921259843
11
0.7299967716535433
21
0.4322762204724409
0
LINE
8
BLACK
6
CONTINUOUS
10
0.7299967716535433
20
0.4322762204724409
11
0.7239030314960629
21
0.4297520866141732
0
LINE
8
BLACK
6
CONTINUOUS
10
0.7239030314960629
20
0.4297520866141732
11
0.7193266929133858
21
0.4266942519685039
0
LINE
8
BLACK
6
CONTINUOUS
10
0.7193266929133858
20
0.4266942519685039
11
0.7184188188976378
21
0.4260876377952756
0
LINE
8
BLACK
6
CONTINUOUS
10
0.7184188188976378
20
0.4260876377952756
11
0.7184185826771653
21
0.4260874409448819
0
LINE
8
BLACK
6
CONTINUOUS
10
0.7184185826771653
20
0.4260874409448819
11
0.7137550393700787
21
0.4214238976377953
0
LINE
8
BLACK
6
CONTINUOUS
10
0.7137550393700787
20
0.4214238976377953
11
0.7137548818897638
21
0.4214237007874015
0
LINE
8
BLACK
6
CONTINUOUS
10
0.7137548818897638
20
0.4214237007874015
11
0.7100904330708662
21
0.4159394881889764
0
LINE
8
BLACK
6
CONTINUOUS
10
0.7100904330708662
20
0.4159394881889764
11
0.7094168110236221
21
0.4143132283464567
0
LINE
8
BLACK
6
CONTINUOUS
10
0.7094168110236221
20
0.4143132283464567
11
0.7075663385826771
21
0.4098458661417323
0
LINE
8
BLACK
6
CONTINUOUS
10
0.7075663385826771
20
0.4098458661417323
11
0.7062795275590551
21
0.4033767322834645
0
LINE
8
BLACK
6
CONTINUOUS
10
0.7062795275590551
20
0.4033767322834645
11
0.7062795275590551
21
0.3967807086614173
0
LINE
8
BLACK
6
CONTINUOUS
10
0.2071062992125984
20
0.5042224015748031
11
0.2075642519685039
21
0.5019201181102362
0
LINE
8
BLACK
6
CONTINUOUS
10
0.2075642519685039
20
0.5019201181102362
11
0.2075642913385827
21
0.50192
0
LINE
8
BLACK
6
CONTINUOUS
10
0.2075642913385827
20
0.50192
11
0.2093089763779528
21
0.4993089763779527
0
LINE
8
BLACK
6
CONTINUOUS
10
0.2093089763779528
20
0.4993089763779527
11
0.21192
21
0.4975642913385827
0
LINE
8
BLACK
6
CONTINUOUS
10
0.21192
20
0.4975642913385827
11
0.2119201181102362
21
0.4975642519685039
0
LINE
8
BLACK
6
CONTINUOUS
10
0.2119201181102362
20
0.4975642519685039
11
0.2142224015748032
21
0.4971062992125984
0
LINE
8
BLACK
6
CONTINUOUS
10
0.2142224015748032
20
0.4971062992125984
11
0.2142225196850394
21
0.4971062992125984
0
LINE
8
BLACK
6
CONTINUOUS
10
0.2142225196850394
20
0.4971062992125984
11
0.2757775590551181
21
0.4971062992125984
0
LINE
8
BLACK
6
CONTINUOUS
10
0.2757775590551181
20
0.4971062992125984
11
0.278079842519685
21
0.4975642519685039
0
LINE
8
BLACK
6
CONTINUOUS
10
0.278079842519685
20
0.4975642519685039
11
0.2780799606299212
21
0.4975642913385827
0
LINE
8
BLACK
6
CONTINUOUS
10
0.2780799606299212
20
0.4975642913385827
11
0.2797794488188977
21
0.4986998818897638
0
LINE
8
BLACK
6
CONTINUOUS
10
0.2797794488188977
20
0.4986998818897638
11
0.2806910236220472
21
0.4993089763779527
0
LINE
8
BLACK
6
CONTINUOUS
10
0.2806910236220472
20
0.4993089763779527
11
0.2824357086614173
21
0.5019200393700787
0
LINE
8
BLACK
6
CONTINUOUS
10
0.2824357086614173
20
0.5019200393700787
11
0.2828937007874016
21
0.5042225196850394
0
LINE
8
BLACK
6
CONTINUOUS
10
0.2828937007874016
20
0.5042225196850394
11
0.2828937007874016
21
0.5657774803149607
0
LINE
8
BLACK
6
CONTINUOUS
10
0.2828937007874016
20
0.5657774803149607
11
0.2824357086614173
21
0.5680799606299213
0
LINE
8
BLACK
6
CONTINUOUS
10
0.2824357086614173
20
0.5680799606299213
11
0.2806910236220472
21
0.5706910236220473
0
LINE
8
BLACK
6
CONTINUOUS
10
0.2806910236220472
20
0.5706910236220473
11
0.2780799606299212
21
0.5724357086614174
0
LINE
8
BLACK
6
CONTINUOUS
10
0.2780799606299212
20
0.5724357086614174
11
0.2757774803149606
21
0.5728937007874015
0
LINE
8
BLACK
6
CONTINUOUS
10
0.2757774803149606
20
0.5728937007874015
11
0.2142225196850394
21
0.5728937007874015
0
LINE
8
BLACK
6
CONTINUOUS
10
0.2142225196850394
20
0.5728937007874015
11
0.2119200393700787
21
0.5724357086614174
0
LINE
8
BLACK
6
CONTINUOUS
10
0.2119200393700787
20
0.5724357086614174
11
0.2093089763779528
21
0.5706910236220473
0
LINE
8
BLACK
6
CONTINUOUS
10
0.2093089763779528
20
0.5706910236220473
11
0.2075642913385827
21
0.5680799606299213
0
LINE
8
BLACK
6
CONTINUOUS
10
0.2075642913385827
20
0.5680799606299213
11
0.2075642519685039
21
0.568079842519685
0
LINE
8
BLACK
6
CONTINUOUS
10
0.2075642519685039
20
0.568079842519685
11
0.2071062992125984
21
0.5657775590551181
0
LINE
8
BLACK
6
CONTINUOUS
10
0.2071062992125984
20
0.5657775590551181
11
0.2071062992125984
21
0.5042224015748031
0
LINE
8
BLACK
6
CONTINUOUS
10
0.2071062992125984
20
0.6042224015748031
11
0.2075642519685039
21
0.6019201181102362
0
LINE
8
BLACK
6
CONTINUOUS
10
0.2075642519685039
20
0.6019201181102362
11
0.2075642913385827
21
0.60192
0
LINE
8
BLACK
6
CONTINUOUS
10
0.2075642913385827
20
0.60192
11
0.2093089763779528
21
0.5993089763779528
0
LINE
8
BLACK
6
CONTINUOUS
10
0.2093089763779528
20
0.5993089763779528
11
0.21192
21
0.5975642913385827
0
LINE
8
BLACK
6
CONTINUOUS
10
0.21192
20
0.5975642913385827
11
0.2119201181102362
21
0.5975642519685039
0
LINE
8
BLACK
6
CONTINUOUS
10
0.2119201181102362
20
0.5975642519685039
11
0.2142224015748032
21
0.5971062992125984
0
LINE
8
BLACK
6
CONTINUOUS
10
0.2142224015748032
20
0.5971062992125984
11
0.2142225196850394
21
0.5971062992125984
0
LINE
8
BLACK
6
CONTINUOUS
10
0.2142225196850394
20
0.5971062992125984
11
0.2757775590551181
21
0.5971062992125984
0
LINE
8
BLACK
6
CONTINUOUS
10
0.2757775590551181
20
0.5971062992125984
11
0.278079842519685
21
0.5975642519685039
0
LINE
8
BLACK
6
CONTINUOUS
10
0.278079842519685
20
0.5975642519685039
11
0.2780799606299212
21
0.5975642913385827
0
LINE
8
BLACK
6
CONTINUOUS
10
0.2780799606299212
20
0.5975642913385827
11
0.2785359448818898
21
0.5978689763779528
0
LINE
8
BLACK
6
CONTINUOUS
10
0.2785359448818898
20
0.5978689763779528
11
0.2806910236220472
21
0.5993089763779528
0
LINE
8
BLACK
6
CONTINUOUS
10
0.2806910236220472
20
0.5993089763779528
11
0.2824357086614173
21
0.6019200393700788
0
LINE
8
BLACK
6
CONTINUOUS
10
0.2824357086614173
20
0.6019200393700788
11
0.2828937007874016
21
0.6042225196850394
0
LINE
8
BLACK
6
CONTINUOUS
10
0.2828937007874016
20
0.6042225196850394
11
0.2828937007874016
21
0.6044291338582677
0
LINE
8
BLACK
6
CONTINUOUS
10
0.2828937007874016
20
0.6044291338582677
11
0.2836811811023622
21
0.6071110629921259
0
LINE
8
BLACK
6
CONTINUOUS
10
0.2836811811023622
20
0.6071110629921259
11
0.2857936220472441
21
0.6089414960629921
0
LINE
8
BLACK
6
CONTINUOUS
10
0.2857936220472441
20
0.6089414960629921
11
0.2878543307086614
21
0.6093897637795276
0
LINE
8
BLACK
6
CONTINUOUS
10
0.2878543307086614
20
0.6093897637795276
11
0.3129553937007874
21
0.6093897637795276
0
LINE
8
BLACK
6
CONTINUOUS
10
0.3129553937007874
20
0.6093897637795276
11
0.3129554724409448
21
0.6093897637795276
0
LINE
8
BLACK
6
CONTINUOUS
10
0.3129554724409448
20
0.6093897637795276
11
0.3162540157480315
21
0.610045905511811
0
LINE
8
BLACK
6
CONTINUOUS
10
0.3162540157480315
20
0.610045905511811
11
0.3179033464566929
21
0.6103739763779528
0
LINE
8
BLACK
6
CONTINUOUS
10
0.3179033464566929
20
0.6103739763779528
11
0.3179033858267716
21
0.6103740157480315
0
LINE
8
BLACK
6
CONTINUOUS
10
0.3179033858267716
20
0.6103740157480315
11
0.3225642519685039
21
0.6123046062992126
0
LINE
8
BLACK
6
CONTINUOUS
10
0.3225642519685039
20
0.6123046062992126
11
0.3228898425196851
21
0.6125222047244094
0
LINE
8
BLACK
6
CONTINUOUS
10
0.3228898425196851
20
0.6125222047244094
11
0.322890157480315
21
0.6125222834645669
0
LINE
8
BLACK
6
CONTINUOUS
10
0.322890157480315
20
0.6125222834645669
11
0.3228901181102362
21
0.6125224015748031
0
LINE
8
BLACK
6
CONTINUOUS
10
0.3228901181102362
20
0.6125224015748031
11
0.3267586220472441
21
0.6151072047244094
0
LINE
8
BLACK
6
CONTINUOUS
10
0.3267586220472441
20
0.6151072047244094
11
0.3267587795275591
21
0.6151073228346456
0
LINE
8
BLACK
6
CONTINUOUS
10
0.3267587795275591
20
0.6151073228346456
11
0.3544969291338583
21
0.6428454724409449
0
LINE
8
BLACK
6
CONTINUOUS
10
0.3544969291338583
20
0.6428454724409449
11
0.3544970472440945
21
0.6428456299212598
0
LINE
8
BLACK
6
CONTINUOUS
10
0.3544970472440945
20
0.6428456299212598
11
0.3544970866141732
21
0.6428456692913386
0
LINE
8
BLACK
6
CONTINUOUS
10
0.3544970866141732
20
0.6428456692913386
11
0.3572997637795275
21
0.6470402362204725
0
LINE
8
BLACK
6
CONTINUOUS
10
0.3572997637795275
20
0.6470402362204725
11
0.3592303149606299
21
0.6517009842519685
0
LINE
8
BLACK
6
CONTINUOUS
10
0.3592303149606299
20
0.6517009842519685
11
0.3598651968503937
21
0.6548927559055118
0
LINE
8
BLACK
6
CONTINUOUS
10
0.3598651968503937
20
0.6548927559055118
11
0.3602145275590551
21
0.6566488188976378
0
LINE
8
BLACK
6
CONTINUOUS
10
0.3602145275590551
20
0.6566488188976378
11
0.3602145275590551
21
0.8617181496062992
0
LINE
8
BLACK
6
CONTINUOUS
10
0.3602145275590551
20
0.8617181496062992
11
0.3592303149606299
21
0.8666659842519685
0
LINE
8
BLACK
6
CONTINUOUS
10
0.3592303149606299
20
0.8666659842519685
11
0.3572997637795275
21
0.8713267322834646
0
LINE
8
BLACK
6
CONTINUOUS
10
0.3572997637795275
20
0.8713267322834646
11
0.3563974803149606
21
0.872677125984252
0
LINE
8
BLACK
6
CONTINUOUS
10
0.3563974803149606
20
0.872677125984252
11
0.3544970866141732
21
0.8755212992125984
0
LINE
8
BLACK
6
CONTINUOUS
10
0.3544970866141732
20
0.8755212992125984
11
0.2727365354330709
21
0.9572818503937007
0
LINE
8
BLACK
6
CONTINUOUS
10
0.2727365354330709
20
0.9572818503937007
11
0.2716631889763779
21
0.9583551968503937
0
LINE
8
BLACK
6
CONTINUOUS
10
0.2716631889763779
20
0.9583551968503937
11
0.2703235826771653
21
0.9608084251968504
0
LINE
8
BLACK
6
CONTINUOUS
10
0.2703235826771653
20
0.9608084251968504
11
0.2702102362204724
21
0.961862874015748
0
LINE
8
BLACK
6
CONTINUOUS
10
0.2702102362204724
20
0.961862874015748
11
0.2702102362204724
21
0.9907371259842519
0
LINE
8
BLACK
6
CONTINUOUS
10
0.2702102362204724
20
0.9907371259842519
11
0.2709977165354331
21
0.9934190551181102
0
LINE
8
BLACK
6
CONTINUOUS
10
0.2709977165354331
20
0.9934190551181102
11
0.2716631889763779
21
0.9942448031496063
0
LINE
8
BLACK
6
CONTINUOUS
10
0.2716631889763779
20
0.9942448031496063
11
0.3861213779527559
21
1.1087029921259843
0
LINE
8
BLACK
6
CONTINUOUS
10
0.3861213779527559
20
1.1087029921259843
11
0.3885746062992126
21
1.1100425984251969
0
LINE
8
BLACK
6
CONTINUOUS
10
0.3885746062992126
20
1.1100425984251969
11
0.3913625984251968
21
1.109843188976378
0
LINE
8
BLACK
6
CONTINUOUS
10
0.3913625984251968
20
1.109843188976378
11
0.3936002362204724
21
1.1081681102362204
0
LINE
8
BLACK
6
CONTINUOUS
10
0.3936002362204724
20
1.1081681102362204
11
0.3945770472440945
21
1.1055492125984252
0
LINE
8
BLACK
6
CONTINUOUS
10
0.3945770472440945
20
1.1055492125984252
11
0.3945896850393701
21
1.1051953149606299
0
LINE
8
BLACK
6
CONTINUOUS
10
0.3945896850393701
20
1.1051953149606299
11
0.3945896850393701
21
0.9542776377952755
0
LINE
8
BLACK
6
CONTINUOUS
10
0.3945896850393701
20
0.9542776377952755
11
0.3955738976377953
21
0.9493296850393701
0
LINE
8
BLACK
6
CONTINUOUS
10
0.3955738976377953
20
0.9493296850393701
11
0.395573937007874
21
0.9493296456692913
0
LINE
8
BLACK
6
CONTINUOUS
10
0.395573937007874
20
0.9493296456692913
11
0.3975044881889764
21
0.944668937007874
0
LINE
8
BLACK
6
CONTINUOUS
10
0.3975044881889764
20
0.944668937007874
11
0.4003070472440945
21
0.9404746062992125
0
LINE
8
BLACK
6
CONTINUOUS
10
0.4003070472440945
20
0.9404746062992125
11
0.4003072440944882
21
0.9404743307086614
0
LINE
8
BLACK
6
CONTINUOUS
10
0.4003072440944882
20
0.9404743307086614
11
0.4038742519685039
21
0.9369073228346456
0
LINE
8
BLACK
6
CONTINUOUS
10
0.4038742519685039
20
0.9369073228346456
11
0.4038745275590551
21
0.936907125984252
0
LINE
8
BLACK
6
CONTINUOUS
10
0.4038745275590551
20
0.936907125984252
11
0.4080688582677165
21
0.9341045669291338
0
LINE
8
BLACK
6
CONTINUOUS
10
0.4080688582677165
20
0.9341045669291338
11
0.4127295669291339
21
0.9321740157480315
0
LINE
8
BLACK
6
CONTINUOUS
10
0.4127295669291339
20
0.9321740157480315
11
0.4127296062992126
21
0.9321739763779527
0
LINE
8
BLACK
6
CONTINUOUS
10
0.4127296062992126
20
0.9321739763779527
11
0.4160282283464567
21
0.9315178346456693
0
LINE
8
BLACK
6
CONTINUOUS
10
0.4160282283464567
20
0.9315178346456693
11
0.4176775196850394
21
0.9311897637795276
0
LINE
8
BLACK
6
CONTINUOUS
10
0.4176775196850394
20
0.9311897637795276
11
0.4186725590551181
21
0.9311897637795276
0
LINE
8
BLACK
6
CONTINUOUS
10
0.4186725590551181
20
0.9311897637795276
11
0.4198503149606299
21
0.930843937007874
0
LINE
8
BLACK
6
CONTINUOUS
10
0.4198503149606299
20
0.930843937007874
11
0.4210499212598425
21
0.9305829921259843
0
LINE
8
BLACK
6
CONTINUOUS
10
0.4210499212598425
20
0.9305829921259843
11
0.4212505118110236
21
0.9304327952755905
0
LINE
8
BLACK
6
CONTINUOUS
10
0.4212505118110236
20
0.9304327952755905
11
0.4213544881889764
21
0.9304022834645669
0
LINE
8
BLACK
6
CONTINUOUS
10
0.4213544881889764
20
0.9304022834645669
11
0.4221802362204724
21
0.929736811023622
0
LINE
8
BLACK
6
CONTINUOUS
10
0.4221802362204724
20
0.929736811023622
11
0.4246108267716535
21
0.9273062204724409
0
LINE
8
BLACK
6
CONTINUOUS
10
0.4246108267716535
20
0.9273062204724409
11
0.4259504330708661
21
0.9248529921259843
0
LINE
8
BLACK
6
CONTINUOUS
10
0.4259504330708661
20
0.9248529921259843
11
0.426063779527559
21
0.9237985433070866
0
LINE
8
BLACK
6
CONTINUOUS
10
0.426063779527559
20
0.9237985433070866
11
0.426063779527559
21
0.7026584251968504
0
LINE
8
BLACK
6
CONTINUOUS
10
0.426063779527559
20
0.7026584251968504
11
0.4252762992125984
21
0.6999764960629921
0
LINE
8
BLACK
6
CONTINUOUS
10
0.4252762992125984
20
0.6999764960629921
11
0.4246108267716535
21
0.699150748031496
0
LINE
8
BLACK
6
CONTINUOUS
10
0.4246108267716535
20
0.699150748031496
11
0.4240601574803149
21
0.6986000787401575
0
LINE
8
BLACK
6
CONTINUOUS
10
0.4240601574803149
20
0.6986000787401575
11
0.4212789763779528
21
0.6944377559055118
0
LINE
8
BLACK
6
CONTINUOUS
10
0.4212789763779528
20
0.6944377559055118
11
0.4193632283464567
21
0.6898127952755906
0
LINE
8
BLACK
6
CONTINUOUS
10
0.4193632283464567
20
0.6898127952755906
11
0.4193632283464567
21
0.6898127165354331
0
LINE
8
BLACK
6
CONTINUOUS
10
0.4193632283464567
20
0.6898127165354331
11
0.4183866141732283
21
0.6849030708661418
0
LINE
8
BLACK
6
CONTINUOUS
10
0.4183866141732283
20
0.6849030708661418
11
0.4183866141732283
21
0.6798968897637795
0
LINE
8
BLACK
6
CONTINUOUS
10
0.4183866141732283
20
0.6798968897637795
11
0.4185207874015748
21
0.6792224015748032
0
LINE
8
BLACK
6
CONTINUOUS
10
0.4185207874015748
20
0.6792224015748032
11
0.4193632283464567
21
0.6749872047244094
0
LINE
8
BLACK
6
CONTINUOUS
10
0.4193632283464567
20
0.6749872047244094
11
0.4206514173228346
21
0.6718772834645669
0
LINE
8
BLACK
6
CONTINUOUS
10
0.4206514173228346
20
0.6718772834645669
11
0.4212789763779528
21
0.6703622440944882
0
LINE
8
BLACK
6
CONTINUOUS
10
0.4212789763779528
20
0.6703622440944882
11
0.4240600393700787
21
0.6662000787401575
0
LINE
8
BLACK
6
CONTINUOUS
10
0.4240600393700787
20
0.6662000787401575
11
0.4240602362204725
21
0.6661998031496063
0
LINE
8
BLACK
6
CONTINUOUS
10
0.4240602362204725
20
0.6661998031496063
11
0.4275998031496063
21
0.6626602362204724
0
LINE
8
BLACK
6
CONTINUOUS
10
0.4275998031496063
20
0.6626602362204724
11
0.4275999212598425
21
0.6626601574803149
0
LINE
8
BLACK
6
CONTINUOUS
10
0.4275999212598425
20
0.6626601574803149
11
0.4317622440944882
21
0.6598789763779528
0
LINE
8
BLACK
6
CONTINUOUS
10
0.4317622440944882
20
0.6598789763779528
11
0.4363872047244094
21
0.6579632283464567
0
LINE
8
BLACK
6
CONTINUOUS
10
0.4363872047244094
20
0.6579632283464567
11
0.4376146456692913
21
0.6577190551181102
0
LINE
8
BLACK
6
CONTINUOUS
10
0.4376146456692913
20
0.6577190551181102
11
0.4412968897637795
21
0.6569866141732283
0
LINE
8
BLACK
6
CONTINUOUS
10
0.4412968897637795
20
0.6569866141732283
11
0.4412970078740157
21
0.6569866141732283
0
LINE
8
BLACK
6
CONTINUOUS
10
0.4412970078740157
20
0.6569866141732283
11
0.4463030708661417
21
0.6569866141732283
0
LINE
8
BLACK
6
CONTINUOUS
10
0.4463030708661417
20
0.6569866141732283
11
0.448757874015748
21
0.6574749212598425
0
LINE
8
BLACK
6
CONTINUOUS
10
0.448757874015748
20
0.6574749212598425
11
0.4512127952755906
21
0.6579632283464567
0
LINE
8
BLACK
6
CONTINUOUS
10
0.4512127952755906
20
0.6579632283464567
11
0.4558377559055118
21
0.6598789763779528
0
LINE
8
BLACK
6
CONTINUOUS
10
0.4558377559055118
20
0.6598789763779528
11
0.4600000787401575
21
0.6626601574803149
0
LINE
8
BLACK
6
CONTINUOUS
10
0.4600000787401575
20
0.6626601574803149
11
0.4635398425196851
21
0.6661999212598425
0
LINE
8
BLACK
6
CONTINUOUS
10
0.4635398425196851
20
0.6661999212598425
11
0.4663210236220472
21
0.6703622440944882
0
LINE
8
BLACK
6
CONTINUOUS
10
0.4663210236220472
20
0.6703622440944882
11
0.4682367716535433
21
0.6749872047244094
0
LINE
8
BLACK
6
CONTINUOUS
10
0.4682367716535433
20
0.6749872047244094
11
0.4692133858267716
21
0.6798970078740157
0
LINE
8
BLACK
6
CONTINUOUS
10
0.4692133858267716
20
0.6798970078740157
11
0.4692133858267716
21
0.6849029921259843
0
LINE
8
BLACK
6
CONTINUOUS
10
0.4692133858267716
20
0.6849029921259843
11
0.4682367716535433
21
0.6898127952755906
0
LINE
8
BLACK
6
CONTINUOUS
10
0.4682367716535433
20
0.6898127952755906
11
0.4663210236220472
21
0.6944377559055118
0
LINE
8
BLACK
6
CONTINUOUS
10
0.4663210236220472
20
0.6944377559055118
11
0.4635398425196851
21
0.6986000787401575
0
LINE
8
BLACK
6
CONTINUOUS
10
0.4635398425196851
20
0.6986000787401575
11
0.4629891732283464
21
0.699150748031496
0
LINE
8
BLACK
6
CONTINUOUS
10
0.4629891732283464
20
0.699150748031496
11
0.4616495669291338
21
0.7016039763779527
0
LINE
8
BLACK
6
CONTINUOUS
10
0.4616495669291338
20
0.7016039763779527
11
0.4615362204724409
21
0.7026584251968504
0
LINE
8
BLACK
6
CONTINUOUS
10
0.4615362204724409
20
0.7026584251968504
11
0.4615362204724409
21
0.7407775590551181
0
LINE
8
BLACK
6
CONTINUOUS
10
0.4615362204724409
20
0.7407775590551181
11
0.4615362204724409
21
0.8407775590551181
0
LINE
8
BLACK
6
CONTINUOUS
10
0.4615362204724409
20
0.8407775590551181
11
0.4615362204724409
21
0.935534842519685
0
LINE
8
BLACK
6
CONTINUOUS
10
0.4615362204724409
20
0.935534842519685
11
0.4615362204724409
21
0.9355349212598425
0
LINE
8
BLACK
6
CONTINUOUS
10
0.4615362204724409
20
0.9355349212598425
11
0.4603275196850394
21
0.9400458267716535
0
LINE
8
BLACK
6
CONTINUOUS
10
0.4603275196850394
20
0.9400458267716535
11
0.4593220866141732
21
0.9417872440944882
0
LINE
8
BLACK
6
CONTINUOUS
10
0.4593220866141732
20
0.9417872440944882
11
0.4593220866141732
21
0.9417872834645669
0
LINE
8
BLACK
6
CONTINUOUS
10
0.4593220866141732
20
0.9417872834645669
11
0.4587358267716535
21
0.9428026771653543
0
LINE
8
BLACK
6
CONTINUOUS
10
0.4587358267716535
20
0.9428026771653543
11
0.4579924803149606
21
0.9440902362204724
0
LINE
8
BLACK
6
CONTINUOUS
10
0.4579924803149606
20
0.9440902362204724
11
0.4472630708661417
21
0.9548195669291338
0
LINE
8
BLACK
6
CONTINUOUS
10
0.4472630708661417
20
0.9548195669291338
11
0.4459235433070866
21
0.9572728346456693
0
LINE
8
BLACK
6
CONTINUOUS
10
0.4459235433070866
20
0.9572728346456693
11
0.4458101574803149
21
0.9583272834645669
0
LINE
8
BLACK
6
CONTINUOUS
10
0.4458101574803149
20
0.9583272834645669
11
0.4458101574803149
21
0.971296968503937
0
LINE
8
BLACK
6
CONTINUOUS
10
0.4458101574803149
20
0.971296968503937
11
0.4465976377952756
21
0.9739788976377952
0
LINE
8
BLACK
6
CONTINUOUS
10
0.4465976377952756
20
0.9739788976377952
11
0.4487100787401574
21
0.9758093307086614
0
LINE
8
BLACK
6
CONTINUOUS
10
0.4487100787401574
20
0.9758093307086614
11
0.4514767716535433
21
0.976207125984252
0
LINE
8
BLACK
6
CONTINUOUS
10
0.4514767716535433
20
0.976207125984252
11
0.4540192913385827
21
0.9750459448818898
0
LINE
8
BLACK
6
CONTINUOUS
10
0.4540192913385827
20
0.9750459448818898
11
0.455469094488189
21
0.9728119291338583
0
LINE
8
BLACK
6
CONTINUOUS
10
0.455469094488189
20
0.9728119291338583
11
0.45547
21
0.9728123228346457
0
LINE
8
BLACK
6
CONTINUOUS
10
0.45547
20
0.9728123228346457
11
0.4554719291338583
21
0.9728075984251968
0
LINE
8
BLACK
6
CONTINUOUS
10
0.4554719291338583
20
0.9728075984251968
11
0.4555177952755906
21
0.972736968503937
0
LINE
8
BLACK
6
CONTINUOUS
10
0.4555177952755906
20
0.972736968503937
11
0.4555631496062992
21
0.9725873622047244
0
LINE
8
BLACK
6
CONTINUOUS
10
0.4555631496062992
20
0.9725873622047244
11
0.4574789763779528
21
0.9679622440944882
0
LINE
8
BLACK
6
CONTINUOUS
10
0.4574789763779528
20
0.9679622440944882
11
0.4602600393700788
21
0.9638000787401575
0
LINE
8
BLACK
6
CONTINUOUS
10
0.4602600393700788
20
0.9638000787401575
11
0.4602600787401575
21
0.9638
0
LINE
8
BLACK
6
CONTINUOUS
10
0.4602600787401575
20
0.9638
11
0.4637999212598425
21
0.9602601181102361
0
LINE
8
BLACK
6
CONTINUOUS
10
0.4637999212598425
20
0.9602601181102361
11
0.4639963385826771
21
0.9601288976377953
0
LINE
8
BLACK
6
CONTINUOUS
10
0.4639963385826771
20
0.9601288976377953
11
0.4657886614173228
21
0.9579840551181102
0
LINE
8
BLACK
6
CONTINUOUS
10
0.4657886614173228
20
0.9579840551181102
11
0.4662007874015748
21
0.9560044094488189
0
LINE
8
BLACK
6
CONTINUOUS
10
0.4662007874015748
20
0.9560044094488189
11
0.4662007874015748
21
0.9534067716535433
0
LINE
8
BLACK
6
CONTINUOUS
10
0.4662007874015748
20
0.9534067716535433
11
0.466200748031496
21
0.9534067716535433
0
LINE
8
BLACK
6
CONTINUOUS
10
0.466200748031496
20
0.9534067716535433
11
0.4670090157480315
21
0.9503903543307086
0
LINE
8
BLACK
6
CONTINUOUS
10
0.4670090157480315
20
0.9503903543307086
11
0.4671411811023622
21
0.949896968503937
0
LINE
8
BLACK
6
CONTINUOUS
10
0.4671411811023622
20
0.949896968503937
11
0.4689577559055118
21
0.9467506299212598
0
LINE
8
BLACK
6
CONTINUOUS
10
0.4689577559055118
20
0.9467506299212598
11
0.4689579527559055
21
0.9467503937007874
0
LINE
8
BLACK
6
CONTINUOUS
10
0.4689579527559055
20
0.9467503937007874
11
0.4764805905511811
21
0.9392278346456693
0
LINE
8
BLACK
6
CONTINUOUS
10
0.4764805905511811
20
0.9392278346456693
11
0.4764805905511811
21
0.9392277952755905
0
LINE
8
BLACK
6
CONTINUOUS
10
0.4764805905511811
20
0.9392277952755905
11
0.4790496850393701
21
0.9366586614173228
0
LINE
8
BLACK
6
CONTINUOUS
10
0.4790496850393701
20
0.9366586614173228
11
0.4790498031496063
21
0.9366585826771653
0
LINE
8
BLACK
6
CONTINUOUS
10
0.4790498031496063
20
0.9366585826771653
11
0.4821961811023622
21
0.9348420078740157
0
LINE
8
BLACK
6
CONTINUOUS
10
0.4821961811023622
20
0.9348420078740157
11
0.4821963385826771
21
0.9348419291338582
0
LINE
8
BLACK
6
CONTINUOUS
10
0.4821963385826771
20
0.9348419291338582
11
0.4830161023622047
21
0.9346222834645669
0
LINE
8
BLACK
6
CONTINUOUS
10
0.4830161023622047
20
0.9346222834645669
11
0.4857059842519685
21
0.9339015354330709
0
LINE
8
BLACK
6
CONTINUOUS
10
0.4857059842519685
20
0.9339015354330709
11
0.485706062992126
21
0.9339015354330709
0
LINE
8
BLACK
6
CONTINUOUS
10
0.485706062992126
20
0.9339015354330709
11
0.9134373228346456
21
0.9339015354330709
0
LINE
8
BLACK
6
CONTINUOUS
10
0.9134373228346456
20
0.9339015354330709
11
0.9134374015748031
21
0.9339015354330709
0
LINE
8
BLACK
6
CONTINUOUS
10
0.9134374015748031
20
0.9339015354330709
11
0.9169470078740157
21
0.9348419291338582
0
LINE
8
BLACK
6
CONTINUOUS
10
0.9169470078740157
20
0.9348419291338582
11
0.9169471653543307
21
0.9348420078740157
0
LINE
8
BLACK
6
CONTINUOUS
10
0.9169471653543307
20
0.9348420078740157
11
0.9175593700787401
21
0.9351954724409448
0
LINE
8
BLACK
6
CONTINUOUS
10
0.9175593700787401
20
0.9351954724409448
11
0.9200934645669291
21
0.9366585039370079
0
LINE
8
BLACK
6
CONTINUOUS
10
0.9200934645669291
20
0.9366585039370079
11
0.9200938582677165
21
0.9366588188976378
0
LINE
8
BLACK
6
CONTINUOUS
10
0.9200938582677165
20
0.9366588188976378
11
0.9267125984251968
21
0.9432775590551181
0
LINE
8
BLACK
6
CONTINUOUS
10
0.9267125984251968
20
0.9432775590551181
11
0.9304638976377952
21
0.9470288582677165
0
LINE
8
BLACK
6
CONTINUOUS
10
0.9304638976377952
20
0.9470288582677165
11
1.0252398425196849
21
1.0418048425196851
0
LINE
8
BLACK
6
CONTINUOUS
10
1.0252398425196849
20
1.0418048425196851
11
1.0276930708661418
21
1.0431444094488189
0
LINE
8
BLACK
6
CONTINUOUS
10
1.0276930708661418
20
1.0431444094488189
11
1.0304810629921259
21
1.0429450393700788
0
LINE
8
BLACK
6
CONTINUOUS
10
1.0304810629921259
20
1.0429450393700788
11
1.0322551574803149
21
1.0418048818897638
0
LINE
8
BLACK
6
CONTINUOUS
10
1.0322551574803149
20
1.0418048818897638
11
1.0337997637795275
21
1.0402602755905512
0
LINE
8
BLACK
6
CONTINUOUS
10
1.0337997637795275
20
1.0402602755905512
11
1.0337999212598425
21
1.040260157480315
0
LINE
8
BLACK
6
CONTINUOUS
10
1.0337999212598425
20
1.040260157480315
11
1.0379622440944882
21
1.0374789763779528
0
LINE
8
BLACK
6
CONTINUOUS
10
1.0379622440944882
20
1.0374789763779528
11
1.0425872047244094
21
1.0355632283464566
0
LINE
8
BLACK
6
CONTINUOUS
10
1.0425872047244094
20
1.0355632283464566
11
1.0438146456692914
21
1.0353190551181102
0
LINE
8
BLACK
6
CONTINUOUS
10
1.0438146456692914
20
1.0353190551181102
11
1.0474968897637795
21
1.0345866141732283
0
LINE
8
BLACK
6
CONTINUOUS
10
1.0474968897637795
20
1.0345866141732283
11
1.0474970078740158
21
1.0345866141732283
0
LINE
8
BLACK
6
CONTINUOUS
10
1.0474970078740158
20
1.0345866141732283
11
1.0525030708661418
21
1.0345866141732283
0
LINE
8
BLACK
6
CONTINUOUS
10
1.0525030708661418
20
1.0345866141732283
11
1.0549578740157479
21
1.0350749212598425
0
LINE
8
BLACK
6
CONTINUOUS
10
1.0549578740157479
20
1.0350749212598425
11
1.0574127952755905
21
1.0355632283464566
0
LINE
8
BLACK
6
CONTINUOUS
10
1.0574127952755905
20
1.0355632283464566
11
1.0620377559055119
21
1.0374789763779528
0
LINE
8
BLACK
6
CONTINUOUS
10
1.0620377559055119
20
1.0374789763779528
11
1.0662000787401575
21
1.040260157480315
0
LINE
8
BLACK
6
CONTINUOUS
10
1.0662000787401575
20
1.040260157480315
11
1.0697398425196851
21
1.0437999212598426
0
LINE
8
BLACK
6
CONTINUOUS
10
1.0697398425196851
20
1.0437999212598426
11
1.0725210236220473
21
1.0479622440944882
0
LINE
8
BLACK
6
CONTINUOUS
10
1.0725210236220473
20
1.0479622440944882
11
1.0744367716535432
21
1.0525872047244094
0
LINE
8
BLACK
6
CONTINUOUS
10
1.0744367716535432
20
1.0525872047244094
11
1.0754133858267716
21
1.0574970078740158
0
LINE
8
BLACK
6
CONTINUOUS
10
1.0754133858267716
20
1.0574970078740158
11
1.0754133858267716
21
1.0625029921259843
0
LINE
8
BLACK
6
CONTINUOUS
10
1.0754133858267716
20
1.0625029921259843
11
1.0744367716535432
21
1.0674127952755905
0
LINE
8
BLACK
6
CONTINUOUS
10
1.0744367716535432
20
1.0674127952755905
11
1.0725210236220473
21
1.0720377559055119
0
LINE
8
BLACK
6
CONTINUOUS
10
1.0725210236220473
20
1.0720377559055119
11
1.0697398425196851
21
1.0762000787401576
0
LINE
8
BLACK
6
CONTINUOUS
10
1.0697398425196851
20
1.0762000787401576
11
1.0662000787401575
21
1.0797398425196849
0
LINE
8
BLACK
6
CONTINUOUS
10
1.0662000787401575
20
1.0797398425196849
11
1.0620377559055119
21
1.0825210236220473
0
LINE
8
BLACK
6
CONTINUOUS
10
1.0620377559055119
20
1.0825210236220473
11
1.0574127952755905
21
1.0844367716535432
0
LINE
8
BLACK
6
CONTINUOUS
10
1.0574127952755905
20
1.0844367716535432
11
1.0525029921259843
21
1.0854133858267716
0
LINE
8
BLACK
6
CONTINUOUS
10
1.0525029921259843
20
1.0854133858267716
11
1.0474970078740158
21
1.0854133858267716
0
LINE
8
BLACK
6
CONTINUOUS
10
1.0474970078740158
20
1.0854133858267716
11
1.0457209842519686
21
1.0850601181102362
0
LINE
8
BLACK
6
CONTINUOUS
10
1.0457209842519686
20
1.0850601181102362
11
1.0429370472440944
21
1.0853092519685039
0
LINE
8
BLACK
6
CONTINUOUS
10
1.0429370472440944
20
1.0853092519685039
11
1.0407296850393701
21
1.0870239763779528
0
LINE
8
BLACK
6
CONTINUOUS
10
1.0407296850393701
20
1.0870239763779528
11
1.0397997637795275
21
1.0896598818897638
0
LINE
8
BLACK
6
CONTINUOUS
10
1.0397997637795275
20
1.0896598818897638
11
1.0398879527559055
21
1.0908932283464567
0
LINE
8
BLACK
6
CONTINUOUS
10
1.0398879527559055
20
1.0908932283464567
11
1.0402117322834645
21
1.0925210236220473
0
LINE
8
BLACK
6
CONTINUOUS
10
1.0402117322834645
20
1.0925210236220473
11
1.0402412204724409
21
1.0926691732283464
0
LINE
8
BLACK
6
CONTINUOUS
10
1.0402412204724409
20
1.0926691732283464
11
1.0402412204724409
21
1.097675157480315
0
LINE
8
BLACK
6
CONTINUOUS
10
1.0402412204724409
20
1.097675157480315
11
1.0392646062992126
21
1.1025849606299212
0
LINE
8
BLACK
6
CONTINUOUS
10
1.0392646062992126
20
1.1025849606299212
11
1.0373488582677166
21
1.1072099212598425
0
LINE
8
BLACK
6
CONTINUOUS
10
1.0373488582677166
20
1.1072099212598425
11
1.0345676771653542
21
1.1113722440944882
0
LINE
8
BLACK
6
CONTINUOUS
10
1.0345676771653542
20
1.1113722440944882
11
1.0310279133858267
21
1.1149120078740158
0
LINE
8
BLACK
6
CONTINUOUS
10
1.0310279133858267
20
1.1149120078740158
11
1.026865590551181
21
1.1176931889763779
0
LINE
8
BLACK
6
CONTINUOUS
10
1.026865590551181
20
1.1176931889763779
11
1.0222406299212599
21
1.1196089370078739
0
LINE
8
BLACK
6
CONTINUOUS
10
1.0222406299212599
20
1.1196089370078739
11
1.0173308267716534
21
1.1205855511811023
0
LINE
8
BLACK
6
CONTINUOUS
10
1.0173308267716534
20
1.1205855511811023
11
1.0123248425196849
21
1.1205855511811023
0
LINE
8
BLACK
6
CONTINUOUS
10
1.0123248425196849
20
1.1205855511811023
11
1.0074150393700787
21
1.1196089370078739
0
LINE
8
BLACK
6
CONTINUOUS
10
1.0074150393700787
20
1.1196089370078739
11
1.0027900787401574
21
1.1176931889763779
0
LINE
8
BLACK
6
CONTINUOUS
10
1.0027900787401574
20
1.1176931889763779
11
0.9986277559055118
21
1.1149120078740158
0
LINE
8
BLACK
6
CONTINUOUS
10
0.9986277559055118
20
1.1149120078740158
11
0.9950879921259842
21
1.1113722440944882
0
LINE
8
BLACK
6
CONTINUOUS
10
0.9950879921259842
20
1.1113722440944882
11
0.9923068110236221
21
1.1072099212598425
0
LINE
8
BLACK
6
CONTINUOUS
10
0.9923068110236221
20
1.1072099212598425
11
0.990391062992126
21
1.1025849606299212
0
LINE
8
BLACK
6
CONTINUOUS
10
0.990391062992126
20
1.1025849606299212
11
0.990091062992126
21
1.1010767716535432
0
LINE
8
BLACK
6
CONTINUOUS
10
0.990091062992126
20
1.1010767716535432
11
0.9894144488188976
21
1.0976752362204725
0
LINE
8
BLACK
6
CONTINUOUS
10
0.9894144488188976
20
1.0976752362204725
11
0.9894144488188976
21
1.0926689370078739
0
LINE
8
BLACK
6
CONTINUOUS
10
0.9894144488188976
20
1.0926689370078739
11
0.9894605118110236
21
1.0924374803149606
0
LINE
8
BLACK
6
CONTINUOUS
10
0.9894605118110236
20
1.0924374803149606
11
0.9892112598425197
21
1.0896535039370079
0
LINE
8
BLACK
6
CONTINUOUS
10
0.9892112598425197
20
1.0896535039370079
11
0.988102874015748
21
1.0879622440944883
0
LINE
8
BLACK
6
CONTINUOUS
10
0.988102874015748
20
1.0879622440944883
11
0.980038188976378
21
1.0798975590551181
0
LINE
8
BLACK
6
CONTINUOUS
10
0.980038188976378
20
1.0798975590551181
11
0.9799470866141732
21
1.0797397244094489
0
LINE
8
BLACK
6
CONTINUOUS
10
0.9799470866141732
20
1.0797397244094489
11
0.9786036614173228
21
1.0774128346456693
0
LINE
8
BLACK
6
CONTINUOUS
10
0.9786036614173228
20
1.0774128346456693
11
0.9786035433070865
21
1.077412716535433
0
LINE
8
BLACK
6
CONTINUOUS
10
0.9786035433070865
20
1.077412716535433
11
0.9782215748031495
21
1.0767511417322835
0
LINE
8
BLACK
6
CONTINUOUS
10
0.9782215748031495
20
1.0767511417322835
11
0.9782214960629921
21
1.0767509448818897
0
LINE
8
BLACK
6
CONTINUOUS
10
0.9782214960629921
20
1.0767509448818897
11
0.9772811023622047
21
1.0732413385826771
0
LINE
8
BLACK
6
CONTINUOUS
10
0.9772811023622047
20
1.0732413385826771
11
0.9772811023622047
21
1.0732412598425196
0
LINE
8
BLACK
6
CONTINUOUS
10
0.9772811023622047
20
1.0732412598425196
11
0.9772811023622047
21
1.0627708267716536
0
LINE
8
BLACK
6
CONTINUOUS
10
0.9772811023622047
20
1.0627708267716536
11
0.9764936220472441
21
1.0600888976377953
0
LINE
8
BLACK
6
CONTINUOUS
10
0.9764936220472441
20
1.0600888976377953
11
0.9758281496062992
21
1.0592631496062992
0
LINE
8
BLACK
6
CONTINUOUS
10
0.9758281496062992
20
1.0592631496062992
11
0.8993171653543307
21
0.9827521653543306
0
LINE
8
BLACK
6
CONTINUOUS
10
0.8993171653543307
20
0.9827521653543306
11
0.896863937007874
21
0.981412559055118
0
LINE
8
BLACK
6
CONTINUOUS
10
0.896863937007874
20
0.981412559055118
11
0.8958094881889763
21
0.9812992125984251
0
LINE
8
BLACK
6
CONTINUOUS
10
0.8958094881889763
20
0.9812992125984251
11
0.554025
21
0.9812992125984251
0
LINE
8
BLACK
6
CONTINUOUS
10
0.554025
20
0.9812992125984251
11
0.5513430708661418
21
0.9820866929133858
0
LINE
8
BLACK
6
CONTINUOUS
10
0.5513430708661418
20
0.9820866929133858
11
0.5495126377952756
21
0.9841991338582677
0
LINE
8
BLACK
6
CONTINUOUS
10
0.5495126377952756
20
0.9841991338582677
11
0.5491596850393701
21
0.9852920472440945
0
LINE
8
BLACK
6
CONTINUOUS
10
0.5491596850393701
20
0.9852920472440945
11
0.5489367716535433
21
0.9864127952755906
0
LINE
8
BLACK
6
CONTINUOUS
10
0.5489367716535433
20
0.9864127952755906
11
0.5470210236220472
21
0.9910377559055118
0
LINE
8
BLACK
6
CONTINUOUS
10
0.5470210236220472
20
0.9910377559055118
11
0.544239842519685
21
0.9952000787401575
0
LINE
8
BLACK
6
CONTINUOUS
10
0.544239842519685
20
0.9952000787401575
11
0.5407000787401575
21
0.9987398425196851
0
LINE
8
BLACK
6
CONTINUOUS
10
0.5407000787401575
20
0.9987398425196851
11
0.5365377559055118
21
1.0015210236220473
0
LINE
8
BLACK
6
CONTINUOUS
10
0.5365377559055118
20
1.0015210236220473
11
0.5319127952755905
21
1.0034367716535433
0
LINE
8
BLACK
6
CONTINUOUS
10
0.5319127952755905
20
1.0034367716535433
11
0.5270029921259842
21
1.0044133858267716
0
LINE
8
BLACK
6
CONTINUOUS
10
0.5270029921259842
20
1.0044133858267716
11
0.5219970078740157
21
1.0044133858267716
0
LINE
8
BLACK
6
CONTINUOUS
10
0.5219970078740157
20
1.0044133858267716
11
0.5170872047244094
21
1.0034367716535433
0
LINE
8
BLACK
6
CONTINUOUS
10
0.5170872047244094
20
1.0034367716535433
11
0.5124622440944882
21
1.0015210236220473
0
LINE
8
BLACK
6
CONTINUOUS
10
0.5124622440944882
20
1.0015210236220473
11
0.5082999212598425
21
0.9987398425196851
0
LINE
8
BLACK
6
CONTINUOUS
10
0.5082999212598425
20
0.9987398425196851
11
0.5082998031496063
21
0.9987397244094488
0
LINE
8
BLACK
6
CONTINUOUS
10
0.5082998031496063
20
0.9987397244094488
11
0.5062576771653543
21
0.9966975984251968
0
LINE
8
BLACK
6
CONTINUOUS
10
0.5062576771653543
20
0.9966975984251968
11
0.5038044488188976
21
0.9953579921259842
0
LINE
8
BLACK
6
CONTINUOUS
10
0.5038044488188976
20
0.9953579921259842
11
0.5010164566929134
21
0.9955574015748031
0
LINE
8
BLACK
6
CONTINUOUS
10
0.5010164566929134
20
0.9955574015748031
11
0.4992423228346456
21
0.9966975984251968
0
LINE
8
BLACK
6
CONTINUOUS
10
0.4992423228346456
20
0.9966975984251968
11
0.4978797637795275
21
0.998060157480315
0
LINE
8
BLACK
6
CONTINUOUS
10
0.4978797637795275
20
0.998060157480315
11
0.4962000787401575
21
0.9997398425196851
0
LINE
8
BLACK
6
CONTINUOUS
10
0.4962000787401575
20
0.9997398425196851
11
0.4920377559055118
21
1.0025210236220472
0
LINE
8
BLACK
6
CONTINUOUS
10
0.4920377559055118
20
1.0025210236220472
11
0.4874127952755906
21
1.0044367716535434
0
LINE
8
BLACK
6
CONTINUOUS
10
0.4874127952755906
20
1.0044367716535434
11
0.4825029921259842
21
1.0054133858267715
0
LINE
8
BLACK
6
CONTINUOUS
10
0.4825029921259842
20
1.0054133858267715
11
0.4774970078740157
21
1.0054133858267715
0
LINE
8
BLACK
6
CONTINUOUS
10
0.4774970078740157
20
1.0054133858267715
11
0.4725872047244095
21
1.0044367716535434
0
LINE
8
BLACK
6
CONTINUOUS
10
0.4725872047244095
20
1.0044367716535434
11
0.4679622440944882
21
1.0025210236220472
0
LINE
8
BLACK
6
CONTINUOUS
10
0.4679622440944882
20
1.0025210236220472
11
0.4637999212598425
21
0.9997398425196851
0
LINE
8
BLACK
6
CONTINUOUS
10
0.4637999212598425
20
0.9997398425196851
11
0.460260157480315
21
0.9962000787401575
0
LINE
8
BLACK
6
CONTINUOUS
10
0.460260157480315
20
0.9962000787401575
11
0.4574789763779528
21
0.9920377559055118
0
LINE
8
BLACK
6
CONTINUOUS
10
0.4574789763779528
20
0.9920377559055118
11
0.4555632283464567
21
0.9874127952755906
0
LINE
8
BLACK
6
CONTINUOUS
10
0.4555632283464567
20
0.9874127952755906
11
0.4555631889763779
21
0.9874126771653543
0
LINE
8
BLACK
6
CONTINUOUS
10
0.4555631889763779
20
0.9874126771653543
11
0.4555178346456693
21
0.9872631102362205
0
LINE
8
BLACK
6
CONTINUOUS
10
0.4555178346456693
20
0.9872631102362205
11
0.4554727165354331
21
0.9871942913385826
0
LINE
8
BLACK
6
CONTINUOUS
10
0.4554727165354331
20
0.9871942913385826
11
0.45547
21
0.9871876771653543
0
LINE
8
BLACK
6
CONTINUOUS
10
0.45547
20
0.9871876771653543
11
0.4554687401574803
21
0.9871881889763779
0
LINE
8
BLACK
6
CONTINUOUS
10
0.4554687401574803
20
0.9871881889763779
11
0.4539858267716536
21
0.9849252362204725
0
LINE
8
BLACK
6
CONTINUOUS
10
0.4539858267716536
20
0.9849252362204725
11
0.451433031496063
21
0.9837867716535433
0
LINE
8
BLACK
6
CONTINUOUS
10
0.451433031496063
20
0.9837867716535433
11
0.44867
21
0.9842091732283464
0
LINE
8
BLACK
6
CONTINUOUS
10
0.44867
20
0.9842091732283464
11
0.446573937007874
21
0.9860583070866141
0
LINE
8
BLACK
6
CONTINUOUS
10
0.446573937007874
20
0.9860583070866141
11
0.4458101574803149
21
0.9887029921259842
0
LINE
8
BLACK
6
CONTINUOUS
10
0.4458101574803149
20
0.9887029921259842
11
0.4458101574803149
21
1.0612969685039371
0
LINE
8
BLACK
6
CONTINUOUS
10
0.4458101574803149
20
1.0612969685039371
11
0.4465976377952756
21
1.0639788976377953
0
LINE
8
BLACK
6
CONTINUOUS
10
0.4465976377952756
20
1.0639788976377953
11
0.4487100787401574
21
1.0658093307086614
0
LINE
8
BLACK
6
CONTINUOUS
10
0.4487100787401574
20
1.0658093307086614
11
0.4514767716535433
21
1.066207125984252
0
LINE
8
BLACK
6
CONTINUOUS
10
0.4514767716535433
20
1.066207125984252
11
0.4540192913385827
21
1.0650459448818896
0
LINE
8
BLACK
6
CONTINUOUS
10
0.4540192913385827
20
1.0650459448818896
11
0.455469094488189
21
1.0628119291338582
0
LINE
8
BLACK
6
CONTINUOUS
10
0.455469094488189
20
1.0628119291338582
11
0.45547
21
1.0628123228346456
0
LINE
8
BLACK
6
CONTINUOUS
10
0.45547
20
1.0628123228346456
11
0.4554719291338583
21
1.0628075984251968
0
LINE
8
BLACK
6
CONTINUOUS
10
0.4554719291338583
20
1.0628075984251968
11
0.4555177952755906
21
1.062736968503937
0
LINE
8
BLACK
6
CONTINUOUS
10
0.4555177952755906
20
1.062736968503937
11
0.4555631496062992
21
1.0625873622047244
0
LINE
8
BLACK
6
CONTINUOUS
10
0.4555631496062992
20
1.0625873622047244
11
0.4574789763779528
21
1.0579622440944882
0
LINE
8
BLACK
6
CONTINUOUS
10
0.4574789763779528
20
1.0579622440944882
11
0.4602600393700788
21
1.0538000787401574
0
LINE
8
BLACK
6
CONTINUOUS
10
0.4602600393700788
20
1.0538000787401574
11
0.4602602362204724
21
1.0537998031496063
0
LINE
8
BLACK
6
CONTINUOUS
10
0.4602602362204724
20
1.0537998031496063
11
0.4637998031496063
21
1.0502602362204725
0
LINE
8
BLACK
6
CONTINUOUS
10
0.4637998031496063
20
1.0502602362204725
11
0.4637999212598425
21
1.050260157480315
0
LINE
8
BLACK
6
CONTINUOUS
10
0.4637999212598425
20
1.050260157480315
11
0.4679622440944882
21
1.0474789763779528
0
LINE
8
BLACK
6
CONTINUOUS
10
0.4679622440944882
20
1.0474789763779528
11
0.4725872047244095
21
1.0455632283464567
0
LINE
8
BLACK
6
CONTINUOUS
10
0.4725872047244095
20
1.0455632283464567
11
0.4738146456692913
21
1.0453190551181102
0
LINE
8
BLACK
6
CONTINUOUS
10
0.4738146456692913
20
1.0453190551181102
11
0.4774968897637795
21
1.0445866141732283
0
LINE
8
BLACK
6
CONTINUOUS
10
0.4774968897637795
20
1.0445866141732283
11
0.4774970078740157
21
1.0445866141732283
0
LINE
8
BLACK
6
CONTINUOUS
10
0.4774970078740157
20
1.0445866141732283
11
0.4825030708661417
21
1.0445866141732283
0
LINE
8
BLACK
6
CONTINUOUS
10
0.4825030708661417
20
1.0445866141732283
11
0.484957874015748
21
1.0450749212598425
0
LINE
8
BLACK
6
CONTINUOUS
10
0.484957874015748
20
1.0450749212598425
11
0.4874127952755906
21
1.0455632283464567
0
LINE
8
BLACK
6
CONTINUOUS
10
0.4874127952755906
20
1.0455632283464567
11
0.4920377559055118
21
1.0474789763779528
0
LINE
8
BLACK
6
CONTINUOUS
10
0.4920377559055118
20
1.0474789763779528
11
0.4962000787401575
21
1.050260157480315
0
LINE
8
BLACK
6
CONTINUOUS
10
0.4962000787401575
20
1.050260157480315
11
0.499739842519685
21
1.0537999212598426
0
LINE
8
BLACK
6
CONTINUOUS
10
0.499739842519685
20
1.0537999212598426
11
0.4997399606299213
21
1.0538000787401574
0
LINE
8
BLACK
6
CONTINUOUS
10
0.4997399606299213
20
1.0538000787401574
11
0.4998944488188976
21
1.0539883070866141
0
LINE
8
BLACK
6
CONTINUOUS
10
0.4998944488188976
20
1.0539883070866141
11
0.4999374409448819
21
1.0539529921259843
0
LINE
8
BLACK
6
CONTINUOUS
10
0.4999374409448819
20
1.0539529921259843
11
0.4999652755905512
21
1.053976220472441
0
LINE
8
BLACK
6
CONTINUOUS
10
0.4999652755905512
20
1.053976220472441
11
0.5000972834645669
21
1.0542652362204725
0
LINE
8
BLACK
6
CONTINUOUS
10
0.5000972834645669
20
1.0542652362204725
11
0.5010223228346457
21
1.0548597244094489
0
LINE
8
BLACK
6
CONTINUOUS
10
0.5010223228346457
20
1.0548597244094489
11
0.5018661417322835
21
1.0555650000000001
0
LINE
8
BLACK
6
CONTINUOUS
10
0.5018661417322835
20
1.0555650000000001
11
0.5022412992125984
21
1.0556431102362205
0
LINE
8
BLACK
6
CONTINUOUS
10
0.5022412992125984
20
1.0556431102362205
11
0.5024487007874016
21
1.0557764173228346
0
LINE
8
BLACK
6
CONTINUOUS
10
0.5024487007874016
20
1.0557764173228346
11
0.5038462598425196
21
1.0559773622047244
0
LINE
8
BLACK
6
CONTINUOUS
10
0.5038462598425196
20
1.0559773622047244
11
0.5049528740157481
21
1.0559773622047244
0
LINE
8
BLACK
6
CONTINUOUS
10
0.5049528740157481
20
1.0559773622047244
11
0.5076348031496063
21
1.0551898818897638
0
LINE
8
BLACK
6
CONTINUOUS
10
0.5076348031496063
20
1.0551898818897638
11
0.5084603543307087
21
1.0545245669291339
0
LINE
8
BLACK
6
CONTINUOUS
10
0.5084603543307087
20
1.0545245669291339
11
0.5173715748031495
21
1.0456133858267715
0
LINE
8
BLACK
6
CONTINUOUS
10
0.5173715748031495
20
1.0456133858267715
11
0.541526968503937
21
1.0214579527559056
0
LINE
8
BLACK
6
CONTINUOUS
10
0.541526968503937
20
1.0214579527559056
11
0.5415272047244094
21
1.0214577559055118
0
LINE
8
BLACK
6
CONTINUOUS
10
0.5415272047244094
20
1.0214577559055118
11
0.5442671653543307
21
1.0198758661417322
0
LINE
8
BLACK
6
CONTINUOUS
10
0.5442671653543307
20
1.0198758661417322
11
0.5446735826771654
21
1.019641220472441
0
LINE
8
BLACK
6
CONTINUOUS
10
0.5446735826771654
20
1.019641220472441
11
0.5446735039370079
21
1.019641220472441
0
LINE
8
BLACK
6
CONTINUOUS
10
0.5446735039370079
20
1.019641220472441
11
0.54603531496063
21
1.0192762992125983
0
LINE
8
BLACK
6
CONTINUOUS
10
0.54603531496063
20
1.0192762992125983
11
0.5481833070866141
21
1.0187007874015748
0
LINE
8
BLACK
6
CONTINUOUS
10
0.5481833070866141
20
1.0187007874015748
11
0.5481833464566929
21
1.0187007874015748
0
LINE
8
BLACK
6
CONTINUOUS
10
0.5481833464566929
20
1.0187007874015748
11
0.5518166929133859
21
1.0187007874015748
0
LINE
8
BLACK
6
CONTINUOUS
10
0.5518166929133859
20
1.0187007874015748
11
0.7798473228346456
21
1.0187007874015748
0
LINE
8
BLACK
6
CONTINUOUS
10
0.7798473228346456
20
1.0187007874015748
11
0.7825292519685039
21
1.0179133070866142
0
LINE
8
BLACK
6
CONTINUOUS
10
0.7825292519685039
20
1.0179133070866142
11
0.78435968503937
21
1.0158008661417322
0
LINE
8
BLACK
6
CONTINUOUS
10
0.78435968503937
20
1.0158008661417322
11
0.7847126377952756
21
1.0147079527559055
0
LINE
8
BLACK
6
CONTINUOUS
10
0.7847126377952756
20
1.0147079527559055
11
0.785391062992126
21
1.0112973228346456
0
LINE
8
BLACK
6
CONTINUOUS
10
0.785391062992126
20
1.0112973228346456
11
0.785768031496063
21
1.0103872440944881
0
LINE
8
BLACK
6
CONTINUOUS
10
0.785768031496063
20
1.0103872440944881
11
0.787306811023622
21
1.0066723622047244
0
LINE
8
BLACK
6
CONTINUOUS
10
0.787306811023622
20
1.0066723622047244
11
0.790087874015748
21
1.0025101968503938
0
LINE
8
BLACK
6
CONTINUOUS
10
0.790087874015748
20
1.0025101968503938
11
0.7900880708661417
21
1.0025099212598425
0
LINE
8
BLACK
6
CONTINUOUS
10
0.7900880708661417
20
1.0025099212598425
11
0.7936276377952756
21
0.9989703543307087
0
LINE
8
BLACK
6
CONTINUOUS
10
0.7936276377952756
20
0.9989703543307087
11
0.7936279133858267
21
0.9989701574803149
0
LINE
8
BLACK
6
CONTINUOUS
10
0.7936279133858267
20
0.9989701574803149
11
0.7949898425196851
21
0.998060157480315
0
LINE
8
BLACK
6
CONTINUOUS
10
0.7949898425196851
20
0.998060157480315
11
0.7977900787401575
21
0.9961890944881889
0
LINE
8
BLACK
6
CONTINUOUS
10
0.7977900787401575
20
0.9961890944881889
11
0.8024150393700787
21
0.9942733464566929
0
LINE
8
BLACK
6
CONTINUOUS
10
0.8024150393700787
20
0.9942733464566929
11
0.8036424803149607
21
0.9940291732283464
0
LINE
8
BLACK
6
CONTINUOUS
10
0.8036424803149607
20
0.9940291732283464
11
0.8073247244094488
21
0.9932967322834645
0
LINE
8
BLACK
6
CONTINUOUS
10
0.8073247244094488
20
0.9932967322834645
11
0.8073248425196851
21
0.9932967322834645
0
LINE
8
BLACK
6
CONTINUOUS
10
0.8073248425196851
20
0.9932967322834645
11
0.812330905511811
21
0.9932967322834645
0
LINE
8
BLACK
6
CONTINUOUS
10
0.812330905511811
20
0.9932967322834645
11
0.8147857086614173
21
0.9937850393700787
0
LINE
8
BLACK
6
CONTINUOUS
10
0.8147857086614173
20
0.9937850393700787
11
0.8172406299212598
21
0.9942733464566929
0
LINE
8
BLACK
6
CONTINUOUS
10
0.8172406299212598
20
0.9942733464566929
11
0.8218655905511811
21
0.9961890944881889
0
LINE
8
BLACK
6
CONTINUOUS
10
0.8218655905511811
20
0.9961890944881889
11
0.8260279133858267
21
0.9989702755905512
0
LINE
8
BLACK
6
CONTINUOUS
10
0.8260279133858267
20
0.9989702755905512
11
0.8295676771653543
21
1.0025100393700788
0
LINE
8
BLACK
6
CONTINUOUS
10
0.8295676771653543
20
1.0025100393700788
11
0.8323488582677165
21
1.0066723622047244
0
LINE
8
BLACK
6
CONTINUOUS
10
0.8323488582677165
20
1.0066723622047244
11
0.8342646062992126
21
1.0112973228346456
0
LINE
8
BLACK
6
CONTINUOUS
10
0.8342646062992126
20
1.0112973228346456
11
0.8351639370078739
21
1.0158187401574803
0
LINE
8
BLACK
6
CONTINUOUS
10
0.8351639370078739
20
1.0158187401574803
11
0.8364594881889763
21
1.0182954724409448
0
LINE
8
BLACK
6
CONTINUOUS
10
0.8364594881889763
20
1.0182954724409448
11
0.8388884251968504
21
1.019678622047244
0
LINE
8
BLACK
6
CONTINUOUS
10
0.8388884251968504
20
1.019678622047244
11
0.8409970078740158
21
1.0197162598425196
0
LINE
8
BLACK
6
CONTINUOUS
10
0.8409970078740158
20
1.0197162598425196
11
0.841742874015748
21
1.0195678740157481
0
LINE
8
BLACK
6
CONTINUOUS
10
0.841742874015748
20
1.0195678740157481
11
0.8417431102362205
21
1.0195678740157481
0
LINE
8
BLACK
6
CONTINUOUS
10
0.8417431102362205
20
1.0195678740157481
11
0.8467491732283464
21
1.0195678740157481
0
LINE
8
BLACK
6
CONTINUOUS
10
0.8467491732283464
20
1.0195678740157481
11
0.8492039763779528
21
1.0200561811023623
0
LINE
8
BLACK
6
CONTINUOUS
10
0.8492039763779528
20
1.0200561811023623
11
0.8516588976377952
21
1.0205444881889763
0
LINE
8
BLACK
6
CONTINUOUS
10
0.8516588976377952
20
1.0205444881889763
11
0.8562838582677165
21
1.0224602362204724
0
LINE
8
BLACK
6
CONTINUOUS
10
0.8562838582677165
20
1.0224602362204724
11
0.8604461811023622
21
1.0252414173228346
0
LINE
8
BLACK
6
CONTINUOUS
10
0.8604461811023622
20
1.0252414173228346
11
0.8639859448818897
21
1.0287811811023622
0
LINE
8
BLACK
6
CONTINUOUS
10
0.8639859448818897
20
1.0287811811023622
11
0.866767125984252
21
1.0329435039370078
0
LINE
8
BLACK
6
CONTINUOUS
10
0.866767125984252
20
1.0329435039370078
11
0.8686828740157481
21
1.0375684645669292
0
LINE
8
BLACK
6
CONTINUOUS
10
0.8686828740157481
20
1.0375684645669292
11
0.8696594881889763
21
1.0424782677165354
0
LINE
8
BLACK
6
CONTINUOUS
10
0.8696594881889763
20
1.0424782677165354
11
0.8696594881889763
21
1.0474842519685039
0
LINE
8
BLACK
6
CONTINUOUS
10
0.8696594881889763
20
1.0474842519685039
11
0.8686828740157481
21
1.0523940551181101
0
LINE
8
BLACK
6
CONTINUOUS
10
0.8686828740157481
20
1.0523940551181101
11
0.866767125984252
21
1.0570190157480315
0
LINE
8
BLACK
6
CONTINUOUS
10
0.866767125984252
20
1.0570190157480315
11
0.8639859448818897
21
1.0611813385826772
0
LINE
8
BLACK
6
CONTINUOUS
10
0.8639859448818897
20
1.0611813385826772
11
0.8604461811023622
21
1.0647211023622047
0
LINE
8
BLACK
6
CONTINUOUS
10
0.8604461811023622
20
1.0647211023622047
11
0.8562838582677165
21
1.0675022834645669
0
LINE
8
BLACK
6
CONTINUOUS
10
0.8562838582677165
20
1.0675022834645669
11
0.8516588976377952
21
1.0694180314960631
0
LINE
8
BLACK
6
CONTINUOUS
10
0.8516588976377952
20
1.0694180314960631
11
0.8467490944881889
21
1.0703946456692912
0
LINE
8
BLACK
6
CONTINUOUS
10
0.8467490944881889
20
1.0703946456692912
11
0.8417431102362205
21
1.0703946456692912
0
LINE
8
BLACK
6
CONTINUOUS
10
0.8417431102362205
20
1.0703946456692912
11
0.8368333070866142
21
1.0694180314960631
0
LINE
8
BLACK
6
CONTINUOUS
10
0.8368333070866142
20
1.0694180314960631
11
0.8322083464566929
21
1.0675022834645669
0
LINE
8
BLACK
6
CONTINUOUS
10
0.8322083464566929
20
1.0675022834645669
11
0.8316589763779527
21
1.0671351968503937
0
LINE
8
BLACK
6
CONTINUOUS
10
0.8316589763779527
20
1.0671351968503937
11
0.8289915354330708
21
1.0663
0
LINE
8
BLACK
6
CONTINUOUS
10
0.8289915354330708
20
1.0663
11
0.8289030314960629
21
1.0662992125984252
0
LINE
8
BLACK
6
CONTINUOUS
10
0.8289030314960629
20
1.0662992125984252
11
0.5667301968503937
21
1.0662992125984252
0
LINE
8
BLACK
6
CONTINUOUS
10
0.5667301968503937
20
1.0662992125984252
11
0.5640482677165354
21
1.0670866929133858
0
LINE
8
BLACK
6
CONTINUOUS
10
0.5640482677165354
20
1.0670866929133858
11
0.5632225196850393
21
1.067752125984252
0
LINE
8
BLACK
6
CONTINUOUS
10
0.5632225196850393
20
1.067752125984252
11
0.5295085039370079
21
1.1014661023622048
0
LINE
8
BLACK
6
CONTINUOUS
10
0.5295085039370079
20
1.1014661023622048
11
0.528168937007874
21
1.1039193700787402
0
LINE
8
BLACK
6
CONTINUOUS
10
0.528168937007874
20
1.1039193700787402
11
0.5281508661417322
21
1.1059415748031496
0
LINE
8
BLACK
6
CONTINUOUS
10
0.5281508661417322
20
1.1059415748031496
11
0.5281969291338583
21
1.1061730708661417
0
LINE
8
BLACK
6
CONTINUOUS
10
0.5281969291338583
20
1.1061730708661417
11
0.5281969291338583
21
1.1111790551181102
0
LINE
8
BLACK
6
CONTINUOUS
10
0.5281969291338583
20
1.1111790551181102
11
0.5272203149606299
21
1.1160888582677164
0
LINE
8
BLACK
6
CONTINUOUS
10
0.5272203149606299
20
1.1160888582677164
11
0.5253045669291339
21
1.1207138188976378
0
LINE
8
BLACK
6
CONTINUOUS
10
0.5253045669291339
20
1.1207138188976378
11
0.5225233858267716
21
1.1248761417322835
0
LINE
8
BLACK
6
CONTINUOUS
10
0.5225233858267716
20
1.1248761417322835
11
0.5189836220472441
21
1.128415905511811
0
LINE
8
BLACK
6
CONTINUOUS
10
0.5189836220472441
20
1.128415905511811
11
0.5171772834645669
21
1.1296228346456694
0
LINE
8
BLACK
6
CONTINUOUS
10
0.5171772834645669
20
1.1296228346456694
11
0.5153849606299212
21
1.1317674015748032
0
LINE
8
BLACK
6
CONTINUOUS
10
0.5153849606299212
20
1.1317674015748032
11
0.5150365748031496
21
1.134540748031496
0
LINE
8
BLACK
6
CONTINUOUS
10
0.5150365748031496
20
1.134540748031496
11
0.516242874015748
21
1.1370622047244094
0
LINE
8
BLACK
6
CONTINUOUS
10
0.516242874015748
20
1.1370622047244094
11
0.5165833464566929
21
1.1374059448818898
0
LINE
8
BLACK
6
CONTINUOUS
10
0.5165833464566929
20
1.1374059448818898
11
0.5168626771653543
21
1.1376617322834646
0
LINE
8
BLACK
6
CONTINUOUS
10
0.5168626771653543
20
1.1376617322834646
11
0.519158031496063
21
1.139195433070866
0
LINE
8
BLACK
6
CONTINUOUS
10
0.519158031496063
20
1.139195433070866
11
0.5226977952755906
21
1.1427351968503936
0
LINE
8
BLACK
6
CONTINUOUS
10
0.5226977952755906
20
1.1427351968503936
11
0.5231616929133858
21
1.1434294488188976
0
LINE
8
BLACK
6
CONTINUOUS
10
0.5231616929133858
20
1.1434294488188976
11
0.5236035039370078
21
1.1438340157480316
0
LINE
8
BLACK
6
CONTINUOUS
10
0.5236035039370078
20
1.1438340157480316
11
0.524342125984252
21
1.1441961023622047
0
LINE
8
BLACK
6
CONTINUOUS
10
0.524342125984252
20
1.1441961023622047
11
0.5249735433070866
21
1.1447238188976379
0
LINE
8
BLACK
6
CONTINUOUS
10
0.5249735433070866
20
1.1447238188976379
11
0.525747125984252
21
1.1448848818897637
0
LINE
8
BLACK
6
CONTINUOUS
10
0.525747125984252
20
1.1448848818897637
11
0.5261132677165354
21
1.1450643700787402
0
LINE
8
BLACK
6
CONTINUOUS
10
0.5261132677165354
20
1.1450643700787402
11
0.526431811023622
21
1.145027440944882
0
LINE
8
BLACK
6
CONTINUOUS
10
0.526431811023622
20
1.145027440944882
11
0.5269535039370079
21
1.1451360629921259
0
LINE
8
BLACK
6
CONTINUOUS
10
0.5269535039370079
20
1.1451360629921259
11
0.5781833070866141
21
1.1451360629921259
0
LINE
8
BLACK
6
CONTINUOUS
10
0.5781833070866141
20
1.1451360629921259
11
0.5826072834645669
21
1.1451360629921259
0
LINE
8
BLACK
6
CONTINUOUS
10
0.5826072834645669
20
1.1451360629921259
11
0.5852892125984251
21
1.1443485826771653
0
LINE
8
BLACK
6
CONTINUOUS
10
0.5852892125984251
20
1.1443485826771653
11
0.5861149999999999
21
1.1436831102362204
0
LINE
8
BLACK
6
CONTINUOUS
10
0.5861149999999999
20
1.1436831102362204
11
0.6002342913385826
21
1.129563779527559
0
LINE
8
BLACK
6
CONTINUOUS
10
0.6002342913385826
20
1.129563779527559
11
0.6015738582677165
21
1.1271105511811024
0
LINE
8
BLACK
6
CONTINUOUS
10
0.6015738582677165
20
1.1271105511811024
11
0.6015918897637795
21
1.125088346456693
0
LINE
8
BLACK
6
CONTINUOUS
10
0.6015918897637795
20
1.125088346456693
11
0.6015458661417322
21
1.1248570866141732
0
LINE
8
BLACK
6
CONTINUOUS
10
0.6015458661417322
20
1.1248570866141732
11
0.6015458661417322
21
1.1198507874015748
0
LINE
8
BLACK
6
CONTINUOUS
10
0.6015458661417322
20
1.1198507874015748
11
0.602178779527559
21
1.1166690157480315
0
LINE
8
BLACK
6
CONTINUOUS
10
0.602178779527559
20
1.1166690157480315
11
0.6025224803149606
21
1.1149411023622047
0
LINE
8
BLACK
6
CONTINUOUS
10
0.6025224803149606
20
1.1149411023622047
11
0.6040007480314961
21
1.1113723228346457
0
LINE
8
BLACK
6
CONTINUOUS
10
0.6040007480314961
20
1.1113723228346457
11
0.6044382283464567
21
1.1103161417322835
0
LINE
8
BLACK
6
CONTINUOUS
10
0.6044382283464567
20
1.1103161417322835
11
0.6072192913385827
21
1.1061539763779527
0
LINE
8
BLACK
6
CONTINUOUS
10
0.6072192913385827
20
1.1061539763779527
11
0.6072194881889764
21
1.1061537007874016
0
LINE
8
BLACK
6
CONTINUOUS
10
0.6072194881889764
20
1.1061537007874016
11
0.6107590551181102
21
1.1026141338582678
0
LINE
8
BLACK
6
CONTINUOUS
10
0.6107590551181102
20
1.1026141338582678
11
0.6107593307086614
21
1.102613937007874
0
LINE
8
BLACK
6
CONTINUOUS
10
0.6107593307086614
20
1.102613937007874
11
0.6130598818897638
21
1.1010767716535432
0
LINE
8
BLACK
6
CONTINUOUS
10
0.6130598818897638
20
1.1010767716535432
11
0.6149214960629921
21
1.0998328740157479
0
LINE
8
BLACK
6
CONTINUOUS
10
0.6149214960629921
20
1.0998328740157479
11
0.6195464566929134
21
1.097917125984252
0
LINE
8
BLACK
6
CONTINUOUS
10
0.6195464566929134
20
1.097917125984252
11
0.6207625196850394
21
1.0976752362204725
0
LINE
8
BLACK
6
CONTINUOUS
10
0.6207625196850394
20
1.0976752362204725
11
0.6244561417322835
21
1.0969405118110236
0
LINE
8
BLACK
6
CONTINUOUS
10
0.6244561417322835
20
1.0969405118110236
11
0.6244562598425196
21
1.0969405118110236
0
LINE
8
BLACK
6
CONTINUOUS
10
0.6244562598425196
20
1.0969405118110236
11
0.6294623228346456
21
1.0969405118110236
0
LINE
8
BLACK
6
CONTINUOUS
10
0.6294623228346456
20
1.0969405118110236
11
0.6321692913385827
21
1.0974789763779527
0
LINE
8
BLACK
6
CONTINUOUS
10
0.6321692913385827
20
1.0974789763779527
11
0.6343720472440945
21
1.097917125984252
0
LINE
8
BLACK
6
CONTINUOUS
10
0.6343720472440945
20
1.097917125984252
11
0.6389970078740157
21
1.0998328740157479
0
LINE
8
BLACK
6
CONTINUOUS
10
0.6389970078740157
20
1.0998328740157479
11
0.6431593307086614
21
1.1026140551181103
0
LINE
8
BLACK
6
CONTINUOUS
10
0.6431593307086614
20
1.1026140551181103
11
0.646699094488189
21
1.1061538188976379
0
LINE
8
BLACK
6
CONTINUOUS
10
0.646699094488189
20
1.1061538188976379
11
0.6494802755905512
21
1.1103161417322835
0
LINE
8
BLACK
6
CONTINUOUS
10
0.6494802755905512
20
1.1103161417322835
11
0.6513960236220472
21
1.1149411023622047
0
LINE
8
BLACK
6
CONTINUOUS
10
0.6513960236220472
20
1.1149411023622047
11
0.6523726377952755
21
1.1198509055118111
0
LINE
8
BLACK
6
CONTINUOUS
10
0.6523726377952755
20
1.1198509055118111
11
0.6523726377952755
21
1.1248568897637794
0
LINE
8
BLACK
6
CONTINUOUS
10
0.6523726377952755
20
1.1248568897637794
11
0.6516164960629921
21
1.1286582283464566
0
LINE
8
BLACK
6
CONTINUOUS
10
0.6516164960629921
20
1.1286582283464566
11
0.6518656299212598
21
1.1314422047244095
0
LINE
8
BLACK
6
CONTINUOUS
10
0.6518656299212598
20
1.1314422047244095
11
0.6535803543307086
21
1.1336495669291338
0
LINE
8
BLACK
6
CONTINUOUS
10
0.6535803543307086
20
1.1336495669291338
11
0.6562162598425196
21
1.1345794881889764
0
LINE
8
BLACK
6
CONTINUOUS
10
0.6562162598425196
20
1.1345794881889764
11
0.656481811023622
21
1.1345866141732284
0
LINE
8
BLACK
6
CONTINUOUS
10
0.656481811023622
20
1.1345866141732284
11
0.6575030708661417
21
1.1345866141732284
0
LINE
8
BLACK
6
CONTINUOUS
10
0.6575030708661417
20
1.1345866141732284
11
0.659957874015748
21
1.1350749212598426
0
LINE
8
BLACK
6
CONTINUOUS
10
0.659957874015748
20
1.1350749212598426
11
0.6624127952755905
21
1.1355632283464567
0
LINE
8
BLACK
6
CONTINUOUS
10
0.6624127952755905
20
1.1355632283464567
11
0.6670377559055118
21
1.1374789763779527
0
LINE
8
BLACK
6
CONTINUOUS
10
0.6670377559055118
20
1.1374789763779527
11
0.6712000787401574
21
1.1402601574803148
0
LINE
8
BLACK
6
CONTINUOUS
10
0.6712000787401574
20
1.1402601574803148
11
0.674739842519685
21
1.1437999212598424
0
LINE
8
BLACK
6
CONTINUOUS
10
0.674739842519685
20
1.1437999212598424
11
0.6775210236220472
21
1.1479622440944881
0
LINE
8
BLACK
6
CONTINUOUS
10
0.6775210236220472
20
1.1479622440944881
11
0.6794367716535433
21
1.1525872047244095
0
LINE
8
BLACK
6
CONTINUOUS
10
0.6794367716535433
20
1.1525872047244095
11
0.6804133858267717
21
1.1574970078740157
0
LINE
8
BLACK
6
CONTINUOUS
10
0.6804133858267717
20
1.1574970078740157
11
0.6804133858267717
21
1.1625029921259842
0
LINE
8
BLACK
6
CONTINUOUS
10
0.6804133858267717
20
1.1625029921259842
11
0.6794367716535433
21
1.1674127952755906
0
LINE
8
BLACK
6
CONTINUOUS
10
0.6794367716535433
20
1.1674127952755906
11
0.6775210236220472
21
1.1720377559055117
0
LINE
8
BLACK
6
CONTINUOUS
10
0.6775210236220472
20
1.1720377559055117
11
0.674739842519685
21
1.1762000787401574
0
LINE
8
BLACK
6
CONTINUOUS
10
0.674739842519685
20
1.1762000787401574
11
0.6712000787401574
21
1.179739842519685
0
LINE
8
BLACK
6
CONTINUOUS
10
0.6712000787401574
20
1.179739842519685
11
0.6670377559055118
21
1.1825210236220471
0
LINE
8
BLACK
6
CONTINUOUS
10
0.6670377559055118
20
1.1825210236220471
11
0.6624127952755905
21
1.1844367716535433
0
LINE
8
BLACK
6
CONTINUOUS
10
0.6624127952755905
20
1.1844367716535433
11
0.6575029921259843
21
1.1854133858267717
0
LINE
8
BLACK
6
CONTINUOUS
10
0.6575029921259843
20
1.1854133858267717
11
0.6524970078740158
21
1.1854133858267717
0
LINE
8
BLACK
6
CONTINUOUS
10
0.6524970078740158
20
1.1854133858267717
11
0.6475872047244094
21
1.1844367716535433
0
LINE
8
BLACK
6
CONTINUOUS
10
0.6475872047244094
20
1.1844367716535433
11
0.6429622440944882
21
1.1825210236220471
0
LINE
8
BLACK
6
CONTINUOUS
10
0.6429622440944882
20
1.1825210236220471
11
0.6387999212598425
21
1.179739842519685
0
LINE
8
BLACK
6
CONTINUOUS
10
0.6387999212598425
20
1.179739842519685
11
0.6387998031496063
21
1.1797397244094487
0
LINE
8
BLACK
6
CONTINUOUS
10
0.6387998031496063
20
1.1797397244094487
11
0.6379069291338583
21
1.1788468503937009
0
LINE
8
BLACK
6
CONTINUOUS
10
0.6379069291338583
20
1.1788468503937009
11
0.6354537007874016
21
1.1775072440944883
0
LINE
8
BLACK
6
CONTINUOUS
10
0.6354537007874016
20
1.1775072440944883
11
0.6326657086614174
21
1.1777066535433072
0
LINE
8
BLACK
6
CONTINUOUS
10
0.6326657086614174
20
1.1777066535433072
11
0.6308916535433071
21
1.1788467322834646
0
LINE
8
BLACK
6
CONTINUOUS
10
0.6308916535433071
20
1.1788467322834646
11
0.6094167322834646
21
1.2003217322834645
0
LINE
8
BLACK
6
CONTINUOUS
10
0.6094167322834646
20
1.2003217322834645
11
0.6078434251968504
21
1.2012300787401575
0
LINE
8
BLACK
6
CONTINUOUS
10
0.6078434251968504
20
1.2012300787401575
11
0.6062702755905511
21
1.2021383464566928
0
LINE
8
BLACK
6
CONTINUOUS
10
0.6062702755905511
20
1.2021383464566928
11
0.6062702362204724
21
1.2021383464566928
0
LINE
8
BLACK
6
CONTINUOUS
10
0.6062702362204724
20
1.2021383464566928
11
0.6062701181102362
21
1.2021384251968503
0
LINE
8
BLACK
6
CONTINUOUS
10
0.6062701181102362
20
1.2021384251968503
11
0.6027605118110236
21
1.2030788188976378
0
LINE
8
BLACK
6
CONTINUOUS
10
0.6027605118110236
20
1.2030788188976378
11
0.6027604330708661
21
1.2030788188976378
0
LINE
8
BLACK
6
CONTINUOUS
10
0.6027604330708661
20
1.2030788188976378
11
0.5477705511811023
21
1.2030788188976378
0
LINE
8
BLACK
6
CONTINUOUS
10
0.5477705511811023
20
1.2030788188976378
11
0.5450886220472441
21
1.2038662992125984
0
LINE
8
BLACK
6
CONTINUOUS
10
0.5450886220472441
20
1.2038662992125984
11
0.544263031496063
21
1.2045315748031495
0
LINE
8
BLACK
6
CONTINUOUS
10
0.544263031496063
20
1.2045315748031495
11
0.540232874015748
21
1.2085617716535433
0
LINE
8
BLACK
6
CONTINUOUS
10
0.540232874015748
20
1.2085617716535433
11
0.5386595669291339
21
1.2094701181102363
0
LINE
8
BLACK
6
CONTINUOUS
10
0.5386595669291339
20
1.2094701181102363
11
0.5370864173228347
21
1.2103783858267716
0
LINE
8
BLACK
6
CONTINUOUS
10
0.5370864173228347
20
1.2103783858267716
11
0.5370863779527559
21
1.2103783858267716
0
LINE
8
BLACK
6
CONTINUOUS
10
0.5370863779527559
20
1.2103783858267716
11
0.5370862598425197
21
1.2103784645669291
0
LINE
8
BLACK
6
CONTINUOUS
10
0.5370862598425197
20
1.2103784645669291
11
0.5335766535433071
21
1.2113188582677166
0
LINE
8
BLACK
6
CONTINUOUS
10
0.5335766535433071
20
1.2113188582677166
11
0.4807029527559055
21
1.2113188582677166
0
LINE
8
BLACK
6
CONTINUOUS
10
0.4807029527559055
20
1.2113188582677166
11
0.4797259842519685
21
1.2110570866141732
0
LINE
8
BLACK
6
CONTINUOUS
10
0.4797259842519685
20
1.2110570866141732
11
0.4769317716535433
21
1.2111235433070866
0
LINE
8
BLACK
6
CONTINUOUS
10
0.4769317716535433
20
1.2111235433070866
11
0.4746169291338583
21
1.2126901968503936
0
LINE
8
BLACK
6
CONTINUOUS
10
0.4746169291338583
20
1.2126901968503936
11
0.4735165748031496
21
1.2152596456692912
0
LINE
8
BLACK
6
CONTINUOUS
10
0.4735165748031496
20
1.2152596456692912
11
0.4739800393700787
21
1.2180161023622047
0
LINE
8
BLACK
6
CONTINUOUS
10
0.4739800393700787
20
1.2180161023622047
11
0.4749344488188976
21
1.2193563385826771
0
LINE
8
BLACK
6
CONTINUOUS
10
0.4749344488188976
20
1.2193563385826771
11
0.5835149212598425
21
1.327936811023622
0
LINE
8
BLACK
6
CONTINUOUS
10
0.5835149212598425
20
1.327936811023622
11
0.5859681496062992
21
1.3292764173228346
0
LINE
8
BLACK
6
CONTINUOUS
10
0.5859681496062992
20
1.3292764173228346
11
0.5870225984251969
21
1.3293897637795276
0
LINE
8
BLACK
6
CONTINUOUS
10
0.5870225984251969
20
1.3293897637795276
11
0.5935853937007873
21
1.3293897637795276
0
LINE
8
BLACK
6
CONTINUOUS
10
0.5935853937007873
20
1.3293897637795276
11
0.5935854724409448
21
1.3293897637795276
0
LINE
8
BLACK
6
CONTINUOUS
10
0.5935854724409448
20
1.3293897637795276
11
0.5968840157480315
21
1.330045905511811
0
LINE
8
BLACK
6
CONTINUOUS
10
0.5968840157480315
20
1.330045905511811
11
0.5985333464566929
21
1.3303739763779527
0
LINE
8
BLACK
6
CONTINUOUS
10
0.5985333464566929
20
1.3303739763779527
11
0.5985333858267716
21
1.3303740157480315
0
LINE
8
BLACK
6
CONTINUOUS
10
0.5985333858267716
20
1.3303740157480315
11
0.6031940551181102
21
1.332304527559055
0
LINE
8
BLACK
6
CONTINUOUS
10
0.6031940551181102
20
1.332304527559055
11
0.6073886220472441
21
1.3351072047244095
0
LINE
8
BLACK
6
CONTINUOUS
10
0.6073886220472441
20
1.3351072047244095
11
0.607388779527559
21
1.3351073228346457
0
LINE
8
BLACK
6
CONTINUOUS
10
0.607388779527559
20
1.3351073228346457
11
0.6898924803149606
21
1.4176110236220472
0
LINE
8
BLACK
6
CONTINUOUS
10
0.6898924803149606
20
1.4176110236220472
11
0.6898926771653543
21
1.4176112598425197
0
LINE
8
BLACK
6
CONTINUOUS
10
0.6898926771653543
20
1.4176112598425197
11
0.6898927559055118
21
1.4176113385826772
0
LINE
8
BLACK
6
CONTINUOUS
10
0.6898927559055118
20
1.4176113385826772
11
0.6926954724409449
21
1.4218059448818898
0
LINE
8
BLACK
6
CONTINUOUS
10
0.6926954724409449
20
1.4218059448818898
11
0.6946260236220472
21
1.4264666929133858
0
LINE
8
BLACK
6
CONTINUOUS
10
0.6946260236220472
20
1.4264666929133858
11
0.6956102362204725
21
1.4314145275590551
0
LINE
8
BLACK
6
CONTINUOUS
10
0.6956102362204725
20
1.4314145275590551
11
0.6956102362204725
21
1.4657775590551181
0
LINE
8
BLACK
6
CONTINUOUS
10
0.6956102362204725
20
1.4657775590551181
11
0.6956102362204725
21
1.4885854724409449
0
LINE
8
BLACK
6
CONTINUOUS
10
0.6956102362204725
20
1.4885854724409449
11
0.6946260236220472
21
1.4935333070866141
0
LINE
8
BLACK
6
CONTINUOUS
10
0.6946260236220472
20
1.4935333070866141
11
0.6926954724409449
21
1.4981940551181101
0
LINE
8
BLACK
6
CONTINUOUS
10
0.6926954724409449
20
1.4981940551181101
11
0.6919505118110236
21
1.4993089763779528
0
LINE
8
BLACK
6
CONTINUOUS
10
0.6919505118110236
20
1.4993089763779528
11
0.6898927559055118
21
1.5023886614173227
0
LINE
8
BLACK
6
CONTINUOUS
10
0.6898927559055118
20
1.5023886614173227
11
0.6293466535433071
21
1.5629347637795274
0
LINE
8
BLACK
6
CONTINUOUS
10
0.6293466535433071
20
1.5629347637795274
11
0.6280070472440945
21
1.5653879921259841
0
LINE
8
BLACK
6
CONTINUOUS
10
0.6280070472440945
20
1.5653879921259841
11
0.6279651574803149
21
1.5657775590551182
0
LINE
8
BLACK
6
CONTINUOUS
10
0.6279651574803149
20
1.5657775590551182
11
0.6278937007874016
21
1.5664424409448818
0
LINE
8
BLACK
6
CONTINUOUS
10
0.6278937007874016
20
1.5664424409448818
11
0.6278937007874016
21
1.5907774015748031
0
LINE
8
BLACK
6
CONTINUOUS
10
0.6278937007874016
20
1.5907774015748031
11
0.6278937007874016
21
1.5907774803149606
0
LINE
8
BLACK
6
CONTINUOUS
10
0.6278937007874016
20
1.5907774803149606
11
0.6274357086614173
21
1.5930799606299213
0
LINE
8
BLACK
6
CONTINUOUS
10
0.6274357086614173
20
1.5930799606299213
11
0.6256910236220472
21
1.5956910236220472
0
LINE
8
BLACK
6
CONTINUOUS
10
0.6256910236220472
20
1.5956910236220472
11
0.6230799606299212
21
1.5974357086614173
0
LINE
8
BLACK
6
CONTINUOUS
10
0.6230799606299212
20
1.5974357086614173
11
0.6207774803149606
21
1.5978937007874014
0
LINE
8
BLACK
6
CONTINUOUS
10
0.6207774803149606
20
1.5978937007874014
11
0.5592225196850393
21
1.5978937007874014
0
LINE
8
BLACK
6
CONTINUOUS
10
0.5592225196850393
20
1.5978937007874014
11
0.5569200393700787
21
1.5974357086614173
0
LINE
8
BLACK
6
CONTINUOUS
10
0.5569200393700787
20
1.5974357086614173
11
0.5543089763779527
21
1.5956910236220472
0
LINE
8
BLACK
6
CONTINUOUS
10
0.5543089763779527
20
1.5956910236220472
11
0.5525642913385826
21
1.5930799606299213
0
LINE
8
BLACK
6
CONTINUOUS
10
0.5525642913385826
20
1.5930799606299213
11
0.5525642519685039
21
1.593079842519685
0
LINE
8
BLACK
6
CONTINUOUS
10
0.5525642519685039
20
1.593079842519685
11
0.5521062992125985
21
1.5907775590551181
0
LINE
8
BLACK
6
CONTINUOUS
10
0.5521062992125985
20
1.5907775590551181
11
0.5521062992125985
21
1.529222401574803
0
LINE
8
BLACK
6
CONTINUOUS
10
0.5521062992125985
20
1.529222401574803
11
0.5525642519685039
21
1.5269201181102361
0
LINE
8
BLACK
6
CONTINUOUS
10
0.5525642519685039
20
1.5269201181102361
11
0.5525642913385826
21
1.5269200000000001
0
LINE
8
BLACK
6
CONTINUOUS
10
0.5525642913385826
20
1.5269200000000001
11
0.5543089763779527
21
1.5243089763779527
0
LINE
8
BLACK
6
CONTINUOUS
10
0.5543089763779527
20
1.5243089763779527
11
0.55692
21
1.5225642913385826
0
LINE
8
BLACK
6
CONTINUOUS
10
0.55692
20
1.5225642913385826
11
0.5569201181102362
21
1.5225642519685039
0
LINE
8
BLACK
6
CONTINUOUS
10
0.5569201181102362
20
1.5225642519685039
11
0.5592224015748032
21
1.5221062992125984
0
LINE
8
BLACK
6
CONTINUOUS
10
0.5592224015748032
20
1.5221062992125984
11
0.5592225196850393
21
1.5221062992125984
0
LINE
8
BLACK
6
CONTINUOUS
10
0.5592225196850393
20
1.5221062992125984
11
0.5956836614173229
21
1.5221062992125984
0
LINE
8
BLACK
6
CONTINUOUS
10
0.5956836614173229
20
1.5221062992125984
11
0.5983655905511811
21
1.5213188188976379
0
LINE
8
BLACK
6
CONTINUOUS
10
0.5983655905511811
20
1.5213188188976379
11
0.5991913779527559
21
1.5206533464566929
0
LINE
8
BLACK
6
CONTINUOUS
10
0.5991913779527559
20
1.5206533464566929
11
0.6134826771653543
21
1.5063620078740156
0
LINE
8
BLACK
6
CONTINUOUS
10
0.6134826771653543
20
1.5063620078740156
11
0.6148222440944882
21
1.503908779527559
0
LINE
8
BLACK
6
CONTINUOUS
10
0.6148222440944882
20
1.503908779527559
11
0.6146228346456692
21
1.5011207480314961
0
LINE
8
BLACK
6
CONTINUOUS
10
0.6146228346456692
20
1.5011207480314961
11
0.6129477559055118
21
1.4988831496062991
0
LINE
8
BLACK
6
CONTINUOUS
10
0.6129477559055118
20
1.4988831496062991
11
0.6103288582677165
21
1.4979063385826772
0
LINE
8
BLACK
6
CONTINUOUS
10
0.6103288582677165
20
1.4979063385826772
11
0.6099749606299213
21
1.4978937007874016
0
LINE
8
BLACK
6
CONTINUOUS
10
0.6099749606299213
20
1.4978937007874016
11
0.5592225196850393
21
1.4978937007874016
0
LINE
8
BLACK
6
CONTINUOUS
10
0.5592225196850393
20
1.4978937007874016
11
0.5569200393700787
21
1.4974357086614174
0
LINE
8
BLACK
6
CONTINUOUS
10
0.5569200393700787
20
1.4974357086614174
11
0.5543089763779527
21
1.4956910236220473
0
LINE
8
BLACK
6
CONTINUOUS
10
0.5543089763779527
20
1.4956910236220473
11
0.5528672834645669
21
1.4935333858267716
0
LINE
8
BLACK
6
CONTINUOUS
10
0.5528672834645669
20
1.4935333858267716
11
0.5525642913385826
21
1.4930799606299212
0
LINE
8
BLACK
6
CONTINUOUS
10
0.5525642913385826
20
1.4930799606299212
11
0.5525642519685039
21
1.493079842519685
0
LINE
8
BLACK
6
CONTINUOUS
10
0.5525642519685039
20
1.493079842519685
11
0.5521062992125985
21
1.490777559055118
0
LINE
8
BLACK
6
CONTINUOUS
10
0.5521062992125985
20
1.490777559055118
11
0.5521062992125985
21
1.4292224015748032
0
LINE
8
BLACK
6
CONTINUOUS
10
0.5521062992125985
20
1.4292224015748032
11
0.5525642519685039
21
1.4269201181102362
0
LINE
8
BLACK
6
CONTINUOUS
10
0.5525642519685039
20
1.4269201181102362
11
0.5525642913385826
21
1.42692
0
LINE
8
BLACK
6
CONTINUOUS
10
0.5525642913385826
20
1.42692
11
0.5543089763779527
21
1.4243089763779526
0
LINE
8
BLACK
6
CONTINUOUS
10
0.5543089763779527
20
1.4243089763779526
11
0.55692
21
1.4225642913385828
0
LINE
8
BLACK
6
CONTINUOUS
10
0.55692
20
1.4225642913385828
11
0.5569201181102362
21
1.422564251968504
0
LINE
8
BLACK
6
CONTINUOUS
10
0.5569201181102362
20
1.422564251968504
11
0.5592224015748032
21
1.4221062992125983
0
LINE
8
BLACK
6
CONTINUOUS
10
0.5592224015748032
20
1.4221062992125983
11
0.6099750393700787
21
1.4221062992125983
0
LINE
8
BLACK
6
CONTINUOUS
10
0.6099750393700787
20
1.4221062992125983
11
0.612656968503937
21
1.4213188188976378
0
LINE
8
BLACK
6
CONTINUOUS
10
0.612656968503937
20
1.4213188188976378
11
0.6144874015748031
21
1.4192063779527559
0
LINE
8
BLACK
6
CONTINUOUS
10
0.6144874015748031
20
1.4192063779527559
11
0.6148851968503937
21
1.4164396850393701
0
LINE
8
BLACK
6
CONTINUOUS
10
0.6148851968503937
20
1.4164396850393701
11
0.6137240157480315
21
1.4138971653543306
0
LINE
8
BLACK
6
CONTINUOUS
10
0.6137240157480315
20
1.4138971653543306
11
0.6134827165354331
21
1.4136379921259843
0
LINE
8
BLACK
6
CONTINUOUS
10
0.6134827165354331
20
1.4136379921259843
11
0.5819079133858268
21
1.3820631889763779
0
LINE
8
BLACK
6
CONTINUOUS
10
0.5819079133858268
20
1.3820631889763779
11
0.57945468503937
21
1.3807235826771653
0
LINE
8
BLACK
6
CONTINUOUS
10
0.57945468503937
20
1.3807235826771653
11
0.5784002362204724
21
1.3806102362204724
0
LINE
8
BLACK
6
CONTINUOUS
10
0.5784002362204724
20
1.3806102362204724
11
0.5718373622047244
21
1.3806102362204724
0
LINE
8
BLACK
6
CONTINUOUS
10
0.5718373622047244
20
1.3806102362204724
11
0.5668895275590551
21
1.3796260236220472
0
LINE
8
BLACK
6
CONTINUOUS
10
0.5668895275590551
20
1.3796260236220472
11
0.562228779527559
21
1.3776954724409449
0
LINE
8
BLACK
6
CONTINUOUS
10
0.562228779527559
20
1.3776954724409449
11
0.5580341732283465
21
1.3748927559055117
0
LINE
8
BLACK
6
CONTINUOUS
10
0.5580341732283465
20
1.3748927559055117
11
0.558034094488189
21
1.3748926771653542
0
LINE
8
BLACK
6
CONTINUOUS
10
0.558034094488189
20
1.3748926771653542
11
0.5580338582677166
21
1.3748924803149607
0
LINE
8
BLACK
6
CONTINUOUS
10
0.5580338582677166
20
1.3748924803149607
11
0.4040785433070866
21
1.2209371653543306
0
LINE
8
BLACK
6
CONTINUOUS
10
0.4040785433070866
20
1.2209371653543306
11
0.4016253149606299
21
1.219597559055118
0
LINE
8
BLACK
6
CONTINUOUS
10
0.4016253149606299
20
1.219597559055118
11
0.3988373228346457
21
1.2197969685039369
0
LINE
8
BLACK
6
CONTINUOUS
10
0.3988373228346457
20
1.2197969685039369
11
0.39659968503937
21
1.2214720472440945
0
LINE
8
BLACK
6
CONTINUOUS
10
0.39659968503937
20
1.2214720472440945
11
0.395622874015748
21
1.2240909448818897
0
LINE
8
BLACK
6
CONTINUOUS
10
0.395622874015748
20
1.2240909448818897
11
0.3956102362204724
21
1.224444842519685
0
LINE
8
BLACK
6
CONTINUOUS
10
0.3956102362204724
20
1.224444842519685
11
0.3956102362204724
21
1.4334002362204723
0
LINE
8
BLACK
6
CONTINUOUS
10
0.3956102362204724
20
1.4334002362204723
11
0.396397716535433
21
1.4360821653543308
0
LINE
8
BLACK
6
CONTINUOUS
10
0.396397716535433
20
1.4360821653543308
11
0.3970631889763779
21
1.4369079133858267
0
LINE
8
BLACK
6
CONTINUOUS
10
0.3970631889763779
20
1.4369079133858267
11
0.4436379921259843
21
1.483482716535433
0
LINE
8
BLACK
6
CONTINUOUS
10
0.4436379921259843
20
1.483482716535433
11
0.4460912204724409
21
1.4848223228346455
0
LINE
8
BLACK
6
CONTINUOUS
10
0.4460912204724409
20
1.4848223228346455
11
0.4488792125984252
21
1.4846229133858266
0
LINE
8
BLACK
6
CONTINUOUS
10
0.4488792125984252
20
1.4846229133858266
11
0.4511168503937008
21
1.4829478346456693
0
LINE
8
BLACK
6
CONTINUOUS
10
0.4511168503937008
20
1.4829478346456693
11
0.4520936614173228
21
1.480328937007874
0
LINE
8
BLACK
6
CONTINUOUS
10
0.4520936614173228
20
1.480328937007874
11
0.4521062992125984
21
1.4799750393700788
0
LINE
8
BLACK
6
CONTINUOUS
10
0.4521062992125984
20
1.4799750393700788
11
0.4521062992125984
21
1.4292224015748032
0
LINE
8
BLACK
6
CONTINUOUS
10
0.4521062992125984
20
1.4292224015748032
11
0.4525642519685039
21
1.4269201181102362
0
LINE
8
BLACK
6
CONTINUOUS
10
0.4525642519685039
20
1.4269201181102362
11
0.4525642913385827
21
1.42692
0
LINE
8
BLACK
6
CONTINUOUS
10
0.4525642913385827
20
1.42692
11
0.4543089763779528
21
1.4243089763779526
0
LINE
8
BLACK
6
CONTINUOUS
10
0.4543089763779528
20
1.4243089763779526
11
0.45692
21
1.4225642913385828
0
LINE
8
BLACK
6
CONTINUOUS
10
0.45692
20
1.4225642913385828
11
0.4569201181102362
21
1.422564251968504
0
LINE
8
BLACK
6
CONTINUOUS
10
0.4569201181102362
20
1.422564251968504
11
0.4592224015748032
21
1.4221062992125983
0
LINE
8
BLACK
6
CONTINUOUS
10
0.4592224015748032
20
1.4221062992125983
11
0.4592225196850394
21
1.4221062992125983
0
LINE
8
BLACK
6
CONTINUOUS
10
0.4592225196850394
20
1.4221062992125983
11
0.5207775590551181
21
1.4221062992125983
0
LINE
8
BLACK
6
CONTINUOUS
10
0.5207775590551181
20
1.4221062992125983
11
0.523079842519685
21
1.422564251968504
0
LINE
8
BLACK
6
CONTINUOUS
10
0.523079842519685
20
1.422564251968504
11
0.5230799606299212
21
1.4225642913385828
0
LINE
8
BLACK
6
CONTINUOUS
10
0.5230799606299212
20
1.4225642913385828
11
0.5256910236220472
21
1.4243089763779526
0
LINE
8
BLACK
6
CONTINUOUS
10
0.5256910236220472
20
1.4243089763779526
11
0.5274357086614173
21
1.4269200393700787
0
LINE
8
BLACK
6
CONTINUOUS
10
0.5274357086614173
20
1.4269200393700787
11
0.5278937007874016
21
1.4292225196850394
0
LINE
8
BLACK
6
CONTINUOUS
10
0.5278937007874016
20
1.4292225196850394
11
0.5278937007874016
21
1.4907774803149605
0
LINE
8
BLACK
6
CONTINUOUS
10
0.5278937007874016
20
1.4907774803149605
11
0.5274357086614173
21
1.4930799606299212
0
LINE
8
BLACK
6
CONTINUOUS
10
0.5274357086614173
20
1.4930799606299212
11
0.5256910236220472
21
1.4956910236220473
0
LINE
8
BLACK
6
CONTINUOUS
10
0.5256910236220472
20
1.4956910236220473
11
0.5230799606299212
21
1.4974357086614174
0
LINE
8
BLACK
6
CONTINUOUS
10
0.5230799606299212
20
1.4974357086614174
11
0.5207774803149606
21
1.4978937007874016
0
LINE
8
BLACK
6
CONTINUOUS
10
0.5207774803149606
20
1.4978937007874016
11
0.4700249212598425
21
1.4978937007874016
0
LINE
8
BLACK
6
CONTINUOUS
10
0.4700249212598425
20
1.4978937007874016
11
0.4673429921259842
21
1.4986811811023621
0
LINE
8
BLACK
6
CONTINUOUS
10
0.4673429921259842
20
1.4986811811023621
11
0.4655125590551181
21
1.500793622047244
0
LINE
8
BLACK
6
CONTINUOUS
10
0.4655125590551181
20
1.500793622047244
11
0.4651147637795275
21
1.5035603149606298
0
LINE
8
BLACK
6
CONTINUOUS
10
0.4651147637795275
20
1.5035603149606298
11
0.4662759448818897
21
1.5061028346456693
0
LINE
8
BLACK
6
CONTINUOUS
10
0.4662759448818897
20
1.5061028346456693
11
0.4665172440944882
21
1.5063620078740156
0
LINE
8
BLACK
6
CONTINUOUS
10
0.4665172440944882
20
1.5063620078740156
11
0.4808085826771654
21
1.5206533464566929
0
LINE
8
BLACK
6
CONTINUOUS
10
0.4808085826771654
20
1.5206533464566929
11
0.483261811023622
21
1.5219929527559055
0
LINE
8
BLACK
6
CONTINUOUS
10
0.483261811023622
20
1.5219929527559055
11
0.4843162598425197
21
1.5221062992125984
0
LINE
8
BLACK
6
CONTINUOUS
10
0.4843162598425197
20
1.5221062992125984
11
0.5207775590551181
21
1.5221062992125984
0
LINE
8
BLACK
6
CONTINUOUS
10
0.5207775590551181
20
1.5221062992125984
11
0.523079842519685
21
1.5225642519685039
0
LINE
8
BLACK
6
CONTINUOUS
10
0.523079842519685
20
1.5225642519685039
11
0.5230799606299212
21
1.5225642913385826
0
LINE
8
BLACK
6
CONTINUOUS
10
0.5230799606299212
20
1.5225642913385826
11
0.5256910236220472
21
1.5243089763779527
0
LINE
8
BLACK
6
CONTINUOUS
10
0.5256910236220472
20
1.5243089763779527
11
0.5274357086614173
21
1.5269200393700788
0
LINE
8
BLACK
6
CONTINUOUS
10
0.5274357086614173
20
1.5269200393700788
11
0.5278937007874016
21
1.5292225196850393
0
LINE
8
BLACK
6
CONTINUOUS
10
0.5278937007874016
20
1.5292225196850393
11
0.5278937007874016
21
1.5907774803149606
0
LINE
8
BLACK
6
CONTINUOUS
10
0.5278937007874016
20
1.5907774803149606
11
0.5274357086614173
21
1.5930799606299213
0
LINE
8
BLACK
6
CONTINUOUS
10
0.5274357086614173
20
1.5930799606299213
11
0.5256910236220472
21
1.5956910236220472
0
LINE
8
BLACK
6
CONTINUOUS
10
0.5256910236220472
20
1.5956910236220472
11
0.5230799606299212
21
1.5974357086614173
0
LINE
8
BLACK
6
CONTINUOUS
10
0.5230799606299212
20
1.5974357086614173
11
0.5207774803149606
21
1.5978937007874014
0
LINE
8
BLACK
6
CONTINUOUS
10
0.5207774803149606
20
1.5978937007874014
11
0.4592225196850394
21
1.5978937007874014
0
LINE
8
BLACK
6
CONTINUOUS
10
0.4592225196850394
20
1.5978937007874014
11
0.4569200393700787
21
1.5974357086614173
0
LINE
8
BLACK
6
CONTINUOUS
10
0.4569200393700787
20
1.5974357086614173
11
0.4543089763779528
21
1.5956910236220472
0
LINE
8
BLACK
6
CONTINUOUS
10
0.4543089763779528
20
1.5956910236220472
11
0.4525642913385827
21
1.5930799606299213
0
LINE
8
BLACK
6
CONTINUOUS
10
0.4525642913385827
20
1.5930799606299213
11
0.4525642519685039
21
1.593079842519685
0
LINE
8
BLACK
6
CONTINUOUS
10
0.4525642519685039
20
1.593079842519685
11
0.4521062992125984
21
1.5907775590551181
0
LINE
8
BLACK
6
CONTINUOUS
10
0.4521062992125984
20
1.5907775590551181
11
0.4521062992125984
21
1.5664424015748031
0
LINE
8
BLACK
6
CONTINUOUS
10
0.4521062992125984
20
1.5664424015748031
11
0.4513188188976378
21
1.5637604724409448
0
LINE
8
BLACK
6
CONTINUOUS
10
0.4513188188976378
20
1.5637604724409448
11
0.4506533464566929
21
1.5629347244094487
0
LINE
8
BLACK
6
CONTINUOUS
10
0.4506533464566929
20
1.5629347244094487
11
0.3501073228346457
21
1.462388779527559
0
LINE
8
BLACK
6
CONTINUOUS
10
0.3501073228346457
20
1.462388779527559
11
0.3501072047244094
21
1.462388622047244
0
LINE
8
BLACK
6
CONTINUOUS
10
0.3501072047244094
20
1.462388622047244
11
0.3482086220472441
21
1.4595471259842518
0
LINE
8
BLACK
6
CONTINUOUS
10
0.3482086220472441
20
1.4595471259842518
11
0.3473045275590551
21
1.4581940551181103
0
LINE
8
BLACK
6
CONTINUOUS
10
0.3473045275590551
20
1.4581940551181103
11
0.3467308267716535
21
1.4568089763779528
0
LINE
8
BLACK
6
CONTINUOUS
10
0.3467308267716535
20
1.4568089763779528
11
0.3453740157480315
21
1.4535333858267716
0
LINE
8
BLACK
6
CONTINUOUS
10
0.3453740157480315
20
1.4535333858267716
11
0.3453739763779528
21
1.4535333464566929
0
LINE
8
BLACK
6
CONTINUOUS
10
0.3453739763779528
20
1.4535333464566929
11
0.3443897637795276
21
1.4485853937007873
0
LINE
8
BLACK
6
CONTINUOUS
10
0.3443897637795276
20
1.4485853937007873
11
0.3443897637795276
21
1.3702292125984252
0
LINE
8
BLACK
6
CONTINUOUS
10
0.3443897637795276
20
1.3702292125984252
11
0.3442944488188976
21
1.3692614173228346
0
LINE
8
BLACK
6
CONTINUOUS
10
0.3442944488188976
20
1.3692614173228346
11
0.3435866141732283
21
1.3657029921259842
0
LINE
8
BLACK
6
CONTINUOUS
10
0.3435866141732283
20
1.3657029921259842
11
0.3435866141732283
21
1.3606967716535432
0
LINE
8
BLACK
6
CONTINUOUS
10
0.3435866141732283
20
1.3606967716535432
11
0.3442944488188976
21
1.3571383858267716
0
LINE
8
BLACK
6
CONTINUOUS
10
0.3442944488188976
20
1.3571383858267716
11
0.3443897637795276
21
1.3561705905511812
0
LINE
8
BLACK
6
CONTINUOUS
10
0.3443897637795276
20
1.3561705905511812
11
0.3443897637795276
21
1.1414628346456692
0
LINE
8
BLACK
6
CONTINUOUS
10
0.3443897637795276
20
1.1414628346456692
11
0.3436022834645669
21
1.138780905511811
0
LINE
8
BLACK
6
CONTINUOUS
10
0.3436022834645669
20
1.138780905511811
11
0.3429368110236221
21
1.1379551574803148
0
LINE
8
BLACK
6
CONTINUOUS
10
0.3429368110236221
20
1.1379551574803148
11
0.2247073228346457
21
1.0197257086614173
0
LINE
8
BLACK
6
CONTINUOUS
10
0.2247073228346457
20
1.0197257086614173
11
0.2247072047244094
21
1.0197255511811023
0
LINE
8
BLACK
6
CONTINUOUS
10
0.2247072047244094
20
1.0197255511811023
11
0.2223562992125984
21
1.016207125984252
0
LINE
8
BLACK
6
CONTINUOUS
10
0.2223562992125984
20
1.016207125984252
11
0.2219045275590551
21
1.0155309842519684
0
LINE
8
BLACK
6
CONTINUOUS
10
0.2219045275590551
20
1.0155309842519684
11
0.2201508661417323
21
1.0112972440944881
0
LINE
8
BLACK
6
CONTINUOUS
10
0.2201508661417323
20
1.0112972440944881
11
0.2199740157480315
21
1.01087031496063
0
LINE
8
BLACK
6
CONTINUOUS
10
0.2199740157480315
20
1.01087031496063
11
0.2199739763779527
21
1.0108702755905512
0
LINE
8
BLACK
6
CONTINUOUS
10
0.2199739763779527
20
1.0108702755905512
11
0.2189897637795276
21
1.0059223228346457
0
LINE
8
BLACK
6
CONTINUOUS
10
0.2189897637795276
20
1.0059223228346457
11
0.2189897637795276
21
0.9480731889763779
0
LINE
8
BLACK
6
CONTINUOUS
10
0.2189897637795276
20
0.9480731889763779
11
0.2189898031496063
21
0.9480721653543307
0
LINE
8
BLACK
6
CONTINUOUS
10
0.2189898031496063
20
0.9480721653543307
11
0.2189898031496063
21
0.9466775196850393
0
LINE
8
BLACK
6
CONTINUOUS
10
0.2189898031496063
20
0.9466775196850393
11
0.2199739763779527
21
0.9417297637795276
0
LINE
8
BLACK
6
CONTINUOUS
10
0.2199739763779527
20
0.9417297637795276
11
0.2199740551181102
21
0.9417295669291338
0
LINE
8
BLACK
6
CONTINUOUS
10
0.2199740551181102
20
0.9417295669291338
11
0.2219044881889764
21
0.937069094488189
0
LINE
8
BLACK
6
CONTINUOUS
10
0.2219044881889764
20
0.937069094488189
11
0.2247071653543307
21
0.9328744881889763
0
LINE
8
BLACK
6
CONTINUOUS
10
0.2247071653543307
20
0.9328744881889763
11
0.22766
21
0.9299216929133858
0
LINE
8
BLACK
6
CONTINUOUS
10
0.22766
20
0.9299216929133858
11
0.2365181889763779
21
0.9210635039370079
0
LINE
8
BLACK
6
CONTINUOUS
10
0.2365181889763779
20
0.9210635039370079
11
0.3075411023622047
21
0.8500405905511811
0
LINE
8
BLACK
6
CONTINUOUS
10
0.3075411023622047
20
0.8500405905511811
11
0.3088807086614173
21
0.8475873622047244
0
LINE
8
BLACK
6
CONTINUOUS
10
0.3088807086614173
20
0.8475873622047244
11
0.3089940551181102
21
0.8465329133858267
0
LINE
8
BLACK
6
CONTINUOUS
10
0.3089940551181102
20
0.8465329133858267
11
0.3089940551181102
21
0.6718340551181102
0
LINE
8
BLACK
6
CONTINUOUS
10
0.3089940551181102
20
0.6718340551181102
11
0.3086482283464567
21
0.6706562598425196
0
LINE
8
BLACK
6
CONTINUOUS
10
0.3086482283464567
20
0.6706562598425196
11
0.3083872834645669
21
0.6694566929133858
0
LINE
8
BLACK
6
CONTINUOUS
10
0.3083872834645669
20
0.6694566929133858
11
0.3082370866141732
21
0.6692560629921259
0
LINE
8
BLACK
6
CONTINUOUS
10
0.3082370866141732
20
0.6692560629921259
11
0.3082065748031496
21
0.669152125984252
0
LINE
8
BLACK
6
CONTINUOUS
10
0.3082065748031496
20
0.669152125984252
11
0.3075411023622047
21
0.6683263779527558
0
LINE
8
BLACK
6
CONTINUOUS
10
0.3075411023622047
20
0.6683263779527558
11
0.3012779133858268
21
0.6620631889763779
0
LINE
8
BLACK
6
CONTINUOUS
10
0.3012779133858268
20
0.6620631889763779
11
0.2988246850393701
21
0.6607235826771654
0
LINE
8
BLACK
6
CONTINUOUS
10
0.2988246850393701
20
0.6607235826771654
11
0.2977702362204724
21
0.6606102362204724
0
LINE
8
BLACK
6
CONTINUOUS
10
0.2977702362204724
20
0.6606102362204724
11
0.2878543307086614
21
0.6606102362204724
0
LINE
8
BLACK
6
CONTINUOUS
10
0.2878543307086614
20
0.6606102362204724
11
0.2851724015748032
21
0.6613977165354331
0
LINE
8
BLACK
6
CONTINUOUS
10
0.2851724015748032
20
0.6613977165354331
11
0.283341968503937
21
0.6635101574803149
0
LINE
8
BLACK
6
CONTINUOUS
10
0.283341968503937
20
0.6635101574803149
11
0.2828937007874016
21
0.6655708661417322
0
LINE
8
BLACK
6
CONTINUOUS
10
0.2828937007874016
20
0.6655708661417322
11
0.2828937007874016
21
0.6657774015748031
0
LINE
8
BLACK
6
CONTINUOUS
10
0.2828937007874016
20
0.6657774015748031
11
0.2828937007874016
21
0.6657774803149606
0
LINE
8
BLACK
6
CONTINUOUS
10
0.2828937007874016
20
0.6657774803149606
11
0.2824357086614173
21
0.6680799606299213
0
LINE
8
BLACK
6
CONTINUOUS
10
0.2824357086614173
20
0.6680799606299213
11
0.2806910236220472
21
0.6706910236220472
0
LINE
8
BLACK
6
CONTINUOUS
10
0.2806910236220472
20
0.6706910236220472
11
0.2780799606299212
21
0.6724357086614173
0
LINE
8
BLACK
6
CONTINUOUS
10
0.2780799606299212
20
0.6724357086614173
11
0.2757774803149606
21
0.6728937007874015
0
LINE
8
BLACK
6
CONTINUOUS
10
0.2757774803149606
20
0.6728937007874015
11
0.2142225196850394
21
0.6728937007874015
0
LINE
8
BLACK
6
CONTINUOUS
10
0.2142225196850394
20
0.6728937007874015
11
0.2119200393700787
21
0.6724357086614173
0
LINE
8
BLACK
6
CONTINUOUS
10
0.2119200393700787
20
0.6724357086614173
11
0.2093089763779528
21
0.6706910236220472
0
LINE
8
BLACK
6
CONTINUOUS
10
0.2093089763779528
20
0.6706910236220472
11
0.2086998031496063
21
0.6697793307086614
0
LINE
8
BLACK
6
CONTINUOUS
10
0.2086998031496063
20
0.6697793307086614
11
0.2075642913385827
21
0.6680799606299213
0
LINE
8
BLACK
6
CONTINUOUS
10
0.2075642913385827
20
0.6680799606299213
11
0.2075642519685039
21
0.668079842519685
0
LINE
8
BLACK
6
CONTINUOUS
10
0.2075642519685039
20
0.668079842519685
11
0.2071062992125984
21
0.665777559055118
0
LINE
8
BLACK
6
CONTINUOUS
10
0.2071062992125984
20
0.665777559055118
11
0.2071062992125984
21
0.6042224015748031
0
LINE
8
BLACK
6
CONTINUOUS
10
0.5269200393700787
20
0.7474357086614173
11
0.5243089763779527
21
0.7456910236220472
0
LINE
8
BLACK
6
CONTINUOUS
10
0.5243089763779527
20
0.7456910236220472
11
0.5225642913385826
21
0.7430799606299212
0
LINE
8
BLACK
6
CONTINUOUS
10
0.5225642913385826
20
0.7430799606299212
11
0.522564251968504
21
0.7430798425196851
0
LINE
8
BLACK
6
CONTINUOUS
10
0.522564251968504
20
0.7430798425196851
11
0.5221062992125984
21
0.7407775590551181
0
LINE
8
BLACK
6
CONTINUOUS
10
0.5221062992125984
20
0.7407775590551181
11
0.5221062992125984
21
0.6792224015748032
0
LINE
8
BLACK
6
CONTINUOUS
10
0.5221062992125984
20
0.6792224015748032
11
0.522564251968504
21
0.6769201181102362
0
LINE
8
BLACK
6
CONTINUOUS
10
0.522564251968504
20
0.6769201181102362
11
0.5225642913385826
21
0.67692
0
LINE
8
BLACK
6
CONTINUOUS
10
0.5225642913385826
20
0.67692
11
0.5243089763779527
21
0.6743089763779527
0
LINE
8
BLACK
6
CONTINUOUS
10
0.5243089763779527
20
0.6743089763779527
11
0.5269199999999999
21
0.6725642913385826
0
LINE
8
BLACK
6
CONTINUOUS
10
0.5269199999999999
20
0.6725642913385826
11
0.5269201181102362
21
0.6725642519685039
0
LINE
8
BLACK
6
CONTINUOUS
10
0.5269201181102362
20
0.6725642519685039
11
0.5292224015748032
21
0.6721062992125985
0
LINE
8
BLACK
6
CONTINUOUS
10
0.5292224015748032
20
0.6721062992125985
11
0.5292225196850393
21
0.6721062992125985
0
LINE
8
BLACK
6
CONTINUOUS
10
0.5292225196850393
20
0.6721062992125985
11
0.5907775590551181
21
0.6721062992125985
0
LINE
8
BLACK
6
CONTINUOUS
10
0.5907775590551181
20
0.6721062992125985
11
0.593079842519685
21
0.6725642519685039
0
LINE
8
BLACK
6
CONTINUOUS
10
0.593079842519685
20
0.6725642519685039
11
0.5930799606299213
21
0.6725642913385826
0
LINE
8
BLACK
6
CONTINUOUS
10
0.5930799606299213
20
0.6725642913385826
11
0.5935729527559055
21
0.6728937007874015
0
LINE
8
BLACK
6
CONTINUOUS
10
0.5935729527559055
20
0.6728937007874015
11
0.5956910236220472
21
0.6743089763779527
0
LINE
8
BLACK
6
CONTINUOUS
10
0.5956910236220472
20
0.6743089763779527
11
0.5974357086614173
21
0.6769200393700787
0
LINE
8
BLACK
6
CONTINUOUS
10
0.5974357086614173
20
0.6769200393700787
11
0.5978937007874016
21
0.6792225196850393
0
LINE
8
BLACK
6
CONTINUOUS
10
0.5978937007874016
20
0.6792225196850393
11
0.5978937007874016
21
0.7407774803149606
0
LINE
8
BLACK
6
CONTINUOUS
10
0.5978937007874016
20
0.7407774803149606
11
0.5978937007874016
21
0.7407775590551181
0
LINE
8
BLACK
6
CONTINUOUS
10
0.5978937007874016
20
0.7407775590551181
11
0.5974357086614173
21
0.7430799606299212
0
LINE
8
BLACK
6
CONTINUOUS
10
0.5974357086614173
20
0.7430799606299212
11
0.5956910236220472
21
0.7456910236220472
0
LINE
8
BLACK
6
CONTINUOUS
10
0.5956910236220472
20
0.7456910236220472
11
0.5930799606299213
21
0.7474357086614173
0
LINE
8
BLACK
6
CONTINUOUS
10
0.5930799606299213
20
0.7474357086614173
11
0.5907774803149606
21
0.7478937007874016
0
LINE
8
BLACK
6
CONTINUOUS
10
0.5907774803149606
20
0.7478937007874016
11
0.5292225196850393
21
0.7478937007874016
0
LINE
8
BLACK
6
CONTINUOUS
10
0.5292225196850393
20
0.7478937007874016
11
0.5269200393700787
21
0.7474357086614173
0
LINE
8
BLACK
6
CONTINUOUS
10
0.6221062992125984
20
0.6792224015748032
11
0.622564251968504
21
0.6769201181102362
0
LINE
8
BLACK
6
CONTINUOUS
10
0.622564251968504
20
0.6769201181102362
11
0.6225642913385827
21
0.67692
0
LINE
8
BLACK
6
CONTINUOUS
10
0.6225642913385827
20
0.67692
11
0.6243089763779528
21
0.6743089763779527
0
LINE
8
BLACK
6
CONTINUOUS
10
0.6243089763779528
20
0.6743089763779527
11
0.62692
21
0.6725642913385826
0
LINE
8
BLACK
6
CONTINUOUS
10
0.62692
20
0.6725642913385826
11
0.6269201181102362
21
0.6725642519685039
0
LINE
8
BLACK
6
CONTINUOUS
10
0.6269201181102362
20
0.6725642519685039
11
0.6292224015748031
21
0.6721062992125985
0
LINE
8
BLACK
6
CONTINUOUS
10
0.6292224015748031
20
0.6721062992125985
11
0.6292225196850394
21
0.6721062992125985
0
LINE
8
BLACK
6
CONTINUOUS
10
0.6292225196850394
20
0.6721062992125985
11
0.6907775590551181
21
0.6721062992125985
0
LINE
8
BLACK
6
CONTINUOUS
10
0.6907775590551181
20
0.6721062992125985
11
0.693079842519685
21
0.6725642519685039
0
LINE
8
BLACK
6
CONTINUOUS
10
0.693079842519685
20
0.6725642519685039
11
0.6930799606299213
21
0.6725642913385826
0
LINE
8
BLACK
6
CONTINUOUS
10
0.6930799606299213
20
0.6725642913385826
11
0.6935729527559055
21
0.6728937007874015
0
LINE
8
BLACK
6
CONTINUOUS
10
0.6935729527559055
20
0.6728937007874015
11
0.6956910236220473
21
0.6743089763779527
0
LINE
8
BLACK
6
CONTINUOUS
10
0.6956910236220473
20
0.6743089763779527
11
0.6974357086614174
21
0.6769200393700787
0
LINE
8
BLACK
6
CONTINUOUS
10
0.6974357086614174
20
0.6769200393700787
11
0.6978937007874015
21
0.6792225196850393
0
LINE
8
BLACK
6
CONTINUOUS
10
0.6978937007874015
20
0.6792225196850393
11
0.6978937007874015
21
0.7407774803149606
0
LINE
8
BLACK
6
CONTINUOUS
10
0.6978937007874015
20
0.7407774803149606
11
0.6978937007874015
21
0.7407775590551181
0
LINE
8
BLACK
6
CONTINUOUS
10
0.6978937007874015
20
0.7407775590551181
11
0.6974357086614174
21
0.7430799606299212
0
LINE
8
BLACK
6
CONTINUOUS
10
0.6974357086614174
20
0.7430799606299212
11
0.6956910236220473
21
0.7456910236220472
0
LINE
8
BLACK
6
CONTINUOUS
10
0.6956910236220473
20
0.7456910236220472
11
0.6930799606299213
21
0.7474357086614173
0
LINE
8
BLACK
6
CONTINUOUS
10
0.6930799606299213
20
0.7474357086614173
11
0.6907774803149607
21
0.7478937007874016
0
LINE
8
BLACK
6
CONTINUOUS
10
0.6907774803149607
20
0.7478937007874016
11
0.6292225196850394
21
0.7478937007874016
0
LINE
8
BLACK
6
CONTINUOUS
10
0.6292225196850394
20
0.7478937007874016
11
0.6269200393700787
21
0.7474357086614173
0
LINE
8
BLACK
6
CONTINUOUS
10
0.6269200393700787
20
0.7474357086614173
11
0.6243089763779528
21
0.7456910236220472
0
LINE
8
BLACK
6
CONTINUOUS
10
0.6243089763779528
20
0.7456910236220472
11
0.6225642913385827
21
0.7430799606299212
0
LINE
8
BLACK
6
CONTINUOUS
10
0.6225642913385827
20
0.7430799606299212
11
0.622564251968504
21
0.7430798425196851
0
LINE
8
BLACK
6
CONTINUOUS
10
0.622564251968504
20
0.7430798425196851
11
0.6221062992125984
21
0.7407775590551181
0
LINE
8
BLACK
6
CONTINUOUS
10
0.6221062992125984
20
0.7407775590551181
11
0.6221062992125984
21
0.6792224015748032
0
LINE
8
BLACK
6
CONTINUOUS
10
0.7221062992125984
20
0.6792224015748032
11
0.7225642519685039
21
0.6769201181102362
0
LINE
8
BLACK
6
CONTINUOUS
10
0.7225642519685039
20
0.6769201181102362
11
0.7225642913385827
21
0.67692
0
LINE
8
BLACK
6
CONTINUOUS
10
0.7225642913385827
20
0.67692
11
0.7243089763779528
21
0.6743089763779527
0
LINE
8
BLACK
6
CONTINUOUS
10
0.7243089763779528
20
0.6743089763779527
11
0.72692
21
0.6725642913385826
0
LINE
8
BLACK
6
CONTINUOUS
10
0.72692
20
0.6725642913385826
11
0.7269201181102362
21
0.6725642519685039
0
LINE
8
BLACK
6
CONTINUOUS
10
0.7269201181102362
20
0.6725642519685039
11
0.7292224015748031
21
0.6721062992125985
0
LINE
8
BLACK
6
CONTINUOUS
10
0.7292224015748031
20
0.6721062992125985
11
0.7292225196850394
21
0.6721062992125985
0
LINE
8
BLACK
6
CONTINUOUS
10
0.7292225196850394
20
0.6721062992125985
11
0.790777559055118
21
0.6721062992125985
0
LINE
8
BLACK
6
CONTINUOUS
10
0.790777559055118
20
0.6721062992125985
11
0.793079842519685
21
0.6725642519685039
0
LINE
8
BLACK
6
CONTINUOUS
10
0.793079842519685
20
0.6725642519685039
11
0.7930799606299213
21
0.6725642913385826
0
LINE
8
BLACK
6
CONTINUOUS
10
0.7930799606299213
20
0.6725642913385826
11
0.7935729527559054
21
0.6728937007874015
0
LINE
8
BLACK
6
CONTINUOUS
10
0.7935729527559054
20
0.6728937007874015
11
0.7956910236220472
21
0.6743089763779527
0
LINE
8
BLACK
6
CONTINUOUS
10
0.7956910236220472
20
0.6743089763779527
11
0.7974357086614173
21
0.6769200393700787
0
LINE
8
BLACK
6
CONTINUOUS
10
0.7974357086614173
20
0.6769200393700787
11
0.7978937007874015
21
0.6792225196850393
0
LINE
8
BLACK
6
CONTINUOUS
10
0.7978937007874015
20
0.6792225196850393
11
0.7978937007874015
21
0.7407774803149606
0
LINE
8
BLACK
6
CONTINUOUS
10
0.7978937007874015
20
0.7407774803149606
11
0.7978937007874015
21
0.7407775590551181
0
LINE
8
BLACK
6
CONTINUOUS
10
0.7978937007874015
20
0.7407775590551181
11
0.7974357086614173
21
0.7430799606299212
0
LINE
8
BLACK
6
CONTINUOUS
10
0.7974357086614173
20
0.7430799606299212
11
0.7956910236220472
21
0.7456910236220472
0
LINE
8
BLACK
6
CONTINUOUS
10
0.7956910236220472
20
0.7456910236220472
11
0.7930799606299213
21
0.7474357086614173
0
LINE
8
BLACK
6
CONTINUOUS
10
0.7930799606299213
20
0.7474357086614173
11
0.7907774803149606
21
0.7478937007874016
0
LINE
8
BLACK
6
CONTINUOUS
10
0.7907774803149606
20
0.7478937007874016
11
0.7292225196850394
21
0.7478937007874016
0
LINE
8
BLACK
6
CONTINUOUS
10
0.7292225196850394
20
0.7478937007874016
11
0.7269200393700788
21
0.7474357086614173
0
LINE
8
BLACK
6
CONTINUOUS
10
0.7269200393700788
20
0.7474357086614173
11
0.7243089763779528
21
0.7456910236220472
0
LINE
8
BLACK
6
CONTINUOUS
10
0.7243089763779528
20
0.7456910236220472
11
0.7225642913385827
21
0.7430799606299212
0
LINE
8
BLACK
6
CONTINUOUS
10
0.7225642913385827
20
0.7430799606299212
11
0.7225642519685039
21
0.7430798425196851
0
LINE
8
BLACK
6
CONTINUOUS
10
0.7225642519685039
20
0.7430798425196851
11
0.7221062992125984
21
0.7407775590551181
0
LINE
8
BLACK
6
CONTINUOUS
10
0.7221062992125984
20
0.7407775590551181
11
0.7221062992125984
21
0.6792224015748032
0
LINE
8
BLACK
6
CONTINUOUS
10
0.8221062992125984
20
0.6792224015748032
11
0.8225642519685039
21
0.6769201181102362
0
LINE
8
BLACK
6
CONTINUOUS
10
0.8225642519685039
20
0.6769201181102362
11
0.8225642913385827
21
0.67692
0
LINE
8
BLACK
6
CONTINUOUS
10
0.8225642913385827
20
0.67692
11
0.8243089763779528
21
0.6743089763779527
0
LINE
8
BLACK
6
CONTINUOUS
10
0.8243089763779528
20
0.6743089763779527
11
0.82692
21
0.6725642913385826
0
LINE
8
BLACK
6
CONTINUOUS
10
0.82692
20
0.6725642913385826
11
0.8269201181102362
21
0.6725642519685039
0
LINE
8
BLACK
6
CONTINUOUS
10
0.8269201181102362
20
0.6725642519685039
11
0.8292224015748031
21
0.6721062992125985
0
LINE
8
BLACK
6
CONTINUOUS
10
0.8292224015748031
20
0.6721062992125985
11
0.8292225196850393
21
0.6721062992125985
0
LINE
8
BLACK
6
CONTINUOUS
10
0.8292225196850393
20
0.6721062992125985
11
0.8907775590551181
21
0.6721062992125985
0
LINE
8
BLACK
6
CONTINUOUS
10
0.8907775590551181
20
0.6721062992125985
11
0.893079842519685
21
0.6725642519685039
0
LINE
8
BLACK
6
CONTINUOUS
10
0.893079842519685
20
0.6725642519685039
11
0.8930799606299212
21
0.6725642913385826
0
LINE
8
BLACK
6
CONTINUOUS
10
0.8930799606299212
20
0.6725642913385826
11
0.8935729527559055
21
0.6728937007874015
0
LINE
8
BLACK
6
CONTINUOUS
10
0.8935729527559055
20
0.6728937007874015
11
0.8956910236220472
21
0.6743089763779527
0
LINE
8
BLACK
6
CONTINUOUS
10
0.8956910236220472
20
0.6743089763779527
11
0.8974357086614173
21
0.6769200393700787
0
LINE
8
BLACK
6
CONTINUOUS
10
0.8974357086614173
20
0.6769200393700787
11
0.8978937007874016
21
0.6792225196850393
0
LINE
8
BLACK
6
CONTINUOUS
10
0.8978937007874016
20
0.6792225196850393
11
0.8978937007874016
21
0.7407774803149606
0
LINE
8
BLACK
6
CONTINUOUS
10
0.8978937007874016
20
0.7407774803149606
11
0.8978937007874016
21
0.7407775590551181
0
LINE
8
BLACK
6
CONTINUOUS
10
0.8978937007874016
20
0.7407775590551181
11
0.8974357086614173
21
0.7430799606299212
0
LINE
8
BLACK
6
CONTINUOUS
10
0.8974357086614173
20
0.7430799606299212
11
0.8956910236220472
21
0.7456910236220472
0
LINE
8
BLACK
6
CONTINUOUS
10
0.8956910236220472
20
0.7456910236220472
11
0.8930799606299212
21
0.7474357086614173
0
LINE
8
BLACK
6
CONTINUOUS
10
0.8930799606299212
20
0.7474357086614173
11
0.8907774803149606
21
0.7478937007874016
0
LINE
8
BLACK
6
CONTINUOUS
10
0.8907774803149606
20
0.7478937007874016
11
0.8292225196850393
21
0.7478937007874016
0
LINE
8
BLACK
6
CONTINUOUS
10
0.8292225196850393
20
0.7478937007874016
11
0.8269200393700787
21
0.7474357086614173
0
LINE
8
BLACK
6
CONTINUOUS
10
0.8269200393700787
20
0.7474357086614173
11
0.8243089763779528
21
0.7456910236220472
0
LINE
8
BLACK
6
CONTINUOUS
10
0.8243089763779528
20
0.7456910236220472
11
0.8225642913385827
21
0.7430799606299212
0
LINE
8
BLACK
6
CONTINUOUS
10
0.8225642913385827
20
0.7430799606299212
11
0.8225642519685039
21
0.7430798425196851
0
LINE
8
BLACK
6
CONTINUOUS
10
0.8225642519685039
20
0.7430798425196851
11
0.8221062992125984
21
0.7407775590551181
0
LINE
8
BLACK
6
CONTINUOUS
10
0.8221062992125984
20
0.7407775590551181
11
0.8221062992125984
21
0.6792224015748032
0
LINE
8
BLACK
6
CONTINUOUS
10
0.9221062992125985
20
0.6792224015748032
11
0.9225642519685039
21
0.6769201181102362
0
LINE
8
BLACK
6
CONTINUOUS
10
0.9225642519685039
20
0.6769201181102362
11
0.9225642913385826
21
0.67692
0
LINE
8
BLACK
6
CONTINUOUS
10
0.9225642913385826
20
0.67692
11
0.9243089763779527
21
0.6743089763779527
0
LINE
8
BLACK
6
CONTINUOUS
10
0.9243089763779527
20
0.6743089763779527
11
0.92692
21
0.6725642913385826
0
LINE
8
BLACK
6
CONTINUOUS
10
0.92692
20
0.6725642913385826
11
0.9269201181102362
21
0.6725642519685039
0
LINE
8
BLACK
6
CONTINUOUS
10
0.9269201181102362
20
0.6725642519685039
11
0.9292224015748032
21
0.6721062992125985
0
LINE
8
BLACK
6
CONTINUOUS
10
0.9292224015748032
20
0.6721062992125985
11
0.9292225196850393
21
0.6721062992125985
0
LINE
8
BLACK
6
CONTINUOUS
10
0.9292225196850393
20
0.6721062992125985
11
0.9907775590551181
21
0.6721062992125985
0
LINE
8
BLACK
6
CONTINUOUS
10
0.9907775590551181
20
0.6721062992125985
11
0.9930798425196851
21
0.6725642519685039
0
LINE
8
BLACK
6
CONTINUOUS
10
0.9930798425196851
20
0.6725642519685039
11
0.9930799606299212
21
0.6725642913385826
0
LINE
8
BLACK
6
CONTINUOUS
10
0.9930799606299212
20
0.6725642913385826
11
0.9935729527559055
21
0.6728937007874015
0
LINE
8
BLACK
6
CONTINUOUS
10
0.9935729527559055
20
0.6728937007874015
11
0.9956910236220472
21
0.6743089763779527
0
LINE
8
BLACK
6
CONTINUOUS
10
0.9956910236220472
20
0.6743089763779527
11
0.9974357086614173
21
0.6769200393700787
0
LINE
8
BLACK
6
CONTINUOUS
10
0.9974357086614173
20
0.6769200393700787
11
0.9978937007874016
21
0.6792225196850393
0
LINE
8
BLACK
6
CONTINUOUS
10
0.9978937007874016
20
0.6792225196850393
11
0.9978937007874016
21
0.7407774803149606
0
LINE
8
BLACK
6
CONTINUOUS
10
0.9978937007874016
20
0.7407774803149606
11
0.9978937007874016
21
0.7407775590551181
0
LINE
8
BLACK
6
CONTINUOUS
10
0.9978937007874016
20
0.7407775590551181
11
0.9974357086614173
21
0.7430799606299212
0
LINE
8
BLACK
6
CONTINUOUS
10
0.9974357086614173
20
0.7430799606299212
11
0.9956910236220472
21
0.7456910236220472
0
LINE
8
BLACK
6
CONTINUOUS
10
0.9956910236220472
20
0.7456910236220472
11
0.9930799606299212
21
0.7474357086614173
0
LINE
8
BLACK
6
CONTINUOUS
10
0.9930799606299212
20
0.7474357086614173
11
0.9907774803149606
21
0.7478937007874016
0
LINE
8
BLACK
6
CONTINUOUS
10
0.9907774803149606
20
0.7478937007874016
11
0.9292225196850393
21
0.7478937007874016
0
LINE
8
BLACK
6
CONTINUOUS
10
0.9292225196850393
20
0.7478937007874016
11
0.9269200393700787
21
0.7474357086614173
0
LINE
8
BLACK
6
CONTINUOUS
10
0.9269200393700787
20
0.7474357086614173
11
0.9243089763779527
21
0.7456910236220472
0
LINE
8
BLACK
6
CONTINUOUS
10
0.9243089763779527
20
0.7456910236220472
11
0.9225642913385826
21
0.7430799606299212
0
LINE
8
BLACK
6
CONTINUOUS
10
0.9225642913385826
20
0.7430799606299212
11
0.9225642519685039
21
0.7430798425196851
0
LINE
8
BLACK
6
CONTINUOUS
10
0.9225642519685039
20
0.7430798425196851
11
0.9221062992125985
21
0.7407775590551181
0
LINE
8
BLACK
6
CONTINUOUS
10
0.9221062992125985
20
0.7407775590551181
11
0.9221062992125985
21
0.6792224015748032
0
LINE
8
BLACK
6
CONTINUOUS
10
1.0221062992125984
20
0.6792224015748032
11
1.0225642519685039
21
0.6769201181102362
0
LINE
8
BLACK
6
CONTINUOUS
10
1.0225642519685039
20
0.6769201181102362
11
1.0225642913385826
21
0.67692
0
LINE
8
BLACK
6
CONTINUOUS
10
1.0225642913385826
20
0.67692
11
1.0243089763779527
21
0.6743089763779527
0
LINE
8
BLACK
6
CONTINUOUS
10
1.0243089763779527
20
0.6743089763779527
11
1.0269200000000001
21
0.6725642913385826
0
LINE
8
BLACK
6
CONTINUOUS
10
1.0269200000000001
20
0.6725642913385826
11
1.0269201181102361
21
0.6725642519685039
0
LINE
8
BLACK
6
CONTINUOUS
10
1.0269201181102361
20
0.6725642519685039
11
1.029222401574803
21
0.6721062992125985
0
LINE
8
BLACK
6
CONTINUOUS
10
1.029222401574803
20
0.6721062992125985
11
1.0292225196850393
21
0.6721062992125985
0
LINE
8
BLACK
6
CONTINUOUS
10
1.0292225196850393
20
0.6721062992125985
11
1.0907775590551181
21
0.6721062992125985
0
LINE
8
BLACK
6
CONTINUOUS
10
1.0907775590551181
20
0.6721062992125985
11
1.093079842519685
21
0.6725642519685039
0
LINE
8
BLACK
6
CONTINUOUS
10
1.093079842519685
20
0.6725642519685039
11
1.0930799606299213
21
0.6725642913385826
0
LINE
8
BLACK
6
CONTINUOUS
10
1.0930799606299213
20
0.6725642913385826
11
1.0935729527559055
21
0.6728937007874015
0
LINE
8
BLACK
6
CONTINUOUS
10
1.0935729527559055
20
0.6728937007874015
11
1.0956910236220472
21
0.6743089763779527
0
LINE
8
BLACK
6
CONTINUOUS
10
1.0956910236220472
20
0.6743089763779527
11
1.0974357086614173
21
0.6769200393700787
0
LINE
8
BLACK
6
CONTINUOUS
10
1.0974357086614173
20
0.6769200393700787
11
1.0978937007874014
21
0.6792225196850393
0
LINE
8
BLACK
6
CONTINUOUS
10
1.0978937007874014
20
0.6792225196850393
11
1.0978937007874014
21
0.7407774803149606
0
LINE
8
BLACK
6
CONTINUOUS
10
1.0978937007874014
20
0.7407774803149606
11
1.0974357086614173
21
0.7430799606299212
0
LINE
8
BLACK
6
CONTINUOUS
10
1.0974357086614173
20
0.7430799606299212
11
1.0956910236220472
21
0.7456910236220472
0
LINE
8
BLACK
6
CONTINUOUS
10
1.0956910236220472
20
0.7456910236220472
11
1.0930799606299213
21
0.7474357086614173
0
LINE
8
BLACK
6
CONTINUOUS
10
1.0930799606299213
20
0.7474357086614173
11
1.0907774803149606
21
0.7478937007874016
0
LINE
8
BLACK
6
CONTINUOUS
10
1.0907774803149606
20
0.7478937007874016
11
1.0292225196850393
21
0.7478937007874016
0
LINE
8
BLACK
6
CONTINUOUS
10
1.0292225196850393
20
0.7478937007874016
11
1.0269200393700788
21
0.7474357086614173
0
LINE
8
BLACK
6
CONTINUOUS
10
1.0269200393700788
20
0.7474357086614173
11
1.0243089763779527
21
0.7456910236220472
0
LINE
8
BLACK
6
CONTINUOUS
10
1.0243089763779527
20
0.7456910236220472
11
1.0225642913385826
21
0.7430799606299212
0
LINE
8
BLACK
6
CONTINUOUS
10
1.0225642913385826
20
0.7430799606299212
11
1.0225642519685039
21
0.7430798425196851
0
LINE
8
BLACK
6
CONTINUOUS
10
1.0225642519685039
20
0.7430798425196851
11
1.0221062992125984
21
0.7407775590551181
0
LINE
8
BLACK
6
CONTINUOUS
10
1.0221062992125984
20
0.7407775590551181
11
1.0221062992125984
21
0.6792224015748032
0
LINE
8
BLACK
6
CONTINUOUS
10
0.2071062992125984
20
0.7042224015748031
11
0.2075642519685039
21
0.7019201181102362
0
LINE
8
BLACK
6
CONTINUOUS
10
0.2075642519685039
20
0.7019201181102362
11
0.2075642913385827
21
0.70192
0
LINE
8
BLACK
6
CONTINUOUS
10
0.2075642913385827
20
0.70192
11
0.2093089763779528
21
0.6993089763779528
0
LINE
8
BLACK
6
CONTINUOUS
10
0.2093089763779528
20
0.6993089763779528
11
0.21192
21
0.6975642913385827
0
LINE
8
BLACK
6
CONTINUOUS
10
0.21192
20
0.6975642913385827
11
0.2119201181102362
21
0.6975642519685039
0
LINE
8
BLACK
6
CONTINUOUS
10
0.2119201181102362
20
0.6975642519685039
11
0.2142224015748032
21
0.6971062992125984
0
LINE
8
BLACK
6
CONTINUOUS
10
0.2142224015748032
20
0.6971062992125984
11
0.2142225196850394
21
0.6971062992125984
0
LINE
8
BLACK
6
CONTINUOUS
10
0.2142225196850394
20
0.6971062992125984
11
0.2757775590551181
21
0.6971062992125984
0
LINE
8
BLACK
6
CONTINUOUS
10
0.2757775590551181
20
0.6971062992125984
11
0.278079842519685
21
0.6975642519685039
0
LINE
8
BLACK
6
CONTINUOUS
10
0.278079842519685
20
0.6975642519685039
11
0.2780799606299212
21
0.6975642913385827
0
LINE
8
BLACK
6
CONTINUOUS
10
0.2780799606299212
20
0.6975642913385827
11
0.27808
21
0.6975643307086614
0
LINE
8
BLACK
6
CONTINUOUS
10
0.27808
20
0.6975643307086614
11
0.2806910236220472
21
0.6993089763779528
0
LINE
8
BLACK
6
CONTINUOUS
10
0.2806910236220472
20
0.6993089763779528
11
0.2824357086614173
21
0.7019200393700787
0
LINE
8
BLACK
6
CONTINUOUS
10
0.2824357086614173
20
0.7019200393700787
11
0.2828937007874016
21
0.7042225196850393
0
LINE
8
BLACK
6
CONTINUOUS
10
0.2828937007874016
20
0.7042225196850393
11
0.2828937007874016
21
0.7657774803149606
0
LINE
8
BLACK
6
CONTINUOUS
10
0.2828937007874016
20
0.7657774803149606
11
0.2824357086614173
21
0.7680799606299212
0
LINE
8
BLACK
6
CONTINUOUS
10
0.2824357086614173
20
0.7680799606299212
11
0.2806910236220472
21
0.7706910236220472
0
LINE
8
BLACK
6
CONTINUOUS
10
0.2806910236220472
20
0.7706910236220472
11
0.2780799606299212
21
0.7724357086614173
0
LINE
8
BLACK
6
CONTINUOUS
10
0.2780799606299212
20
0.7724357086614173
11
0.2757774803149606
21
0.7728937007874016
0
LINE
8
BLACK
6
CONTINUOUS
10
0.2757774803149606
20
0.7728937007874016
11
0.2142225196850394
21
0.7728937007874016
0
LINE
8
BLACK
6
CONTINUOUS
10
0.2142225196850394
20
0.7728937007874016
11
0.2119200393700787
21
0.7724357086614173
0
LINE
8
BLACK
6
CONTINUOUS
10
0.2119200393700787
20
0.7724357086614173
11
0.2093089763779528
21
0.7706910236220472
0
LINE
8
BLACK
6
CONTINUOUS
10
0.2093089763779528
20
0.7706910236220472
11
0.2075642913385827
21
0.7680799606299212
0
LINE
8
BLACK
6
CONTINUOUS
10
0.2075642913385827
20
0.7680799606299212
11
0.2075642519685039
21
0.768079842519685
0
LINE
8
BLACK
6
CONTINUOUS
10
0.2075642519685039
20
0.768079842519685
11
0.2071062992125984
21
0.7657775590551181
0
LINE
8
BLACK
6
CONTINUOUS
10
0.2071062992125984
20
0.7657775590551181
11
0.2071062992125984
21
0.7042224015748031
0
LINE
8
BLACK
6
CONTINUOUS
10
0.5269200393700787
20
0.8474357086614173
11
0.5243089763779527
21
0.8456910236220472
0
LINE
8
BLACK
6
CONTINUOUS
10
0.5243089763779527
20
0.8456910236220472
11
0.5235429133858268
21
0.8445445275590551
0
LINE
8
BLACK
6
CONTINUOUS
10
0.5235429133858268
20
0.8445445275590551
11
0.5225642913385826
21
0.8430799606299212
0
LINE
8
BLACK
6
CONTINUOUS
10
0.5225642913385826
20
0.8430799606299212
11
0.5225642913385826
21
0.8430799212598425
0
LINE
8
BLACK
6
CONTINUOUS
10
0.5225642913385826
20
0.8430799212598425
11
0.5221062992125984
21
0.8407775590551181
0
LINE
8
BLACK
6
CONTINUOUS
10
0.5221062992125984
20
0.8407775590551181
11
0.5221062992125984
21
0.7792224015748032
0
LINE
8
BLACK
6
CONTINUOUS
10
0.5221062992125984
20
0.7792224015748032
11
0.522564251968504
21
0.7769201181102362
0
LINE
8
BLACK
6
CONTINUOUS
10
0.522564251968504
20
0.7769201181102362
11
0.5225642913385826
21
0.7769199999999999
0
LINE
8
BLACK
6
CONTINUOUS
10
0.5225642913385826
20
0.7769199999999999
11
0.5243089763779527
21
0.7743089763779527
0
LINE
8
BLACK
6
CONTINUOUS
10
0.5243089763779527
20
0.7743089763779527
11
0.5269199999999999
21
0.7725642913385826
0
LINE
8
BLACK
6
CONTINUOUS
10
0.5269199999999999
20
0.7725642913385826
11
0.5269201181102362
21
0.7725642519685039
0
LINE
8
BLACK
6
CONTINUOUS
10
0.5269201181102362
20
0.7725642519685039
11
0.5292224015748032
21
0.7721062992125984
0
LINE
8
BLACK
6
CONTINUOUS
10
0.5292224015748032
20
0.7721062992125984
11
0.5292225196850393
21
0.7721062992125984
0
LINE
8
BLACK
6
CONTINUOUS
10
0.5292225196850393
20
0.7721062992125984
11
0.5907775590551181
21
0.7721062992125984
0
LINE
8
BLACK
6
CONTINUOUS
10
0.5907775590551181
20
0.7721062992125984
11
0.593079842519685
21
0.7725642519685039
0
LINE
8
BLACK
6
CONTINUOUS
10
0.593079842519685
20
0.7725642519685039
11
0.5930799606299213
21
0.7725642913385826
0
LINE
8
BLACK
6
CONTINUOUS
10
0.5930799606299213
20
0.7725642913385826
11
0.5935729527559055
21
0.7728937007874016
0
LINE
8
BLACK
6
CONTINUOUS
10
0.5935729527559055
20
0.7728937007874016
11
0.5956910236220472
21
0.7743089763779527
0
LINE
8
BLACK
6
CONTINUOUS
10
0.5956910236220472
20
0.7743089763779527
11
0.5974357086614173
21
0.7769200393700787
0
LINE
8
BLACK
6
CONTINUOUS
10
0.5974357086614173
20
0.7769200393700787
11
0.5978937007874016
21
0.7792225196850393
0
LINE
8
BLACK
6
CONTINUOUS
10
0.5978937007874016
20
0.7792225196850393
11
0.5978937007874016
21
0.8407774803149606
0
LINE
8
BLACK
6
CONTINUOUS
10
0.5978937007874016
20
0.8407774803149606
11
0.5978937007874016
21
0.8407775590551181
0
LINE
8
BLACK
6
CONTINUOUS
10
0.5978937007874016
20
0.8407775590551181
11
0.5974357086614173
21
0.8430799606299212
0
LINE
8
BLACK
6
CONTINUOUS
10
0.5974357086614173
20
0.8430799606299212
11
0.5956910236220472
21
0.8456910236220472
0
LINE
8
BLACK
6
CONTINUOUS
10
0.5956910236220472
20
0.8456910236220472
11
0.5930799606299213
21
0.8474357086614173
0
LINE
8
BLACK
6
CONTINUOUS
10
0.5930799606299213
20
0.8474357086614173
11
0.5907774803149606
21
0.8478937007874016
0
LINE
8
BLACK
6
CONTINUOUS
10
0.5907774803149606
20
0.8478937007874016
11
0.5292225196850393
21
0.8478937007874016
0
LINE
8
BLACK
6
CONTINUOUS
10
0.5292225196850393
20
0.8478937007874016
11
0.5269200393700787
21
0.8474357086614173
0
LINE
8
BLACK
6
CONTINUOUS
10
0.6221062992125984
20
0.7792224015748032
11
0.622564251968504
21
0.7769201181102362
0
LINE
8
BLACK
6
CONTINUOUS
10
0.622564251968504
20
0.7769201181102362
11
0.6225642913385827
21
0.7769199999999999
0
LINE
8
BLACK
6
CONTINUOUS
10
0.6225642913385827
20
0.7769199999999999
11
0.6243089763779528
21
0.7743089763779527
0
LINE
8
BLACK
6
CONTINUOUS
10
0.6243089763779528
20
0.7743089763779527
11
0.62692
21
0.7725642913385826
0
LINE
8
BLACK
6
CONTINUOUS
10
0.62692
20
0.7725642913385826
11
0.6269201181102362
21
0.7725642519685039
0
LINE
8
BLACK
6
CONTINUOUS
10
0.6269201181102362
20
0.7725642519685039
11
0.6292224015748031
21
0.7721062992125984
0
LINE
8
BLACK
6
CONTINUOUS
10
0.6292224015748031
20
0.7721062992125984
11
0.6292225196850394
21
0.7721062992125984
0
LINE
8
BLACK
6
CONTINUOUS
10
0.6292225196850394
20
0.7721062992125984
11
0.6907775590551181
21
0.7721062992125984
0
LINE
8
BLACK
6
CONTINUOUS
10
0.6907775590551181
20
0.7721062992125984
11
0.693079842519685
21
0.7725642519685039
0
LINE
8
BLACK
6
CONTINUOUS
10
0.693079842519685
20
0.7725642519685039
11
0.6930799606299213
21
0.7725642913385826
0
LINE
8
BLACK
6
CONTINUOUS
10
0.6930799606299213
20
0.7725642913385826
11
0.6935729527559055
21
0.7728937007874016
0
LINE
8
BLACK
6
CONTINUOUS
10
0.6935729527559055
20
0.7728937007874016
11
0.6956910236220473
21
0.7743089763779527
0
LINE
8
BLACK
6
CONTINUOUS
10
0.6956910236220473
20
0.7743089763779527
11
0.6974357086614174
21
0.7769200393700787
0
LINE
8
BLACK
6
CONTINUOUS
10
0.6974357086614174
20
0.7769200393700787
11
0.6978937007874015
21
0.7792225196850393
0
LINE
8
BLACK
6
CONTINUOUS
10
0.6978937007874015
20
0.7792225196850393
11
0.6978937007874015
21
0.8407774803149606
0
LINE
8
BLACK
6
CONTINUOUS
10
0.6978937007874015
20
0.8407774803149606
11
0.6978937007874015
21
0.8407775590551181
0
LINE
8
BLACK
6
CONTINUOUS
10
0.6978937007874015
20
0.8407775590551181
11
0.6974357086614174
21
0.8430799606299212
0
LINE
8
BLACK
6
CONTINUOUS
10
0.6974357086614174
20
0.8430799606299212
11
0.6956910236220473
21
0.8456910236220472
0
LINE
8
BLACK
6
CONTINUOUS
10
0.6956910236220473
20
0.8456910236220472
11
0.6930799606299213
21
0.8474357086614173
0
LINE
8
BLACK
6
CONTINUOUS
10
0.6930799606299213
20
0.8474357086614173
11
0.6907774803149607
21
0.8478937007874016
0
LINE
8
BLACK
6
CONTINUOUS
10
0.6907774803149607
20
0.8478937007874016
11
0.6292225196850394
21
0.8478937007874016
0
LINE
8
BLACK
6
CONTINUOUS
10
0.6292225196850394
20
0.8478937007874016
11
0.6269200393700787
21
0.8474357086614173
0
LINE
8
BLACK
6
CONTINUOUS
10
0.6269200393700787
20
0.8474357086614173
11
0.6243089763779528
21
0.8456910236220472
0
LINE
8
BLACK
6
CONTINUOUS
10
0.6243089763779528
20
0.8456910236220472
11
0.6235429133858268
21
0.8445445275590551
0
LINE
8
BLACK
6
CONTINUOUS
10
0.6235429133858268
20
0.8445445275590551
11
0.6225642913385827
21
0.8430799606299212
0
LINE
8
BLACK
6
CONTINUOUS
10
0.6225642913385827
20
0.8430799606299212
11
0.6225642913385827
21
0.8430799212598425
0
LINE
8
BLACK
6
CONTINUOUS
10
0.6225642913385827
20
0.8430799212598425
11
0.6221062992125984
21
0.8407775590551181
0
LINE
8
BLACK
6
CONTINUOUS
10
0.6221062992125984
20
0.8407775590551181
11
0.6221062992125984
21
0.7792224015748032
0
LINE
8
BLACK
6
CONTINUOUS
10
0.7221062992125984
20
0.7792224015748032
11
0.7225642519685039
21
0.7769201181102362
0
LINE
8
BLACK
6
CONTINUOUS
10
0.7225642519685039
20
0.7769201181102362
11
0.7225642913385827
21
0.7769199999999999
0
LINE
8
BLACK
6
CONTINUOUS
10
0.7225642913385827
20
0.7769199999999999
11
0.7243089763779528
21
0.7743089763779527
0
LINE
8
BLACK
6
CONTINUOUS
10
0.7243089763779528
20
0.7743089763779527
11
0.72692
21
0.7725642913385826
0
LINE
8
BLACK
6
CONTINUOUS
10
0.72692
20
0.7725642913385826
11
0.7269201181102362
21
0.7725642519685039
0
LINE
8
BLACK
6
CONTINUOUS
10
0.7269201181102362
20
0.7725642519685039
11
0.7292224015748031
21
0.7721062992125984
0
LINE
8
BLACK
6
CONTINUOUS
10
0.7292224015748031
20
0.7721062992125984
11
0.7292225196850394
21
0.7721062992125984
0
LINE
8
BLACK
6
CONTINUOUS
10
0.7292225196850394
20
0.7721062992125984
11
0.790777559055118
21
0.7721062992125984
0
LINE
8
BLACK
6
CONTINUOUS
10
0.790777559055118
20
0.7721062992125984
11
0.793079842519685
21
0.7725642519685039
0
LINE
8
BLACK
6
CONTINUOUS
10
0.793079842519685
20
0.7725642519685039
11
0.7930799606299213
21
0.7725642913385826
0
LINE
8
BLACK
6
CONTINUOUS
10
0.7930799606299213
20
0.7725642913385826
11
0.7935729527559054
21
0.7728937007874016
0
LINE
8
BLACK
6
CONTINUOUS
10
0.7935729527559054
20
0.7728937007874016
11
0.7956910236220472
21
0.7743089763779527
0
LINE
8
BLACK
6
CONTINUOUS
10
0.7956910236220472
20
0.7743089763779527
11
0.7974357086614173
21
0.7769200393700787
0
LINE
8
BLACK
6
CONTINUOUS
10
0.7974357086614173
20
0.7769200393700787
11
0.7978937007874015
21
0.7792225196850393
0
LINE
8
BLACK
6
CONTINUOUS
10
0.7978937007874015
20
0.7792225196850393
11
0.7978937007874015
21
0.8407774803149606
0
LINE
8
BLACK
6
CONTINUOUS
10
0.7978937007874015
20
0.8407774803149606
11
0.7978937007874015
21
0.8407775590551181
0
LINE
8
BLACK
6
CONTINUOUS
10
0.7978937007874015
20
0.8407775590551181
11
0.7974357086614173
21
0.8430799606299212
0
LINE
8
BLACK
6
CONTINUOUS
10
0.7974357086614173
20
0.8430799606299212
11
0.7956910236220472
21
0.8456910236220472
0
LINE
8
BLACK
6
CONTINUOUS
10
0.7956910236220472
20
0.8456910236220472
11
0.7930799606299213
21
0.8474357086614173
0
LINE
8
BLACK
6
CONTINUOUS
10
0.7930799606299213
20
0.8474357086614173
11
0.7907774803149606
21
0.8478937007874016
0
LINE
8
BLACK
6
CONTINUOUS
10
0.7907774803149606
20
0.8478937007874016
11
0.7292225196850394
21
0.8478937007874016
0
LINE
8
BLACK
6
CONTINUOUS
10
0.7292225196850394
20
0.8478937007874016
11
0.7269200393700788
21
0.8474357086614173
0
LINE
8
BLACK
6
CONTINUOUS
10
0.7269200393700788
20
0.8474357086614173
11
0.7243089763779528
21
0.8456910236220472
0
LINE
8
BLACK
6
CONTINUOUS
10
0.7243089763779528
20
0.8456910236220472
11
0.7235429133858268
21
0.8445445275590551
0
LINE
8
BLACK
6
CONTINUOUS
10
0.7235429133858268
20
0.8445445275590551
11
0.7225642913385827
21
0.8430799606299212
0
LINE
8
BLACK
6
CONTINUOUS
10
0.7225642913385827
20
0.8430799606299212
11
0.7225642913385827
21
0.8430799212598425
0
LINE
8
BLACK
6
CONTINUOUS
10
0.7225642913385827
20
0.8430799212598425
11
0.7221062992125984
21
0.8407775590551181
0
LINE
8
BLACK
6
CONTINUOUS
10
0.7221062992125984
20
0.8407775590551181
11
0.7221062992125984
21
0.7792224015748032
0
LINE
8
BLACK
6
CONTINUOUS
10
0.8221062992125984
20
0.7792224015748032
11
0.8225642519685039
21
0.7769201181102362
0
LINE
8
BLACK
6
CONTINUOUS
10
0.8225642519685039
20
0.7769201181102362
11
0.8225642913385827
21
0.7769199999999999
0
LINE
8
BLACK
6
CONTINUOUS
10
0.8225642913385827
20
0.7769199999999999
11
0.8243089763779528
21
0.7743089763779527
0
LINE
8
BLACK
6
CONTINUOUS
10
0.8243089763779528
20
0.7743089763779527
11
0.82692
21
0.7725642913385826
0
LINE
8
BLACK
6
CONTINUOUS
10
0.82692
20
0.7725642913385826
11
0.8269201181102362
21
0.7725642519685039
0
LINE
8
BLACK
6
CONTINUOUS
10
0.8269201181102362
20
0.7725642519685039
11
0.8292224015748031
21
0.7721062992125984
0
LINE
8
BLACK
6
CONTINUOUS
10
0.8292224015748031
20
0.7721062992125984
11
0.8292225196850393
21
0.7721062992125984
0
LINE
8
BLACK
6
CONTINUOUS
10
0.8292225196850393
20
0.7721062992125984
11
0.8907775590551181
21
0.7721062992125984
0
LINE
8
BLACK
6
CONTINUOUS
10
0.8907775590551181
20
0.7721062992125984
11
0.893079842519685
21
0.7725642519685039
0
LINE
8
BLACK
6
CONTINUOUS
10
0.893079842519685
20
0.7725642519685039
11
0.8930799606299212
21
0.7725642913385826
0
LINE
8
BLACK
6
CONTINUOUS
10
0.8930799606299212
20
0.7725642913385826
11
0.8935729527559055
21
0.7728937007874016
0
LINE
8
BLACK
6
CONTINUOUS
10
0.8935729527559055
20
0.7728937007874016
11
0.8956910236220472
21
0.7743089763779527
0
LINE
8
BLACK
6
CONTINUOUS
10
0.8956910236220472
20
0.7743089763779527
11
0.8974357086614173
21
0.7769200393700787
0
LINE
8
BLACK
6
CONTINUOUS
10
0.8974357086614173
20
0.7769200393700787
11
0.8978937007874016
21
0.7792225196850393
0
LINE
8
BLACK
6
CONTINUOUS
10
0.8978937007874016
20
0.7792225196850393
11
0.8978937007874016
21
0.8407774803149606
0
LINE
8
BLACK
6
CONTINUOUS
10
0.8978937007874016
20
0.8407774803149606
11
0.8978937007874016
21
0.8407775590551181
0
LINE
8
BLACK
6
CONTINUOUS
10
0.8978937007874016
20
0.8407775590551181
11
0.8974357086614173
21
0.8430799606299212
0
LINE
8
BLACK
6
CONTINUOUS
10
0.8974357086614173
20
0.8430799606299212
11
0.8956910236220472
21
0.8456910236220472
0
LINE
8
BLACK
6
CONTINUOUS
10
0.8956910236220472
20
0.8456910236220472
11
0.8930799606299212
21
0.8474357086614173
0
LINE
8
BLACK
6
CONTINUOUS
10
0.8930799606299212
20
0.8474357086614173
11
0.8907774803149606
21
0.8478937007874016
0
LINE
8
BLACK
6
CONTINUOUS
10
0.8907774803149606
20
0.8478937007874016
11
0.8292225196850393
21
0.8478937007874016
0
LINE
8
BLACK
6
CONTINUOUS
10
0.8292225196850393
20
0.8478937007874016
11
0.8269200393700787
21
0.8474357086614173
0
LINE
8
BLACK
6
CONTINUOUS
10
0.8269200393700787
20
0.8474357086614173
11
0.8243089763779528
21
0.8456910236220472
0
LINE
8
BLACK
6
CONTINUOUS
10
0.8243089763779528
20
0.8456910236220472
11
0.8235429133858267
21
0.8445445275590551
0
LINE
8
BLACK
6
CONTINUOUS
10
0.8235429133858267
20
0.8445445275590551
11
0.8225642913385827
21
0.8430799606299212
0
LINE
8
BLACK
6
CONTINUOUS
10
0.8225642913385827
20
0.8430799606299212
11
0.8225642913385827
21
0.8430799212598425
0
LINE
8
BLACK
6
CONTINUOUS
10
0.8225642913385827
20
0.8430799212598425
11
0.8221062992125984
21
0.8407775590551181
0
LINE
8
BLACK
6
CONTINUOUS
10
0.8221062992125984
20
0.8407775590551181
11
0.8221062992125984
21
0.7792224015748032
0
LINE
8
BLACK
6
CONTINUOUS
10
0.9221062992125985
20
0.7792224015748032
11
0.9225642519685039
21
0.7769201181102362
0
LINE
8
BLACK
6
CONTINUOUS
10
0.9225642519685039
20
0.7769201181102362
11
0.9225642913385826
21
0.7769199999999999
0
LINE
8
BLACK
6
CONTINUOUS
10
0.9225642913385826
20
0.7769199999999999
11
0.9243089763779527
21
0.7743089763779527
0
LINE
8
BLACK
6
CONTINUOUS
10
0.9243089763779527
20
0.7743089763779527
11
0.92692
21
0.7725642913385826
0
LINE
8
BLACK
6
CONTINUOUS
10
0.92692
20
0.7725642913385826
11
0.9269201181102362
21
0.7725642519685039
0
LINE
8
BLACK
6
CONTINUOUS
10
0.9269201181102362
20
0.7725642519685039
11
0.9292224015748032
21
0.7721062992125984
0
LINE
8
BLACK
6
CONTINUOUS
10
0.9292224015748032
20
0.7721062992125984
11
0.9292225196850393
21
0.7721062992125984
0
LINE
8
BLACK
6
CONTINUOUS
10
0.9292225196850393
20
0.7721062992125984
11
0.9907775590551181
21
0.7721062992125984
0
LINE
8
BLACK
6
CONTINUOUS
10
0.9907775590551181
20
0.7721062992125984
11
0.9930798425196851
21
0.7725642519685039
0
LINE
8
BLACK
6
CONTINUOUS
10
0.9930798425196851
20
0.7725642519685039
11
0.9930799606299212
21
0.7725642913385826
0
LINE
8
BLACK
6
CONTINUOUS
10
0.9930799606299212
20
0.7725642913385826
11
0.9935729527559055
21
0.7728937007874016
0
LINE
8
BLACK
6
CONTINUOUS
10
0.9935729527559055
20
0.7728937007874016
11
0.9956910236220472
21
0.7743089763779527
0
LINE
8
BLACK
6
CONTINUOUS
10
0.9956910236220472
20
0.7743089763779527
11
0.9974357086614173
21
0.7769200393700787
0
LINE
8
BLACK
6
CONTINUOUS
10
0.9974357086614173
20
0.7769200393700787
11
0.9978937007874016
21
0.7792225196850393
0
LINE
8
BLACK
6
CONTINUOUS
10
0.9978937007874016
20
0.7792225196850393
11
0.9978937007874016
21
0.8407774803149606
0
LINE
8
BLACK
6
CONTINUOUS
10
0.9978937007874016
20
0.8407774803149606
11
0.9978937007874016
21
0.8407775590551181
0
LINE
8
BLACK
6
CONTINUOUS
10
0.9978937007874016
20
0.8407775590551181
11
0.9974357086614173
21
0.8430799606299212
0
LINE
8
BLACK
6
CONTINUOUS
10
0.9974357086614173
20
0.8430799606299212
11
0.9956910236220472
21
0.8456910236220472
0
LINE
8
BLACK
6
CONTINUOUS
10
0.9956910236220472
20
0.8456910236220472
11
0.9930799606299212
21
0.8474357086614173
0
LINE
8
BLACK
6
CONTINUOUS
10
0.9930799606299212
20
0.8474357086614173
11
0.9907774803149606
21
0.8478937007874016
0
LINE
8
BLACK
6
CONTINUOUS
10
0.9907774803149606
20
0.8478937007874016
11
0.9292225196850393
21
0.8478937007874016
0
LINE
8
BLACK
6
CONTINUOUS
10
0.9292225196850393
20
0.8478937007874016
11
0.9269200393700787
21
0.8474357086614173
0
LINE
8
BLACK
6
CONTINUOUS
10
0.9269200393700787
20
0.8474357086614173
11
0.9243089763779527
21
0.8456910236220472
0
LINE
8
BLACK
6
CONTINUOUS
10
0.9243089763779527
20
0.8456910236220472
11
0.9235429133858267
21
0.8445445275590551
0
LINE
8
BLACK
6
CONTINUOUS
10
0.9235429133858267
20
0.8445445275590551
11
0.9225642913385826
21
0.8430799606299212
0
LINE
8
BLACK
6
CONTINUOUS
10
0.9225642913385826
20
0.8430799606299212
11
0.9225642913385826
21
0.8430799212598425
0
LINE
8
BLACK
6
CONTINUOUS
10
0.9225642913385826
20
0.8430799212598425
11
0.9221062992125985
21
0.8407775590551181
0
LINE
8
BLACK
6
CONTINUOUS
10
0.9221062992125985
20
0.8407775590551181
11
0.9221062992125985
21
0.7792224015748032
0
LINE
8
BLACK
6
CONTINUOUS
10
1.0221062992125984
20
0.7792224015748032
11
1.0225642519685039
21
0.7769201181102362
0
LINE
8
BLACK
6
CONTINUOUS
10
1.0225642519685039
20
0.7769201181102362
11
1.0225642913385826
21
0.7769199999999999
0
LINE
8
BLACK
6
CONTINUOUS
10
1.0225642913385826
20
0.7769199999999999
11
1.0243089763779527
21
0.7743089763779527
0
LINE
8
BLACK
6
CONTINUOUS
10
1.0243089763779527
20
0.7743089763779527
11
1.0269200000000001
21
0.7725642913385826
0
LINE
8
BLACK
6
CONTINUOUS
10
1.0269200000000001
20
0.7725642913385826
11
1.0269201181102361
21
0.7725642519685039
0
LINE
8
BLACK
6
CONTINUOUS
10
1.0269201181102361
20
0.7725642519685039
11
1.029222401574803
21
0.7721062992125984
0
LINE
8
BLACK
6
CONTINUOUS
10
1.029222401574803
20
0.7721062992125984
11
1.0292225196850393
21
0.7721062992125984
0
LINE
8
BLACK
6
CONTINUOUS
10
1.0292225196850393
20
0.7721062992125984
11
1.0907775590551181
21
0.7721062992125984
0
LINE
8
BLACK
6
CONTINUOUS
10
1.0907775590551181
20
0.7721062992125984
11
1.093079842519685
21
0.7725642519685039
0
LINE
8
BLACK
6
CONTINUOUS
10
1.093079842519685
20
0.7725642519685039
11
1.0930799606299213
21
0.7725642913385826
0
LINE
8
BLACK
6
CONTINUOUS
10
1.0930799606299213
20
0.7725642913385826
11
1.0935729527559055
21
0.7728937007874016
0
LINE
8
BLACK
6
CONTINUOUS
10
1.0935729527559055
20
0.7728937007874016
11
1.0956910236220472
21
0.7743089763779527
0
LINE
8
BLACK
6
CONTINUOUS
10
1.0956910236220472
20
0.7743089763779527
11
1.0974357086614173
21
0.7769200393700787
0
LINE
8
BLACK
6
CONTINUOUS
10
1.0974357086614173
20
0.7769200393700787
11
1.0978937007874014
21
0.7792225196850393
0
LINE
8
BLACK
6
CONTINUOUS
10
1.0978937007874014
20
0.7792225196850393
11
1.0978937007874014
21
0.8407774803149606
0
LINE
8
BLACK
6
CONTINUOUS
10
1.0978937007874014
20
0.8407774803149606
11
1.0974357086614173
21
0.8430799606299212
0
LINE
8
BLACK
6
CONTINUOUS
10
1.0974357086614173
20
0.8430799606299212
11
1.0956910236220472
21
0.8456910236220472
0
LINE
8
BLACK
6
CONTINUOUS
10
1.0956910236220472
20
0.8456910236220472
11
1.0930799606299213
21
0.8474357086614173
0
LINE
8
BLACK
6
CONTINUOUS
10
1.0930799606299213
20
0.8474357086614173
11
1.0907774803149606
21
0.8478937007874016
0
LINE
8
BLACK
6
CONTINUOUS
10
1.0907774803149606
20
0.8478937007874016
11
1.0292225196850393
21
0.8478937007874016
0
LINE
8
BLACK
6
CONTINUOUS
10
1.0292225196850393
20
0.8478937007874016
11
1.0269200393700788
21
0.8474357086614173
0
LINE
8
BLACK
6
CONTINUOUS
10
1.0269200393700788
20
0.8474357086614173
11
1.0243089763779527
21
0.8456910236220472
0
LINE
8
BLACK
6
CONTINUOUS
10
1.0243089763779527
20
0.8456910236220472
11
1.0235429133858267
21
0.8445445275590551
0
LINE
8
BLACK
6
CONTINUOUS
10
1.0235429133858267
20
0.8445445275590551
11
1.0225642913385826
21
0.8430799606299212
0
LINE
8
BLACK
6
CONTINUOUS
10
1.0225642913385826
20
0.8430799606299212
11
1.0225642913385826
21
0.8430799212598425
0
LINE
8
BLACK
6
CONTINUOUS
10
1.0225642913385826
20
0.8430799212598425
11
1.0221062992125984
21
0.8407775590551181
0
LINE
8
BLACK
6
CONTINUOUS
10
1.0221062992125984
20
0.8407775590551181
11
1.0221062992125984
21
0.7792224015748032
0
LINE
8
BLACK
6
CONTINUOUS
10
1.2696062992125985
20
0.8817224015748031
11
1.2700642519685039
21
0.8794201181102362
0
LINE
8
BLACK
6
CONTINUOUS
10
1.2700642519685039
20
0.8794201181102362
11
1.2700642913385827
21
0.87942
0
LINE
8
BLACK
6
CONTINUOUS
10
1.2700642913385827
20
0.87942
11
1.2718089763779528
21
0.8768089763779527
0
LINE
8
BLACK
6
CONTINUOUS
10
1.2718089763779528
20
0.8768089763779527
11
1.2744199999999999
21
0.8750642913385827
0
LINE
8
BLACK
6
CONTINUOUS
10
1.2744199999999999
20
0.8750642913385827
11
1.2744201181102361
21
0.8750642519685039
0
LINE
8
BLACK
6
CONTINUOUS
10
1.2744201181102361
20
0.8750642519685039
11
1.2767224015748031
21
0.8746062992125984
0
LINE
8
BLACK
6
CONTINUOUS
10
1.2767224015748031
20
0.8746062992125984
11
1.2767225196850394
21
0.8746062992125984
0
LINE
8
BLACK
6
CONTINUOUS
10
1.2767225196850394
20
0.8746062992125984
11
1.3382775590551181
21
0.8746062992125984
0
LINE
8
BLACK
6
CONTINUOUS
10
1.3382775590551181
20
0.8746062992125984
11
1.3405798425196851
21
0.8750642519685039
0
LINE
8
BLACK
6
CONTINUOUS
10
1.3405798425196851
20
0.8750642519685039
11
1.3405799606299211
21
0.8750642913385827
0
LINE
8
BLACK
6
CONTINUOUS
10
1.3405799606299211
20
0.8750642913385827
11
1.3412641338582676
21
0.8755214566929134
0
LINE
8
BLACK
6
CONTINUOUS
10
1.3412641338582676
20
0.8755214566929134
11
1.3431910236220472
21
0.8768089763779527
0
LINE
8
BLACK
6
CONTINUOUS
10
1.3431910236220472
20
0.8768089763779527
11
1.3449357086614173
21
0.8794200393700787
0
LINE
8
BLACK
6
CONTINUOUS
10
1.3449357086614173
20
0.8794200393700787
11
1.3453937007874015
21
0.8817225196850393
0
LINE
8
BLACK
6
CONTINUOUS
10
1.3453937007874015
20
0.8817225196850393
11
1.3453937007874015
21
0.9432774803149606
0
LINE
8
BLACK
6
CONTINUOUS
10
1.3453937007874015
20
0.9432774803149606
11
1.3449357086614173
21
0.9455799606299212
0
LINE
8
BLACK
6
CONTINUOUS
10
1.3449357086614173
20
0.9455799606299212
11
1.3431910236220472
21
0.9481910236220472
0
LINE
8
BLACK
6
CONTINUOUS
10
1.3431910236220472
20
0.9481910236220472
11
1.3405799606299211
21
0.9499357086614173
0
LINE
8
BLACK
6
CONTINUOUS
10
1.3405799606299211
20
0.9499357086614173
11
1.3382774803149606
21
0.9503937007874016
0
LINE
8
BLACK
6
CONTINUOUS
10
1.3382774803149606
20
0.9503937007874016
11
1.2767225196850394
21
0.9503937007874016
0
LINE
8
BLACK
6
CONTINUOUS
10
1.2767225196850394
20
0.9503937007874016
11
1.2744200393700786
21
0.9499357086614173
0
LINE
8
BLACK
6
CONTINUOUS
10
1.2744200393700786
20
0.9499357086614173
11
1.2718089763779528
21
0.9481910236220472
0
LINE
8
BLACK
6
CONTINUOUS
10
1.2718089763779528
20
0.9481910236220472
11
1.2717295669291337
21
0.9480721653543307
0
LINE
8
BLACK
6
CONTINUOUS
10
1.2717295669291337
20
0.9480721653543307
11
1.2700642913385827
21
0.9455799606299212
0
LINE
8
BLACK
6
CONTINUOUS
10
1.2700642913385827
20
0.9455799606299212
11
1.2700642519685039
21
0.945579842519685
0
LINE
8
BLACK
6
CONTINUOUS
10
1.2700642519685039
20
0.945579842519685
11
1.2696062992125985
21
0.9432775590551181
0
LINE
8
BLACK
6
CONTINUOUS
10
1.2696062992125985
20
0.9432775590551181
11
1.2696062992125985
21
0.8817224015748031
0
LINE
8
BLACK
6
CONTINUOUS
10
0.2096062992125984
20
1.3617224015748031
11
0.2100642519685039
21
1.3594201181102361
0
LINE
8
BLACK
6
CONTINUOUS
10
0.2100642519685039
20
1.3594201181102361
11
0.2100642913385827
21
1.3594200000000001
0
LINE
8
BLACK
6
CONTINUOUS
10
0.2100642913385827
20
1.3594200000000001
11
0.2118089763779528
21
1.3568089763779527
0
LINE
8
BLACK
6
CONTINUOUS
10
0.2118089763779528
20
1.3568089763779527
11
0.21442
21
1.3550642913385826
0
LINE
8
BLACK
6
CONTINUOUS
10
0.21442
20
1.3550642913385826
11
0.2144201181102362
21
1.3550642519685039
0
LINE
8
BLACK
6
CONTINUOUS
10
0.2144201181102362
20
1.3550642519685039
11
0.2167224015748032
21
1.3546062992125985
0
LINE
8
BLACK
6
CONTINUOUS
10
0.2167224015748032
20
1.3546062992125985
11
0.2167225196850394
21
1.3546062992125985
0
LINE
8
BLACK
6
CONTINUOUS
10
0.2167225196850394
20
1.3546062992125985
11
0.2782775590551181
21
1.3546062992125985
0
LINE
8
BLACK
6
CONTINUOUS
10
0.2782775590551181
20
1.3546062992125985
11
0.280579842519685
21
1.3550642519685039
0
LINE
8
BLACK
6
CONTINUOUS
10
0.280579842519685
20
1.3550642519685039
11
0.2805799606299212
21
1.3550642913385826
0
LINE
8
BLACK
6
CONTINUOUS
10
0.2805799606299212
20
1.3550642913385826
11
0.2831910236220472
21
1.3568089763779527
0
LINE
8
BLACK
6
CONTINUOUS
10
0.2831910236220472
20
1.3568089763779527
11
0.2849357086614173
21
1.3594200393700786
0
LINE
8
BLACK
6
CONTINUOUS
10
0.2849357086614173
20
1.3594200393700786
11
0.2853937007874016
21
1.3617225196850393
0
LINE
8
BLACK
6
CONTINUOUS
10
0.2853937007874016
20
1.3617225196850393
11
0.2853937007874016
21
1.4232774803149606
0
LINE
8
BLACK
6
CONTINUOUS
10
0.2853937007874016
20
1.4232774803149606
11
0.2849357086614173
21
1.4255799606299213
0
LINE
8
BLACK
6
CONTINUOUS
10
0.2849357086614173
20
1.4255799606299213
11
0.2831910236220472
21
1.4281910236220472
0
LINE
8
BLACK
6
CONTINUOUS
10
0.2831910236220472
20
1.4281910236220472
11
0.2805799606299212
21
1.4299357086614173
0
LINE
8
BLACK
6
CONTINUOUS
10
0.2805799606299212
20
1.4299357086614173
11
0.2782774803149606
21
1.4303937007874015
0
LINE
8
BLACK
6
CONTINUOUS
10
0.2782774803149606
20
1.4303937007874015
11
0.2167225196850394
21
1.4303937007874015
0
LINE
8
BLACK
6
CONTINUOUS
10
0.2167225196850394
20
1.4303937007874015
11
0.2144200393700787
21
1.4299357086614173
0
LINE
8
BLACK
6
CONTINUOUS
10
0.2144200393700787
20
1.4299357086614173
11
0.2118089763779528
21
1.4281910236220472
0
LINE
8
BLACK
6
CONTINUOUS
10
0.2118089763779528
20
1.4281910236220472
11
0.2106567322834646
21
1.4264665748031495
0
LINE
8
BLACK
6
CONTINUOUS
10
0.2106567322834646
20
1.4264665748031495
11
0.2100642913385827
21
1.4255799606299213
0
LINE
8
BLACK
6
CONTINUOUS
10
0.2100642913385827
20
1.4255799606299213
11
0.2100642519685039
21
1.4255798425196851
0
LINE
8
BLACK
6
CONTINUOUS
10
0.2100642519685039
20
1.4255798425196851
11
0.2096062992125984
21
1.4232775590551181
0
LINE
8
BLACK
6
CONTINUOUS
10
0.2096062992125984
20
1.4232775590551181
11
0.2096062992125984
21
1.3617224015748031
0
LINE
8
BLACK
6
CONTINUOUS
10
1.0921062992125985
20
1.404222401574803
11
1.0925642519685039
21
1.4019201181102361
0
LINE
8
BLACK
6
CONTINUOUS
10
1.0925642519685039
20
1.4019201181102361
11
1.0925642913385827
21
1.4019200000000001
0
LINE
8
BLACK
6
CONTINUOUS
10
1.0925642913385827
20
1.4019200000000001
11
1.0943089763779528
21
1.3993089763779527
0
LINE
8
BLACK
6
CONTINUOUS
10
1.0943089763779528
20
1.3993089763779527
11
1.0969199999999999
21
1.3975642913385826
0
LINE
8
BLACK
6
CONTINUOUS
10
1.0969199999999999
20
1.3975642913385826
11
1.0969201181102362
21
1.3975642519685039
0
LINE
8
BLACK
6
CONTINUOUS
10
1.0969201181102362
20
1.3975642519685039
11
1.0992224015748031
21
1.3971062992125984
0
LINE
8
BLACK
6
CONTINUOUS
10
1.0992224015748031
20
1.3971062992125984
11
1.0992225196850394
21
1.3971062992125984
0
LINE
8
BLACK
6
CONTINUOUS
10
1.0992225196850394
20
1.3971062992125984
11
1.1607775590551181
21
1.3971062992125984
0
LINE
8
BLACK
6
CONTINUOUS
10
1.1607775590551181
20
1.3971062992125984
11
1.1630798425196851
21
1.3975642519685039
0
LINE
8
BLACK
6
CONTINUOUS
10
1.1630798425196851
20
1.3975642519685039
11
1.1630799606299211
21
1.3975642913385826
0
LINE
8
BLACK
6
CONTINUOUS
10
1.1630799606299211
20
1.3975642913385826
11
1.1656910236220472
21
1.3993089763779527
0
LINE
8
BLACK
6
CONTINUOUS
10
1.1656910236220472
20
1.3993089763779527
11
1.1674357086614173
21
1.4019200393700788
0
LINE
8
BLACK
6
CONTINUOUS
10
1.1674357086614173
20
1.4019200393700788
11
1.1678937007874015
21
1.4042225196850393
0
LINE
8
BLACK
6
CONTINUOUS
10
1.1678937007874015
20
1.4042225196850393
11
1.1678937007874015
21
1.4657774803149606
0
LINE
8
BLACK
6
CONTINUOUS
10
1.1678937007874015
20
1.4657774803149606
11
1.1674357086614173
21
1.4680799606299213
0
LINE
8
BLACK
6
CONTINUOUS
10
1.1674357086614173
20
1.4680799606299213
11
1.1656910236220472
21
1.4706910236220472
0
LINE
8
BLACK
6
CONTINUOUS
10
1.1656910236220472
20
1.4706910236220472
11
1.1630799606299211
21
1.4724357086614173
0
LINE
8
BLACK
6
CONTINUOUS
10
1.1630799606299211
20
1.4724357086614173
11
1.1607774803149606
21
1.4728937007874014
0
LINE
8
BLACK
6
CONTINUOUS
10
1.1607774803149606
20
1.4728937007874014
11
1.0992225196850394
21
1.4728937007874014
0
LINE
8
BLACK
6
CONTINUOUS
10
1.0992225196850394
20
1.4728937007874014
11
1.0969200393700786
21
1.4724357086614173
0
LINE
8
BLACK
6
CONTINUOUS
10
1.0969200393700786
20
1.4724357086614173
11
1.0943089763779528
21
1.4706910236220472
0
LINE
8
BLACK
6
CONTINUOUS
10
1.0943089763779528
20
1.4706910236220472
11
1.0925642913385827
21
1.4680799606299213
0
LINE
8
BLACK
6
CONTINUOUS
10
1.0925642913385827
20
1.4680799606299213
11
1.0925642519685039
21
1.468079842519685
0
LINE
8
BLACK
6
CONTINUOUS
10
1.0925642519685039
20
1.468079842519685
11
1.0921062992125985
21
1.4657775590551181
0
LINE
8
BLACK
6
CONTINUOUS
10
1.0921062992125985
20
1.4657775590551181
11
1.0921062992125985
21
1.404222401574803
0
LINE
8
BLACK
6
CONTINUOUS
10
1.3471062992125984
20
1.4542224015748031
11
1.3475642519685038
21
1.4519201181102361
0
LINE
8
BLACK
6
CONTINUOUS
10
1.3475642519685038
20
1.4519201181102361
11
1.3475642913385826
21
1.4519199999999999
0
LINE
8
BLACK
6
CONTINUOUS
10
1.3475642913385826
20
1.4519199999999999
11
1.3493089763779527
21
1.4493089763779528
0
LINE
8
BLACK
6
CONTINUOUS
10
1.3493089763779527
20
1.4493089763779528
11
1.35192
21
1.4475642913385827
0
LINE
8
BLACK
6
CONTINUOUS
10
1.35192
20
1.4475642913385827
11
1.3519201181102363
21
1.4475642519685039
0
LINE
8
BLACK
6
CONTINUOUS
10
1.3519201181102363
20
1.4475642519685039
11
1.3542224015748032
21
1.4471062992125985
0
LINE
8
BLACK
6
CONTINUOUS
10
1.3542224015748032
20
1.4471062992125985
11
1.3542225196850393
21
1.4471062992125985
0
LINE
8
BLACK
6
CONTINUOUS
10
1.3542225196850393
20
1.4471062992125985
11
1.415777559055118
21
1.4471062992125985
0
LINE
8
BLACK
6
CONTINUOUS
10
1.415777559055118
20
1.4471062992125985
11
1.418079842519685
21
1.4475642519685039
0
LINE
8
BLACK
6
CONTINUOUS
10
1.418079842519685
20
1.4475642519685039
11
1.4180799606299213
21
1.4475642913385827
0
LINE
8
BLACK
6
CONTINUOUS
10
1.4180799606299213
20
1.4475642913385827
11
1.4196082283464566
21
1.4485854724409448
0
LINE
8
BLACK
6
CONTINUOUS
10
1.4196082283464566
20
1.4485854724409448
11
1.4206910236220471
21
1.4493089763779528
0
LINE
8
BLACK
6
CONTINUOUS
10
1.4206910236220471
20
1.4493089763779528
11
1.4224357086614172
21
1.4519200393700786
0
LINE
8
BLACK
6
CONTINUOUS
10
1.4224357086614172
20
1.4519200393700786
11
1.4228937007874016
21
1.4542225196850393
0
LINE
8
BLACK
6
CONTINUOUS
10
1.4228937007874016
20
1.4542225196850393
11
1.4228937007874016
21
1.5157774803149606
0
LINE
8
BLACK
6
CONTINUOUS
10
1.4228937007874016
20
1.5157774803149606
11
1.4228937007874016
21
1.5157775590551181
0
LINE
8
BLACK
6
CONTINUOUS
10
1.4228937007874016
20
1.5157775590551181
11
1.4224357086614172
21
1.5180799606299211
0
LINE
8
BLACK
6
CONTINUOUS
10
1.4224357086614172
20
1.5180799606299211
11
1.4206910236220471
21
1.5206910236220472
0
LINE
8
BLACK
6
CONTINUOUS
10
1.4206910236220471
20
1.5206910236220472
11
1.4180799606299213
21
1.5224357086614173
0
LINE
8
BLACK
6
CONTINUOUS
10
1.4180799606299213
20
1.5224357086614173
11
1.4157774803149605
21
1.5228937007874015
0
LINE
8
BLACK
6
CONTINUOUS
10
1.4157774803149605
20
1.5228937007874015
11
1.3542225196850393
21
1.5228937007874015
0
LINE
8
BLACK
6
CONTINUOUS
10
1.3542225196850393
20
1.5228937007874015
11
1.3519200393700788
21
1.5224357086614173
0
LINE
8
BLACK
6
CONTINUOUS
10
1.3519200393700788
20
1.5224357086614173
11
1.3493089763779527
21
1.5206910236220472
0
LINE
8
BLACK
6
CONTINUOUS
10
1.3493089763779527
20
1.5206910236220472
11
1.3486717322834645
21
1.5197373228346456
0
LINE
8
BLACK
6
CONTINUOUS
10
1.3486717322834645
20
1.5197373228346456
11
1.3475642913385826
21
1.5180799606299211
0
LINE
8
BLACK
6
CONTINUOUS
10
1.3475642913385826
20
1.5180799606299211
11
1.3475642519685038
21
1.5180798425196851
0
LINE
8
BLACK
6
CONTINUOUS
10
1.3475642519685038
20
1.5180798425196851
11
1.3471062992125984
21
1.5157775590551181
0
LINE
8
BLACK
6
CONTINUOUS
10
1.3471062992125984
20
1.5157775590551181
11
1.3471062992125984
21
1.4542224015748031
0
LINE
8
BLACK
6
CONTINUOUS
10
1.4471062992125985
20
1.4542224015748031
11
1.4475642519685039
21
1.4519201181102361
0
LINE
8
BLACK
6
CONTINUOUS
10
1.4475642519685039
20
1.4519201181102361
11
1.4475642913385827
21
1.4519199999999999
0
LINE
8
BLACK
6
CONTINUOUS
10
1.4475642913385827
20
1.4519199999999999
11
1.4493089763779528
21
1.4493089763779528
0
LINE
8
BLACK
6
CONTINUOUS
10
1.4493089763779528
20
1.4493089763779528
11
1.4519199999999999
21
1.4475642913385827
0
LINE
8
BLACK
6
CONTINUOUS
10
1.4519199999999999
20
1.4475642913385827
11
1.4519201181102361
21
1.4475642519685039
0
LINE
8
BLACK
6
CONTINUOUS
10
1.4519201181102361
20
1.4475642519685039
11
1.4542224015748031
21
1.4471062992125985
0
LINE
8
BLACK
6
CONTINUOUS
10
1.4542224015748031
20
1.4471062992125985
11
1.4542225196850393
21
1.4471062992125985
0
LINE
8
BLACK
6
CONTINUOUS
10
1.4542225196850393
20
1.4471062992125985
11
1.5157775590551181
21
1.4471062992125985
0
LINE
8
BLACK
6
CONTINUOUS
10
1.5157775590551181
20
1.4471062992125985
11
1.5180798425196851
21
1.4475642519685039
0
LINE
8
BLACK
6
CONTINUOUS
10
1.5180798425196851
20
1.4475642519685039
11
1.5180799606299211
21
1.4475642913385827
0
LINE
8
BLACK
6
CONTINUOUS
10
1.5180799606299211
20
1.4475642913385827
11
1.5196082283464567
21
1.4485854724409448
0
LINE
8
BLACK
6
CONTINUOUS
10
1.5196082283464567
20
1.4485854724409448
11
1.5206910236220472
21
1.4493089763779528
0
LINE
8
BLACK
6
CONTINUOUS
10
1.5206910236220472
20
1.4493089763779528
11
1.5224357086614173
21
1.4519200393700786
0
LINE
8
BLACK
6
CONTINUOUS
10
1.5224357086614173
20
1.4519200393700786
11
1.5228937007874015
21
1.4542225196850393
0
LINE
8
BLACK
6
CONTINUOUS
10
1.5228937007874015
20
1.4542225196850393
11
1.5228937007874015
21
1.5157774803149606
0
LINE
8
BLACK
6
CONTINUOUS
10
1.5228937007874015
20
1.5157774803149606
11
1.5224357086614173
21
1.5180799606299211
0
LINE
8
BLACK
6
CONTINUOUS
10
1.5224357086614173
20
1.5180799606299211
11
1.5206910236220472
21
1.5206910236220472
0
LINE
8
BLACK
6
CONTINUOUS
10
1.5206910236220472
20
1.5206910236220472
11
1.5180799606299211
21
1.5224357086614173
0
LINE
8
BLACK
6
CONTINUOUS
10
1.5180799606299211
20
1.5224357086614173
11
1.5157774803149606
21
1.5228937007874015
0
LINE
8
BLACK
6
CONTINUOUS
10
1.5157774803149606
20
1.5228937007874015
11
1.4542225196850393
21
1.5228937007874015
0
LINE
8
BLACK
6
CONTINUOUS
10
1.4542225196850393
20
1.5228937007874015
11
1.4519200393700786
21
1.5224357086614173
0
LINE
8
BLACK
6
CONTINUOUS
10
1.4519200393700786
20
1.5224357086614173
11
1.4493089763779528
21
1.5206910236220472
0
LINE
8
BLACK
6
CONTINUOUS
10
1.4493089763779528
20
1.5206910236220472
11
1.4486717322834646
21
1.5197373228346456
0
LINE
8
BLACK
6
CONTINUOUS
10
1.4486717322834646
20
1.5197373228346456
11
1.4475642913385827
21
1.5180799606299211
0
LINE
8
BLACK
6
CONTINUOUS
10
1.4475642913385827
20
1.5180799606299211
11
1.4475642519685039
21
1.5180798425196851
0
LINE
8
BLACK
6
CONTINUOUS
10
1.4475642519685039
20
1.5180798425196851
11
1.4471062992125985
21
1.5157775590551181
0
LINE
8
BLACK
6
CONTINUOUS
10
1.4471062992125985
20
1.5157775590551181
11
1.4471062992125985
21
1.4542224015748031
0
LINE
8
BLACK
6
CONTINUOUS
10
1.0921062992125985
20
1.5042224015748031
11
1.0925642519685039
21
1.5019201181102362
0
LINE
8
BLACK
6
CONTINUOUS
10
1.0925642519685039
20
1.5019201181102362
11
1.0925642913385827
21
1.5019199999999999
0
LINE
8
BLACK
6
CONTINUOUS
10
1.0925642913385827
20
1.5019199999999999
11
1.0943089763779528
21
1.4993089763779528
0
LINE
8
BLACK
6
CONTINUOUS
10
1.0943089763779528
20
1.4993089763779528
11
1.0969199999999999
21
1.4975642913385827
0
LINE
8
BLACK
6
CONTINUOUS
10
1.0969199999999999
20
1.4975642913385827
11
1.0969201181102362
21
1.497564251968504
0
LINE
8
BLACK
6
CONTINUOUS
10
1.0969201181102362
20
1.497564251968504
11
1.0992224015748031
21
1.4971062992125983
0
LINE
8
BLACK
6
CONTINUOUS
10
1.0992224015748031
20
1.4971062992125983
11
1.0992225196850394
21
1.4971062992125983
0
LINE
8
BLACK
6
CONTINUOUS
10
1.0992225196850394
20
1.4971062992125983
11
1.1607775590551181
21
1.4971062992125983
0
LINE
8
BLACK
6
CONTINUOUS
10
1.1607775590551181
20
1.4971062992125983
11
1.1630798425196851
21
1.497564251968504
0
LINE
8
BLACK
6
CONTINUOUS
10
1.1630798425196851
20
1.497564251968504
11
1.1630799606299211
21
1.4975642913385827
0
LINE
8
BLACK
6
CONTINUOUS
10
1.1630799606299211
20
1.4975642913385827
11
1.1635918503937008
21
1.4979063385826772
0
LINE
8
BLACK
6
CONTINUOUS
10
1.1635918503937008
20
1.4979063385826772
11
1.1656910236220472
21
1.4993089763779528
0
LINE
8
BLACK
6
CONTINUOUS
10
1.1656910236220472
20
1.4993089763779528
11
1.1674357086614173
21
1.5019200393700787
0
LINE
8
BLACK
6
CONTINUOUS
10
1.1674357086614173
20
1.5019200393700787
11
1.1678937007874015
21
1.5042225196850394
0
LINE
8
BLACK
6
CONTINUOUS
10
1.1678937007874015
20
1.5042225196850394
11
1.1678937007874015
21
1.5157775590551181
0
LINE
8
BLACK
6
CONTINUOUS
10
1.1678937007874015
20
1.5157775590551181
11
1.1678937007874015
21
1.5657774803149607
0
LINE
8
BLACK
6
CONTINUOUS
10
1.1678937007874015
20
1.5657774803149607
11
1.1674357086614173
21
1.5680799606299212
0
LINE
8
BLACK
6
CONTINUOUS
10
1.1674357086614173
20
1.5680799606299212
11
1.1656910236220472
21
1.5706910236220473
0
LINE
8
BLACK
6
CONTINUOUS
10
1.1656910236220472
20
1.5706910236220473
11
1.1630799606299211
21
1.5724357086614174
0
LINE
8
BLACK
6
CONTINUOUS
10
1.1630799606299211
20
1.5724357086614174
11
1.1607774803149606
21
1.5728937007874015
0
LINE
8
BLACK
6
CONTINUOUS
10
1.1607774803149606
20
1.5728937007874015
11
1.0992225196850394
21
1.5728937007874015
0
LINE
8
BLACK
6
CONTINUOUS
10
1.0992225196850394
20
1.5728937007874015
11
1.0969200393700786
21
1.5724357086614174
0
LINE
8
BLACK
6
CONTINUOUS
10
1.0969200393700786
20
1.5724357086614174
11
1.0943089763779528
21
1.5706910236220473
0
LINE
8
BLACK
6
CONTINUOUS
10
1.0943089763779528
20
1.5706910236220473
11
1.0929108267716534
21
1.5685985826771653
0
LINE
8
BLACK
6
CONTINUOUS
10
1.0929108267716534
20
1.5685985826771653
11
1.0925642913385827
21
1.5680799606299212
0
LINE
8
BLACK
6
CONTINUOUS
10
1.0925642913385827
20
1.5680799606299212
11
1.0925642519685039
21
1.5680798425196849
0
LINE
8
BLACK
6
CONTINUOUS
10
1.0925642519685039
20
1.5680798425196849
11
1.0921062992125985
21
1.5657775590551182
0
LINE
8
BLACK
6
CONTINUOUS
10
1.0921062992125985
20
1.5657775590551182
11
1.0921062992125985
21
1.5042224015748031
0
LINE
8
BLACK
6
CONTINUOUS
10
0.4569200393700787
20
1.6974357086614174
11
0.4543089763779528
21
1.6956910236220473
0
LINE
8
BLACK
6
CONTINUOUS
10
0.4543089763779528
20
1.6956910236220473
11
0.4525642913385827
21
1.6930799606299212
0
LINE
8
BLACK
6
CONTINUOUS
10
0.4525642913385827
20
1.6930799606299212
11
0.4525642519685039
21
1.6930798425196849
0
LINE
8
BLACK
6
CONTINUOUS
10
0.4525642519685039
20
1.6930798425196849
11
0.4521062992125984
21
1.6907775590551182
0
LINE
8
BLACK
6
CONTINUOUS
10
0.4521062992125984
20
1.6907775590551182
11
0.4521062992125984
21
1.6292224015748031
0
LINE
8
BLACK
6
CONTINUOUS
10
0.4521062992125984
20
1.6292224015748031
11
0.4525642519685039
21
1.6269201181102362
0
LINE
8
BLACK
6
CONTINUOUS
10
0.4525642519685039
20
1.6269201181102362
11
0.4525642913385827
21
1.6269199999999999
0
LINE
8
BLACK
6
CONTINUOUS
10
0.4525642913385827
20
1.6269199999999999
11
0.4543089763779528
21
1.6243089763779528
0
LINE
8
BLACK
6
CONTINUOUS
10
0.4543089763779528
20
1.6243089763779528
11
0.45692
21
1.6225642913385827
0
LINE
8
BLACK
6
CONTINUOUS
10
0.45692
20
1.6225642913385827
11
0.4569201181102362
21
1.622564251968504
0
LINE
8
BLACK
6
CONTINUOUS
10
0.4569201181102362
20
1.622564251968504
11
0.4592224015748032
21
1.6221062992125983
0
LINE
8
BLACK
6
CONTINUOUS
10
0.4592224015748032
20
1.6221062992125983
11
0.4592225196850394
21
1.6221062992125983
0
LINE
8
BLACK
6
CONTINUOUS
10
0.4592225196850394
20
1.6221062992125983
11
0.5207775590551181
21
1.6221062992125983
0
LINE
8
BLACK
6
CONTINUOUS
10
0.5207775590551181
20
1.6221062992125983
11
0.523079842519685
21
1.622564251968504
0
LINE
8
BLACK
6
CONTINUOUS
10
0.523079842519685
20
1.622564251968504
11
0.5230799606299212
21
1.6225642913385827
0
LINE
8
BLACK
6
CONTINUOUS
10
0.5230799606299212
20
1.6225642913385827
11
0.5233991338582678
21
1.6227775590551181
0
LINE
8
BLACK
6
CONTINUOUS
10
0.5233991338582678
20
1.6227775590551181
11
0.5256910236220472
21
1.6243089763779528
0
LINE
8
BLACK
6
CONTINUOUS
10
0.5256910236220472
20
1.6243089763779528
11
0.5274357086614173
21
1.6269200393700787
0
LINE
8
BLACK
6
CONTINUOUS
10
0.5274357086614173
20
1.6269200393700787
11
0.5278937007874016
21
1.6292225196850394
0
LINE
8
BLACK
6
CONTINUOUS
10
0.5278937007874016
20
1.6292225196850394
11
0.5278937007874016
21
1.6907774803149607
0
LINE
8
BLACK
6
CONTINUOUS
10
0.5278937007874016
20
1.6907774803149607
11
0.5278937007874016
21
1.6907775590551182
0
LINE
8
BLACK
6
CONTINUOUS
10
0.5278937007874016
20
1.6907775590551182
11
0.5274357086614173
21
1.6930799606299212
0
LINE
8
BLACK
6
CONTINUOUS
10
0.5274357086614173
20
1.6930799606299212
11
0.5256910236220472
21
1.6956910236220473
0
LINE
8
BLACK
6
CONTINUOUS
10
0.5256910236220472
20
1.6956910236220473
11
0.5230799606299212
21
1.6974357086614174
0
LINE
8
BLACK
6
CONTINUOUS
10
0.5230799606299212
20
1.6974357086614174
11
0.5207774803149606
21
1.6978937007874015
0
LINE
8
BLACK
6
CONTINUOUS
10
0.5207774803149606
20
1.6978937007874015
11
0.4592225196850394
21
1.6978937007874015
0
LINE
8
BLACK
6
CONTINUOUS
10
0.4592225196850394
20
1.6978937007874015
11
0.4569200393700787
21
1.6974357086614174
0
LINE
8
BLACK
6
CONTINUOUS
10
0.5521062992125985
20
1.6292224015748031
11
0.5525642519685039
21
1.6269201181102362
0
LINE
8
BLACK
6
CONTINUOUS
10
0.5525642519685039
20
1.6269201181102362
11
0.5525642913385826
21
1.6269199999999999
0
LINE
8
BLACK
6
CONTINUOUS
10
0.5525642913385826
20
1.6269199999999999
11
0.5543089763779527
21
1.6243089763779528
0
LINE
8
BLACK
6
CONTINUOUS
10
0.5543089763779527
20
1.6243089763779528
11
0.55692
21
1.6225642913385827
0
LINE
8
BLACK
6
CONTINUOUS
10
0.55692
20
1.6225642913385827
11
0.5569201181102362
21
1.622564251968504
0
LINE
8
BLACK
6
CONTINUOUS
10
0.5569201181102362
20
1.622564251968504
11
0.5592224015748032
21
1.6221062992125983
0
LINE
8
BLACK
6
CONTINUOUS
10
0.5592224015748032
20
1.6221062992125983
11
0.5592225196850393
21
1.6221062992125983
0
LINE
8
BLACK
6
CONTINUOUS
10
0.5592225196850393
20
1.6221062992125983
11
0.6207775590551181
21
1.6221062992125983
0
LINE
8
BLACK
6
CONTINUOUS
10
0.6207775590551181
20
1.6221062992125983
11
0.6230798425196851
21
1.622564251968504
0
LINE
8
BLACK
6
CONTINUOUS
10
0.6230798425196851
20
1.622564251968504
11
0.6230799606299212
21
1.6225642913385827
0
LINE
8
BLACK
6
CONTINUOUS
10
0.6230799606299212
20
1.6225642913385827
11
0.6233991338582677
21
1.6227775590551181
0
LINE
8
BLACK
6
CONTINUOUS
10
0.6233991338582677
20
1.6227775590551181
11
0.6256910236220472
21
1.6243089763779528
0
LINE
8
BLACK
6
CONTINUOUS
10
0.6256910236220472
20
1.6243089763779528
11
0.6274357086614173
21
1.6269200393700787
0
LINE
8
BLACK
6
CONTINUOUS
10
0.6274357086614173
20
1.6269200393700787
11
0.6278937007874016
21
1.6292225196850394
0
LINE
8
BLACK
6
CONTINUOUS
10
0.6278937007874016
20
1.6292225196850394
11
0.6278937007874016
21
1.6907774803149607
0
LINE
8
BLACK
6
CONTINUOUS
10
0.6278937007874016
20
1.6907774803149607
11
0.6274357086614173
21
1.6930799606299212
0
LINE
8
BLACK
6
CONTINUOUS
10
0.6274357086614173
20
1.6930799606299212
11
0.6256910236220472
21
1.6956910236220473
0
LINE
8
BLACK
6
CONTINUOUS
10
0.6256910236220472
20
1.6956910236220473
11
0.6230799606299212
21
1.6974357086614174
0
LINE
8
BLACK
6
CONTINUOUS
10
0.6230799606299212
20
1.6974357086614174
11
0.6207774803149606
21
1.6978937007874015
0
LINE
8
BLACK
6
CONTINUOUS
10
0.6207774803149606
20
1.6978937007874015
11
0.5592225196850393
21
1.6978937007874015
0
LINE
8
BLACK
6
CONTINUOUS
10
0.5592225196850393
20
1.6978937007874015
11
0.5569200393700787
21
1.6974357086614174
0
LINE
8
BLACK
6
CONTINUOUS
10
0.5569200393700787
20
1.6974357086614174
11
0.5543089763779527
21
1.6956910236220473
0
LINE
8
BLACK
6
CONTINUOUS
10
0.5543089763779527
20
1.6956910236220473
11
0.5525642913385826
21
1.6930799606299212
0
LINE
8
BLACK
6
CONTINUOUS
10
0.5525642913385826
20
1.6930799606299212
11
0.5525642519685039
21
1.6930798425196849
0
LINE
8
BLACK
6
CONTINUOUS
10
0.5525642519685039
20
1.6930798425196849
11
0.5521062992125985
21
1.6907775590551182
0
LINE
8
BLACK
6
CONTINUOUS
10
0.5521062992125985
20
1.6907775590551182
11
0.5521062992125985
21
1.6292224015748031
0
LINE
8
BLACK
6
CONTINUOUS
10
0.8869200393700787
20
1.8324357086614174
11
0.8843089763779527
21
1.8306910236220473
0
LINE
8
BLACK
6
CONTINUOUS
10
0.8843089763779527
20
1.8306910236220473
11
0.8825642913385826
21
1.8280799606299212
0
LINE
8
BLACK
6
CONTINUOUS
10
0.8825642913385826
20
1.8280799606299212
11
0.882564251968504
21
1.8280798425196849
0
LINE
8
BLACK
6
CONTINUOUS
10
0.882564251968504
20
1.8280798425196849
11
0.8821062992125984
21
1.825777559055118
0
LINE
8
BLACK
6
CONTINUOUS
10
0.8821062992125984
20
1.825777559055118
11
0.8821062992125984
21
1.7642224015748031
0
LINE
8
BLACK
6
CONTINUOUS
10
0.8821062992125984
20
1.7642224015748031
11
0.882564251968504
21
1.7619201181102362
0
LINE
8
BLACK
6
CONTINUOUS
10
0.882564251968504
20
1.7619201181102362
11
0.8825642913385826
21
1.7619199999999999
0
LINE
8
BLACK
6
CONTINUOUS
10
0.8825642913385826
20
1.7619199999999999
11
0.8843089763779527
21
1.7593089763779528
0
LINE
8
BLACK
6
CONTINUOUS
10
0.8843089763779527
20
1.7593089763779528
11
0.8869199999999999
21
1.7575642913385827
0
LINE
8
BLACK
6
CONTINUOUS
10
0.8869199999999999
20
1.7575642913385827
11
0.8869201181102362
21
1.757564251968504
0
LINE
8
BLACK
6
CONTINUOUS
10
0.8869201181102362
20
1.757564251968504
11
0.8892224015748031
21
1.7571062992125983
0
LINE
8
BLACK
6
CONTINUOUS
10
0.8892224015748031
20
1.7571062992125983
11
0.8892225196850394
21
1.7571062992125983
0
LINE
8
BLACK
6
CONTINUOUS
10
0.8892225196850394
20
1.7571062992125983
11
0.9507775590551181
21
1.7571062992125983
0
LINE
8
BLACK
6
CONTINUOUS
10
0.9507775590551181
20
1.7571062992125983
11
0.953079842519685
21
1.757564251968504
0
LINE
8
BLACK
6
CONTINUOUS
10
0.953079842519685
20
1.757564251968504
11
0.9530799606299213
21
1.7575642913385827
0
LINE
8
BLACK
6
CONTINUOUS
10
0.9530799606299213
20
1.7575642913385827
11
0.9556910236220473
21
1.7593089763779528
0
LINE
8
BLACK
6
CONTINUOUS
10
0.9556910236220473
20
1.7593089763779528
11
0.9574357086614173
21
1.7619200393700787
0
LINE
8
BLACK
6
CONTINUOUS
10
0.9574357086614173
20
1.7619200393700787
11
0.9578937007874015
21
1.7642225196850394
0
LINE
8
BLACK
6
CONTINUOUS
10
0.9578937007874015
20
1.7642225196850394
11
0.9578937007874015
21
1.8257774803149607
0
LINE
8
BLACK
6
CONTINUOUS
10
0.9578937007874015
20
1.8257774803149607
11
0.9574357086614173
21
1.8280799606299212
0
LINE
8
BLACK
6
CONTINUOUS
10
0.9574357086614173
20
1.8280799606299212
11
0.9556910236220473
21
1.8306910236220473
0
LINE
8
BLACK
6
CONTINUOUS
10
0.9556910236220473
20
1.8306910236220473
11
0.9530799606299213
21
1.8324357086614174
0
LINE
8
BLACK
6
CONTINUOUS
10
0.9530799606299213
20
1.8324357086614174
11
0.9507774803149606
21
1.8328937007874015
0
LINE
8
BLACK
6
CONTINUOUS
10
0.9507774803149606
20
1.8328937007874015
11
0.8892225196850394
21
1.8328937007874015
0
LINE
8
BLACK
6
CONTINUOUS
10
0.8892225196850394
20
1.8328937007874015
11
0.8869200393700787
21
1.8324357086614174
0
LINE
8
BLACK
6
CONTINUOUS
10
0.8821062992125984
20
1.864222401574803
11
0.882564251968504
21
1.8619201181102363
0
LINE
8
BLACK
6
CONTINUOUS
10
0.882564251968504
20
1.8619201181102363
11
0.8825642913385826
21
1.86192
0
LINE
8
BLACK
6
CONTINUOUS
10
0.8825642913385826
20
1.86192
11
0.8843089763779527
21
1.8593089763779527
0
LINE
8
BLACK
6
CONTINUOUS
10
0.8843089763779527
20
1.8593089763779527
11
0.8869199999999999
21
1.8575642913385826
0
LINE
8
BLACK
6
CONTINUOUS
10
0.8869199999999999
20
1.8575642913385826
11
0.8869201181102362
21
1.8575642519685038
0
LINE
8
BLACK
6
CONTINUOUS
10
0.8869201181102362
20
1.8575642519685038
11
0.8892224015748031
21
1.8571062992125984
0
LINE
8
BLACK
6
CONTINUOUS
10
0.8892224015748031
20
1.8571062992125984
11
0.8892225196850394
21
1.8571062992125984
0
LINE
8
BLACK
6
CONTINUOUS
10
0.8892225196850394
20
1.8571062992125984
11
0.9507775590551181
21
1.8571062992125984
0
LINE
8
BLACK
6
CONTINUOUS
10
0.9507775590551181
20
1.8571062992125984
11
0.953079842519685
21
1.8575642519685038
0
LINE
8
BLACK
6
CONTINUOUS
10
0.953079842519685
20
1.8575642519685038
11
0.9530799606299213
21
1.8575642913385826
0
LINE
8
BLACK
6
CONTINUOUS
10
0.9530799606299213
20
1.8575642913385826
11
0.9556910236220473
21
1.8593089763779527
0
LINE
8
BLACK
6
CONTINUOUS
10
0.9556910236220473
20
1.8593089763779527
11
0.9574357086614173
21
1.8619200393700788
0
LINE
8
BLACK
6
CONTINUOUS
10
0.9574357086614173
20
1.8619200393700788
11
0.9578937007874015
21
1.8642225196850393
0
LINE
8
BLACK
6
CONTINUOUS
10
0.9578937007874015
20
1.8642225196850393
11
0.9578937007874015
21
1.9257774803149605
0
LINE
8
BLACK
6
CONTINUOUS
10
0.9578937007874015
20
1.9257774803149605
11
0.9574357086614173
21
1.9280799606299213
0
LINE
8
BLACK
6
CONTINUOUS
10
0.9574357086614173
20
1.9280799606299213
11
0.9556910236220473
21
1.9306910236220471
0
LINE
8
BLACK
6
CONTINUOUS
10
0.9556910236220473
20
1.9306910236220471
11
0.9530799606299213
21
1.9324357086614172
0
LINE
8
BLACK
6
CONTINUOUS
10
0.9530799606299213
20
1.9324357086614172
11
0.9507774803149606
21
1.9328937007874016
0
LINE
8
BLACK
6
CONTINUOUS
10
0.9507774803149606
20
1.9328937007874016
11
0.8892225196850394
21
1.9328937007874016
0
LINE
8
BLACK
6
CONTINUOUS
10
0.8892225196850394
20
1.9328937007874016
11
0.8869200393700787
21
1.9324357086614172
0
LINE
8
BLACK
6
CONTINUOUS
10
0.8869200393700787
20
1.9324357086614172
11
0.8843089763779527
21
1.9306910236220471
0
LINE
8
BLACK
6
CONTINUOUS
10
0.8843089763779527
20
1.9306910236220471
11
0.8825642913385826
21
1.9280799606299213
0
LINE
8
BLACK
6
CONTINUOUS
10
0.8825642913385826
20
1.9280799606299213
11
0.882564251968504
21
1.928079842519685
0
LINE
8
BLACK
6
CONTINUOUS
10
0.882564251968504
20
1.928079842519685
11
0.8821062992125984
21
1.925777559055118
0
LINE
8
BLACK
6
CONTINUOUS
10
0.8821062992125984
20
1.925777559055118
11
0.8821062992125984
21
1.864222401574803
0
LINE
8
BLACK
6
CONTINUOUS
10
0.9751771653543306
20
0.2250957480314961
11
0.9764573228346457
21
0.2153716929133858
0
LINE
8
BLACK
6
CONTINUOUS
10
0.9764573228346457
20
0.2153716929133858
11
0.9789959448818898
21
0.2058975196850394
0
LINE
8
BLACK
6
CONTINUOUS
10
0.9789959448818898
20
0.2058975196850394
11
0.9789959842519684
21
0.2058973622047244
0
LINE
8
BLACK
6
CONTINUOUS
10
0.9789959842519684
20
0.2058973622047244
11
0.9827494881889763
21
0.1968356299212598
0
LINE
8
BLACK
6
CONTINUOUS
10
0.9827494881889763
20
0.1968356299212598
11
0.9827496850393701
21
0.1968351968503937
0
LINE
8
BLACK
6
CONTINUOUS
10
0.9827496850393701
20
0.1968351968503937
11
0.9876534645669292
21
0.1883415748031496
0
LINE
8
BLACK
6
CONTINUOUS
10
0.9876534645669292
20
0.1883415748031496
11
0.9936244881889763
21
0.18056
0
LINE
8
BLACK
6
CONTINUOUS
10
0.9936244881889763
20
0.18056
11
0.993624842519685
21
0.1805595669291339
0
LINE
8
BLACK
6
CONTINUOUS
10
0.993624842519685
20
0.1805595669291339
11
1.0005595669291338
21
0.173624842519685
0
LINE
8
BLACK
6
CONTINUOUS
10
1.0005595669291338
20
0.173624842519685
11
1.0005599999999999
21
0.1736244881889764
0
LINE
8
BLACK
6
CONTINUOUS
10
1.0005599999999999
20
0.1736244881889764
11
1.0083415748031497
21
0.1676534645669291
0
LINE
8
BLACK
6
CONTINUOUS
10
1.0083415748031497
20
0.1676534645669291
11
1.0168351968503937
21
0.1627496850393701
0
LINE
8
BLACK
6
CONTINUOUS
10
1.0168351968503937
20
0.1627496850393701
11
1.0168356299212598
21
0.1627494881889764
0
LINE
8
BLACK
6
CONTINUOUS
10
1.0168356299212598
20
0.1627494881889764
11
1.0258973622047245
21
0.1589959842519685
0
LINE
8
BLACK
6
CONTINUOUS
10
1.0258973622047245
20
0.1589959842519685
11
1.0258975196850393
21
0.1589959448818898
0
LINE
8
BLACK
6
CONTINUOUS
10
1.0258975196850393
20
0.1589959448818898
11
1.0353716929133858
21
0.1564573228346457
0
LINE
8
BLACK
6
CONTINUOUS
10
1.0353716929133858
20
0.1564573228346457
11
1.045095748031496
21
0.1551771653543307
0
LINE
8
BLACK
6
CONTINUOUS
10
1.045095748031496
20
0.1551771653543307
11
1.0450958661417322
21
0.1551771653543307
0
LINE
8
BLACK
6
CONTINUOUS
10
1.0450958661417322
20
0.1551771653543307
11
1.0549042125984252
21
0.1551771653543307
0
LINE
8
BLACK
6
CONTINUOUS
10
1.0549042125984252
20
0.1551771653543307
11
1.0646282677165355
21
0.1564573228346457
0
LINE
8
BLACK
6
CONTINUOUS
10
1.0646282677165355
20
0.1564573228346457
11
1.0671667322834646
21
0.1571374803149606
0
LINE
8
BLACK
6
CONTINUOUS
10
1.0671667322834646
20
0.1571374803149606
11
1.0741026377952756
21
0.1589959842519685
0
LINE
8
BLACK
6
CONTINUOUS
10
1.0741026377952756
20
0.1589959842519685
11
1.0831642913385826
21
0.1627494488188976
0
LINE
8
BLACK
6
CONTINUOUS
10
1.0831642913385826
20
0.1627494488188976
11
1.0831644488188976
21
0.1627495275590551
0
LINE
8
BLACK
6
CONTINUOUS
10
1.0831644488188976
20
0.1627495275590551
11
1.0831647637795276
21
0.1627496850393701
0
LINE
8
BLACK
6
CONTINUOUS
10
1.0831647637795276
20
0.1627496850393701
11
1.0916583858267717
21
0.1676534645669291
0
LINE
8
BLACK
6
CONTINUOUS
10
1.0916583858267717
20
0.1676534645669291
11
1.0916585433070867
21
0.1676535826771653
0
LINE
8
BLACK
6
CONTINUOUS
10
1.0916585433070867
20
0.1676535826771653
11
1.09944
21
0.1736244881889764
0
LINE
8
BLACK
6
CONTINUOUS
10
1.09944
20
0.1736244881889764
11
1.099440157480315
21
0.1736246456692913
0
LINE
8
BLACK
6
CONTINUOUS
10
1.099440157480315
20
0.1736246456692913
11
1.0994403937007873
21
0.173624842519685
0
LINE
8
BLACK
6
CONTINUOUS
10
1.0994403937007873
20
0.173624842519685
11
1.1063751181102361
21
0.1805595669291339
0
LINE
8
BLACK
6
CONTINUOUS
10
1.1063751181102361
20
0.1805595669291339
11
1.1063752755905512
21
0.1805597637795276
0
LINE
8
BLACK
6
CONTINUOUS
10
1.1063752755905512
20
0.1805597637795276
11
1.1063755118110237
21
0.18056
0
LINE
8
BLACK
6
CONTINUOUS
10
1.1063755118110237
20
0.18056
11
1.1123464173228346
21
0.1883414566929134
0
LINE
8
BLACK
6
CONTINUOUS
10
1.1123464173228346
20
0.1883414566929134
11
1.1123464960629921
21
0.1883415748031496
0
LINE
8
BLACK
6
CONTINUOUS
10
1.1123464960629921
20
0.1883415748031496
11
1.1172502755905511
21
0.1968351968503937
0
LINE
8
BLACK
6
CONTINUOUS
10
1.1172502755905511
20
0.1968351968503937
11
1.1172503149606299
21
0.1968353543307086
0
LINE
8
BLACK
6
CONTINUOUS
10
1.1172503149606299
20
0.1968353543307086
11
1.1172505511811024
21
0.1968357086614173
0
LINE
8
BLACK
6
CONTINUOUS
10
1.1172505511811024
20
0.1968357086614173
11
1.1210040157480314
21
0.2058973622047244
0
LINE
8
BLACK
6
CONTINUOUS
10
1.1210040157480314
20
0.2058973622047244
11
1.1235425984251968
21
0.2153714566929134
0
LINE
8
BLACK
6
CONTINUOUS
10
1.1235425984251968
20
0.2153714566929134
11
1.1248228346456692
21
0.2250958661417323
0
LINE
8
BLACK
6
CONTINUOUS
10
1.1248228346456692
20
0.2250958661417323
11
1.1248228346456692
21
0.2349041338582677
0
LINE
8
BLACK
6
CONTINUOUS
10
1.1248228346456692
20
0.2349041338582677
11
1.1235425984251968
21
0.2446285433070866
0
LINE
8
BLACK
6
CONTINUOUS
10
1.1235425984251968
20
0.2446285433070866
11
1.1210040157480314
21
0.2541026377952756
0
LINE
8
BLACK
6
CONTINUOUS
10
1.1210040157480314
20
0.2541026377952756
11
1.1172505511811024
21
0.2631642913385827
0
LINE
8
BLACK
6
CONTINUOUS
10
1.1172505511811024
20
0.2631642913385827
11
1.1123464173228346
21
0.2716585433070866
0
LINE
8
BLACK
6
CONTINUOUS
10
1.1123464173228346
20
0.2716585433070866
11
1.1063755118110237
21
0.27944
0
LINE
8
BLACK
6
CONTINUOUS
10
1.1063755118110237
20
0.27944
11
1.09944
21
0.2863755118110236
0
LINE
8
BLACK
6
CONTINUOUS
10
1.09944
20
0.2863755118110236
11
1.0916585433070867
21
0.2923464173228346
0
LINE
8
BLACK
6
CONTINUOUS
10
1.0916585433070867
20
0.2923464173228346
11
1.0831642913385826
21
0.2972505511811023
0
LINE
8
BLACK
6
CONTINUOUS
10
1.0831642913385826
20
0.2972505511811023
11
1.0741026377952756
21
0.3010040157480315
0
LINE
8
BLACK
6
CONTINUOUS
10
1.0741026377952756
20
0.3010040157480315
11
1.0646285433070866
21
0.3035425984251968
0
LINE
8
BLACK
6
CONTINUOUS
10
1.0646285433070866
20
0.3035425984251968
11
1.0646282677165355
21
0.3035425984251968
0
LINE
8
BLACK
6
CONTINUOUS
10
1.0646282677165355
20
0.3035425984251968
11
1.0646282677165355
21
0.3035426377952756
0
LINE
8
BLACK
6
CONTINUOUS
10
1.0646282677165355
20
0.3035426377952756
11
1.0636925196850393
21
0.3036657874015748
0
LINE
8
BLACK
6
CONTINUOUS
10
1.0636925196850393
20
0.3036657874015748
11
1.0549041338582676
21
0.3048228346456693
0
LINE
8
BLACK
6
CONTINUOUS
10
1.0549041338582676
20
0.3048228346456693
11
1.0450958661417322
21
0.3048228346456693
0
LINE
8
BLACK
6
CONTINUOUS
10
1.0450958661417322
20
0.3048228346456693
11
1.0387779133858268
21
0.303991062992126
0
LINE
8
BLACK
6
CONTINUOUS
10
1.0387779133858268
20
0.303991062992126
11
1.0353716929133858
21
0.3035426377952756
0
LINE
8
BLACK
6
CONTINUOUS
10
1.0353716929133858
20
0.3035426377952756
11
1.0353716141732283
21
0.3035425984251968
0
LINE
8
BLACK
6
CONTINUOUS
10
1.0353716141732283
20
0.3035425984251968
11
1.0353714566929133
21
0.3035425984251968
0
LINE
8
BLACK
6
CONTINUOUS
10
1.0353714566929133
20
0.3035425984251968
11
1.0258973622047245
21
0.3010040157480315
0
LINE
8
BLACK
6
CONTINUOUS
10
1.0258973622047245
20
0.3010040157480315
11
1.0168357086614173
21
0.2972505511811023
0
LINE
8
BLACK
6
CONTINUOUS
10
1.0168357086614173
20
0.2972505511811023
11
1.0168353543307087
21
0.2972503149606299
0
LINE
8
BLACK
6
CONTINUOUS
10
1.0168353543307087
20
0.2972503149606299
11
1.0168351968503937
21
0.2972502755905512
0
LINE
8
BLACK
6
CONTINUOUS
10
1.0168351968503937
20
0.2972502755905512
11
1.0083415748031497
21
0.2923464960629921
0
LINE
8
BLACK
6
CONTINUOUS
10
1.0083415748031497
20
0.2923464960629921
11
1.0083414566929134
21
0.2923464173228346
0
LINE
8
BLACK
6
CONTINUOUS
10
1.0083414566929134
20
0.2923464173228346
11
1.0005599999999999
21
0.2863755118110236
0
LINE
8
BLACK
6
CONTINUOUS
10
1.0005599999999999
20
0.2863755118110236
11
1.0005597637795276
21
0.2863752755905511
0
LINE
8
BLACK
6
CONTINUOUS
10
1.0005597637795276
20
0.2863752755905511
11
1.0005595669291338
21
0.2863751181102362
0
LINE
8
BLACK
6
CONTINUOUS
10
1.0005595669291338
20
0.2863751181102362
11
0.993624842519685
21
0.2794403937007874
0
LINE
8
BLACK
6
CONTINUOUS
10
0.993624842519685
20
0.2794403937007874
11
0.9936246456692913
21
0.279440157480315
0
LINE
8
BLACK
6
CONTINUOUS
10
0.9936246456692913
20
0.279440157480315
11
0.9936244881889763
21
0.27944
0
LINE
8
BLACK
6
CONTINUOUS
10
0.9936244881889763
20
0.27944
11
0.9876535826771653
21
0.2716585433070866
0
LINE
8
BLACK
6
CONTINUOUS
10
0.9876535826771653
20
0.2716585433070866
11
0.9876534645669292
21
0.2716583858267717
0
LINE
8
BLACK
6
CONTINUOUS
10
0.9876534645669292
20
0.2716583858267717
11
0.9827496850393701
21
0.2631647637795276
0
LINE
8
BLACK
6
CONTINUOUS
10
0.9827496850393701
20
0.2631647637795276
11
0.9827495275590551
21
0.2631644488188976
0
LINE
8
BLACK
6
CONTINUOUS
10
0.9827495275590551
20
0.2631644488188976
11
0.9827494488188976
21
0.2631642913385827
0
LINE
8
BLACK
6
CONTINUOUS
10
0.9827494488188976
20
0.2631642913385827
11
0.9789959842519684
21
0.2541026377952756
0
LINE
8
BLACK
6
CONTINUOUS
10
0.9789959842519684
20
0.2541026377952756
11
0.9789959842519684
21
0.2541025984251968
0
LINE
8
BLACK
6
CONTINUOUS
10
0.9789959842519684
20
0.2541025984251968
11
0.9789959448818898
21
0.2541024409448819
0
LINE
8
BLACK
6
CONTINUOUS
10
0.9789959448818898
20
0.2541024409448819
11
0.9764573228346457
21
0.2446282677165354
0
LINE
8
BLACK
6
CONTINUOUS
10
0.9764573228346457
20
0.2446282677165354
11
0.9751771653543306
21
0.2349042125984252
0
LINE
8
BLACK
6
CONTINUOUS
10
0.9751771653543306
20
0.2349042125984252
11
0.9751771653543306
21
0.2250957480314961
0
CIRCLE
8
BLACK
10
0.5599999999999999
20
0.71
40
0.0068897637795276
0
CIRCLE
8
BLACK
10
0.5599999999999999
20
0.8099999999999999
40
0.0068897637795276
0
CIRCLE
8
BLACK
10
0.66
20
0.71
40
0.0068897637795276
0
CIRCLE
8
BLACK
10
0.66
20
0.8099999999999999
40
0.0068897637795276
0
CIRCLE
8
BLACK
10
0.76
20
0.71
40
0.0068897637795276
0
CIRCLE
8
BLACK
10
0.76
20
0.8099999999999999
40
0.0068897637795276
0
CIRCLE
8
BLACK
10
0.86
20
0.71
40
0.0068897637795276
0
CIRCLE
8
BLACK
10
0.86
20
0.8099999999999999
40
0.0068897637795276
0
CIRCLE
8
BLACK
10
0.96
20
0.71
40
0.0068897637795276
0
CIRCLE
8
BLACK
10
0.96
20
0.8099999999999999
40
0.0068897637795276
0
CIRCLE
8
BLACK
10
1.0600000000000001
20
0.71
40
0.0068897637795276
0
CIRCLE
8
BLACK
10
1.0600000000000001
20
0.8099999999999999
40
0.0068897637795276
0
CIRCLE
8
BLACK
10
1.385
20
1.585
40
0.0068897637795276
0
CIRCLE
8
BLACK
10
1.4849999999999999
20
1.585
40
0.0068897637795276
0
CIRCLE
8
BLACK
10
1.385
20
1.4849999999999999
40
0.0068897637795276
0
CIRCLE
8
BLACK
10
1.4849999999999999
20
1.4849999999999999
40
0.0068897637795276
0
CIRCLE
8
BLACK
10
1.385
20
1.385
40
0.0068897637795276
0
CIRCLE
8
BLACK
10
1.4849999999999999
20
1.385
40
0.0068897637795276
0
CIRCLE
8
BLACK
10
1.1299999999999999
20
1.5349999999999999
40
0.0068897637795276
0
CIRCLE
8
BLACK
10
1.1299999999999999
20
1.4350000000000001
40
0.0068897637795276
0
CIRCLE
8
BLACK
10
0.59
20
1.6599999999999999
40
0.0068897637795276
0
CIRCLE
8
BLACK
10
0.59
20
1.5600000000000001
40
0.0068897637795276
0
CIRCLE
8
BLACK
10
0.59
20
1.46
40
0.0068897637795276
0
CIRCLE
8
BLACK
10
0.82
20
1.7949999999999999
40
0.0068897637795276
0
CIRCLE
8
BLACK
10
0.82
20
1.895
40
0.0068897637795276
0
CIRCLE
8
BLACK
10
0.9199999999999999
20
1.7949999999999999
40
0.0068897637795276
0
CIRCLE
8
BLACK
10
0.9199999999999999
20
1.895
40
0.0068897637795276
0
CIRCLE
8
BLACK
10
1.02
20
1.7949999999999999
40
0.0068897637795276
0
CIRCLE
8
BLACK
10
1.02
20
1.895
40
0.0068897637795276
0
CIRCLE
8
BLACK
10
0.1475
20
1.4924999999999999
40
0.0068897637795276
0
CIRCLE
8
BLACK
10
0.2475
20
1.4924999999999999
40
0.0068897637795276
0
CIRCLE
8
BLACK
10
0.145
20
0.835
40
0.0068897637795276
0
CIRCLE
8
BLACK
10
0.245
20
0.835
40
0.0068897637795276
0
CIRCLE
8
BLACK
10
0.145
20
0.535
40
0.0068897637795276
0
CIRCLE
8
BLACK
10
0.245
20
0.535
40
0.0068897637795276
0
CIRCLE
8
BLACK
10
0.145
20
0.635
40
0.0068897637795276
0
CIRCLE
8
BLACK
10
0.245
20
0.635
40
0.0068897637795276
0
CIRCLE
8
BLACK
10
0.145
20
0.735
40
0.0068897637795276
0
CIRCLE
8
BLACK
10
0.245
20
0.735
40
0.0068897637795276
0
CIRCLE
8
BLACK
10
0.145
20
0.435
40
0.0068897637795276
0
CIRCLE
8
BLACK
10
0.245
20
0.435
40
0.0068897637795276
0
CIRCLE
8
BLACK
10
0.2
20
1.8
40
0.0068897637795276
0
CIRCLE
8
BLACK
10
1.3999999999999999
20
0.2
40
0.0068897637795276
0
CIRCLE
8
BLACK
10
0.2
20
0.2
40
0.0068897637795276
0
CIRCLE
8
BLACK
10
1.3999999999999999
20
1.8
40
0.0068897637795276
0
CIRCLE
8
BLACK
10
0.5499999999999999
20
0.23
40
0.0068897637795276
0
CIRCLE
8
BLACK
10
1.05
20
0.23
40
0.0068897637795276
0
CIRCLE
8
BLACK
10
0.9397637795275591
20
0.33
40
0.0068897637795276
0
CIRCLE
8
BLACK
10
0.8996062992125984
20
0.4000787401574803
40
0.0068897637795276
0
CIRCLE
8
BLACK
10
0.8598425196850393
20
0.33
40
0.0068897637795276
0
CIRCLE
8
BLACK
10
0.8196850393700787
20
0.4000787401574803
40
0.0068897637795276
0
CIRCLE
8
BLACK
10
0.7799212598425197
20
0.33
40
0.0068897637795276
0
CIRCLE
8
BLACK
10
0.739763779527559
20
0.4000787401574803
40
0.0068897637795276
0
CIRCLE
8
BLACK
10
0.7
20
0.33
40
0.0068897637795276
0
CIRCLE
8
BLACK
10
0.6598425196850394
20
0.4000787401574803
40
0.0068897637795276
0
CIRCLE
8
BLACK
10
1.0700787401574803
20
0.5898425196850393
40
0.0068897637795276
0
CIRCLE
8
BLACK
10
0.9799212598425197
20
0.5898425196850393
40
0.0068897637795276
0
CIRCLE
8
BLACK
10
0.6200787401574803
20
0.5898425196850393
40
0.0068897637795276
0
CIRCLE
8
BLACK
10
0.5299212598425197
20
0.5898425196850393
40
0.0068897637795276
0
CIRCLE
8
BLACK
10
0.4799212598425197
20
0.3650393700787402
40
0.0068897637795276
0
CIRCLE
8
BLACK
10
1.1200787401574803
20
0.3650393700787402
40
0.0068897637795276
0
CIRCLE
8
BLACK
10
0.49
20
1.6599999999999999
40
0.0068897637795276
0
CIRCLE
8
BLACK
10
0.49
20
1.5600000000000001
40
0.0068897637795276
0
CIRCLE
8
BLACK
10
0.49
20
1.46
40
0.0068897637795276
0
CIRCLE
8
BLACK
10
1.3074999999999999
20
0.9125
40
0.0068897637795276
0
CIRCLE
8
BLACK
10
1.4075
20
0.9125
40
0.0068897637795276
0
CIRCLE
8
BLACK
10
1.3999999999999999
20
0.6899999999999999
40
0.0068897637795276
0
CIRCLE
8
BLACK
10
1.5
20
0.6899999999999999
40
0.0068897637795276
0
CIRCLE
8
BLACK
10
1.3999999999999999
20
0.59
40
0.0068897637795276
0
CIRCLE
8
BLACK
10
1.5
20
0.59
40
0.0068897637795276
0
CIRCLE
8
BLACK
10
1.3999999999999999
20
0.49
40
0.0068897637795276
0
CIRCLE
8
BLACK
10
1.5
20
0.49
40
0.0068897637795276
0
CIRCLE
8
BLACK
10
1.3999999999999999
20
0.39
40
0.0068897637795276
0
CIRCLE
8
BLACK
10
1.5
20
0.39
40
0.0068897637795276
0
CIRCLE
8
BLACK
10
0.1475
20
1.3925000000000001
40
0.0068897637795276
0
CIRCLE
8
BLACK
10
0.2475
20
1.3925000000000001
40
0.0068897637795276
0
CIRCLE
8
BLACK
10
0.248
20
1.5919999999999999
40
0.0068897637795276
0
CIRCLE
8
BLACK
10
0.148
20
1.5919999999999999
40
0.0068897637795276
0
CIRCLE
8
BLACK
10
0.49
20
0.845
40
0.0098425196850394
0
CIRCLE
8
BLACK
10
0.5
20
0.7949999999999999
40
0.0098425196850394
0
CIRCLE
8
BLACK
10
0.5
20
0.74
40
0.0098425196850394
0
CIRCLE
8
BLACK
10
0.66
20
0.8674999999999999
40
0.0098425196850394
0
CIRCLE
8
BLACK
10
0.7275
20
0.8674999999999999
40
0.0098425196850394
0
CIRCLE
8
BLACK
10
0.91
20
0.86
40
0.0098425196850394
0
CIRCLE
8
BLACK
10
0.91
20
0.895
40
0.0098425196850394
0
CIRCLE
8
BLACK
10
0.4438
20
0.6824
40
0.0098425196850394
0
CIRCLE
8
BLACK
10
0.61
20
0.4825
40
0.0098425196850394
0
CIRCLE
8
BLACK
10
0.5910630708661417
20
1.355
40
0.0098425196850394
0
CIRCLE
8
BLACK
10
0.4201999212598425
20
0.9568
40
0.0098425196850394
0
CIRCLE
8
BLACK
10
0.98
20
0.4925
40
0.0098425196850394
0
CIRCLE
8
BLACK
10
0.2446
20
0.9492000393700787
40
0.0098425196850394
0
CIRCLE
8
BLACK
10
0.369
20
1.3631999212598425
40
0.0098425196850394
0
CIRCLE
8
BLACK
10
0.095
20
1.1199999999999999
40
0.0098425196850394
0
CIRCLE
8
BLACK
10
0.655
20
1.1599999999999999
40
0.0098425196850394
0
CIRCLE
8
BLACK
10
0.465
20
1.1799999999999999
40
0.0098425196850394
0
CIRCLE
8
BLACK
10
0.5029579527559055
20
1.1589352755905511
40
0.0098425196850394
0
CIRCLE
8
BLACK
10
0.6269592519685039
20
1.1223538976377951
40
0.0098425196850394
0
CIRCLE
8
BLACK
10
0.8442461023622047
20
1.0449812598425197
40
0.0098425196850394
0
CIRCLE
8
BLACK
10
0.5027835433070866
20
1.108676062992126
40
0.0098425196850394
0
CIRCLE
8
BLACK
10
0.8098278346456693
20
1.0187101181102363
40
0.0098425196850394
0
CIRCLE
8
BLACK
10
0.48
20
1.0700000000000001
40
0.0098425196850394
0
CIRCLE
8
BLACK
10
1.0148278346456692
20
1.0951721653543307
40
0.0098425196850394
0
CIRCLE
8
BLACK
10
0.5245
20
0.979
40
0.0098425196850394
0
CIRCLE
8
BLACK
10
0.48
20
0.98
40
0.0098425196850394
0
CIRCLE
8
BLACK
10
1.05
20
1.0600000000000001
40
0.0098425196850394
0
CIRCLE
8
BLACK
10
0.0876
20
1.0178
40
0.0098425196850394
0
CIRCLE
8
BLACK
10
0.09
20
1.1759999999999999
40
0.0098425196850394
  0
ENDSEC
  0
EOF
