  0
SECTION
  2
HEADER
  9
$ANGBASE
  50
0.0
  9
$ANGDIR
  70
1
  9
$MEASUREMENT
  70
0
  0
ENDSEC
  0
SECTION
  2
TABLES
  0
TABLE
  2
LTYPE
  70
4
  0
LTYPE
  5
40F
  2
CONTINUOUS
  70
0
  3
Solid line
  72
65
  73
0
  40
0.0
  0
LTYPE
  5
410
  2
DASHDOT
 70
0
  3
Dash Dot ____ _ ____ _
 72
65
 73
4
 40
2.0
 49
1.25
 49
-0.25
 49
0.25
 49
-0.25
  0
LTYPE
  5
411
  2
DASHED
 70
0
  3
Dashed __ __ __ __ __
 72
65
 73
2
 40
0.75
 49
0.5
 49
-0.25
  0
LTYPE
  5
43B
  2
DOTTED
 70
0
  3
Dotted .  .  .  .
 72
65
 73
2
 40
0.2
 49
0.0
 49
-0.2
  0
ENDTAB
  0
TABLE
  2
STYLE
  70
4
  0
STYLE
  2
KICAD
  70
0
  40
0
  41
1
  42
1
  50
0
  71
0
  3
isocp.shx
  0
STYLE
  2
KICADB
  70
0
  40
0
  41
1
  42
1
  50
0
  71
0
  3
isocp.shx
  0
STYLE
  2
KICADI
  70
0
  40
0
  41
1
  42
1
  50
15
  71
0
  3
isocp.shx
  0
STYLE
  2
KICADBI
  70
0
  40
0
  41
1
  42
1
  50
15
  71
0
  3
isocp.shx
  0
ENDTAB
  0
TABLE
  2
LAYER
  70
1
  0
LAYER
  2
BLACK
  70
0
  62
7
  6
CONTINUOUS
  0
ENDTAB
  0
ENDSEC
  0
SECTION
  2
ENTITIES
0
LINE
8
BLACK
6
CONTINUOUS
10
0.2205755511811024
20
0.3210991338582677
11
0.234005
21
0.318033937007874
0
LINE
8
BLACK
6
CONTINUOUS
10
0.234005
20
0.318033937007874
11
0.2470067716535433
21
0.3134844094488189
0
LINE
8
BLACK
6
CONTINUOUS
10
0.2470067716535433
20
0.3134844094488189
11
0.2594174409448819
21
0.3075077559055118
0
LINE
8
BLACK
6
CONTINUOUS
10
0.2594174409448819
20
0.3075077559055118
11
0.2710808661417323
21
0.3001791338582677
0
LINE
8
BLACK
6
CONTINUOUS
10
0.2710808661417323
20
0.3001791338582677
11
0.2818504330708662
21
0.2915907086614173
0
LINE
8
BLACK
6
CONTINUOUS
10
0.2818504330708662
20
0.2915907086614173
11
0.2915907086614173
21
0.2818504330708662
0
LINE
8
BLACK
6
CONTINUOUS
10
0.2915907086614173
20
0.2818504330708662
11
0.3001791338582677
21
0.2710808661417323
0
LINE
8
BLACK
6
CONTINUOUS
10
0.3001791338582677
20
0.2710808661417323
11
0.3075077559055118
21
0.2594174409448819
0
LINE
8
BLACK
6
CONTINUOUS
10
0.3075077559055118
20
0.2594174409448819
11
0.3134844094488189
21
0.2470067716535433
0
LINE
8
BLACK
6
CONTINUOUS
10
0.3134844094488189
20
0.2470067716535433
11
0.318033937007874
21
0.234005
0
LINE
8
BLACK
6
CONTINUOUS
10
0.318033937007874
20
0.234005
11
0.3210991338582677
21
0.2205755511811024
0
LINE
8
BLACK
6
CONTINUOUS
10
0.3210991338582677
20
0.2205755511811024
11
0.3226414173228346
21
0.2068874015748031
0
LINE
8
BLACK
6
CONTINUOUS
10
0.3226414173228346
20
0.2068874015748031
11
0.3226414173228346
21
0.1931125984251968
0
LINE
8
BLACK
6
CONTINUOUS
10
0.3226414173228346
20
0.1931125984251968
11
0.3210991338582677
21
0.1794244488188976
0
LINE
8
BLACK
6
CONTINUOUS
10
0.3210991338582677
20
0.1794244488188976
11
0.318033937007874
21
0.165995
0
LINE
8
BLACK
6
CONTINUOUS
10
0.318033937007874
20
0.165995
11
0.3134844094488189
21
0.1529932283464567
0
LINE
8
BLACK
6
CONTINUOUS
10
0.3134844094488189
20
0.1529932283464567
11
0.3075077559055118
21
0.1405825590551181
0
LINE
8
BLACK
6
CONTINUOUS
10
0.3075077559055118
20
0.1405825590551181
11
0.3001791338582677
21
0.1289191338582677
0
LINE
8
BLACK
6
CONTINUOUS
10
0.3001791338582677
20
0.1289191338582677
11
0.2915907086614173
21
0.1181495669291339
0
LINE
8
BLACK
6
CONTINUOUS
10
0.2915907086614173
20
0.1181495669291339
11
0.2818504330708662
21
0.1084092913385827
0
LINE
8
BLACK
6
CONTINUOUS
10
0.2818504330708662
20
0.1084092913385827
11
0.2710808661417323
21
0.0998208661417323
0
LINE
8
BLACK
6
CONTINUOUS
10
0.2710808661417323
20
0.0998208661417323
11
0.2594174409448819
21
0.0924922440944882
0
LINE
8
BLACK
6
CONTINUOUS
10
0.2594174409448819
20
0.0924922440944882
11
0.2470067716535433
21
0.0865155905511811
0
LINE
8
BLACK
6
CONTINUOUS
10
0.2470067716535433
20
0.0865155905511811
11
0.234005
21
0.081966062992126
0
LINE
8
BLACK
6
CONTINUOUS
10
0.234005
20
0.081966062992126
11
0.2205755511811024
21
0.0789008661417323
0
LINE
8
BLACK
6
CONTINUOUS
10
0.2205755511811024
20
0.0789008661417323
11
0.2068874015748031
21
0.0773585826771653
0
LINE
8
BLACK
6
CONTINUOUS
10
0.2068874015748031
20
0.0773585826771653
11
0.1931125984251968
21
0.0773585826771653
0
LINE
8
BLACK
6
CONTINUOUS
10
0.1931125984251968
20
0.0773585826771653
11
0.1794244488188976
21
0.0789008661417323
0
LINE
8
BLACK
6
CONTINUOUS
10
0.1794244488188976
20
0.0789008661417323
11
0.165995
21
0.081966062992126
0
LINE
8
BLACK
6
CONTINUOUS
10
0.165995
20
0.081966062992126
11
0.1529932283464567
21
0.0865155905511811
0
LINE
8
BLACK
6
CONTINUOUS
10
0.1529932283464567
20
0.0865155905511811
11
0.1405825590551181
21
0.0924922440944882
0
LINE
8
BLACK
6
CONTINUOUS
10
0.1405825590551181
20
0.0924922440944882
11
0.1289191338582677
21
0.0998208661417323
0
LINE
8
BLACK
6
CONTINUOUS
10
0.1289191338582677
20
0.0998208661417323
11
0.1181495669291339
21
0.1084092913385827
0
LINE
8
BLACK
6
CONTINUOUS
10
0.1181495669291339
20
0.1084092913385827
11
0.1084092913385827
21
0.1181495669291339
0
LINE
8
BLACK
6
CONTINUOUS
10
0.1084092913385827
20
0.1181495669291339
11
0.0998208661417323
21
0.1289191338582677
0
LINE
8
BLACK
6
CONTINUOUS
10
0.0998208661417323
20
0.1289191338582677
11
0.0924922440944882
21
0.1405825590551181
0
LINE
8
BLACK
6
CONTINUOUS
10
0.0924922440944882
20
0.1405825590551181
11
0.0865155905511811
21
0.1529932283464567
0
LINE
8
BLACK
6
CONTINUOUS
10
0.0865155905511811
20
0.1529932283464567
11
0.081966062992126
21
0.165995
0
LINE
8
BLACK
6
CONTINUOUS
10
0.081966062992126
20
0.165995
11
0.0789008661417323
21
0.1794244488188976
0
LINE
8
BLACK
6
CONTINUOUS
10
0.0789008661417323
20
0.1794244488188976
11
0.0773585826771653
21
0.1931125984251968
0
LINE
8
BLACK
6
CONTINUOUS
10
0.0773585826771653
20
0.1931125984251968
11
0.0773585826771653
21
0.2068874015748031
0
LINE
8
BLACK
6
CONTINUOUS
10
0.0773585826771653
20
0.2068874015748031
11
0.0789008661417323
21
0.2205755511811024
0
LINE
8
BLACK
6
CONTINUOUS
10
0.0789008661417323
20
0.2205755511811024
11
0.081966062992126
21
0.234005
0
LINE
8
BLACK
6
CONTINUOUS
10
0.081966062992126
20
0.234005
11
0.0865155905511811
21
0.2470067716535433
0
LINE
8
BLACK
6
CONTINUOUS
10
0.0865155905511811
20
0.2470067716535433
11
0.0924922440944882
21
0.2594174409448819
0
LINE
8
BLACK
6
CONTINUOUS
10
0.0924922440944882
20
0.2594174409448819
11
0.0998208661417323
21
0.2710808661417323
0
LINE
8
BLACK
6
CONTINUOUS
10
0.0998208661417323
20
0.2710808661417323
11
0.1084092913385827
21
0.2818504330708662
0
LINE
8
BLACK
6
CONTINUOUS
10
0.1084092913385827
20
0.2818504330708662
11
0.1181495669291339
21
0.2915907086614173
0
LINE
8
BLACK
6
CONTINUOUS
10
0.1181495669291339
20
0.2915907086614173
11
0.1289191338582677
21
0.3001791338582677
0
LINE
8
BLACK
6
CONTINUOUS
10
0.1289191338582677
20
0.3001791338582677
11
0.1405825590551181
21
0.3075077559055118
0
LINE
8
BLACK
6
CONTINUOUS
10
0.1405825590551181
20
0.3075077559055118
11
0.1529932283464567
21
0.3134844094488189
0
LINE
8
BLACK
6
CONTINUOUS
10
0.1529932283464567
20
0.3134844094488189
11
0.165995
21
0.318033937007874
0
LINE
8
BLACK
6
CONTINUOUS
10
0.165995
20
0.318033937007874
11
0.1794244488188976
21
0.3210991338582677
0
LINE
8
BLACK
6
CONTINUOUS
10
0.1794244488188976
20
0.3210991338582677
11
0.1931125984251968
21
0.3226414173228346
0
LINE
8
BLACK
6
CONTINUOUS
10
0.1931125984251968
20
0.3226414173228346
11
0.2068874015748031
21
0.3226414173228346
0
LINE
8
BLACK
6
CONTINUOUS
10
0.2068874015748031
20
0.3226414173228346
11
0.2205755511811024
21
0.3210991338582677
0
LINE
8
BLACK
6
CONTINUOUS
10
1.4205755511811022
20
0.3210991338582677
11
1.434005
21
0.318033937007874
0
LINE
8
BLACK
6
CONTINUOUS
10
1.434005
20
0.318033937007874
11
1.4470067716535433
21
0.3134844094488189
0
LINE
8
BLACK
6
CONTINUOUS
10
1.4470067716535433
20
0.3134844094488189
11
1.4594174409448819
21
0.3075077559055118
0
LINE
8
BLACK
6
CONTINUOUS
10
1.4594174409448819
20
0.3075077559055118
11
1.4710808661417323
21
0.3001791338582677
0
LINE
8
BLACK
6
CONTINUOUS
10
1.4710808661417323
20
0.3001791338582677
11
1.4818504330708662
21
0.2915907086614173
0
LINE
8
BLACK
6
CONTINUOUS
10
1.4818504330708662
20
0.2915907086614173
11
1.4915907086614173
21
0.2818504330708662
0
LINE
8
BLACK
6
CONTINUOUS
10
1.4915907086614173
20
0.2818504330708662
11
1.5001791338582677
21
0.2710808661417323
0
LINE
8
BLACK
6
CONTINUOUS
10
1.5001791338582677
20
0.2710808661417323
11
1.5075077559055117
21
0.2594174409448819
0
LINE
8
BLACK
6
CONTINUOUS
10
1.5075077559055117
20
0.2594174409448819
11
1.5134844094488189
21
0.2470067716535433
0
LINE
8
BLACK
6
CONTINUOUS
10
1.5134844094488189
20
0.2470067716535433
11
1.5180339370078739
21
0.234005
0
LINE
8
BLACK
6
CONTINUOUS
10
1.5180339370078739
20
0.234005
11
1.5210991338582678
21
0.2205755511811024
0
LINE
8
BLACK
6
CONTINUOUS
10
1.5210991338582678
20
0.2205755511811024
11
1.5226414173228346
21
0.2068874015748031
0
LINE
8
BLACK
6
CONTINUOUS
10
1.5226414173228346
20
0.2068874015748031
11
1.5226414173228346
21
0.1931125984251968
0
LINE
8
BLACK
6
CONTINUOUS
10
1.5226414173228346
20
0.1931125984251968
11
1.5210991338582678
21
0.1794244488188976
0
LINE
8
BLACK
6
CONTINUOUS
10
1.5210991338582678
20
0.1794244488188976
11
1.5180339370078739
21
0.165995
0
LINE
8
BLACK
6
CONTINUOUS
10
1.5180339370078739
20
0.165995
11
1.5134844094488189
21
0.1529932283464567
0
LINE
8
BLACK
6
CONTINUOUS
10
1.5134844094488189
20
0.1529932283464567
11
1.5075077559055117
21
0.1405825590551181
0
LINE
8
BLACK
6
CONTINUOUS
10
1.5075077559055117
20
0.1405825590551181
11
1.5001791338582677
21
0.1289191338582677
0
LINE
8
BLACK
6
CONTINUOUS
10
1.5001791338582677
20
0.1289191338582677
11
1.4915907086614173
21
0.1181495669291339
0
LINE
8
BLACK
6
CONTINUOUS
10
1.4915907086614173
20
0.1181495669291339
11
1.4818504330708662
21
0.1084092913385827
0
LINE
8
BLACK
6
CONTINUOUS
10
1.4818504330708662
20
0.1084092913385827
11
1.4710808661417323
21
0.0998208661417323
0
LINE
8
BLACK
6
CONTINUOUS
10
1.4710808661417323
20
0.0998208661417323
11
1.4594174409448819
21
0.0924922440944882
0
LINE
8
BLACK
6
CONTINUOUS
10
1.4594174409448819
20
0.0924922440944882
11
1.4470067716535433
21
0.0865155905511811
0
LINE
8
BLACK
6
CONTINUOUS
10
1.4470067716535433
20
0.0865155905511811
11
1.434005
21
0.081966062992126
0
LINE
8
BLACK
6
CONTINUOUS
10
1.434005
20
0.081966062992126
11
1.4205755511811022
21
0.0789008661417323
0
LINE
8
BLACK
6
CONTINUOUS
10
1.4205755511811022
20
0.0789008661417323
11
1.4068874015748032
21
0.0773585826771653
0
LINE
8
BLACK
6
CONTINUOUS
10
1.4068874015748032
20
0.0773585826771653
11
1.3931125984251969
21
0.0773585826771653
0
LINE
8
BLACK
6
CONTINUOUS
10
1.3931125984251969
20
0.0773585826771653
11
1.3794244488188976
21
0.0789008661417323
0
LINE
8
BLACK
6
CONTINUOUS
10
1.3794244488188976
20
0.0789008661417323
11
1.3659950000000001
21
0.081966062992126
0
LINE
8
BLACK
6
CONTINUOUS
10
1.3659950000000001
20
0.081966062992126
11
1.3529932283464567
21
0.0865155905511811
0
LINE
8
BLACK
6
CONTINUOUS
10
1.3529932283464567
20
0.0865155905511811
11
1.3405825590551181
21
0.0924922440944882
0
LINE
8
BLACK
6
CONTINUOUS
10
1.3405825590551181
20
0.0924922440944882
11
1.3289191338582678
21
0.0998208661417323
0
LINE
8
BLACK
6
CONTINUOUS
10
1.3289191338582678
20
0.0998208661417323
11
1.3181495669291339
21
0.1084092913385827
0
LINE
8
BLACK
6
CONTINUOUS
10
1.3181495669291339
20
0.1084092913385827
11
1.3084092913385827
21
0.1181495669291339
0
LINE
8
BLACK
6
CONTINUOUS
10
1.3084092913385827
20
0.1181495669291339
11
1.2998208661417323
21
0.1289191338582677
0
LINE
8
BLACK
6
CONTINUOUS
10
1.2998208661417323
20
0.1289191338582677
11
1.2924922440944882
21
0.1405825590551181
0
LINE
8
BLACK
6
CONTINUOUS
10
1.2924922440944882
20
0.1405825590551181
11
1.2865155905511811
21
0.1529932283464567
0
LINE
8
BLACK
6
CONTINUOUS
10
1.2865155905511811
20
0.1529932283464567
11
1.2819660629921259
21
0.165995
0
LINE
8
BLACK
6
CONTINUOUS
10
1.2819660629921259
20
0.165995
11
1.2789008661417323
21
0.1794244488188976
0
LINE
8
BLACK
6
CONTINUOUS
10
1.2789008661417323
20
0.1794244488188976
11
1.2773585826771654
21
0.1931125984251968
0
LINE
8
BLACK
6
CONTINUOUS
10
1.2773585826771654
20
0.1931125984251968
11
1.2773585826771654
21
0.2068874015748031
0
LINE
8
BLACK
6
CONTINUOUS
10
1.2773585826771654
20
0.2068874015748031
11
1.2789008661417323
21
0.2205755511811024
0
LINE
8
BLACK
6
CONTINUOUS
10
1.2789008661417323
20
0.2205755511811024
11
1.2819660629921259
21
0.234005
0
LINE
8
BLACK
6
CONTINUOUS
10
1.2819660629921259
20
0.234005
11
1.2865155905511811
21
0.2470067716535433
0
LINE
8
BLACK
6
CONTINUOUS
10
1.2865155905511811
20
0.2470067716535433
11
1.2924922440944882
21
0.2594174409448819
0
LINE
8
BLACK
6
CONTINUOUS
10
1.2924922440944882
20
0.2594174409448819
11
1.2998208661417323
21
0.2710808661417323
0
LINE
8
BLACK
6
CONTINUOUS
10
1.2998208661417323
20
0.2710808661417323
11
1.3084092913385827
21
0.2818504330708662
0
LINE
8
BLACK
6
CONTINUOUS
10
1.3084092913385827
20
0.2818504330708662
11
1.3181495669291339
21
0.2915907086614173
0
LINE
8
BLACK
6
CONTINUOUS
10
1.3181495669291339
20
0.2915907086614173
11
1.3289191338582678
21
0.3001791338582677
0
LINE
8
BLACK
6
CONTINUOUS
10
1.3289191338582678
20
0.3001791338582677
11
1.3405825590551181
21
0.3075077559055118
0
LINE
8
BLACK
6
CONTINUOUS
10
1.3405825590551181
20
0.3075077559055118
11
1.3529932283464567
21
0.3134844094488189
0
LINE
8
BLACK
6
CONTINUOUS
10
1.3529932283464567
20
0.3134844094488189
11
1.3659950000000001
21
0.318033937007874
0
LINE
8
BLACK
6
CONTINUOUS
10
1.3659950000000001
20
0.318033937007874
11
1.3794244488188976
21
0.3210991338582677
0
LINE
8
BLACK
6
CONTINUOUS
10
1.3794244488188976
20
0.3210991338582677
11
1.3931125984251969
21
0.3226414173228346
0
LINE
8
BLACK
6
CONTINUOUS
10
1.3931125984251969
20
0.3226414173228346
11
1.4068874015748032
21
0.3226414173228346
0
LINE
8
BLACK
6
CONTINUOUS
10
1.4068874015748032
20
0.3226414173228346
11
1.4205755511811022
21
0.3210991338582677
0
LINE
8
BLACK
6
CONTINUOUS
10
0.5635948818897638
20
0.298346062992126
11
0.5723995275590551
21
0.2959868503937008
0
LINE
8
BLACK
6
CONTINUOUS
10
0.5723995275590551
20
0.2959868503937008
11
0.580820905511811
21
0.2924986220472441
0
LINE
8
BLACK
6
CONTINUOUS
10
0.580820905511811
20
0.2924986220472441
11
0.5887149212598425
21
0.2879409842519685
0
LINE
8
BLACK
6
CONTINUOUS
10
0.5887149212598425
20
0.2879409842519685
11
0.5959465354330709
21
0.282391968503937
0
LINE
8
BLACK
6
CONTINUOUS
10
0.5959465354330709
20
0.282391968503937
11
0.6023919685039369
21
0.2759465354330708
0
LINE
8
BLACK
6
CONTINUOUS
10
0.6023919685039369
20
0.2759465354330708
11
0.6079409842519685
21
0.2687149212598425
0
LINE
8
BLACK
6
CONTINUOUS
10
0.6079409842519685
20
0.2687149212598425
11
0.612498622047244
21
0.260820905511811
0
LINE
8
BLACK
6
CONTINUOUS
10
0.612498622047244
20
0.260820905511811
11
0.6159868503937008
21
0.2523995275590551
0
LINE
8
BLACK
6
CONTINUOUS
10
0.6159868503937008
20
0.2523995275590551
11
0.618346062992126
21
0.2435948818897638
0
LINE
8
BLACK
6
CONTINUOUS
10
0.618346062992126
20
0.2435948818897638
11
0.6195358267716535
21
0.2345576377952756
0
LINE
8
BLACK
6
CONTINUOUS
10
0.6195358267716535
20
0.2345576377952756
11
0.6195358267716535
21
0.2254423622047244
0
LINE
8
BLACK
6
CONTINUOUS
10
0.6195358267716535
20
0.2254423622047244
11
0.618346062992126
21
0.2164051181102362
0
LINE
8
BLACK
6
CONTINUOUS
10
0.618346062992126
20
0.2164051181102362
11
0.6159868503937008
21
0.2076004724409449
0
LINE
8
BLACK
6
CONTINUOUS
10
0.6159868503937008
20
0.2076004724409449
11
0.612498622047244
21
0.199179094488189
0
LINE
8
BLACK
6
CONTINUOUS
10
0.612498622047244
20
0.199179094488189
11
0.6079409842519685
21
0.1912850787401575
0
LINE
8
BLACK
6
CONTINUOUS
10
0.6079409842519685
20
0.1912850787401575
11
0.6023919685039369
21
0.1840534645669291
0
LINE
8
BLACK
6
CONTINUOUS
10
0.6023919685039369
20
0.1840534645669291
11
0.5959465354330709
21
0.177608031496063
0
LINE
8
BLACK
6
CONTINUOUS
10
0.5959465354330709
20
0.177608031496063
11
0.5887149212598425
21
0.1720590157480315
0
LINE
8
BLACK
6
CONTINUOUS
10
0.5887149212598425
20
0.1720590157480315
11
0.580820905511811
21
0.1675013779527559
0
LINE
8
BLACK
6
CONTINUOUS
10
0.580820905511811
20
0.1675013779527559
11
0.5723995275590551
21
0.1640131496062992
0
LINE
8
BLACK
6
CONTINUOUS
10
0.5723995275590551
20
0.1640131496062992
11
0.5635948818897638
21
0.161653937007874
0
LINE
8
BLACK
6
CONTINUOUS
10
0.5635948818897638
20
0.161653937007874
11
0.5545576377952756
21
0.1604641732283464
0
LINE
8
BLACK
6
CONTINUOUS
10
0.5545576377952756
20
0.1604641732283464
11
0.5454423622047244
21
0.1604641732283464
0
LINE
8
BLACK
6
CONTINUOUS
10
0.5454423622047244
20
0.1604641732283464
11
0.5364051181102362
21
0.161653937007874
0
LINE
8
BLACK
6
CONTINUOUS
10
0.5364051181102362
20
0.161653937007874
11
0.5276004724409449
21
0.1640131496062992
0
LINE
8
BLACK
6
CONTINUOUS
10
0.5276004724409449
20
0.1640131496062992
11
0.519179094488189
21
0.1675013779527559
0
LINE
8
BLACK
6
CONTINUOUS
10
0.519179094488189
20
0.1675013779527559
11
0.5112850787401575
21
0.1720590157480315
0
LINE
8
BLACK
6
CONTINUOUS
10
0.5112850787401575
20
0.1720590157480315
11
0.5040534645669291
21
0.177608031496063
0
LINE
8
BLACK
6
CONTINUOUS
10
0.5040534645669291
20
0.177608031496063
11
0.497608031496063
21
0.1840534645669291
0
LINE
8
BLACK
6
CONTINUOUS
10
0.497608031496063
20
0.1840534645669291
11
0.4920590157480315
21
0.1912850787401575
0
LINE
8
BLACK
6
CONTINUOUS
10
0.4920590157480315
20
0.1912850787401575
11
0.4875013779527559
21
0.199179094488189
0
LINE
8
BLACK
6
CONTINUOUS
10
0.4875013779527559
20
0.199179094488189
11
0.4840131496062992
21
0.2076004724409449
0
LINE
8
BLACK
6
CONTINUOUS
10
0.4840131496062992
20
0.2076004724409449
11
0.481653937007874
21
0.2164051181102362
0
LINE
8
BLACK
6
CONTINUOUS
10
0.481653937007874
20
0.2164051181102362
11
0.4804641732283464
21
0.2254423622047244
0
LINE
8
BLACK
6
CONTINUOUS
10
0.4804641732283464
20
0.2254423622047244
11
0.4804641732283464
21
0.2345576377952756
0
LINE
8
BLACK
6
CONTINUOUS
10
0.4804641732283464
20
0.2345576377952756
11
0.481653937007874
21
0.2435948818897638
0
LINE
8
BLACK
6
CONTINUOUS
10
0.481653937007874
20
0.2435948818897638
11
0.4840131496062992
21
0.2523995275590551
0
LINE
8
BLACK
6
CONTINUOUS
10
0.4840131496062992
20
0.2523995275590551
11
0.4875013779527559
21
0.260820905511811
0
LINE
8
BLACK
6
CONTINUOUS
10
0.4875013779527559
20
0.260820905511811
11
0.4920590157480315
21
0.2687149212598425
0
LINE
8
BLACK
6
CONTINUOUS
10
0.4920590157480315
20
0.2687149212598425
11
0.497608031496063
21
0.2759465354330708
0
LINE
8
BLACK
6
CONTINUOUS
10
0.497608031496063
20
0.2759465354330708
11
0.5040534645669291
21
0.282391968503937
0
LINE
8
BLACK
6
CONTINUOUS
10
0.5040534645669291
20
0.282391968503937
11
0.5112850787401575
21
0.2879409842519685
0
LINE
8
BLACK
6
CONTINUOUS
10
0.5112850787401575
20
0.2879409842519685
11
0.519179094488189
21
0.2924986220472441
0
LINE
8
BLACK
6
CONTINUOUS
10
0.519179094488189
20
0.2924986220472441
11
0.5276004724409449
21
0.2959868503937008
0
LINE
8
BLACK
6
CONTINUOUS
10
0.5276004724409449
20
0.2959868503937008
11
0.5364051181102362
21
0.298346062992126
0
LINE
8
BLACK
6
CONTINUOUS
10
0.5364051181102362
20
0.298346062992126
11
0.5454423622047244
21
0.2995358267716535
0
LINE
8
BLACK
6
CONTINUOUS
10
0.5454423622047244
20
0.2995358267716535
11
0.5545576377952756
21
0.2995358267716535
0
LINE
8
BLACK
6
CONTINUOUS
10
0.5545576377952756
20
0.2995358267716535
11
0.5635948818897638
21
0.298346062992126
0
LINE
8
BLACK
6
CONTINUOUS
10
1.0635948818897638
20
0.298346062992126
11
1.072399527559055
21
0.2959868503937008
0
LINE
8
BLACK
6
CONTINUOUS
10
1.072399527559055
20
0.2959868503937008
11
1.080820905511811
21
0.2924986220472441
0
LINE
8
BLACK
6
CONTINUOUS
10
1.080820905511811
20
0.2924986220472441
11
1.0887149212598426
21
0.2879409842519685
0
LINE
8
BLACK
6
CONTINUOUS
10
1.0887149212598426
20
0.2879409842519685
11
1.0959465354330709
21
0.282391968503937
0
LINE
8
BLACK
6
CONTINUOUS
10
1.0959465354330709
20
0.282391968503937
11
1.1023919685039369
21
0.2759465354330708
0
LINE
8
BLACK
6
CONTINUOUS
10
1.1023919685039369
20
0.2759465354330708
11
1.1079409842519685
21
0.2687149212598425
0
LINE
8
BLACK
6
CONTINUOUS
10
1.1079409842519685
20
0.2687149212598425
11
1.1124986220472441
21
0.260820905511811
0
LINE
8
BLACK
6
CONTINUOUS
10
1.1124986220472441
20
0.260820905511811
11
1.1159868503937007
21
0.2523995275590551
0
LINE
8
BLACK
6
CONTINUOUS
10
1.1159868503937007
20
0.2523995275590551
11
1.118346062992126
21
0.2435948818897638
0
LINE
8
BLACK
6
CONTINUOUS
10
1.118346062992126
20
0.2435948818897638
11
1.1195358267716535
21
0.2345576377952756
0
LINE
8
BLACK
6
CONTINUOUS
10
1.1195358267716535
20
0.2345576377952756
11
1.1195358267716535
21
0.2254423622047244
0
LINE
8
BLACK
6
CONTINUOUS
10
1.1195358267716535
20
0.2254423622047244
11
1.118346062992126
21
0.2164051181102362
0
LINE
8
BLACK
6
CONTINUOUS
10
1.118346062992126
20
0.2164051181102362
11
1.1159868503937007
21
0.2076004724409449
0
LINE
8
BLACK
6
CONTINUOUS
10
1.1159868503937007
20
0.2076004724409449
11
1.1124986220472441
21
0.199179094488189
0
LINE
8
BLACK
6
CONTINUOUS
10
1.1124986220472441
20
0.199179094488189
11
1.1079409842519685
21
0.1912850787401575
0
LINE
8
BLACK
6
CONTINUOUS
10
1.1079409842519685
20
0.1912850787401575
11
1.1023919685039369
21
0.1840534645669291
0
LINE
8
BLACK
6
CONTINUOUS
10
1.1023919685039369
20
0.1840534645669291
11
1.0959465354330709
21
0.177608031496063
0
LINE
8
BLACK
6
CONTINUOUS
10
1.0959465354330709
20
0.177608031496063
11
1.0887149212598426
21
0.1720590157480315
0
LINE
8
BLACK
6
CONTINUOUS
10
1.0887149212598426
20
0.1720590157480315
11
1.080820905511811
21
0.1675013779527559
0
LINE
8
BLACK
6
CONTINUOUS
10
1.080820905511811
20
0.1675013779527559
11
1.072399527559055
21
0.1640131496062992
0
LINE
8
BLACK
6
CONTINUOUS
10
1.072399527559055
20
0.1640131496062992
11
1.0635948818897638
21
0.161653937007874
0
LINE
8
BLACK
6
CONTINUOUS
10
1.0635948818897638
20
0.161653937007874
11
1.0545576377952757
21
0.1604641732283464
0
LINE
8
BLACK
6
CONTINUOUS
10
1.0545576377952757
20
0.1604641732283464
11
1.0454423622047244
21
0.1604641732283464
0
LINE
8
BLACK
6
CONTINUOUS
10
1.0454423622047244
20
0.1604641732283464
11
1.0364051181102363
21
0.161653937007874
0
LINE
8
BLACK
6
CONTINUOUS
10
1.0364051181102363
20
0.161653937007874
11
1.0276004724409449
21
0.1640131496062992
0
LINE
8
BLACK
6
CONTINUOUS
10
1.0276004724409449
20
0.1640131496062992
11
1.0191790944881889
21
0.1675013779527559
0
LINE
8
BLACK
6
CONTINUOUS
10
1.0191790944881889
20
0.1675013779527559
11
1.0112850787401575
21
0.1720590157480315
0
LINE
8
BLACK
6
CONTINUOUS
10
1.0112850787401575
20
0.1720590157480315
11
1.004053464566929
21
0.177608031496063
0
LINE
8
BLACK
6
CONTINUOUS
10
1.004053464566929
20
0.177608031496063
11
0.9976080314960629
21
0.1840534645669291
0
LINE
8
BLACK
6
CONTINUOUS
10
0.9976080314960629
20
0.1840534645669291
11
0.9920590157480315
21
0.1912850787401575
0
LINE
8
BLACK
6
CONTINUOUS
10
0.9920590157480315
20
0.1912850787401575
11
0.9875013779527558
21
0.199179094488189
0
LINE
8
BLACK
6
CONTINUOUS
10
0.9875013779527558
20
0.199179094488189
11
0.9840131496062992
21
0.2076004724409449
0
LINE
8
BLACK
6
CONTINUOUS
10
0.9840131496062992
20
0.2076004724409449
11
0.981653937007874
21
0.2164051181102362
0
LINE
8
BLACK
6
CONTINUOUS
10
0.981653937007874
20
0.2164051181102362
11
0.9804641732283464
21
0.2254423622047244
0
LINE
8
BLACK
6
CONTINUOUS
10
0.9804641732283464
20
0.2254423622047244
11
0.9804641732283464
21
0.2345576377952756
0
LINE
8
BLACK
6
CONTINUOUS
10
0.9804641732283464
20
0.2345576377952756
11
0.981653937007874
21
0.2435948818897638
0
LINE
8
BLACK
6
CONTINUOUS
10
0.981653937007874
20
0.2435948818897638
11
0.9840131496062992
21
0.2523995275590551
0
LINE
8
BLACK
6
CONTINUOUS
10
0.9840131496062992
20
0.2523995275590551
11
0.9875013779527558
21
0.260820905511811
0
LINE
8
BLACK
6
CONTINUOUS
10
0.9875013779527558
20
0.260820905511811
11
0.9920590157480315
21
0.2687149212598425
0
LINE
8
BLACK
6
CONTINUOUS
10
0.9920590157480315
20
0.2687149212598425
11
0.9976080314960629
21
0.2759465354330708
0
LINE
8
BLACK
6
CONTINUOUS
10
0.9976080314960629
20
0.2759465354330708
11
1.004053464566929
21
0.282391968503937
0
LINE
8
BLACK
6
CONTINUOUS
10
1.004053464566929
20
0.282391968503937
11
1.0112850787401575
21
0.2879409842519685
0
LINE
8
BLACK
6
CONTINUOUS
10
1.0112850787401575
20
0.2879409842519685
11
1.0191790944881889
21
0.2924986220472441
0
LINE
8
BLACK
6
CONTINUOUS
10
1.0191790944881889
20
0.2924986220472441
11
1.0276004724409449
21
0.2959868503937008
0
LINE
8
BLACK
6
CONTINUOUS
10
1.0276004724409449
20
0.2959868503937008
11
1.0364051181102363
21
0.298346062992126
0
LINE
8
BLACK
6
CONTINUOUS
10
1.0364051181102363
20
0.298346062992126
11
1.0454423622047244
21
0.2995358267716535
0
LINE
8
BLACK
6
CONTINUOUS
10
1.0454423622047244
20
0.2995358267716535
11
1.0545576377952757
21
0.2995358267716535
0
LINE
8
BLACK
6
CONTINUOUS
10
1.0545576377952757
20
0.2995358267716535
11
1.0635948818897638
21
0.298346062992126
0
LINE
8
BLACK
6
CONTINUOUS
10
0.7087999606299212
20
0.3590096062992126
11
0.7142903543307086
21
0.3567353937007874
0
LINE
8
BLACK
6
CONTINUOUS
10
0.7142903543307086
20
0.3567353937007874
11
0.7192316141732283
21
0.3534337795275591
0
LINE
8
BLACK
6
CONTINUOUS
10
0.7192316141732283
20
0.3534337795275591
11
0.7234337795275591
21
0.3492316141732283
0
LINE
8
BLACK
6
CONTINUOUS
10
0.7234337795275591
20
0.3492316141732283
11
0.7267353937007874
21
0.3442903543307086
0
LINE
8
BLACK
6
CONTINUOUS
10
0.7267353937007874
20
0.3442903543307086
11
0.7290096062992126
21
0.3387999606299212
0
LINE
8
BLACK
6
CONTINUOUS
10
0.7290096062992126
20
0.3387999606299212
11
0.7301689763779527
21
0.3329713779527559
0
LINE
8
BLACK
6
CONTINUOUS
10
0.7301689763779527
20
0.3329713779527559
11
0.7301689763779527
21
0.3270286220472441
0
LINE
8
BLACK
6
CONTINUOUS
10
0.7301689763779527
20
0.3270286220472441
11
0.7290096062992126
21
0.3212000393700787
0
LINE
8
BLACK
6
CONTINUOUS
10
0.7290096062992126
20
0.3212000393700787
11
0.7267353937007874
21
0.3157096456692913
0
LINE
8
BLACK
6
CONTINUOUS
10
0.7267353937007874
20
0.3157096456692913
11
0.7234337795275591
21
0.3107683858267716
0
LINE
8
BLACK
6
CONTINUOUS
10
0.7234337795275591
20
0.3107683858267716
11
0.7192316141732283
21
0.3065662204724409
0
LINE
8
BLACK
6
CONTINUOUS
10
0.7192316141732283
20
0.3065662204724409
11
0.7142903543307086
21
0.3032646062992126
0
LINE
8
BLACK
6
CONTINUOUS
10
0.7142903543307086
20
0.3032646062992126
11
0.7087999606299212
21
0.3009903937007874
0
LINE
8
BLACK
6
CONTINUOUS
10
0.7087999606299212
20
0.3009903937007874
11
0.7029713779527559
21
0.2998310236220472
0
LINE
8
BLACK
6
CONTINUOUS
10
0.7029713779527559
20
0.2998310236220472
11
0.697028622047244
21
0.2998310236220472
0
LINE
8
BLACK
6
CONTINUOUS
10
0.697028622047244
20
0.2998310236220472
11
0.6912000393700787
21
0.3009903937007874
0
LINE
8
BLACK
6
CONTINUOUS
10
0.6912000393700787
20
0.3009903937007874
11
0.6857096456692913
21
0.3032646062992126
0
LINE
8
BLACK
6
CONTINUOUS
10
0.6857096456692913
20
0.3032646062992126
11
0.6807683858267717
21
0.3065662204724409
0
LINE
8
BLACK
6
CONTINUOUS
10
0.6807683858267717
20
0.3065662204724409
11
0.676566220472441
21
0.3107683858267716
0
LINE
8
BLACK
6
CONTINUOUS
10
0.676566220472441
20
0.3107683858267716
11
0.6732646062992126
21
0.3157096456692913
0
LINE
8
BLACK
6
CONTINUOUS
10
0.6732646062992126
20
0.3157096456692913
11
0.6709903937007874
21
0.3212000393700787
0
LINE
8
BLACK
6
CONTINUOUS
10
0.6709903937007874
20
0.3212000393700787
11
0.6698310236220473
21
0.3270286220472441
0
LINE
8
BLACK
6
CONTINUOUS
10
0.6698310236220473
20
0.3270286220472441
11
0.6698310236220473
21
0.3329713779527559
0
LINE
8
BLACK
6
CONTINUOUS
10
0.6698310236220473
20
0.3329713779527559
11
0.6709903937007874
21
0.3387999606299212
0
LINE
8
BLACK
6
CONTINUOUS
10
0.6709903937007874
20
0.3387999606299212
11
0.6732646062992126
21
0.3442903543307086
0
LINE
8
BLACK
6
CONTINUOUS
10
0.6732646062992126
20
0.3442903543307086
11
0.676566220472441
21
0.3492316141732283
0
LINE
8
BLACK
6
CONTINUOUS
10
0.676566220472441
20
0.3492316141732283
11
0.6807683858267717
21
0.3534337795275591
0
LINE
8
BLACK
6
CONTINUOUS
10
0.6807683858267717
20
0.3534337795275591
11
0.6857096456692913
21
0.3567353937007874
0
LINE
8
BLACK
6
CONTINUOUS
10
0.6857096456692913
20
0.3567353937007874
11
0.6912000393700787
21
0.3590096062992126
0
LINE
8
BLACK
6
CONTINUOUS
10
0.6912000393700787
20
0.3590096062992126
11
0.697028622047244
21
0.3601689763779528
0
LINE
8
BLACK
6
CONTINUOUS
10
0.697028622047244
20
0.3601689763779528
11
0.7029713779527559
21
0.3601689763779528
0
LINE
8
BLACK
6
CONTINUOUS
10
0.7029713779527559
20
0.3601689763779528
11
0.7087999606299212
21
0.3590096062992126
0
LINE
8
BLACK
6
CONTINUOUS
10
0.788721220472441
20
0.3590096062992126
11
0.7942116141732283
21
0.3567353937007874
0
LINE
8
BLACK
6
CONTINUOUS
10
0.7942116141732283
20
0.3567353937007874
11
0.799152874015748
21
0.3534337795275591
0
LINE
8
BLACK
6
CONTINUOUS
10
0.799152874015748
20
0.3534337795275591
11
0.8033550393700787
21
0.3492316141732283
0
LINE
8
BLACK
6
CONTINUOUS
10
0.8033550393700787
20
0.3492316141732283
11
0.8066566535433071
21
0.3442903543307086
0
LINE
8
BLACK
6
CONTINUOUS
10
0.8066566535433071
20
0.3442903543307086
11
0.8089308661417323
21
0.3387999606299212
0
LINE
8
BLACK
6
CONTINUOUS
10
0.8089308661417323
20
0.3387999606299212
11
0.8100902362204724
21
0.3329713779527559
0
LINE
8
BLACK
6
CONTINUOUS
10
0.8100902362204724
20
0.3329713779527559
11
0.8100902362204724
21
0.3270286220472441
0
LINE
8
BLACK
6
CONTINUOUS
10
0.8100902362204724
20
0.3270286220472441
11
0.8089308661417323
21
0.3212000393700787
0
LINE
8
BLACK
6
CONTINUOUS
10
0.8089308661417323
20
0.3212000393700787
11
0.8066566535433071
21
0.3157096456692913
0
LINE
8
BLACK
6
CONTINUOUS
10
0.8066566535433071
20
0.3157096456692913
11
0.8033550393700787
21
0.3107683858267716
0
LINE
8
BLACK
6
CONTINUOUS
10
0.8033550393700787
20
0.3107683858267716
11
0.799152874015748
21
0.3065662204724409
0
LINE
8
BLACK
6
CONTINUOUS
10
0.799152874015748
20
0.3065662204724409
11
0.7942116141732283
21
0.3032646062992126
0
LINE
8
BLACK
6
CONTINUOUS
10
0.7942116141732283
20
0.3032646062992126
11
0.788721220472441
21
0.3009903937007874
0
LINE
8
BLACK
6
CONTINUOUS
10
0.788721220472441
20
0.3009903937007874
11
0.7828926377952756
21
0.2998310236220472
0
LINE
8
BLACK
6
CONTINUOUS
10
0.7828926377952756
20
0.2998310236220472
11
0.7769498818897638
21
0.2998310236220472
0
LINE
8
BLACK
6
CONTINUOUS
10
0.7769498818897638
20
0.2998310236220472
11
0.7711212992125984
21
0.3009903937007874
0
LINE
8
BLACK
6
CONTINUOUS
10
0.7711212992125984
20
0.3009903937007874
11
0.765630905511811
21
0.3032646062992126
0
LINE
8
BLACK
6
CONTINUOUS
10
0.765630905511811
20
0.3032646062992126
11
0.7606896456692913
21
0.3065662204724409
0
LINE
8
BLACK
6
CONTINUOUS
10
0.7606896456692913
20
0.3065662204724409
11
0.7564874803149606
21
0.3107683858267716
0
LINE
8
BLACK
6
CONTINUOUS
10
0.7564874803149606
20
0.3107683858267716
11
0.7531858661417322
21
0.3157096456692913
0
LINE
8
BLACK
6
CONTINUOUS
10
0.7531858661417322
20
0.3157096456692913
11
0.750911653543307
21
0.3212000393700787
0
LINE
8
BLACK
6
CONTINUOUS
10
0.750911653543307
20
0.3212000393700787
11
0.7497522834645669
21
0.3270286220472441
0
LINE
8
BLACK
6
CONTINUOUS
10
0.7497522834645669
20
0.3270286220472441
11
0.7497522834645669
21
0.3329713779527559
0
LINE
8
BLACK
6
CONTINUOUS
10
0.7497522834645669
20
0.3329713779527559
11
0.750911653543307
21
0.3387999606299212
0
LINE
8
BLACK
6
CONTINUOUS
10
0.750911653543307
20
0.3387999606299212
11
0.7531858661417322
21
0.3442903543307086
0
LINE
8
BLACK
6
CONTINUOUS
10
0.7531858661417322
20
0.3442903543307086
11
0.7564874803149606
21
0.3492316141732283
0
LINE
8
BLACK
6
CONTINUOUS
10
0.7564874803149606
20
0.3492316141732283
11
0.7606896456692913
21
0.3534337795275591
0
LINE
8
BLACK
6
CONTINUOUS
10
0.7606896456692913
20
0.3534337795275591
11
0.765630905511811
21
0.3567353937007874
0
LINE
8
BLACK
6
CONTINUOUS
10
0.765630905511811
20
0.3567353937007874
11
0.7711212992125984
21
0.3590096062992126
0
LINE
8
BLACK
6
CONTINUOUS
10
0.7711212992125984
20
0.3590096062992126
11
0.7769498818897638
21
0.3601689763779528
0
LINE
8
BLACK
6
CONTINUOUS
10
0.7769498818897638
20
0.3601689763779528
11
0.7828926377952756
21
0.3601689763779528
0
LINE
8
BLACK
6
CONTINUOUS
10
0.7828926377952756
20
0.3601689763779528
11
0.788721220472441
21
0.3590096062992126
0
LINE
8
BLACK
6
CONTINUOUS
10
0.8686424803149606
20
0.3590096062992126
11
0.874132874015748
21
0.3567353937007874
0
LINE
8
BLACK
6
CONTINUOUS
10
0.874132874015748
20
0.3567353937007874
11
0.8790741338582677
21
0.3534337795275591
0
LINE
8
BLACK
6
CONTINUOUS
10
0.8790741338582677
20
0.3534337795275591
11
0.8832762992125984
21
0.3492316141732283
0
LINE
8
BLACK
6
CONTINUOUS
10
0.8832762992125984
20
0.3492316141732283
11
0.8865779133858267
21
0.3442903543307086
0
LINE
8
BLACK
6
CONTINUOUS
10
0.8865779133858267
20
0.3442903543307086
11
0.8888521259842519
21
0.3387999606299212
0
LINE
8
BLACK
6
CONTINUOUS
10
0.8888521259842519
20
0.3387999606299212
11
0.8900114960629921
21
0.3329713779527559
0
LINE
8
BLACK
6
CONTINUOUS
10
0.8900114960629921
20
0.3329713779527559
11
0.8900114960629921
21
0.3270286220472441
0
LINE
8
BLACK
6
CONTINUOUS
10
0.8900114960629921
20
0.3270286220472441
11
0.8888521259842519
21
0.3212000393700787
0
LINE
8
BLACK
6
CONTINUOUS
10
0.8888521259842519
20
0.3212000393700787
11
0.8865779133858267
21
0.3157096456692913
0
LINE
8
BLACK
6
CONTINUOUS
10
0.8865779133858267
20
0.3157096456692913
11
0.8832762992125984
21
0.3107683858267716
0
LINE
8
BLACK
6
CONTINUOUS
10
0.8832762992125984
20
0.3107683858267716
11
0.8790741338582677
21
0.3065662204724409
0
LINE
8
BLACK
6
CONTINUOUS
10
0.8790741338582677
20
0.3065662204724409
11
0.874132874015748
21
0.3032646062992126
0
LINE
8
BLACK
6
CONTINUOUS
10
0.874132874015748
20
0.3032646062992126
11
0.8686424803149606
21
0.3009903937007874
0
LINE
8
BLACK
6
CONTINUOUS
10
0.8686424803149606
20
0.3009903937007874
11
0.8628138976377953
21
0.2998310236220472
0
LINE
8
BLACK
6
CONTINUOUS
10
0.8628138976377953
20
0.2998310236220472
11
0.8568711417322834
21
0.2998310236220472
0
LINE
8
BLACK
6
CONTINUOUS
10
0.8568711417322834
20
0.2998310236220472
11
0.8510425590551181
21
0.3009903937007874
0
LINE
8
BLACK
6
CONTINUOUS
10
0.8510425590551181
20
0.3009903937007874
11
0.8455521653543306
21
0.3032646062992126
0
LINE
8
BLACK
6
CONTINUOUS
10
0.8455521653543306
20
0.3032646062992126
11
0.8406109055118111
21
0.3065662204724409
0
LINE
8
BLACK
6
CONTINUOUS
10
0.8406109055118111
20
0.3065662204724409
11
0.8364087401574803
21
0.3107683858267716
0
LINE
8
BLACK
6
CONTINUOUS
10
0.8364087401574803
20
0.3107683858267716
11
0.833107125984252
21
0.3157096456692913
0
LINE
8
BLACK
6
CONTINUOUS
10
0.833107125984252
20
0.3157096456692913
11
0.8308329133858268
21
0.3212000393700787
0
LINE
8
BLACK
6
CONTINUOUS
10
0.8308329133858268
20
0.3212000393700787
11
0.8296735433070866
21
0.3270286220472441
0
LINE
8
BLACK
6
CONTINUOUS
10
0.8296735433070866
20
0.3270286220472441
11
0.8296735433070866
21
0.3329713779527559
0
LINE
8
BLACK
6
CONTINUOUS
10
0.8296735433070866
20
0.3329713779527559
11
0.8308329133858268
21
0.3387999606299212
0
LINE
8
BLACK
6
CONTINUOUS
10
0.8308329133858268
20
0.3387999606299212
11
0.833107125984252
21
0.3442903543307086
0
LINE
8
BLACK
6
CONTINUOUS
10
0.833107125984252
20
0.3442903543307086
11
0.8364087401574803
21
0.3492316141732283
0
LINE
8
BLACK
6
CONTINUOUS
10
0.8364087401574803
20
0.3492316141732283
11
0.8406109055118111
21
0.3534337795275591
0
LINE
8
BLACK
6
CONTINUOUS
10
0.8406109055118111
20
0.3534337795275591
11
0.8455521653543306
21
0.3567353937007874
0
LINE
8
BLACK
6
CONTINUOUS
10
0.8455521653543306
20
0.3567353937007874
11
0.8510425590551181
21
0.3590096062992126
0
LINE
8
BLACK
6
CONTINUOUS
10
0.8510425590551181
20
0.3590096062992126
11
0.8568711417322834
21
0.3601689763779528
0
LINE
8
BLACK
6
CONTINUOUS
10
0.8568711417322834
20
0.3601689763779528
11
0.8628138976377953
21
0.3601689763779528
0
LINE
8
BLACK
6
CONTINUOUS
10
0.8628138976377953
20
0.3601689763779528
11
0.8686424803149606
21
0.3590096062992126
0
LINE
8
BLACK
6
CONTINUOUS
10
0.9485637401574802
20
0.3590096062992126
11
0.9540541338582677
21
0.3567353937007874
0
LINE
8
BLACK
6
CONTINUOUS
10
0.9540541338582677
20
0.3567353937007874
11
0.9589953937007873
21
0.3534337795275591
0
LINE
8
BLACK
6
CONTINUOUS
10
0.9589953937007873
20
0.3534337795275591
11
0.9631975590551181
21
0.3492316141732283
0
LINE
8
BLACK
6
CONTINUOUS
10
0.9631975590551181
20
0.3492316141732283
11
0.9664991732283464
21
0.3442903543307086
0
LINE
8
BLACK
6
CONTINUOUS
10
0.9664991732283464
20
0.3442903543307086
11
0.9687733858267716
21
0.3387999606299212
0
LINE
8
BLACK
6
CONTINUOUS
10
0.9687733858267716
20
0.3387999606299212
11
0.9699327559055118
21
0.3329713779527559
0
LINE
8
BLACK
6
CONTINUOUS
10
0.9699327559055118
20
0.3329713779527559
11
0.9699327559055118
21
0.3270286220472441
0
LINE
8
BLACK
6
CONTINUOUS
10
0.9699327559055118
20
0.3270286220472441
11
0.9687733858267716
21
0.3212000393700787
0
LINE
8
BLACK
6
CONTINUOUS
10
0.9687733858267716
20
0.3212000393700787
11
0.9664991732283464
21
0.3157096456692913
0
LINE
8
BLACK
6
CONTINUOUS
10
0.9664991732283464
20
0.3157096456692913
11
0.9631975590551181
21
0.3107683858267716
0
LINE
8
BLACK
6
CONTINUOUS
10
0.9631975590551181
20
0.3107683858267716
11
0.9589953937007873
21
0.3065662204724409
0
LINE
8
BLACK
6
CONTINUOUS
10
0.9589953937007873
20
0.3065662204724409
11
0.9540541338582677
21
0.3032646062992126
0
LINE
8
BLACK
6
CONTINUOUS
10
0.9540541338582677
20
0.3032646062992126
11
0.9485637401574802
21
0.3009903937007874
0
LINE
8
BLACK
6
CONTINUOUS
10
0.9485637401574802
20
0.3009903937007874
11
0.9427351574803149
21
0.2998310236220472
0
LINE
8
BLACK
6
CONTINUOUS
10
0.9427351574803149
20
0.2998310236220472
11
0.9367924015748031
21
0.2998310236220472
0
LINE
8
BLACK
6
CONTINUOUS
10
0.9367924015748031
20
0.2998310236220472
11
0.9309638188976378
21
0.3009903937007874
0
LINE
8
BLACK
6
CONTINUOUS
10
0.9309638188976378
20
0.3009903937007874
11
0.9254734251968504
21
0.3032646062992126
0
LINE
8
BLACK
6
CONTINUOUS
10
0.9254734251968504
20
0.3032646062992126
11
0.9205321653543307
21
0.3065662204724409
0
LINE
8
BLACK
6
CONTINUOUS
10
0.9205321653543307
20
0.3065662204724409
11
0.91633
21
0.3107683858267716
0
LINE
8
BLACK
6
CONTINUOUS
10
0.91633
20
0.3107683858267716
11
0.9130283858267716
21
0.3157096456692913
0
LINE
8
BLACK
6
CONTINUOUS
10
0.9130283858267716
20
0.3157096456692913
11
0.9107541732283464
21
0.3212000393700787
0
LINE
8
BLACK
6
CONTINUOUS
10
0.9107541732283464
20
0.3212000393700787
11
0.9095948031496063
21
0.3270286220472441
0
LINE
8
BLACK
6
CONTINUOUS
10
0.9095948031496063
20
0.3270286220472441
11
0.9095948031496063
21
0.3329713779527559
0
LINE
8
BLACK
6
CONTINUOUS
10
0.9095948031496063
20
0.3329713779527559
11
0.9107541732283464
21
0.3387999606299212
0
LINE
8
BLACK
6
CONTINUOUS
10
0.9107541732283464
20
0.3387999606299212
11
0.9130283858267716
21
0.3442903543307086
0
LINE
8
BLACK
6
CONTINUOUS
10
0.9130283858267716
20
0.3442903543307086
11
0.91633
21
0.3492316141732283
0
LINE
8
BLACK
6
CONTINUOUS
10
0.91633
20
0.3492316141732283
11
0.9205321653543307
21
0.3534337795275591
0
LINE
8
BLACK
6
CONTINUOUS
10
0.9205321653543307
20
0.3534337795275591
11
0.9254734251968504
21
0.3567353937007874
0
LINE
8
BLACK
6
CONTINUOUS
10
0.9254734251968504
20
0.3567353937007874
11
0.9309638188976378
21
0.3590096062992126
0
LINE
8
BLACK
6
CONTINUOUS
10
0.9309638188976378
20
0.3590096062992126
11
0.9367924015748031
21
0.3601689763779528
0
LINE
8
BLACK
6
CONTINUOUS
10
0.9367924015748031
20
0.3601689763779528
11
0.9427351574803149
21
0.3601689763779528
0
LINE
8
BLACK
6
CONTINUOUS
10
0.9427351574803149
20
0.3601689763779528
11
0.9485637401574802
21
0.3590096062992126
0
LINE
8
BLACK
6
CONTINUOUS
10
0.4915935433070866
20
0.413657874015748
11
0.4990554330708661
21
0.4112333464566929
0
LINE
8
BLACK
6
CONTINUOUS
10
0.4990554330708661
20
0.4112333464566929
11
0.5060461811023622
21
0.4076713779527559
0
LINE
8
BLACK
6
CONTINUOUS
10
0.5060461811023622
20
0.4076713779527559
11
0.5123936614173228
21
0.4030596850393701
0
LINE
8
BLACK
6
CONTINUOUS
10
0.5123936614173228
20
0.4030596850393701
11
0.5179415748031496
21
0.3975117716535433
0
LINE
8
BLACK
6
CONTINUOUS
10
0.5179415748031496
20
0.3975117716535433
11
0.5225532677165354
21
0.3911642913385827
0
LINE
8
BLACK
6
CONTINUOUS
10
0.5225532677165354
20
0.3911642913385827
11
0.5261152362204724
21
0.3841735433070866
0
LINE
8
BLACK
6
CONTINUOUS
10
0.5261152362204724
20
0.3841735433070866
11
0.5285397637795275
21
0.3767116535433071
0
LINE
8
BLACK
6
CONTINUOUS
10
0.5285397637795275
20
0.3767116535433071
11
0.5297671259842519
21
0.3689623228346456
0
LINE
8
BLACK
6
CONTINUOUS
10
0.5297671259842519
20
0.3689623228346456
11
0.5297671259842519
21
0.3611164173228346
0
LINE
8
BLACK
6
CONTINUOUS
10
0.5297671259842519
20
0.3611164173228346
11
0.5285397637795275
21
0.3533670866141732
0
LINE
8
BLACK
6
CONTINUOUS
10
0.5285397637795275
20
0.3533670866141732
11
0.5261152362204724
21
0.3459051968503937
0
LINE
8
BLACK
6
CONTINUOUS
10
0.5261152362204724
20
0.3459051968503937
11
0.5225532677165354
21
0.3389144488188977
0
LINE
8
BLACK
6
CONTINUOUS
10
0.5225532677165354
20
0.3389144488188977
11
0.5179415748031496
21
0.332566968503937
0
LINE
8
BLACK
6
CONTINUOUS
10
0.5179415748031496
20
0.332566968503937
11
0.5123936614173228
21
0.3270190551181102
0
LINE
8
BLACK
6
CONTINUOUS
10
0.5123936614173228
20
0.3270190551181102
11
0.5060461811023622
21
0.3224073622047244
0
LINE
8
BLACK
6
CONTINUOUS
10
0.5060461811023622
20
0.3224073622047244
11
0.4990554330708661
21
0.3188453937007874
0
LINE
8
BLACK
6
CONTINUOUS
10
0.4990554330708661
20
0.3188453937007874
11
0.4915935433070866
21
0.3164208661417323
0
LINE
8
BLACK
6
CONTINUOUS
10
0.4915935433070866
20
0.3164208661417323
11
0.4838442125984252
21
0.3151935039370078
0
LINE
8
BLACK
6
CONTINUOUS
10
0.4838442125984252
20
0.3151935039370078
11
0.4759983070866142
21
0.3151935039370078
0
LINE
8
BLACK
6
CONTINUOUS
10
0.4759983070866142
20
0.3151935039370078
11
0.4682489763779528
21
0.3164208661417323
0
LINE
8
BLACK
6
CONTINUOUS
10
0.4682489763779528
20
0.3164208661417323
11
0.4607870866141732
21
0.3188453937007874
0
LINE
8
BLACK
6
CONTINUOUS
10
0.4607870866141732
20
0.3188453937007874
11
0.4537963385826772
21
0.3224073622047244
0
LINE
8
BLACK
6
CONTINUOUS
10
0.4537963385826772
20
0.3224073622047244
11
0.4474488582677165
21
0.3270190551181102
0
LINE
8
BLACK
6
CONTINUOUS
10
0.4474488582677165
20
0.3270190551181102
11
0.4419009448818897
21
0.332566968503937
0
LINE
8
BLACK
6
CONTINUOUS
10
0.4419009448818897
20
0.332566968503937
11
0.4372892519685039
21
0.3389144488188977
0
LINE
8
BLACK
6
CONTINUOUS
10
0.4372892519685039
20
0.3389144488188977
11
0.4337272834645669
21
0.3459051968503937
0
LINE
8
BLACK
6
CONTINUOUS
10
0.4337272834645669
20
0.3459051968503937
11
0.4313027559055118
21
0.3533670866141732
0
LINE
8
BLACK
6
CONTINUOUS
10
0.4313027559055118
20
0.3533670866141732
11
0.4300753937007874
21
0.3611164173228346
0
LINE
8
BLACK
6
CONTINUOUS
10
0.4300753937007874
20
0.3611164173228346
11
0.4300753937007874
21
0.3689623228346456
0
LINE
8
BLACK
6
CONTINUOUS
10
0.4300753937007874
20
0.3689623228346456
11
0.4313027559055118
21
0.3767116535433071
0
LINE
8
BLACK
6
CONTINUOUS
10
0.4313027559055118
20
0.3767116535433071
11
0.4337272834645669
21
0.3841735433070866
0
LINE
8
BLACK
6
CONTINUOUS
10
0.4337272834645669
20
0.3841735433070866
11
0.4372892519685039
21
0.3911642913385827
0
LINE
8
BLACK
6
CONTINUOUS
10
0.4372892519685039
20
0.3911642913385827
11
0.4419009448818897
21
0.3975117716535433
0
LINE
8
BLACK
6
CONTINUOUS
10
0.4419009448818897
20
0.3975117716535433
11
0.4474488582677165
21
0.4030596850393701
0
LINE
8
BLACK
6
CONTINUOUS
10
0.4474488582677165
20
0.4030596850393701
11
0.4537963385826772
21
0.4076713779527559
0
LINE
8
BLACK
6
CONTINUOUS
10
0.4537963385826772
20
0.4076713779527559
11
0.4607870866141732
21
0.4112333464566929
0
LINE
8
BLACK
6
CONTINUOUS
10
0.4607870866141732
20
0.4112333464566929
11
0.4682489763779528
21
0.413657874015748
0
LINE
8
BLACK
6
CONTINUOUS
10
0.4682489763779528
20
0.413657874015748
11
0.4759983070866142
21
0.4148852362204724
0
LINE
8
BLACK
6
CONTINUOUS
10
0.4759983070866142
20
0.4148852362204724
11
0.4838442125984252
21
0.4148852362204724
0
LINE
8
BLACK
6
CONTINUOUS
10
0.4838442125984252
20
0.4148852362204724
11
0.4915935433070866
21
0.413657874015748
0
LINE
8
BLACK
6
CONTINUOUS
10
1.1317510236220472
20
0.413657874015748
11
1.1392129133858266
21
0.4112333464566929
0
LINE
8
BLACK
6
CONTINUOUS
10
1.1392129133858266
20
0.4112333464566929
11
1.1462036614173228
21
0.4076713779527559
0
LINE
8
BLACK
6
CONTINUOUS
10
1.1462036614173228
20
0.4076713779527559
11
1.1525511417322833
21
0.4030596850393701
0
LINE
8
BLACK
6
CONTINUOUS
10
1.1525511417322833
20
0.4030596850393701
11
1.1580990551181103
21
0.3975117716535433
0
LINE
8
BLACK
6
CONTINUOUS
10
1.1580990551181103
20
0.3975117716535433
11
1.162710748031496
21
0.3911642913385827
0
LINE
8
BLACK
6
CONTINUOUS
10
1.162710748031496
20
0.3911642913385827
11
1.166272716535433
21
0.3841735433070866
0
LINE
8
BLACK
6
CONTINUOUS
10
1.166272716535433
20
0.3841735433070866
11
1.1686972440944881
21
0.3767116535433071
0
LINE
8
BLACK
6
CONTINUOUS
10
1.1686972440944881
20
0.3767116535433071
11
1.1699246062992126
21
0.3689623228346456
0
LINE
8
BLACK
6
CONTINUOUS
10
1.1699246062992126
20
0.3689623228346456
11
1.1699246062992126
21
0.3611164173228346
0
LINE
8
BLACK
6
CONTINUOUS
10
1.1699246062992126
20
0.3611164173228346
11
1.1686972440944881
21
0.3533670866141732
0
LINE
8
BLACK
6
CONTINUOUS
10
1.1686972440944881
20
0.3533670866141732
11
1.166272716535433
21
0.3459051968503937
0
LINE
8
BLACK
6
CONTINUOUS
10
1.166272716535433
20
0.3459051968503937
11
1.162710748031496
21
0.3389144488188977
0
LINE
8
BLACK
6
CONTINUOUS
10
1.162710748031496
20
0.3389144488188977
11
1.1580990551181103
21
0.332566968503937
0
LINE
8
BLACK
6
CONTINUOUS
10
1.1580990551181103
20
0.332566968503937
11
1.1525511417322833
21
0.3270190551181102
0
LINE
8
BLACK
6
CONTINUOUS
10
1.1525511417322833
20
0.3270190551181102
11
1.1462036614173228
21
0.3224073622047244
0
LINE
8
BLACK
6
CONTINUOUS
10
1.1462036614173228
20
0.3224073622047244
11
1.1392129133858266
21
0.3188453937007874
0
LINE
8
BLACK
6
CONTINUOUS
10
1.1392129133858266
20
0.3188453937007874
11
1.1317510236220472
21
0.3164208661417323
0
LINE
8
BLACK
6
CONTINUOUS
10
1.1317510236220472
20
0.3164208661417323
11
1.1240016929133858
21
0.3151935039370078
0
LINE
8
BLACK
6
CONTINUOUS
10
1.1240016929133858
20
0.3151935039370078
11
1.1161557874015748
21
0.3151935039370078
0
LINE
8
BLACK
6
CONTINUOUS
10
1.1161557874015748
20
0.3151935039370078
11
1.1084064566929133
21
0.3164208661417323
0
LINE
8
BLACK
6
CONTINUOUS
10
1.1084064566929133
20
0.3164208661417323
11
1.1009445669291338
21
0.3188453937007874
0
LINE
8
BLACK
6
CONTINUOUS
10
1.1009445669291338
20
0.3188453937007874
11
1.0939538188976379
21
0.3224073622047244
0
LINE
8
BLACK
6
CONTINUOUS
10
1.0939538188976379
20
0.3224073622047244
11
1.0876063385826771
21
0.3270190551181102
0
LINE
8
BLACK
6
CONTINUOUS
10
1.0876063385826771
20
0.3270190551181102
11
1.0820584251968504
21
0.332566968503937
0
LINE
8
BLACK
6
CONTINUOUS
10
1.0820584251968504
20
0.332566968503937
11
1.0774467322834644
21
0.3389144488188977
0
LINE
8
BLACK
6
CONTINUOUS
10
1.0774467322834644
20
0.3389144488188977
11
1.0738847637795275
21
0.3459051968503937
0
LINE
8
BLACK
6
CONTINUOUS
10
1.0738847637795275
20
0.3459051968503937
11
1.0714602362204724
21
0.3533670866141732
0
LINE
8
BLACK
6
CONTINUOUS
10
1.0714602362204724
20
0.3533670866141732
11
1.0702328740157481
21
0.3611164173228346
0
LINE
8
BLACK
6
CONTINUOUS
10
1.0702328740157481
20
0.3611164173228346
11
1.0702328740157481
21
0.3689623228346456
0
LINE
8
BLACK
6
CONTINUOUS
10
1.0702328740157481
20
0.3689623228346456
11
1.0714602362204724
21
0.3767116535433071
0
LINE
8
BLACK
6
CONTINUOUS
10
1.0714602362204724
20
0.3767116535433071
11
1.0738847637795275
21
0.3841735433070866
0
LINE
8
BLACK
6
CONTINUOUS
10
1.0738847637795275
20
0.3841735433070866
11
1.0774467322834644
21
0.3911642913385827
0
LINE
8
BLACK
6
CONTINUOUS
10
1.0774467322834644
20
0.3911642913385827
11
1.0820584251968504
21
0.3975117716535433
0
LINE
8
BLACK
6
CONTINUOUS
10
1.0820584251968504
20
0.3975117716535433
11
1.0876063385826771
21
0.4030596850393701
0
LINE
8
BLACK
6
CONTINUOUS
10
1.0876063385826771
20
0.4030596850393701
11
1.0939538188976379
21
0.4076713779527559
0
LINE
8
BLACK
6
CONTINUOUS
10
1.0939538188976379
20
0.4076713779527559
11
1.1009445669291338
21
0.4112333464566929
0
LINE
8
BLACK
6
CONTINUOUS
10
1.1009445669291338
20
0.4112333464566929
11
1.1084064566929133
21
0.413657874015748
0
LINE
8
BLACK
6
CONTINUOUS
10
1.1084064566929133
20
0.413657874015748
11
1.1161557874015748
21
0.4148852362204724
0
LINE
8
BLACK
6
CONTINUOUS
10
1.1161557874015748
20
0.4148852362204724
11
1.1240016929133858
21
0.4148852362204724
0
LINE
8
BLACK
6
CONTINUOUS
10
1.1240016929133858
20
0.4148852362204724
11
1.1317510236220472
21
0.413657874015748
0
LINE
8
BLACK
6
CONTINUOUS
10
1.4318079527559056
20
0.4243648031496063
11
1.4333406692913386
21
0.4233406692913386
0
LINE
8
BLACK
6
CONTINUOUS
10
1.4333406692913386
20
0.4233406692913386
11
1.4343648031496063
21
0.4218079527559055
0
LINE
8
BLACK
6
CONTINUOUS
10
1.4343648031496063
20
0.4218079527559055
11
1.434724409448819
21
0.42
0
LINE
8
BLACK
6
CONTINUOUS
10
1.434724409448819
20
0.42
11
1.434724409448819
21
0.36
0
LINE
8
BLACK
6
CONTINUOUS
10
1.434724409448819
20
0.36
11
1.4343648031496063
21
0.3581920472440945
0
LINE
8
BLACK
6
CONTINUOUS
10
1.4343648031496063
20
0.3581920472440945
11
1.4333406692913386
21
0.3566593307086614
0
LINE
8
BLACK
6
CONTINUOUS
10
1.4333406692913386
20
0.3566593307086614
11
1.4318079527559056
21
0.3556351968503937
0
LINE
8
BLACK
6
CONTINUOUS
10
1.4318079527559056
20
0.3556351968503937
11
1.4299999999999999
21
0.3552755905511811
0
LINE
8
BLACK
6
CONTINUOUS
10
1.4299999999999999
20
0.3552755905511811
11
1.3699999999999999
21
0.3552755905511811
0
LINE
8
BLACK
6
CONTINUOUS
10
1.3699999999999999
20
0.3552755905511811
11
1.3681920472440945
21
0.3556351968503937
0
LINE
8
BLACK
6
CONTINUOUS
10
1.3681920472440945
20
0.3556351968503937
11
1.3666593307086614
21
0.3566593307086614
0
LINE
8
BLACK
6
CONTINUOUS
10
1.3666593307086614
20
0.3566593307086614
11
1.3656351968503937
21
0.3581920472440945
0
LINE
8
BLACK
6
CONTINUOUS
10
1.3656351968503937
20
0.3581920472440945
11
1.3652755905511811
21
0.36
0
LINE
8
BLACK
6
CONTINUOUS
10
1.3652755905511811
20
0.36
11
1.3652755905511811
21
0.42
0
LINE
8
BLACK
6
CONTINUOUS
10
1.3652755905511811
20
0.42
11
1.3656351968503937
21
0.4218079527559055
0
LINE
8
BLACK
6
CONTINUOUS
10
1.3656351968503937
20
0.4218079527559055
11
1.3666593307086614
21
0.4233406692913386
0
LINE
8
BLACK
6
CONTINUOUS
10
1.3666593307086614
20
0.4233406692913386
11
1.3681920472440945
21
0.4243648031496063
0
LINE
8
BLACK
6
CONTINUOUS
10
1.3681920472440945
20
0.4243648031496063
11
1.3699999999999999
21
0.4247244094488189
0
LINE
8
BLACK
6
CONTINUOUS
10
1.3699999999999999
20
0.4247244094488189
11
1.4299999999999999
21
0.4247244094488189
0
LINE
8
BLACK
6
CONTINUOUS
10
1.4299999999999999
20
0.4247244094488189
11
1.4318079527559056
21
0.4243648031496063
0
LINE
8
BLACK
6
CONTINUOUS
10
1.5318079527559054
20
0.4243648031496063
11
1.5333406692913385
21
0.4233406692913386
0
LINE
8
BLACK
6
CONTINUOUS
10
1.5333406692913385
20
0.4233406692913386
11
1.5343648031496062
21
0.4218079527559055
0
LINE
8
BLACK
6
CONTINUOUS
10
1.5343648031496062
20
0.4218079527559055
11
1.5347244094488188
21
0.42
0
LINE
8
BLACK
6
CONTINUOUS
10
1.5347244094488188
20
0.42
11
1.5347244094488188
21
0.36
0
LINE
8
BLACK
6
CONTINUOUS
10
1.5347244094488188
20
0.36
11
1.5343648031496062
21
0.3581920472440945
0
LINE
8
BLACK
6
CONTINUOUS
10
1.5343648031496062
20
0.3581920472440945
11
1.5333406692913385
21
0.3566593307086614
0
LINE
8
BLACK
6
CONTINUOUS
10
1.5333406692913385
20
0.3566593307086614
11
1.5318079527559054
21
0.3556351968503937
0
LINE
8
BLACK
6
CONTINUOUS
10
1.5318079527559054
20
0.3556351968503937
11
1.53
21
0.3552755905511811
0
LINE
8
BLACK
6
CONTINUOUS
10
1.53
20
0.3552755905511811
11
1.47
21
0.3552755905511811
0
LINE
8
BLACK
6
CONTINUOUS
10
1.47
20
0.3552755905511811
11
1.4681920472440944
21
0.3556351968503937
0
LINE
8
BLACK
6
CONTINUOUS
10
1.4681920472440944
20
0.3556351968503937
11
1.4666593307086613
21
0.3566593307086614
0
LINE
8
BLACK
6
CONTINUOUS
10
1.4666593307086613
20
0.3566593307086614
11
1.4656351968503936
21
0.3581920472440945
0
LINE
8
BLACK
6
CONTINUOUS
10
1.4656351968503936
20
0.3581920472440945
11
1.4652755905511812
21
0.36
0
LINE
8
BLACK
6
CONTINUOUS
10
1.4652755905511812
20
0.36
11
1.4652755905511812
21
0.42
0
LINE
8
BLACK
6
CONTINUOUS
10
1.4652755905511812
20
0.42
11
1.4656351968503936
21
0.4218079527559055
0
LINE
8
BLACK
6
CONTINUOUS
10
1.4656351968503936
20
0.4218079527559055
11
1.4666593307086613
21
0.4233406692913386
0
LINE
8
BLACK
6
CONTINUOUS
10
1.4666593307086613
20
0.4233406692913386
11
1.4681920472440944
21
0.4243648031496063
0
LINE
8
BLACK
6
CONTINUOUS
10
1.4681920472440944
20
0.4243648031496063
11
1.47
21
0.4247244094488189
0
LINE
8
BLACK
6
CONTINUOUS
10
1.47
20
0.4247244094488189
11
1.53
21
0.4247244094488189
0
LINE
8
BLACK
6
CONTINUOUS
10
1.53
20
0.4247244094488189
11
1.5318079527559054
21
0.4243648031496063
0
LINE
8
BLACK
6
CONTINUOUS
10
0.6686424803149607
20
0.4290883464566929
11
0.6741328740157481
21
0.4268141338582677
0
LINE
8
BLACK
6
CONTINUOUS
10
0.6741328740157481
20
0.4268141338582677
11
0.6790741338582676
21
0.4235125196850393
0
LINE
8
BLACK
6
CONTINUOUS
10
0.6790741338582676
20
0.4235125196850393
11
0.6832762992125984
21
0.4193103543307087
0
LINE
8
BLACK
6
CONTINUOUS
10
0.6832762992125984
20
0.4193103543307087
11
0.6865779133858267
21
0.414369094488189
0
LINE
8
BLACK
6
CONTINUOUS
10
0.6865779133858267
20
0.414369094488189
11
0.6888521259842519
21
0.4088787007874016
0
LINE
8
BLACK
6
CONTINUOUS
10
0.6888521259842519
20
0.4088787007874016
11
0.6900114960629921
21
0.4030501181102362
0
LINE
8
BLACK
6
CONTINUOUS
10
0.6900114960629921
20
0.4030501181102362
11
0.6900114960629921
21
0.3971073622047244
0
LINE
8
BLACK
6
CONTINUOUS
10
0.6900114960629921
20
0.3971073622047244
11
0.6888521259842519
21
0.3912787795275591
0
LINE
8
BLACK
6
CONTINUOUS
10
0.6888521259842519
20
0.3912787795275591
11
0.6865779133858267
21
0.3857883858267717
0
LINE
8
BLACK
6
CONTINUOUS
10
0.6865779133858267
20
0.3857883858267717
11
0.6832762992125984
21
0.380847125984252
0
LINE
8
BLACK
6
CONTINUOUS
10
0.6832762992125984
20
0.380847125984252
11
0.6790741338582676
21
0.3766449606299213
0
LINE
8
BLACK
6
CONTINUOUS
10
0.6790741338582676
20
0.3766449606299213
11
0.6741328740157481
21
0.3733433464566929
0
LINE
8
BLACK
6
CONTINUOUS
10
0.6741328740157481
20
0.3733433464566929
11
0.6686424803149607
21
0.3710691338582677
0
LINE
8
BLACK
6
CONTINUOUS
10
0.6686424803149607
20
0.3710691338582677
11
0.6628138976377953
21
0.3699097637795276
0
LINE
8
BLACK
6
CONTINUOUS
10
0.6628138976377953
20
0.3699097637795276
11
0.6568711417322834
21
0.3699097637795276
0
LINE
8
BLACK
6
CONTINUOUS
10
0.6568711417322834
20
0.3699097637795276
11
0.6510425590551181
21
0.3710691338582677
0
LINE
8
BLACK
6
CONTINUOUS
10
0.6510425590551181
20
0.3710691338582677
11
0.6455521653543307
21
0.3733433464566929
0
LINE
8
BLACK
6
CONTINUOUS
10
0.6455521653543307
20
0.3733433464566929
11
0.640610905511811
21
0.3766449606299213
0
LINE
8
BLACK
6
CONTINUOUS
10
0.640610905511811
20
0.3766449606299213
11
0.6364087401574803
21
0.380847125984252
0
LINE
8
BLACK
6
CONTINUOUS
10
0.6364087401574803
20
0.380847125984252
11
0.633107125984252
21
0.3857883858267717
0
LINE
8
BLACK
6
CONTINUOUS
10
0.633107125984252
20
0.3857883858267717
11
0.6308329133858268
21
0.3912787795275591
0
LINE
8
BLACK
6
CONTINUOUS
10
0.6308329133858268
20
0.3912787795275591
11
0.6296735433070866
21
0.3971073622047244
0
LINE
8
BLACK
6
CONTINUOUS
10
0.6296735433070866
20
0.3971073622047244
11
0.6296735433070866
21
0.4030501181102362
0
LINE
8
BLACK
6
CONTINUOUS
10
0.6296735433070866
20
0.4030501181102362
11
0.6308329133858268
21
0.4088787007874016
0
LINE
8
BLACK
6
CONTINUOUS
10
0.6308329133858268
20
0.4088787007874016
11
0.633107125984252
21
0.414369094488189
0
LINE
8
BLACK
6
CONTINUOUS
10
0.633107125984252
20
0.414369094488189
11
0.6364087401574803
21
0.4193103543307087
0
LINE
8
BLACK
6
CONTINUOUS
10
0.6364087401574803
20
0.4193103543307087
11
0.640610905511811
21
0.4235125196850393
0
LINE
8
BLACK
6
CONTINUOUS
10
0.640610905511811
20
0.4235125196850393
11
0.6455521653543307
21
0.4268141338582677
0
LINE
8
BLACK
6
CONTINUOUS
10
0.6455521653543307
20
0.4268141338582677
11
0.6510425590551181
21
0.4290883464566929
0
LINE
8
BLACK
6
CONTINUOUS
10
0.6510425590551181
20
0.4290883464566929
11
0.6568711417322834
21
0.430247716535433
0
LINE
8
BLACK
6
CONTINUOUS
10
0.6568711417322834
20
0.430247716535433
11
0.6628138976377953
21
0.430247716535433
0
LINE
8
BLACK
6
CONTINUOUS
10
0.6628138976377953
20
0.430247716535433
11
0.6686424803149607
21
0.4290883464566929
0
LINE
8
BLACK
6
CONTINUOUS
10
0.7485637401574803
20
0.4290883464566929
11
0.7540541338582677
21
0.4268141338582677
0
LINE
8
BLACK
6
CONTINUOUS
10
0.7540541338582677
20
0.4268141338582677
11
0.7589953937007874
21
0.4235125196850393
0
LINE
8
BLACK
6
CONTINUOUS
10
0.7589953937007874
20
0.4235125196850393
11
0.7631975590551181
21
0.4193103543307087
0
LINE
8
BLACK
6
CONTINUOUS
10
0.7631975590551181
20
0.4193103543307087
11
0.7664991732283465
21
0.414369094488189
0
LINE
8
BLACK
6
CONTINUOUS
10
0.7664991732283465
20
0.414369094488189
11
0.7687733858267717
21
0.4088787007874016
0
LINE
8
BLACK
6
CONTINUOUS
10
0.7687733858267717
20
0.4088787007874016
11
0.7699327559055118
21
0.4030501181102362
0
LINE
8
BLACK
6
CONTINUOUS
10
0.7699327559055118
20
0.4030501181102362
11
0.7699327559055118
21
0.3971073622047244
0
LINE
8
BLACK
6
CONTINUOUS
10
0.7699327559055118
20
0.3971073622047244
11
0.7687733858267717
21
0.3912787795275591
0
LINE
8
BLACK
6
CONTINUOUS
10
0.7687733858267717
20
0.3912787795275591
11
0.7664991732283465
21
0.3857883858267717
0
LINE
8
BLACK
6
CONTINUOUS
10
0.7664991732283465
20
0.3857883858267717
11
0.7631975590551181
21
0.380847125984252
0
LINE
8
BLACK
6
CONTINUOUS
10
0.7631975590551181
20
0.380847125984252
11
0.7589953937007874
21
0.3766449606299213
0
LINE
8
BLACK
6
CONTINUOUS
10
0.7589953937007874
20
0.3766449606299213
11
0.7540541338582677
21
0.3733433464566929
0
LINE
8
BLACK
6
CONTINUOUS
10
0.7540541338582677
20
0.3733433464566929
11
0.7485637401574803
21
0.3710691338582677
0
LINE
8
BLACK
6
CONTINUOUS
10
0.7485637401574803
20
0.3710691338582677
11
0.7427351574803149
21
0.3699097637795276
0
LINE
8
BLACK
6
CONTINUOUS
10
0.7427351574803149
20
0.3699097637795276
11
0.7367924015748031
21
0.3699097637795276
0
LINE
8
BLACK
6
CONTINUOUS
10
0.7367924015748031
20
0.3699097637795276
11
0.7309638188976377
21
0.3710691338582677
0
LINE
8
BLACK
6
CONTINUOUS
10
0.7309638188976377
20
0.3710691338582677
11
0.7254734251968504
21
0.3733433464566929
0
LINE
8
BLACK
6
CONTINUOUS
10
0.7254734251968504
20
0.3733433464566929
11
0.7205321653543307
21
0.3766449606299213
0
LINE
8
BLACK
6
CONTINUOUS
10
0.7205321653543307
20
0.3766449606299213
11
0.71633
21
0.380847125984252
0
LINE
8
BLACK
6
CONTINUOUS
10
0.71633
20
0.380847125984252
11
0.7130283858267716
21
0.3857883858267717
0
LINE
8
BLACK
6
CONTINUOUS
10
0.7130283858267716
20
0.3857883858267717
11
0.7107541732283464
21
0.3912787795275591
0
LINE
8
BLACK
6
CONTINUOUS
10
0.7107541732283464
20
0.3912787795275591
11
0.7095948031496063
21
0.3971073622047244
0
LINE
8
BLACK
6
CONTINUOUS
10
0.7095948031496063
20
0.3971073622047244
11
0.7095948031496063
21
0.4030501181102362
0
LINE
8
BLACK
6
CONTINUOUS
10
0.7095948031496063
20
0.4030501181102362
11
0.7107541732283464
21
0.4088787007874016
0
LINE
8
BLACK
6
CONTINUOUS
10
0.7107541732283464
20
0.4088787007874016
11
0.7130283858267716
21
0.414369094488189
0
LINE
8
BLACK
6
CONTINUOUS
10
0.7130283858267716
20
0.414369094488189
11
0.71633
21
0.4193103543307087
0
LINE
8
BLACK
6
CONTINUOUS
10
0.71633
20
0.4193103543307087
11
0.7205321653543307
21
0.4235125196850393
0
LINE
8
BLACK
6
CONTINUOUS
10
0.7205321653543307
20
0.4235125196850393
11
0.7254734251968504
21
0.4268141338582677
0
LINE
8
BLACK
6
CONTINUOUS
10
0.7254734251968504
20
0.4268141338582677
11
0.7309638188976377
21
0.4290883464566929
0
LINE
8
BLACK
6
CONTINUOUS
10
0.7309638188976377
20
0.4290883464566929
11
0.7367924015748031
21
0.430247716535433
0
LINE
8
BLACK
6
CONTINUOUS
10
0.7367924015748031
20
0.430247716535433
11
0.7427351574803149
21
0.430247716535433
0
LINE
8
BLACK
6
CONTINUOUS
10
0.7427351574803149
20
0.430247716535433
11
0.7485637401574803
21
0.4290883464566929
0
LINE
8
BLACK
6
CONTINUOUS
10
0.828485
20
0.4290883464566929
11
0.8339753937007874
21
0.4268141338582677
0
LINE
8
BLACK
6
CONTINUOUS
10
0.8339753937007874
20
0.4268141338582677
11
0.838916653543307
21
0.4235125196850393
0
LINE
8
BLACK
6
CONTINUOUS
10
0.838916653543307
20
0.4235125196850393
11
0.8431188188976377
21
0.4193103543307087
0
LINE
8
BLACK
6
CONTINUOUS
10
0.8431188188976377
20
0.4193103543307087
11
0.8464204330708661
21
0.414369094488189
0
LINE
8
BLACK
6
CONTINUOUS
10
0.8464204330708661
20
0.414369094488189
11
0.8486946456692913
21
0.4088787007874016
0
LINE
8
BLACK
6
CONTINUOUS
10
0.8486946456692913
20
0.4088787007874016
11
0.8498540157480314
21
0.4030501181102362
0
LINE
8
BLACK
6
CONTINUOUS
10
0.8498540157480314
20
0.4030501181102362
11
0.8498540157480314
21
0.3971073622047244
0
LINE
8
BLACK
6
CONTINUOUS
10
0.8498540157480314
20
0.3971073622047244
11
0.8486946456692913
21
0.3912787795275591
0
LINE
8
BLACK
6
CONTINUOUS
10
0.8486946456692913
20
0.3912787795275591
11
0.8464204330708661
21
0.3857883858267717
0
LINE
8
BLACK
6
CONTINUOUS
10
0.8464204330708661
20
0.3857883858267717
11
0.8431188188976377
21
0.380847125984252
0
LINE
8
BLACK
6
CONTINUOUS
10
0.8431188188976377
20
0.380847125984252
11
0.838916653543307
21
0.3766449606299213
0
LINE
8
BLACK
6
CONTINUOUS
10
0.838916653543307
20
0.3766449606299213
11
0.8339753937007874
21
0.3733433464566929
0
LINE
8
BLACK
6
CONTINUOUS
10
0.8339753937007874
20
0.3733433464566929
11
0.828485
21
0.3710691338582677
0
LINE
8
BLACK
6
CONTINUOUS
10
0.828485
20
0.3710691338582677
11
0.8226564173228347
21
0.3699097637795276
0
LINE
8
BLACK
6
CONTINUOUS
10
0.8226564173228347
20
0.3699097637795276
11
0.8167136614173228
21
0.3699097637795276
0
LINE
8
BLACK
6
CONTINUOUS
10
0.8167136614173228
20
0.3699097637795276
11
0.8108850787401575
21
0.3710691338582677
0
LINE
8
BLACK
6
CONTINUOUS
10
0.8108850787401575
20
0.3710691338582677
11
0.8053946850393701
21
0.3733433464566929
0
LINE
8
BLACK
6
CONTINUOUS
10
0.8053946850393701
20
0.3733433464566929
11
0.8004534251968504
21
0.3766449606299213
0
LINE
8
BLACK
6
CONTINUOUS
10
0.8004534251968504
20
0.3766449606299213
11
0.7962512598425197
21
0.380847125984252
0
LINE
8
BLACK
6
CONTINUOUS
10
0.7962512598425197
20
0.380847125984252
11
0.7929496456692913
21
0.3857883858267717
0
LINE
8
BLACK
6
CONTINUOUS
10
0.7929496456692913
20
0.3857883858267717
11
0.7906754330708661
21
0.3912787795275591
0
LINE
8
BLACK
6
CONTINUOUS
10
0.7906754330708661
20
0.3912787795275591
11
0.789516062992126
21
0.3971073622047244
0
LINE
8
BLACK
6
CONTINUOUS
10
0.789516062992126
20
0.3971073622047244
11
0.789516062992126
21
0.4030501181102362
0
LINE
8
BLACK
6
CONTINUOUS
10
0.789516062992126
20
0.4030501181102362
11
0.7906754330708661
21
0.4088787007874016
0
LINE
8
BLACK
6
CONTINUOUS
10
0.7906754330708661
20
0.4088787007874016
11
0.7929496456692913
21
0.414369094488189
0
LINE
8
BLACK
6
CONTINUOUS
10
0.7929496456692913
20
0.414369094488189
11
0.7962512598425197
21
0.4193103543307087
0
LINE
8
BLACK
6
CONTINUOUS
10
0.7962512598425197
20
0.4193103543307087
11
0.8004534251968504
21
0.4235125196850393
0
LINE
8
BLACK
6
CONTINUOUS
10
0.8004534251968504
20
0.4235125196850393
11
0.8053946850393701
21
0.4268141338582677
0
LINE
8
BLACK
6
CONTINUOUS
10
0.8053946850393701
20
0.4268141338582677
11
0.8108850787401575
21
0.4290883464566929
0
LINE
8
BLACK
6
CONTINUOUS
10
0.8108850787401575
20
0.4290883464566929
11
0.8167136614173228
21
0.430247716535433
0
LINE
8
BLACK
6
CONTINUOUS
10
0.8167136614173228
20
0.430247716535433
11
0.8226564173228347
21
0.430247716535433
0
LINE
8
BLACK
6
CONTINUOUS
10
0.8226564173228347
20
0.430247716535433
11
0.828485
21
0.4290883464566929
0
LINE
8
BLACK
6
CONTINUOUS
10
0.9084062598425197
20
0.4290883464566929
11
0.9138966535433071
21
0.4268141338582677
0
LINE
8
BLACK
6
CONTINUOUS
10
0.9138966535433071
20
0.4268141338582677
11
0.9188379133858268
21
0.4235125196850393
0
LINE
8
BLACK
6
CONTINUOUS
10
0.9188379133858268
20
0.4235125196850393
11
0.9230400787401575
21
0.4193103543307087
0
LINE
8
BLACK
6
CONTINUOUS
10
0.9230400787401575
20
0.4193103543307087
11
0.9263416929133858
21
0.414369094488189
0
LINE
8
BLACK
6
CONTINUOUS
10
0.9263416929133858
20
0.414369094488189
11
0.9286159055118111
21
0.4088787007874016
0
LINE
8
BLACK
6
CONTINUOUS
10
0.9286159055118111
20
0.4088787007874016
11
0.9297752755905512
21
0.4030501181102362
0
LINE
8
BLACK
6
CONTINUOUS
10
0.9297752755905512
20
0.4030501181102362
11
0.9297752755905512
21
0.3971073622047244
0
LINE
8
BLACK
6
CONTINUOUS
10
0.9297752755905512
20
0.3971073622047244
11
0.9286159055118111
21
0.3912787795275591
0
LINE
8
BLACK
6
CONTINUOUS
10
0.9286159055118111
20
0.3912787795275591
11
0.9263416929133858
21
0.3857883858267717
0
LINE
8
BLACK
6
CONTINUOUS
10
0.9263416929133858
20
0.3857883858267717
11
0.9230400787401575
21
0.380847125984252
0
LINE
8
BLACK
6
CONTINUOUS
10
0.9230400787401575
20
0.380847125984252
11
0.9188379133858268
21
0.3766449606299213
0
LINE
8
BLACK
6
CONTINUOUS
10
0.9188379133858268
20
0.3766449606299213
11
0.9138966535433071
21
0.3733433464566929
0
LINE
8
BLACK
6
CONTINUOUS
10
0.9138966535433071
20
0.3733433464566929
11
0.9084062598425197
21
0.3710691338582677
0
LINE
8
BLACK
6
CONTINUOUS
10
0.9084062598425197
20
0.3710691338582677
11
0.9025776771653543
21
0.3699097637795276
0
LINE
8
BLACK
6
CONTINUOUS
10
0.9025776771653543
20
0.3699097637795276
11
0.8966349212598425
21
0.3699097637795276
0
LINE
8
BLACK
6
CONTINUOUS
10
0.8966349212598425
20
0.3699097637795276
11
0.8908063385826771
21
0.3710691338582677
0
LINE
8
BLACK
6
CONTINUOUS
10
0.8908063385826771
20
0.3710691338582677
11
0.8853159448818897
21
0.3733433464566929
0
LINE
8
BLACK
6
CONTINUOUS
10
0.8853159448818897
20
0.3733433464566929
11
0.8803746850393701
21
0.3766449606299213
0
LINE
8
BLACK
6
CONTINUOUS
10
0.8803746850393701
20
0.3766449606299213
11
0.8761725196850394
21
0.380847125984252
0
LINE
8
BLACK
6
CONTINUOUS
10
0.8761725196850394
20
0.380847125984252
11
0.872870905511811
21
0.3857883858267717
0
LINE
8
BLACK
6
CONTINUOUS
10
0.872870905511811
20
0.3857883858267717
11
0.8705966929133858
21
0.3912787795275591
0
LINE
8
BLACK
6
CONTINUOUS
10
0.8705966929133858
20
0.3912787795275591
11
0.8694373228346457
21
0.3971073622047244
0
LINE
8
BLACK
6
CONTINUOUS
10
0.8694373228346457
20
0.3971073622047244
11
0.8694373228346457
21
0.4030501181102362
0
LINE
8
BLACK
6
CONTINUOUS
10
0.8694373228346457
20
0.4030501181102362
11
0.8705966929133858
21
0.4088787007874016
0
LINE
8
BLACK
6
CONTINUOUS
10
0.8705966929133858
20
0.4088787007874016
11
0.872870905511811
21
0.414369094488189
0
LINE
8
BLACK
6
CONTINUOUS
10
0.872870905511811
20
0.414369094488189
11
0.8761725196850394
21
0.4193103543307087
0
LINE
8
BLACK
6
CONTINUOUS
10
0.8761725196850394
20
0.4193103543307087
11
0.8803746850393701
21
0.4235125196850393
0
LINE
8
BLACK
6
CONTINUOUS
10
0.8803746850393701
20
0.4235125196850393
11
0.8853159448818897
21
0.4268141338582677
0
LINE
8
BLACK
6
CONTINUOUS
10
0.8853159448818897
20
0.4268141338582677
11
0.8908063385826771
21
0.4290883464566929
0
LINE
8
BLACK
6
CONTINUOUS
10
0.8908063385826771
20
0.4290883464566929
11
0.8966349212598425
21
0.430247716535433
0
LINE
8
BLACK
6
CONTINUOUS
10
0.8966349212598425
20
0.430247716535433
11
0.9025776771653543
21
0.430247716535433
0
LINE
8
BLACK
6
CONTINUOUS
10
0.9025776771653543
20
0.430247716535433
11
0.9084062598425197
21
0.4290883464566929
0
LINE
8
BLACK
6
CONTINUOUS
10
0.1768079527559055
20
0.4693648031496063
11
0.1783406692913386
21
0.4683406692913386
0
LINE
8
BLACK
6
CONTINUOUS
10
0.1783406692913386
20
0.4683406692913386
11
0.1793648031496063
21
0.4668079527559055
0
LINE
8
BLACK
6
CONTINUOUS
10
0.1793648031496063
20
0.4668079527559055
11
0.1797244094488189
21
0.465
0
LINE
8
BLACK
6
CONTINUOUS
10
0.1797244094488189
20
0.465
11
0.1797244094488189
21
0.405
0
LINE
8
BLACK
6
CONTINUOUS
10
0.1797244094488189
20
0.405
11
0.1793648031496063
21
0.4031920472440945
0
LINE
8
BLACK
6
CONTINUOUS
10
0.1793648031496063
20
0.4031920472440945
11
0.1783406692913386
21
0.4016593307086614
0
LINE
8
BLACK
6
CONTINUOUS
10
0.1783406692913386
20
0.4016593307086614
11
0.1768079527559055
21
0.4006351968503937
0
LINE
8
BLACK
6
CONTINUOUS
10
0.1768079527559055
20
0.4006351968503937
11
0.175
21
0.4002755905511811
0
LINE
8
BLACK
6
CONTINUOUS
10
0.175
20
0.4002755905511811
11
0.115
21
0.4002755905511811
0
LINE
8
BLACK
6
CONTINUOUS
10
0.115
20
0.4002755905511811
11
0.1131920472440945
21
0.4006351968503937
0
LINE
8
BLACK
6
CONTINUOUS
10
0.1131920472440945
20
0.4006351968503937
11
0.1116593307086614
21
0.4016593307086614
0
LINE
8
BLACK
6
CONTINUOUS
10
0.1116593307086614
20
0.4016593307086614
11
0.1106351968503937
21
0.4031920472440945
0
LINE
8
BLACK
6
CONTINUOUS
10
0.1106351968503937
20
0.4031920472440945
11
0.1102755905511811
21
0.405
0
LINE
8
BLACK
6
CONTINUOUS
10
0.1102755905511811
20
0.405
11
0.1102755905511811
21
0.465
0
LINE
8
BLACK
6
CONTINUOUS
10
0.1102755905511811
20
0.465
11
0.1106351968503937
21
0.4668079527559055
0
LINE
8
BLACK
6
CONTINUOUS
10
0.1106351968503937
20
0.4668079527559055
11
0.1116593307086614
21
0.4683406692913386
0
LINE
8
BLACK
6
CONTINUOUS
10
0.1116593307086614
20
0.4683406692913386
11
0.1131920472440945
21
0.4693648031496063
0
LINE
8
BLACK
6
CONTINUOUS
10
0.1131920472440945
20
0.4693648031496063
11
0.115
21
0.4697244094488189
0
LINE
8
BLACK
6
CONTINUOUS
10
0.115
20
0.4697244094488189
11
0.175
21
0.4697244094488189
0
LINE
8
BLACK
6
CONTINUOUS
10
0.175
20
0.4697244094488189
11
0.1768079527559055
21
0.4693648031496063
0
LINE
8
BLACK
6
CONTINUOUS
10
0.2768079527559055
20
0.4693648031496063
11
0.2783406692913385
21
0.4683406692913386
0
LINE
8
BLACK
6
CONTINUOUS
10
0.2783406692913385
20
0.4683406692913386
11
0.2793648031496063
21
0.4668079527559055
0
LINE
8
BLACK
6
CONTINUOUS
10
0.2793648031496063
20
0.4668079527559055
11
0.2797244094488189
21
0.465
0
LINE
8
BLACK
6
CONTINUOUS
10
0.2797244094488189
20
0.465
11
0.2797244094488189
21
0.405
0
LINE
8
BLACK
6
CONTINUOUS
10
0.2797244094488189
20
0.405
11
0.2793648031496063
21
0.4031920472440945
0
LINE
8
BLACK
6
CONTINUOUS
10
0.2793648031496063
20
0.4031920472440945
11
0.2783406692913385
21
0.4016593307086614
0
LINE
8
BLACK
6
CONTINUOUS
10
0.2783406692913385
20
0.4016593307086614
11
0.2768079527559055
21
0.4006351968503937
0
LINE
8
BLACK
6
CONTINUOUS
10
0.2768079527559055
20
0.4006351968503937
11
0.275
21
0.4002755905511811
0
LINE
8
BLACK
6
CONTINUOUS
10
0.275
20
0.4002755905511811
11
0.215
21
0.4002755905511811
0
LINE
8
BLACK
6
CONTINUOUS
10
0.215
20
0.4002755905511811
11
0.2131920472440945
21
0.4006351968503937
0
LINE
8
BLACK
6
CONTINUOUS
10
0.2131920472440945
20
0.4006351968503937
11
0.2116593307086614
21
0.4016593307086614
0
LINE
8
BLACK
6
CONTINUOUS
10
0.2116593307086614
20
0.4016593307086614
11
0.2106351968503937
21
0.4031920472440945
0
LINE
8
BLACK
6
CONTINUOUS
10
0.2106351968503937
20
0.4031920472440945
11
0.2102755905511811
21
0.405
0
LINE
8
BLACK
6
CONTINUOUS
10
0.2102755905511811
20
0.405
11
0.2102755905511811
21
0.465
0
LINE
8
BLACK
6
CONTINUOUS
10
0.2102755905511811
20
0.465
11
0.2106351968503937
21
0.4668079527559055
0
LINE
8
BLACK
6
CONTINUOUS
10
0.2106351968503937
20
0.4668079527559055
11
0.2116593307086614
21
0.4683406692913386
0
LINE
8
BLACK
6
CONTINUOUS
10
0.2116593307086614
20
0.4683406692913386
11
0.2131920472440945
21
0.4693648031496063
0
LINE
8
BLACK
6
CONTINUOUS
10
0.2131920472440945
20
0.4693648031496063
11
0.215
21
0.4697244094488189
0
LINE
8
BLACK
6
CONTINUOUS
10
0.215
20
0.4697244094488189
11
0.275
21
0.4697244094488189
0
LINE
8
BLACK
6
CONTINUOUS
10
0.275
20
0.4697244094488189
11
0.2768079527559055
21
0.4693648031496063
0
LINE
8
BLACK
6
CONTINUOUS
10
1.4318079527559056
20
0.5243648031496063
11
1.4333406692913386
21
0.5233406692913386
0
LINE
8
BLACK
6
CONTINUOUS
10
1.4333406692913386
20
0.5233406692913386
11
1.4343648031496063
21
0.5218079527559055
0
LINE
8
BLACK
6
CONTINUOUS
10
1.4343648031496063
20
0.5218079527559055
11
1.434724409448819
21
0.52
0
LINE
8
BLACK
6
CONTINUOUS
10
1.434724409448819
20
0.52
11
1.434724409448819
21
0.46
0
LINE
8
BLACK
6
CONTINUOUS
10
1.434724409448819
20
0.46
11
1.4343648031496063
21
0.4581920472440945
0
LINE
8
BLACK
6
CONTINUOUS
10
1.4343648031496063
20
0.4581920472440945
11
1.4333406692913386
21
0.4566593307086614
0
LINE
8
BLACK
6
CONTINUOUS
10
1.4333406692913386
20
0.4566593307086614
11
1.4318079527559056
21
0.4556351968503937
0
LINE
8
BLACK
6
CONTINUOUS
10
1.4318079527559056
20
0.4556351968503937
11
1.4299999999999999
21
0.4552755905511811
0
LINE
8
BLACK
6
CONTINUOUS
10
1.4299999999999999
20
0.4552755905511811
11
1.3699999999999999
21
0.4552755905511811
0
LINE
8
BLACK
6
CONTINUOUS
10
1.3699999999999999
20
0.4552755905511811
11
1.3681920472440945
21
0.4556351968503937
0
LINE
8
BLACK
6
CONTINUOUS
10
1.3681920472440945
20
0.4556351968503937
11
1.3666593307086614
21
0.4566593307086614
0
LINE
8
BLACK
6
CONTINUOUS
10
1.3666593307086614
20
0.4566593307086614
11
1.3656351968503937
21
0.4581920472440945
0
LINE
8
BLACK
6
CONTINUOUS
10
1.3656351968503937
20
0.4581920472440945
11
1.3652755905511811
21
0.46
0
LINE
8
BLACK
6
CONTINUOUS
10
1.3652755905511811
20
0.46
11
1.3652755905511811
21
0.52
0
LINE
8
BLACK
6
CONTINUOUS
10
1.3652755905511811
20
0.52
11
1.3656351968503937
21
0.5218079527559055
0
LINE
8
BLACK
6
CONTINUOUS
10
1.3656351968503937
20
0.5218079527559055
11
1.3666593307086614
21
0.5233406692913386
0
LINE
8
BLACK
6
CONTINUOUS
10
1.3666593307086614
20
0.5233406692913386
11
1.3681920472440945
21
0.5243648031496063
0
LINE
8
BLACK
6
CONTINUOUS
10
1.3681920472440945
20
0.5243648031496063
11
1.3699999999999999
21
0.5247244094488189
0
LINE
8
BLACK
6
CONTINUOUS
10
1.3699999999999999
20
0.5247244094488189
11
1.4299999999999999
21
0.5247244094488189
0
LINE
8
BLACK
6
CONTINUOUS
10
1.4299999999999999
20
0.5247244094488189
11
1.4318079527559056
21
0.5243648031496063
0
LINE
8
BLACK
6
CONTINUOUS
10
1.5318079527559054
20
0.5243648031496063
11
1.5333406692913385
21
0.5233406692913386
0
LINE
8
BLACK
6
CONTINUOUS
10
1.5333406692913385
20
0.5233406692913386
11
1.5343648031496062
21
0.5218079527559055
0
LINE
8
BLACK
6
CONTINUOUS
10
1.5343648031496062
20
0.5218079527559055
11
1.5347244094488188
21
0.52
0
LINE
8
BLACK
6
CONTINUOUS
10
1.5347244094488188
20
0.52
11
1.5347244094488188
21
0.46
0
LINE
8
BLACK
6
CONTINUOUS
10
1.5347244094488188
20
0.46
11
1.5343648031496062
21
0.4581920472440945
0
LINE
8
BLACK
6
CONTINUOUS
10
1.5343648031496062
20
0.4581920472440945
11
1.5333406692913385
21
0.4566593307086614
0
LINE
8
BLACK
6
CONTINUOUS
10
1.5333406692913385
20
0.4566593307086614
11
1.5318079527559054
21
0.4556351968503937
0
LINE
8
BLACK
6
CONTINUOUS
10
1.5318079527559054
20
0.4556351968503937
11
1.53
21
0.4552755905511811
0
LINE
8
BLACK
6
CONTINUOUS
10
1.53
20
0.4552755905511811
11
1.47
21
0.4552755905511811
0
LINE
8
BLACK
6
CONTINUOUS
10
1.47
20
0.4552755905511811
11
1.4681920472440944
21
0.4556351968503937
0
LINE
8
BLACK
6
CONTINUOUS
10
1.4681920472440944
20
0.4556351968503937
11
1.4666593307086613
21
0.4566593307086614
0
LINE
8
BLACK
6
CONTINUOUS
10
1.4666593307086613
20
0.4566593307086614
11
1.4656351968503936
21
0.4581920472440945
0
LINE
8
BLACK
6
CONTINUOUS
10
1.4656351968503936
20
0.4581920472440945
11
1.4652755905511812
21
0.46
0
LINE
8
BLACK
6
CONTINUOUS
10
1.4652755905511812
20
0.46
11
1.4652755905511812
21
0.52
0
LINE
8
BLACK
6
CONTINUOUS
10
1.4652755905511812
20
0.52
11
1.4656351968503936
21
0.5218079527559055
0
LINE
8
BLACK
6
CONTINUOUS
10
1.4656351968503936
20
0.5218079527559055
11
1.4666593307086613
21
0.5233406692913386
0
LINE
8
BLACK
6
CONTINUOUS
10
1.4666593307086613
20
0.5233406692913386
11
1.4681920472440944
21
0.5243648031496063
0
LINE
8
BLACK
6
CONTINUOUS
10
1.4681920472440944
20
0.5243648031496063
11
1.47
21
0.5247244094488189
0
LINE
8
BLACK
6
CONTINUOUS
10
1.47
20
0.5247244094488189
11
1.53
21
0.5247244094488189
0
LINE
8
BLACK
6
CONTINUOUS
10
1.53
20
0.5247244094488189
11
1.5318079527559054
21
0.5243648031496063
0
LINE
8
BLACK
6
CONTINUOUS
10
0.1768079527559055
20
0.5693648031496062
11
0.1783406692913386
21
0.5683406692913385
0
LINE
8
BLACK
6
CONTINUOUS
10
0.1783406692913386
20
0.5683406692913385
11
0.1793648031496063
21
0.5668079527559055
0
LINE
8
BLACK
6
CONTINUOUS
10
0.1793648031496063
20
0.5668079527559055
11
0.1797244094488189
21
0.5649999999999999
0
LINE
8
BLACK
6
CONTINUOUS
10
0.1797244094488189
20
0.5649999999999999
11
0.1797244094488189
21
0.505
0
LINE
8
BLACK
6
CONTINUOUS
10
0.1797244094488189
20
0.505
11
0.1793648031496063
21
0.5031920472440945
0
LINE
8
BLACK
6
CONTINUOUS
10
0.1793648031496063
20
0.5031920472440945
11
0.1783406692913386
21
0.5016593307086614
0
LINE
8
BLACK
6
CONTINUOUS
10
0.1783406692913386
20
0.5016593307086614
11
0.1768079527559055
21
0.5006351968503937
0
LINE
8
BLACK
6
CONTINUOUS
10
0.1768079527559055
20
0.5006351968503937
11
0.175
21
0.5002755905511811
0
LINE
8
BLACK
6
CONTINUOUS
10
0.175
20
0.5002755905511811
11
0.115
21
0.5002755905511811
0
LINE
8
BLACK
6
CONTINUOUS
10
0.115
20
0.5002755905511811
11
0.1131920472440945
21
0.5006351968503937
0
LINE
8
BLACK
6
CONTINUOUS
10
0.1131920472440945
20
0.5006351968503937
11
0.1116593307086614
21
0.5016593307086614
0
LINE
8
BLACK
6
CONTINUOUS
10
0.1116593307086614
20
0.5016593307086614
11
0.1106351968503937
21
0.5031920472440945
0
LINE
8
BLACK
6
CONTINUOUS
10
0.1106351968503937
20
0.5031920472440945
11
0.1102755905511811
21
0.505
0
LINE
8
BLACK
6
CONTINUOUS
10
0.1102755905511811
20
0.505
11
0.1102755905511811
21
0.5649999999999999
0
LINE
8
BLACK
6
CONTINUOUS
10
0.1102755905511811
20
0.5649999999999999
11
0.1106351968503937
21
0.5668079527559055
0
LINE
8
BLACK
6
CONTINUOUS
10
0.1106351968503937
20
0.5668079527559055
11
0.1116593307086614
21
0.5683406692913385
0
LINE
8
BLACK
6
CONTINUOUS
10
0.1116593307086614
20
0.5683406692913385
11
0.1131920472440945
21
0.5693648031496062
0
LINE
8
BLACK
6
CONTINUOUS
10
0.1131920472440945
20
0.5693648031496062
11
0.115
21
0.5697244094488189
0
LINE
8
BLACK
6
CONTINUOUS
10
0.115
20
0.5697244094488189
11
0.175
21
0.5697244094488189
0
LINE
8
BLACK
6
CONTINUOUS
10
0.175
20
0.5697244094488189
11
0.1768079527559055
21
0.5693648031496062
0
LINE
8
BLACK
6
CONTINUOUS
10
0.2768079527559055
20
0.5693648031496062
11
0.2783406692913385
21
0.5683406692913385
0
LINE
8
BLACK
6
CONTINUOUS
10
0.2783406692913385
20
0.5683406692913385
11
0.2793648031496063
21
0.5668079527559055
0
LINE
8
BLACK
6
CONTINUOUS
10
0.2793648031496063
20
0.5668079527559055
11
0.2797244094488189
21
0.5649999999999999
0
LINE
8
BLACK
6
CONTINUOUS
10
0.2797244094488189
20
0.5649999999999999
11
0.2797244094488189
21
0.505
0
LINE
8
BLACK
6
CONTINUOUS
10
0.2797244094488189
20
0.505
11
0.2793648031496063
21
0.5031920472440945
0
LINE
8
BLACK
6
CONTINUOUS
10
0.2793648031496063
20
0.5031920472440945
11
0.2783406692913385
21
0.5016593307086614
0
LINE
8
BLACK
6
CONTINUOUS
10
0.2783406692913385
20
0.5016593307086614
11
0.2768079527559055
21
0.5006351968503937
0
LINE
8
BLACK
6
CONTINUOUS
10
0.2768079527559055
20
0.5006351968503937
11
0.275
21
0.5002755905511811
0
LINE
8
BLACK
6
CONTINUOUS
10
0.275
20
0.5002755905511811
11
0.215
21
0.5002755905511811
0
LINE
8
BLACK
6
CONTINUOUS
10
0.215
20
0.5002755905511811
11
0.2131920472440945
21
0.5006351968503937
0
LINE
8
BLACK
6
CONTINUOUS
10
0.2131920472440945
20
0.5006351968503937
11
0.2116593307086614
21
0.5016593307086614
0
LINE
8
BLACK
6
CONTINUOUS
10
0.2116593307086614
20
0.5016593307086614
11
0.2106351968503937
21
0.5031920472440945
0
LINE
8
BLACK
6
CONTINUOUS
10
0.2106351968503937
20
0.5031920472440945
11
0.2102755905511811
21
0.505
0
LINE
8
BLACK
6
CONTINUOUS
10
0.2102755905511811
20
0.505
11
0.2102755905511811
21
0.5649999999999999
0
LINE
8
BLACK
6
CONTINUOUS
10
0.2102755905511811
20
0.5649999999999999
11
0.2106351968503937
21
0.5668079527559055
0
LINE
8
BLACK
6
CONTINUOUS
10
0.2106351968503937
20
0.5668079527559055
11
0.2116593307086614
21
0.5683406692913385
0
LINE
8
BLACK
6
CONTINUOUS
10
0.2116593307086614
20
0.5683406692913385
11
0.2131920472440945
21
0.5693648031496062
0
LINE
8
BLACK
6
CONTINUOUS
10
0.2131920472440945
20
0.5693648031496062
11
0.215
21
0.5697244094488189
0
LINE
8
BLACK
6
CONTINUOUS
10
0.215
20
0.5697244094488189
11
0.275
21
0.5697244094488189
0
LINE
8
BLACK
6
CONTINUOUS
10
0.275
20
0.5697244094488189
11
0.2768079527559055
21
0.5693648031496062
0
LINE
8
BLACK
6
CONTINUOUS
10
1.4318079527559056
20
0.6243648031496063
11
1.4333406692913386
21
0.6233406692913386
0
LINE
8
BLACK
6
CONTINUOUS
10
1.4333406692913386
20
0.6233406692913386
11
1.4343648031496063
21
0.6218079527559055
0
LINE
8
BLACK
6
CONTINUOUS
10
1.4343648031496063
20
0.6218079527559055
11
1.434724409448819
21
0.62
0
LINE
8
BLACK
6
CONTINUOUS
10
1.434724409448819
20
0.62
11
1.434724409448819
21
0.5599999999999999
0
LINE
8
BLACK
6
CONTINUOUS
10
1.434724409448819
20
0.5599999999999999
11
1.4343648031496063
21
0.5581920472440944
0
LINE
8
BLACK
6
CONTINUOUS
10
1.4343648031496063
20
0.5581920472440944
11
1.4333406692913386
21
0.5566593307086614
0
LINE
8
BLACK
6
CONTINUOUS
10
1.4333406692913386
20
0.5566593307086614
11
1.4318079527559056
21
0.5556351968503936
0
LINE
8
BLACK
6
CONTINUOUS
10
1.4318079527559056
20
0.5556351968503936
11
1.4299999999999999
21
0.5552755905511811
0
LINE
8
BLACK
6
CONTINUOUS
10
1.4299999999999999
20
0.5552755905511811
11
1.3699999999999999
21
0.5552755905511811
0
LINE
8
BLACK
6
CONTINUOUS
10
1.3699999999999999
20
0.5552755905511811
11
1.3681920472440945
21
0.5556351968503936
0
LINE
8
BLACK
6
CONTINUOUS
10
1.3681920472440945
20
0.5556351968503936
11
1.3666593307086614
21
0.5566593307086614
0
LINE
8
BLACK
6
CONTINUOUS
10
1.3666593307086614
20
0.5566593307086614
11
1.3656351968503937
21
0.5581920472440944
0
LINE
8
BLACK
6
CONTINUOUS
10
1.3656351968503937
20
0.5581920472440944
11
1.3652755905511811
21
0.5599999999999999
0
LINE
8
BLACK
6
CONTINUOUS
10
1.3652755905511811
20
0.5599999999999999
11
1.3652755905511811
21
0.62
0
LINE
8
BLACK
6
CONTINUOUS
10
1.3652755905511811
20
0.62
11
1.3656351968503937
21
0.6218079527559055
0
LINE
8
BLACK
6
CONTINUOUS
10
1.3656351968503937
20
0.6218079527559055
11
1.3666593307086614
21
0.6233406692913386
0
LINE
8
BLACK
6
CONTINUOUS
10
1.3666593307086614
20
0.6233406692913386
11
1.3681920472440945
21
0.6243648031496063
0
LINE
8
BLACK
6
CONTINUOUS
10
1.3681920472440945
20
0.6243648031496063
11
1.3699999999999999
21
0.6247244094488189
0
LINE
8
BLACK
6
CONTINUOUS
10
1.3699999999999999
20
0.6247244094488189
11
1.4299999999999999
21
0.6247244094488189
0
LINE
8
BLACK
6
CONTINUOUS
10
1.4299999999999999
20
0.6247244094488189
11
1.4318079527559056
21
0.6243648031496063
0
LINE
8
BLACK
6
CONTINUOUS
10
1.5318079527559054
20
0.6243648031496063
11
1.5333406692913385
21
0.6233406692913386
0
LINE
8
BLACK
6
CONTINUOUS
10
1.5333406692913385
20
0.6233406692913386
11
1.5343648031496062
21
0.6218079527559055
0
LINE
8
BLACK
6
CONTINUOUS
10
1.5343648031496062
20
0.6218079527559055
11
1.5347244094488188
21
0.62
0
LINE
8
BLACK
6
CONTINUOUS
10
1.5347244094488188
20
0.62
11
1.5347244094488188
21
0.5599999999999999
0
LINE
8
BLACK
6
CONTINUOUS
10
1.5347244094488188
20
0.5599999999999999
11
1.5343648031496062
21
0.5581920472440944
0
LINE
8
BLACK
6
CONTINUOUS
10
1.5343648031496062
20
0.5581920472440944
11
1.5333406692913385
21
0.5566593307086614
0
LINE
8
BLACK
6
CONTINUOUS
10
1.5333406692913385
20
0.5566593307086614
11
1.5318079527559054
21
0.5556351968503936
0
LINE
8
BLACK
6
CONTINUOUS
10
1.5318079527559054
20
0.5556351968503936
11
1.53
21
0.5552755905511811
0
LINE
8
BLACK
6
CONTINUOUS
10
1.53
20
0.5552755905511811
11
1.47
21
0.5552755905511811
0
LINE
8
BLACK
6
CONTINUOUS
10
1.47
20
0.5552755905511811
11
1.4681920472440944
21
0.5556351968503936
0
LINE
8
BLACK
6
CONTINUOUS
10
1.4681920472440944
20
0.5556351968503936
11
1.4666593307086613
21
0.5566593307086614
0
LINE
8
BLACK
6
CONTINUOUS
10
1.4666593307086613
20
0.5566593307086614
11
1.4656351968503936
21
0.5581920472440944
0
LINE
8
BLACK
6
CONTINUOUS
10
1.4656351968503936
20
0.5581920472440944
11
1.4652755905511812
21
0.5599999999999999
0
LINE
8
BLACK
6
CONTINUOUS
10
1.4652755905511812
20
0.5599999999999999
11
1.4652755905511812
21
0.62
0
LINE
8
BLACK
6
CONTINUOUS
10
1.4652755905511812
20
0.62
11
1.4656351968503936
21
0.6218079527559055
0
LINE
8
BLACK
6
CONTINUOUS
10
1.4656351968503936
20
0.6218079527559055
11
1.4666593307086613
21
0.6233406692913386
0
LINE
8
BLACK
6
CONTINUOUS
10
1.4666593307086613
20
0.6233406692913386
11
1.4681920472440944
21
0.6243648031496063
0
LINE
8
BLACK
6
CONTINUOUS
10
1.4681920472440944
20
0.6243648031496063
11
1.47
21
0.6247244094488189
0
LINE
8
BLACK
6
CONTINUOUS
10
1.47
20
0.6247244094488189
11
1.53
21
0.6247244094488189
0
LINE
8
BLACK
6
CONTINUOUS
10
1.53
20
0.6247244094488189
11
1.5318079527559054
21
0.6243648031496063
0
LINE
8
BLACK
6
CONTINUOUS
10
0.539864094488189
20
0.6226196062992125
11
0.5460675196850393
21
0.6200500393700787
0
LINE
8
BLACK
6
CONTINUOUS
10
0.5460675196850393
20
0.6200500393700787
11
0.5516504724409449
21
0.6163196456692913
0
LINE
8
BLACK
6
CONTINUOUS
10
0.5516504724409449
20
0.6163196456692913
11
0.5563983858267716
21
0.6115717322834645
0
LINE
8
BLACK
6
CONTINUOUS
10
0.5563983858267716
20
0.6115717322834645
11
0.560128779527559
21
0.605988779527559
0
LINE
8
BLACK
6
CONTINUOUS
10
0.560128779527559
20
0.605988779527559
11
0.5626983464566929
21
0.5997853543307087
0
LINE
8
BLACK
6
CONTINUOUS
10
0.5626983464566929
20
0.5997853543307087
11
0.5640083070866142
21
0.5931998031496063
0
LINE
8
BLACK
6
CONTINUOUS
10
0.5640083070866142
20
0.5931998031496063
11
0.5640083070866142
21
0.5864852362204724
0
LINE
8
BLACK
6
CONTINUOUS
10
0.5640083070866142
20
0.5864852362204724
11
0.5626983464566929
21
0.5798996850393701
0
LINE
8
BLACK
6
CONTINUOUS
10
0.5626983464566929
20
0.5798996850393701
11
0.560128779527559
21
0.5736962598425197
0
LINE
8
BLACK
6
CONTINUOUS
10
0.560128779527559
20
0.5736962598425197
11
0.5563983858267716
21
0.5681133070866141
0
LINE
8
BLACK
6
CONTINUOUS
10
0.5563983858267716
20
0.5681133070866141
11
0.5516504724409449
21
0.5633653937007874
0
LINE
8
BLACK
6
CONTINUOUS
10
0.5516504724409449
20
0.5633653937007874
11
0.5460675196850393
21
0.559635
0
LINE
8
BLACK
6
CONTINUOUS
10
0.5460675196850393
20
0.559635
11
0.539864094488189
21
0.5570654330708661
0
LINE
8
BLACK
6
CONTINUOUS
10
0.539864094488189
20
0.5570654330708661
11
0.5332785433070866
21
0.5557554724409449
0
LINE
8
BLACK
6
CONTINUOUS
10
0.5332785433070866
20
0.5557554724409449
11
0.5265639763779527
21
0.5557554724409449
0
LINE
8
BLACK
6
CONTINUOUS
10
0.5265639763779527
20
0.5557554724409449
11
0.5199784251968503
21
0.5570654330708661
0
LINE
8
BLACK
6
CONTINUOUS
10
0.5199784251968503
20
0.5570654330708661
11
0.513775
21
0.559635
0
LINE
8
BLACK
6
CONTINUOUS
10
0.513775
20
0.559635
11
0.5081920472440945
21
0.5633653937007874
0
LINE
8
BLACK
6
CONTINUOUS
10
0.5081920472440945
20
0.5633653937007874
11
0.5034441338582677
21
0.5681133070866141
0
LINE
8
BLACK
6
CONTINUOUS
10
0.5034441338582677
20
0.5681133070866141
11
0.4997137401574803
21
0.5736962598425197
0
LINE
8
BLACK
6
CONTINUOUS
10
0.4997137401574803
20
0.5736962598425197
11
0.4971441732283464
21
0.5798996850393701
0
LINE
8
BLACK
6
CONTINUOUS
10
0.4971441732283464
20
0.5798996850393701
11
0.4958342125984252
21
0.5864852362204724
0
LINE
8
BLACK
6
CONTINUOUS
10
0.4958342125984252
20
0.5864852362204724
11
0.4958342125984252
21
0.5931998031496063
0
LINE
8
BLACK
6
CONTINUOUS
10
0.4958342125984252
20
0.5931998031496063
11
0.4971441732283464
21
0.5997853543307087
0
LINE
8
BLACK
6
CONTINUOUS
10
0.4971441732283464
20
0.5997853543307087
11
0.4997137401574803
21
0.605988779527559
0
LINE
8
BLACK
6
CONTINUOUS
10
0.4997137401574803
20
0.605988779527559
11
0.5034441338582677
21
0.6115717322834645
0
LINE
8
BLACK
6
CONTINUOUS
10
0.5034441338582677
20
0.6115717322834645
11
0.5081920472440945
21
0.6163196456692913
0
LINE
8
BLACK
6
CONTINUOUS
10
0.5081920472440945
20
0.6163196456692913
11
0.513775
21
0.6200500393700787
0
LINE
8
BLACK
6
CONTINUOUS
10
0.513775
20
0.6200500393700787
11
0.5199784251968503
21
0.6226196062992125
0
LINE
8
BLACK
6
CONTINUOUS
10
0.5199784251968503
20
0.6226196062992125
11
0.5265639763779527
21
0.6239295669291338
0
LINE
8
BLACK
6
CONTINUOUS
10
0.5265639763779527
20
0.6239295669291338
11
0.5332785433070866
21
0.6239295669291338
0
LINE
8
BLACK
6
CONTINUOUS
10
0.5332785433070866
20
0.6239295669291338
11
0.539864094488189
21
0.6226196062992125
0
LINE
8
BLACK
6
CONTINUOUS
10
0.6300215748031496
20
0.6226196062992125
11
0.636225
21
0.6200500393700787
0
LINE
8
BLACK
6
CONTINUOUS
10
0.636225
20
0.6200500393700787
11
0.6418079527559055
21
0.6163196456692913
0
LINE
8
BLACK
6
CONTINUOUS
10
0.6418079527559055
20
0.6163196456692913
11
0.6465558661417322
21
0.6115717322834645
0
LINE
8
BLACK
6
CONTINUOUS
10
0.6465558661417322
20
0.6115717322834645
11
0.6502862598425196
21
0.605988779527559
0
LINE
8
BLACK
6
CONTINUOUS
10
0.6502862598425196
20
0.605988779527559
11
0.6528558267716535
21
0.5997853543307087
0
LINE
8
BLACK
6
CONTINUOUS
10
0.6528558267716535
20
0.5997853543307087
11
0.6541657874015748
21
0.5931998031496063
0
LINE
8
BLACK
6
CONTINUOUS
10
0.6541657874015748
20
0.5931998031496063
11
0.6541657874015748
21
0.5864852362204724
0
LINE
8
BLACK
6
CONTINUOUS
10
0.6541657874015748
20
0.5864852362204724
11
0.6528558267716535
21
0.5798996850393701
0
LINE
8
BLACK
6
CONTINUOUS
10
0.6528558267716535
20
0.5798996850393701
11
0.6502862598425196
21
0.5736962598425197
0
LINE
8
BLACK
6
CONTINUOUS
10
0.6502862598425196
20
0.5736962598425197
11
0.6465558661417322
21
0.5681133070866141
0
LINE
8
BLACK
6
CONTINUOUS
10
0.6465558661417322
20
0.5681133070866141
11
0.6418079527559055
21
0.5633653937007874
0
LINE
8
BLACK
6
CONTINUOUS
10
0.6418079527559055
20
0.5633653937007874
11
0.636225
21
0.559635
0
LINE
8
BLACK
6
CONTINUOUS
10
0.636225
20
0.559635
11
0.6300215748031496
21
0.5570654330708661
0
LINE
8
BLACK
6
CONTINUOUS
10
0.6300215748031496
20
0.5570654330708661
11
0.6234360236220472
21
0.5557554724409449
0
LINE
8
BLACK
6
CONTINUOUS
10
0.6234360236220472
20
0.5557554724409449
11
0.6167214566929133
21
0.5557554724409449
0
LINE
8
BLACK
6
CONTINUOUS
10
0.6167214566929133
20
0.5557554724409449
11
0.610135905511811
21
0.5570654330708661
0
LINE
8
BLACK
6
CONTINUOUS
10
0.610135905511811
20
0.5570654330708661
11
0.6039324803149606
21
0.559635
0
LINE
8
BLACK
6
CONTINUOUS
10
0.6039324803149606
20
0.559635
11
0.5983495275590551
21
0.5633653937007874
0
LINE
8
BLACK
6
CONTINUOUS
10
0.5983495275590551
20
0.5633653937007874
11
0.5936016141732283
21
0.5681133070866141
0
LINE
8
BLACK
6
CONTINUOUS
10
0.5936016141732283
20
0.5681133070866141
11
0.5898712204724409
21
0.5736962598425197
0
LINE
8
BLACK
6
CONTINUOUS
10
0.5898712204724409
20
0.5736962598425197
11
0.5873016535433071
21
0.5798996850393701
0
LINE
8
BLACK
6
CONTINUOUS
10
0.5873016535433071
20
0.5798996850393701
11
0.5859916929133858
21
0.5864852362204724
0
LINE
8
BLACK
6
CONTINUOUS
10
0.5859916929133858
20
0.5864852362204724
11
0.5859916929133858
21
0.5931998031496063
0
LINE
8
BLACK
6
CONTINUOUS
10
0.5859916929133858
20
0.5931998031496063
11
0.5873016535433071
21
0.5997853543307087
0
LINE
8
BLACK
6
CONTINUOUS
10
0.5873016535433071
20
0.5997853543307087
11
0.5898712204724409
21
0.605988779527559
0
LINE
8
BLACK
6
CONTINUOUS
10
0.5898712204724409
20
0.605988779527559
11
0.5936016141732283
21
0.6115717322834645
0
LINE
8
BLACK
6
CONTINUOUS
10
0.5936016141732283
20
0.6115717322834645
11
0.5983495275590551
21
0.6163196456692913
0
LINE
8
BLACK
6
CONTINUOUS
10
0.5983495275590551
20
0.6163196456692913
11
0.6039324803149606
21
0.6200500393700787
0
LINE
8
BLACK
6
CONTINUOUS
10
0.6039324803149606
20
0.6200500393700787
11
0.610135905511811
21
0.6226196062992125
0
LINE
8
BLACK
6
CONTINUOUS
10
0.610135905511811
20
0.6226196062992125
11
0.6167214566929133
21
0.6239295669291338
0
LINE
8
BLACK
6
CONTINUOUS
10
0.6167214566929133
20
0.6239295669291338
11
0.6234360236220472
21
0.6239295669291338
0
LINE
8
BLACK
6
CONTINUOUS
10
0.6234360236220472
20
0.6239295669291338
11
0.6300215748031496
21
0.6226196062992125
0
LINE
8
BLACK
6
CONTINUOUS
10
0.9898640944881889
20
0.6226196062992125
11
0.9960675196850394
21
0.6200500393700787
0
LINE
8
BLACK
6
CONTINUOUS
10
0.9960675196850394
20
0.6200500393700787
11
1.001650472440945
21
0.6163196456692913
0
LINE
8
BLACK
6
CONTINUOUS
10
1.001650472440945
20
0.6163196456692913
11
1.0063983858267715
21
0.6115717322834645
0
LINE
8
BLACK
6
CONTINUOUS
10
1.0063983858267715
20
0.6115717322834645
11
1.0101287795275591
21
0.605988779527559
0
LINE
8
BLACK
6
CONTINUOUS
10
1.0101287795275591
20
0.605988779527559
11
1.012698346456693
21
0.5997853543307087
0
LINE
8
BLACK
6
CONTINUOUS
10
1.012698346456693
20
0.5997853543307087
11
1.0140083070866142
21
0.5931998031496063
0
LINE
8
BLACK
6
CONTINUOUS
10
1.0140083070866142
20
0.5931998031496063
11
1.0140083070866142
21
0.5864852362204724
0
LINE
8
BLACK
6
CONTINUOUS
10
1.0140083070866142
20
0.5864852362204724
11
1.012698346456693
21
0.5798996850393701
0
LINE
8
BLACK
6
CONTINUOUS
10
1.012698346456693
20
0.5798996850393701
11
1.0101287795275591
21
0.5736962598425197
0
LINE
8
BLACK
6
CONTINUOUS
10
1.0101287795275591
20
0.5736962598425197
11
1.0063983858267715
21
0.5681133070866141
0
LINE
8
BLACK
6
CONTINUOUS
10
1.0063983858267715
20
0.5681133070866141
11
1.001650472440945
21
0.5633653937007874
0
LINE
8
BLACK
6
CONTINUOUS
10
1.001650472440945
20
0.5633653937007874
11
0.9960675196850394
21
0.559635
0
LINE
8
BLACK
6
CONTINUOUS
10
0.9960675196850394
20
0.559635
11
0.9898640944881889
21
0.5570654330708661
0
LINE
8
BLACK
6
CONTINUOUS
10
0.9898640944881889
20
0.5570654330708661
11
0.9832785433070866
21
0.5557554724409449
0
LINE
8
BLACK
6
CONTINUOUS
10
0.9832785433070866
20
0.5557554724409449
11
0.9765639763779528
21
0.5557554724409449
0
LINE
8
BLACK
6
CONTINUOUS
10
0.9765639763779528
20
0.5557554724409449
11
0.9699784251968504
21
0.5570654330708661
0
LINE
8
BLACK
6
CONTINUOUS
10
0.9699784251968504
20
0.5570654330708661
11
0.9637749999999999
21
0.559635
0
LINE
8
BLACK
6
CONTINUOUS
10
0.9637749999999999
20
0.559635
11
0.9581920472440945
21
0.5633653937007874
0
LINE
8
BLACK
6
CONTINUOUS
10
0.9581920472440945
20
0.5633653937007874
11
0.9534441338582677
21
0.5681133070866141
0
LINE
8
BLACK
6
CONTINUOUS
10
0.9534441338582677
20
0.5681133070866141
11
0.9497137401574803
21
0.5736962598425197
0
LINE
8
BLACK
6
CONTINUOUS
10
0.9497137401574803
20
0.5736962598425197
11
0.9471441732283464
21
0.5798996850393701
0
LINE
8
BLACK
6
CONTINUOUS
10
0.9471441732283464
20
0.5798996850393701
11
0.9458342125984252
21
0.5864852362204724
0
LINE
8
BLACK
6
CONTINUOUS
10
0.9458342125984252
20
0.5864852362204724
11
0.9458342125984252
21
0.5931998031496063
0
LINE
8
BLACK
6
CONTINUOUS
10
0.9458342125984252
20
0.5931998031496063
11
0.9471441732283464
21
0.5997853543307087
0
LINE
8
BLACK
6
CONTINUOUS
10
0.9471441732283464
20
0.5997853543307087
11
0.9497137401574803
21
0.605988779527559
0
LINE
8
BLACK
6
CONTINUOUS
10
0.9497137401574803
20
0.605988779527559
11
0.9534441338582677
21
0.6115717322834645
0
LINE
8
BLACK
6
CONTINUOUS
10
0.9534441338582677
20
0.6115717322834645
11
0.9581920472440945
21
0.6163196456692913
0
LINE
8
BLACK
6
CONTINUOUS
10
0.9581920472440945
20
0.6163196456692913
11
0.9637749999999999
21
0.6200500393700787
0
LINE
8
BLACK
6
CONTINUOUS
10
0.9637749999999999
20
0.6200500393700787
11
0.9699784251968504
21
0.6226196062992125
0
LINE
8
BLACK
6
CONTINUOUS
10
0.9699784251968504
20
0.6226196062992125
11
0.9765639763779528
21
0.6239295669291338
0
LINE
8
BLACK
6
CONTINUOUS
10
0.9765639763779528
20
0.6239295669291338
11
0.9832785433070866
21
0.6239295669291338
0
LINE
8
BLACK
6
CONTINUOUS
10
0.9832785433070866
20
0.6239295669291338
11
0.9898640944881889
21
0.6226196062992125
0
LINE
8
BLACK
6
CONTINUOUS
10
1.0800215748031496
20
0.6226196062992125
11
1.086225
21
0.6200500393700787
0
LINE
8
BLACK
6
CONTINUOUS
10
1.086225
20
0.6200500393700787
11
1.0918079527559055
21
0.6163196456692913
0
LINE
8
BLACK
6
CONTINUOUS
10
1.0918079527559055
20
0.6163196456692913
11
1.0965558661417323
21
0.6115717322834645
0
LINE
8
BLACK
6
CONTINUOUS
10
1.0965558661417323
20
0.6115717322834645
11
1.1002862598425196
21
0.605988779527559
0
LINE
8
BLACK
6
CONTINUOUS
10
1.1002862598425196
20
0.605988779527559
11
1.1028558267716535
21
0.5997853543307087
0
LINE
8
BLACK
6
CONTINUOUS
10
1.1028558267716535
20
0.5997853543307087
11
1.1041657874015747
21
0.5931998031496063
0
LINE
8
BLACK
6
CONTINUOUS
10
1.1041657874015747
20
0.5931998031496063
11
1.1041657874015747
21
0.5864852362204724
0
LINE
8
BLACK
6
CONTINUOUS
10
1.1041657874015747
20
0.5864852362204724
11
1.1028558267716535
21
0.5798996850393701
0
LINE
8
BLACK
6
CONTINUOUS
10
1.1028558267716535
20
0.5798996850393701
11
1.1002862598425196
21
0.5736962598425197
0
LINE
8
BLACK
6
CONTINUOUS
10
1.1002862598425196
20
0.5736962598425197
11
1.0965558661417323
21
0.5681133070866141
0
LINE
8
BLACK
6
CONTINUOUS
10
1.0965558661417323
20
0.5681133070866141
11
1.0918079527559055
21
0.5633653937007874
0
LINE
8
BLACK
6
CONTINUOUS
10
1.0918079527559055
20
0.5633653937007874
11
1.086225
21
0.559635
0
LINE
8
BLACK
6
CONTINUOUS
10
1.086225
20
0.559635
11
1.0800215748031496
21
0.5570654330708661
0
LINE
8
BLACK
6
CONTINUOUS
10
1.0800215748031496
20
0.5570654330708661
11
1.0734360236220473
21
0.5557554724409449
0
LINE
8
BLACK
6
CONTINUOUS
10
1.0734360236220473
20
0.5557554724409449
11
1.0667214566929133
21
0.5557554724409449
0
LINE
8
BLACK
6
CONTINUOUS
10
1.0667214566929133
20
0.5557554724409449
11
1.0601359055118109
21
0.5570654330708661
0
LINE
8
BLACK
6
CONTINUOUS
10
1.0601359055118109
20
0.5570654330708661
11
1.0539324803149606
21
0.559635
0
LINE
8
BLACK
6
CONTINUOUS
10
1.0539324803149606
20
0.559635
11
1.0483495275590551
21
0.5633653937007874
0
LINE
8
BLACK
6
CONTINUOUS
10
1.0483495275590551
20
0.5633653937007874
11
1.0436016141732283
21
0.5681133070866141
0
LINE
8
BLACK
6
CONTINUOUS
10
1.0436016141732283
20
0.5681133070866141
11
1.039871220472441
21
0.5736962598425197
0
LINE
8
BLACK
6
CONTINUOUS
10
1.039871220472441
20
0.5736962598425197
11
1.0373016535433071
21
0.5798996850393701
0
LINE
8
BLACK
6
CONTINUOUS
10
1.0373016535433071
20
0.5798996850393701
11
1.0359916929133859
21
0.5864852362204724
0
LINE
8
BLACK
6
CONTINUOUS
10
1.0359916929133859
20
0.5864852362204724
11
1.0359916929133859
21
0.5931998031496063
0
LINE
8
BLACK
6
CONTINUOUS
10
1.0359916929133859
20
0.5931998031496063
11
1.0373016535433071
21
0.5997853543307087
0
LINE
8
BLACK
6
CONTINUOUS
10
1.0373016535433071
20
0.5997853543307087
11
1.039871220472441
21
0.605988779527559
0
LINE
8
BLACK
6
CONTINUOUS
10
1.039871220472441
20
0.605988779527559
11
1.0436016141732283
21
0.6115717322834645
0
LINE
8
BLACK
6
CONTINUOUS
10
1.0436016141732283
20
0.6115717322834645
11
1.0483495275590551
21
0.6163196456692913
0
LINE
8
BLACK
6
CONTINUOUS
10
1.0483495275590551
20
0.6163196456692913
11
1.0539324803149606
21
0.6200500393700787
0
LINE
8
BLACK
6
CONTINUOUS
10
1.0539324803149606
20
0.6200500393700787
11
1.0601359055118109
21
0.6226196062992125
0
LINE
8
BLACK
6
CONTINUOUS
10
1.0601359055118109
20
0.6226196062992125
11
1.0667214566929133
21
0.6239295669291338
0
LINE
8
BLACK
6
CONTINUOUS
10
1.0667214566929133
20
0.6239295669291338
11
1.0734360236220473
21
0.6239295669291338
0
LINE
8
BLACK
6
CONTINUOUS
10
1.0734360236220473
20
0.6239295669291338
11
1.0800215748031496
21
0.6226196062992125
0
LINE
8
BLACK
6
CONTINUOUS
10
0.1768079527559055
20
0.6693648031496063
11
0.1783406692913386
21
0.6683406692913386
0
LINE
8
BLACK
6
CONTINUOUS
10
0.1783406692913386
20
0.6683406692913386
11
0.1793648031496063
21
0.6668079527559055
0
LINE
8
BLACK
6
CONTINUOUS
10
0.1793648031496063
20
0.6668079527559055
11
0.1797244094488189
21
0.665
0
LINE
8
BLACK
6
CONTINUOUS
10
0.1797244094488189
20
0.665
11
0.1797244094488189
21
0.605
0
LINE
8
BLACK
6
CONTINUOUS
10
0.1797244094488189
20
0.605
11
0.1793648031496063
21
0.6031920472440945
0
LINE
8
BLACK
6
CONTINUOUS
10
0.1793648031496063
20
0.6031920472440945
11
0.1783406692913386
21
0.6016593307086614
0
LINE
8
BLACK
6
CONTINUOUS
10
0.1783406692913386
20
0.6016593307086614
11
0.1768079527559055
21
0.6006351968503937
0
LINE
8
BLACK
6
CONTINUOUS
10
0.1768079527559055
20
0.6006351968503937
11
0.175
21
0.6002755905511811
0
LINE
8
BLACK
6
CONTINUOUS
10
0.175
20
0.6002755905511811
11
0.115
21
0.6002755905511811
0
LINE
8
BLACK
6
CONTINUOUS
10
0.115
20
0.6002755905511811
11
0.1131920472440945
21
0.6006351968503937
0
LINE
8
BLACK
6
CONTINUOUS
10
0.1131920472440945
20
0.6006351968503937
11
0.1116593307086614
21
0.6016593307086614
0
LINE
8
BLACK
6
CONTINUOUS
10
0.1116593307086614
20
0.6016593307086614
11
0.1106351968503937
21
0.6031920472440945
0
LINE
8
BLACK
6
CONTINUOUS
10
0.1106351968503937
20
0.6031920472440945
11
0.1102755905511811
21
0.605
0
LINE
8
BLACK
6
CONTINUOUS
10
0.1102755905511811
20
0.605
11
0.1102755905511811
21
0.665
0
LINE
8
BLACK
6
CONTINUOUS
10
0.1102755905511811
20
0.665
11
0.1106351968503937
21
0.6668079527559055
0
LINE
8
BLACK
6
CONTINUOUS
10
0.1106351968503937
20
0.6668079527559055
11
0.1116593307086614
21
0.6683406692913386
0
LINE
8
BLACK
6
CONTINUOUS
10
0.1116593307086614
20
0.6683406692913386
11
0.1131920472440945
21
0.6693648031496063
0
LINE
8
BLACK
6
CONTINUOUS
10
0.1131920472440945
20
0.6693648031496063
11
0.115
21
0.6697244094488188
0
LINE
8
BLACK
6
CONTINUOUS
10
0.115
20
0.6697244094488188
11
0.175
21
0.6697244094488188
0
LINE
8
BLACK
6
CONTINUOUS
10
0.175
20
0.6697244094488188
11
0.1768079527559055
21
0.6693648031496063
0
LINE
8
BLACK
6
CONTINUOUS
10
0.2768079527559055
20
0.6693648031496063
11
0.2783406692913385
21
0.6683406692913386
0
LINE
8
BLACK
6
CONTINUOUS
10
0.2783406692913385
20
0.6683406692913386
11
0.2793648031496063
21
0.6668079527559055
0
LINE
8
BLACK
6
CONTINUOUS
10
0.2793648031496063
20
0.6668079527559055
11
0.2797244094488189
21
0.665
0
LINE
8
BLACK
6
CONTINUOUS
10
0.2797244094488189
20
0.665
11
0.2797244094488189
21
0.605
0
LINE
8
BLACK
6
CONTINUOUS
10
0.2797244094488189
20
0.605
11
0.2793648031496063
21
0.6031920472440945
0
LINE
8
BLACK
6
CONTINUOUS
10
0.2793648031496063
20
0.6031920472440945
11
0.2783406692913385
21
0.6016593307086614
0
LINE
8
BLACK
6
CONTINUOUS
10
0.2783406692913385
20
0.6016593307086614
11
0.2768079527559055
21
0.6006351968503937
0
LINE
8
BLACK
6
CONTINUOUS
10
0.2768079527559055
20
0.6006351968503937
11
0.275
21
0.6002755905511811
0
LINE
8
BLACK
6
CONTINUOUS
10
0.275
20
0.6002755905511811
11
0.215
21
0.6002755905511811
0
LINE
8
BLACK
6
CONTINUOUS
10
0.215
20
0.6002755905511811
11
0.2131920472440945
21
0.6006351968503937
0
LINE
8
BLACK
6
CONTINUOUS
10
0.2131920472440945
20
0.6006351968503937
11
0.2116593307086614
21
0.6016593307086614
0
LINE
8
BLACK
6
CONTINUOUS
10
0.2116593307086614
20
0.6016593307086614
11
0.2106351968503937
21
0.6031920472440945
0
LINE
8
BLACK
6
CONTINUOUS
10
0.2106351968503937
20
0.6031920472440945
11
0.2102755905511811
21
0.605
0
LINE
8
BLACK
6
CONTINUOUS
10
0.2102755905511811
20
0.605
11
0.2102755905511811
21
0.665
0
LINE
8
BLACK
6
CONTINUOUS
10
0.2102755905511811
20
0.665
11
0.2106351968503937
21
0.6668079527559055
0
LINE
8
BLACK
6
CONTINUOUS
10
0.2106351968503937
20
0.6668079527559055
11
0.2116593307086614
21
0.6683406692913386
0
LINE
8
BLACK
6
CONTINUOUS
10
0.2116593307086614
20
0.6683406692913386
11
0.2131920472440945
21
0.6693648031496063
0
LINE
8
BLACK
6
CONTINUOUS
10
0.2131920472440945
20
0.6693648031496063
11
0.215
21
0.6697244094488188
0
LINE
8
BLACK
6
CONTINUOUS
10
0.215
20
0.6697244094488188
11
0.275
21
0.6697244094488188
0
LINE
8
BLACK
6
CONTINUOUS
10
0.275
20
0.6697244094488188
11
0.2768079527559055
21
0.6693648031496063
0
LINE
8
BLACK
6
CONTINUOUS
10
1.4318079527559056
20
0.7243648031496063
11
1.4333406692913386
21
0.7233406692913386
0
LINE
8
BLACK
6
CONTINUOUS
10
1.4333406692913386
20
0.7233406692913386
11
1.4343648031496063
21
0.7218079527559055
0
LINE
8
BLACK
6
CONTINUOUS
10
1.4343648031496063
20
0.7218079527559055
11
1.434724409448819
21
0.72
0
LINE
8
BLACK
6
CONTINUOUS
10
1.434724409448819
20
0.72
11
1.434724409448819
21
0.66
0
LINE
8
BLACK
6
CONTINUOUS
10
1.434724409448819
20
0.66
11
1.4343648031496063
21
0.6581920472440945
0
LINE
8
BLACK
6
CONTINUOUS
10
1.4343648031496063
20
0.6581920472440945
11
1.4333406692913386
21
0.6566593307086614
0
LINE
8
BLACK
6
CONTINUOUS
10
1.4333406692913386
20
0.6566593307086614
11
1.4318079527559056
21
0.6556351968503937
0
LINE
8
BLACK
6
CONTINUOUS
10
1.4318079527559056
20
0.6556351968503937
11
1.4299999999999999
21
0.6552755905511811
0
LINE
8
BLACK
6
CONTINUOUS
10
1.4299999999999999
20
0.6552755905511811
11
1.3699999999999999
21
0.6552755905511811
0
LINE
8
BLACK
6
CONTINUOUS
10
1.3699999999999999
20
0.6552755905511811
11
1.3681920472440945
21
0.6556351968503937
0
LINE
8
BLACK
6
CONTINUOUS
10
1.3681920472440945
20
0.6556351968503937
11
1.3666593307086614
21
0.6566593307086614
0
LINE
8
BLACK
6
CONTINUOUS
10
1.3666593307086614
20
0.6566593307086614
11
1.3656351968503937
21
0.6581920472440945
0
LINE
8
BLACK
6
CONTINUOUS
10
1.3656351968503937
20
0.6581920472440945
11
1.3652755905511811
21
0.66
0
LINE
8
BLACK
6
CONTINUOUS
10
1.3652755905511811
20
0.66
11
1.3652755905511811
21
0.72
0
LINE
8
BLACK
6
CONTINUOUS
10
1.3652755905511811
20
0.72
11
1.3656351968503937
21
0.7218079527559055
0
LINE
8
BLACK
6
CONTINUOUS
10
1.3656351968503937
20
0.7218079527559055
11
1.3666593307086614
21
0.7233406692913386
0
LINE
8
BLACK
6
CONTINUOUS
10
1.3666593307086614
20
0.7233406692913386
11
1.3681920472440945
21
0.7243648031496063
0
LINE
8
BLACK
6
CONTINUOUS
10
1.3681920472440945
20
0.7243648031496063
11
1.3699999999999999
21
0.7247244094488189
0
LINE
8
BLACK
6
CONTINUOUS
10
1.3699999999999999
20
0.7247244094488189
11
1.4299999999999999
21
0.7247244094488189
0
LINE
8
BLACK
6
CONTINUOUS
10
1.4299999999999999
20
0.7247244094488189
11
1.4318079527559056
21
0.7243648031496063
0
LINE
8
BLACK
6
CONTINUOUS
10
1.5318079527559054
20
0.7243648031496063
11
1.5333406692913385
21
0.7233406692913386
0
LINE
8
BLACK
6
CONTINUOUS
10
1.5333406692913385
20
0.7233406692913386
11
1.5343648031496062
21
0.7218079527559055
0
LINE
8
BLACK
6
CONTINUOUS
10
1.5343648031496062
20
0.7218079527559055
11
1.5347244094488188
21
0.72
0
LINE
8
BLACK
6
CONTINUOUS
10
1.5347244094488188
20
0.72
11
1.5347244094488188
21
0.66
0
LINE
8
BLACK
6
CONTINUOUS
10
1.5347244094488188
20
0.66
11
1.5343648031496062
21
0.6581920472440945
0
LINE
8
BLACK
6
CONTINUOUS
10
1.5343648031496062
20
0.6581920472440945
11
1.5333406692913385
21
0.6566593307086614
0
LINE
8
BLACK
6
CONTINUOUS
10
1.5333406692913385
20
0.6566593307086614
11
1.5318079527559054
21
0.6556351968503937
0
LINE
8
BLACK
6
CONTINUOUS
10
1.5318079527559054
20
0.6556351968503937
11
1.53
21
0.6552755905511811
0
LINE
8
BLACK
6
CONTINUOUS
10
1.53
20
0.6552755905511811
11
1.47
21
0.6552755905511811
0
LINE
8
BLACK
6
CONTINUOUS
10
1.47
20
0.6552755905511811
11
1.4681920472440944
21
0.6556351968503937
0
LINE
8
BLACK
6
CONTINUOUS
10
1.4681920472440944
20
0.6556351968503937
11
1.4666593307086613
21
0.6566593307086614
0
LINE
8
BLACK
6
CONTINUOUS
10
1.4666593307086613
20
0.6566593307086614
11
1.4656351968503936
21
0.6581920472440945
0
LINE
8
BLACK
6
CONTINUOUS
10
1.4656351968503936
20
0.6581920472440945
11
1.4652755905511812
21
0.66
0
LINE
8
BLACK
6
CONTINUOUS
10
1.4652755905511812
20
0.66
11
1.4652755905511812
21
0.72
0
LINE
8
BLACK
6
CONTINUOUS
10
1.4652755905511812
20
0.72
11
1.4656351968503936
21
0.7218079527559055
0
LINE
8
BLACK
6
CONTINUOUS
10
1.4656351968503936
20
0.7218079527559055
11
1.4666593307086613
21
0.7233406692913386
0
LINE
8
BLACK
6
CONTINUOUS
10
1.4666593307086613
20
0.7233406692913386
11
1.4681920472440944
21
0.7243648031496063
0
LINE
8
BLACK
6
CONTINUOUS
10
1.4681920472440944
20
0.7243648031496063
11
1.47
21
0.7247244094488189
0
LINE
8
BLACK
6
CONTINUOUS
10
1.47
20
0.7247244094488189
11
1.53
21
0.7247244094488189
0
LINE
8
BLACK
6
CONTINUOUS
10
1.53
20
0.7247244094488189
11
1.5318079527559054
21
0.7243648031496063
0
LINE
8
BLACK
6
CONTINUOUS
10
0.5918079527559055
20
0.7443648031496063
11
0.5933406692913386
21
0.7433406692913386
0
LINE
8
BLACK
6
CONTINUOUS
10
0.5933406692913386
20
0.7433406692913386
11
0.5943648031496063
21
0.7418079527559055
0
LINE
8
BLACK
6
CONTINUOUS
10
0.5943648031496063
20
0.7418079527559055
11
0.5947244094488189
21
0.74
0
LINE
8
BLACK
6
CONTINUOUS
10
0.5947244094488189
20
0.74
11
0.5947244094488189
21
0.6799999999999999
0
LINE
8
BLACK
6
CONTINUOUS
10
0.5947244094488189
20
0.6799999999999999
11
0.5943648031496063
21
0.6781920472440944
0
LINE
8
BLACK
6
CONTINUOUS
10
0.5943648031496063
20
0.6781920472440944
11
0.5933406692913386
21
0.6766593307086614
0
LINE
8
BLACK
6
CONTINUOUS
10
0.5933406692913386
20
0.6766593307086614
11
0.5918079527559055
21
0.6756351968503936
0
LINE
8
BLACK
6
CONTINUOUS
10
0.5918079527559055
20
0.6756351968503936
11
0.59
21
0.6752755905511811
0
LINE
8
BLACK
6
CONTINUOUS
10
0.59
20
0.6752755905511811
11
0.53
21
0.6752755905511811
0
LINE
8
BLACK
6
CONTINUOUS
10
0.53
20
0.6752755905511811
11
0.5281920472440945
21
0.6756351968503936
0
LINE
8
BLACK
6
CONTINUOUS
10
0.5281920472440945
20
0.6756351968503936
11
0.5266593307086614
21
0.6766593307086614
0
LINE
8
BLACK
6
CONTINUOUS
10
0.5266593307086614
20
0.6766593307086614
11
0.5256351968503937
21
0.6781920472440944
0
LINE
8
BLACK
6
CONTINUOUS
10
0.5256351968503937
20
0.6781920472440944
11
0.5252755905511811
21
0.6799999999999999
0
LINE
8
BLACK
6
CONTINUOUS
10
0.5252755905511811
20
0.6799999999999999
11
0.5252755905511811
21
0.74
0
LINE
8
BLACK
6
CONTINUOUS
10
0.5252755905511811
20
0.74
11
0.5256351968503937
21
0.7418079527559055
0
LINE
8
BLACK
6
CONTINUOUS
10
0.5256351968503937
20
0.7418079527559055
11
0.5266593307086614
21
0.7433406692913386
0
LINE
8
BLACK
6
CONTINUOUS
10
0.5266593307086614
20
0.7433406692913386
11
0.5281920472440945
21
0.7443648031496063
0
LINE
8
BLACK
6
CONTINUOUS
10
0.5281920472440945
20
0.7443648031496063
11
0.53
21
0.7447244094488189
0
LINE
8
BLACK
6
CONTINUOUS
10
0.53
20
0.7447244094488189
11
0.59
21
0.7447244094488189
0
LINE
8
BLACK
6
CONTINUOUS
10
0.59
20
0.7447244094488189
11
0.5918079527559055
21
0.7443648031496063
0
LINE
8
BLACK
6
CONTINUOUS
10
0.6918079527559055
20
0.7443648031496063
11
0.6933406692913385
21
0.7433406692913386
0
LINE
8
BLACK
6
CONTINUOUS
10
0.6933406692913385
20
0.7433406692913386
11
0.6943648031496062
21
0.7418079527559055
0
LINE
8
BLACK
6
CONTINUOUS
10
0.6943648031496062
20
0.7418079527559055
11
0.6947244094488189
21
0.74
0
LINE
8
BLACK
6
CONTINUOUS
10
0.6947244094488189
20
0.74
11
0.6947244094488189
21
0.6799999999999999
0
LINE
8
BLACK
6
CONTINUOUS
10
0.6947244094488189
20
0.6799999999999999
11
0.6943648031496062
21
0.6781920472440944
0
LINE
8
BLACK
6
CONTINUOUS
10
0.6943648031496062
20
0.6781920472440944
11
0.6933406692913385
21
0.6766593307086614
0
LINE
8
BLACK
6
CONTINUOUS
10
0.6933406692913385
20
0.6766593307086614
11
0.6918079527559055
21
0.6756351968503936
0
LINE
8
BLACK
6
CONTINUOUS
10
0.6918079527559055
20
0.6756351968503936
11
0.6899999999999999
21
0.6752755905511811
0
LINE
8
BLACK
6
CONTINUOUS
10
0.6899999999999999
20
0.6752755905511811
11
0.63
21
0.6752755905511811
0
LINE
8
BLACK
6
CONTINUOUS
10
0.63
20
0.6752755905511811
11
0.6281920472440945
21
0.6756351968503936
0
LINE
8
BLACK
6
CONTINUOUS
10
0.6281920472440945
20
0.6756351968503936
11
0.6266593307086614
21
0.6766593307086614
0
LINE
8
BLACK
6
CONTINUOUS
10
0.6266593307086614
20
0.6766593307086614
11
0.6256351968503937
21
0.6781920472440944
0
LINE
8
BLACK
6
CONTINUOUS
10
0.6256351968503937
20
0.6781920472440944
11
0.6252755905511811
21
0.6799999999999999
0
LINE
8
BLACK
6
CONTINUOUS
10
0.6252755905511811
20
0.6799999999999999
11
0.6252755905511811
21
0.74
0
LINE
8
BLACK
6
CONTINUOUS
10
0.6252755905511811
20
0.74
11
0.6256351968503937
21
0.7418079527559055
0
LINE
8
BLACK
6
CONTINUOUS
10
0.6256351968503937
20
0.7418079527559055
11
0.6266593307086614
21
0.7433406692913386
0
LINE
8
BLACK
6
CONTINUOUS
10
0.6266593307086614
20
0.7433406692913386
11
0.6281920472440945
21
0.7443648031496063
0
LINE
8
BLACK
6
CONTINUOUS
10
0.6281920472440945
20
0.7443648031496063
11
0.63
21
0.7447244094488189
0
LINE
8
BLACK
6
CONTINUOUS
10
0.63
20
0.7447244094488189
11
0.6899999999999999
21
0.7447244094488189
0
LINE
8
BLACK
6
CONTINUOUS
10
0.6899999999999999
20
0.7447244094488189
11
0.6918079527559055
21
0.7443648031496063
0
LINE
8
BLACK
6
CONTINUOUS
10
0.7918079527559055
20
0.7443648031496063
11
0.7933406692913386
21
0.7433406692913386
0
LINE
8
BLACK
6
CONTINUOUS
10
0.7933406692913386
20
0.7433406692913386
11
0.7943648031496063
21
0.7418079527559055
0
LINE
8
BLACK
6
CONTINUOUS
10
0.7943648031496063
20
0.7418079527559055
11
0.7947244094488188
21
0.74
0
LINE
8
BLACK
6
CONTINUOUS
10
0.7947244094488188
20
0.74
11
0.7947244094488188
21
0.6799999999999999
0
LINE
8
BLACK
6
CONTINUOUS
10
0.7947244094488188
20
0.6799999999999999
11
0.7943648031496063
21
0.6781920472440944
0
LINE
8
BLACK
6
CONTINUOUS
10
0.7943648031496063
20
0.6781920472440944
11
0.7933406692913386
21
0.6766593307086614
0
LINE
8
BLACK
6
CONTINUOUS
10
0.7933406692913386
20
0.6766593307086614
11
0.7918079527559055
21
0.6756351968503936
0
LINE
8
BLACK
6
CONTINUOUS
10
0.7918079527559055
20
0.6756351968503936
11
0.79
21
0.6752755905511811
0
LINE
8
BLACK
6
CONTINUOUS
10
0.79
20
0.6752755905511811
11
0.73
21
0.6752755905511811
0
LINE
8
BLACK
6
CONTINUOUS
10
0.73
20
0.6752755905511811
11
0.7281920472440945
21
0.6756351968503936
0
LINE
8
BLACK
6
CONTINUOUS
10
0.7281920472440945
20
0.6756351968503936
11
0.7266593307086614
21
0.6766593307086614
0
LINE
8
BLACK
6
CONTINUOUS
10
0.7266593307086614
20
0.6766593307086614
11
0.7256351968503937
21
0.6781920472440944
0
LINE
8
BLACK
6
CONTINUOUS
10
0.7256351968503937
20
0.6781920472440944
11
0.7252755905511811
21
0.6799999999999999
0
LINE
8
BLACK
6
CONTINUOUS
10
0.7252755905511811
20
0.6799999999999999
11
0.7252755905511811
21
0.74
0
LINE
8
BLACK
6
CONTINUOUS
10
0.7252755905511811
20
0.74
11
0.7256351968503937
21
0.7418079527559055
0
LINE
8
BLACK
6
CONTINUOUS
10
0.7256351968503937
20
0.7418079527559055
11
0.7266593307086614
21
0.7433406692913386
0
LINE
8
BLACK
6
CONTINUOUS
10
0.7266593307086614
20
0.7433406692913386
11
0.7281920472440945
21
0.7443648031496063
0
LINE
8
BLACK
6
CONTINUOUS
10
0.7281920472440945
20
0.7443648031496063
11
0.73
21
0.7447244094488189
0
LINE
8
BLACK
6
CONTINUOUS
10
0.73
20
0.7447244094488189
11
0.79
21
0.7447244094488189
0
LINE
8
BLACK
6
CONTINUOUS
10
0.79
20
0.7447244094488189
11
0.7918079527559055
21
0.7443648031496063
0
LINE
8
BLACK
6
CONTINUOUS
10
0.8918079527559055
20
0.7443648031496063
11
0.8933406692913386
21
0.7433406692913386
0
LINE
8
BLACK
6
CONTINUOUS
10
0.8933406692913386
20
0.7433406692913386
11
0.8943648031496063
21
0.7418079527559055
0
LINE
8
BLACK
6
CONTINUOUS
10
0.8943648031496063
20
0.7418079527559055
11
0.8947244094488189
21
0.74
0
LINE
8
BLACK
6
CONTINUOUS
10
0.8947244094488189
20
0.74
11
0.8947244094488189
21
0.6799999999999999
0
LINE
8
BLACK
6
CONTINUOUS
10
0.8947244094488189
20
0.6799999999999999
11
0.8943648031496063
21
0.6781920472440944
0
LINE
8
BLACK
6
CONTINUOUS
10
0.8943648031496063
20
0.6781920472440944
11
0.8933406692913386
21
0.6766593307086614
0
LINE
8
BLACK
6
CONTINUOUS
10
0.8933406692913386
20
0.6766593307086614
11
0.8918079527559055
21
0.6756351968503936
0
LINE
8
BLACK
6
CONTINUOUS
10
0.8918079527559055
20
0.6756351968503936
11
0.89
21
0.6752755905511811
0
LINE
8
BLACK
6
CONTINUOUS
10
0.89
20
0.6752755905511811
11
0.83
21
0.6752755905511811
0
LINE
8
BLACK
6
CONTINUOUS
10
0.83
20
0.6752755905511811
11
0.8281920472440945
21
0.6756351968503936
0
LINE
8
BLACK
6
CONTINUOUS
10
0.8281920472440945
20
0.6756351968503936
11
0.8266593307086614
21
0.6766593307086614
0
LINE
8
BLACK
6
CONTINUOUS
10
0.8266593307086614
20
0.6766593307086614
11
0.8256351968503937
21
0.6781920472440944
0
LINE
8
BLACK
6
CONTINUOUS
10
0.8256351968503937
20
0.6781920472440944
11
0.825275590551181
21
0.6799999999999999
0
LINE
8
BLACK
6
CONTINUOUS
10
0.825275590551181
20
0.6799999999999999
11
0.825275590551181
21
0.74
0
LINE
8
BLACK
6
CONTINUOUS
10
0.825275590551181
20
0.74
11
0.8256351968503937
21
0.7418079527559055
0
LINE
8
BLACK
6
CONTINUOUS
10
0.8256351968503937
20
0.7418079527559055
11
0.8266593307086614
21
0.7433406692913386
0
LINE
8
BLACK
6
CONTINUOUS
10
0.8266593307086614
20
0.7433406692913386
11
0.8281920472440945
21
0.7443648031496063
0
LINE
8
BLACK
6
CONTINUOUS
10
0.8281920472440945
20
0.7443648031496063
11
0.83
21
0.7447244094488189
0
LINE
8
BLACK
6
CONTINUOUS
10
0.83
20
0.7447244094488189
11
0.89
21
0.7447244094488189
0
LINE
8
BLACK
6
CONTINUOUS
10
0.89
20
0.7447244094488189
11
0.8918079527559055
21
0.7443648031496063
0
LINE
8
BLACK
6
CONTINUOUS
10
0.9918079527559055
20
0.7443648031496063
11
0.9933406692913386
21
0.7433406692913386
0
LINE
8
BLACK
6
CONTINUOUS
10
0.9933406692913386
20
0.7433406692913386
11
0.9943648031496063
21
0.7418079527559055
0
LINE
8
BLACK
6
CONTINUOUS
10
0.9943648031496063
20
0.7418079527559055
11
0.9947244094488189
21
0.74
0
LINE
8
BLACK
6
CONTINUOUS
10
0.9947244094488189
20
0.74
11
0.9947244094488189
21
0.6799999999999999
0
LINE
8
BLACK
6
CONTINUOUS
10
0.9947244094488189
20
0.6799999999999999
11
0.9943648031496063
21
0.6781920472440944
0
LINE
8
BLACK
6
CONTINUOUS
10
0.9943648031496063
20
0.6781920472440944
11
0.9933406692913386
21
0.6766593307086614
0
LINE
8
BLACK
6
CONTINUOUS
10
0.9933406692913386
20
0.6766593307086614
11
0.9918079527559055
21
0.6756351968503936
0
LINE
8
BLACK
6
CONTINUOUS
10
0.9918079527559055
20
0.6756351968503936
11
0.99
21
0.6752755905511811
0
LINE
8
BLACK
6
CONTINUOUS
10
0.99
20
0.6752755905511811
11
0.9299999999999999
21
0.6752755905511811
0
LINE
8
BLACK
6
CONTINUOUS
10
0.9299999999999999
20
0.6752755905511811
11
0.9281920472440944
21
0.6756351968503936
0
LINE
8
BLACK
6
CONTINUOUS
10
0.9281920472440944
20
0.6756351968503936
11
0.9266593307086614
21
0.6766593307086614
0
LINE
8
BLACK
6
CONTINUOUS
10
0.9266593307086614
20
0.6766593307086614
11
0.9256351968503936
21
0.6781920472440944
0
LINE
8
BLACK
6
CONTINUOUS
10
0.9256351968503936
20
0.6781920472440944
11
0.925275590551181
21
0.6799999999999999
0
LINE
8
BLACK
6
CONTINUOUS
10
0.925275590551181
20
0.6799999999999999
11
0.925275590551181
21
0.74
0
LINE
8
BLACK
6
CONTINUOUS
10
0.925275590551181
20
0.74
11
0.9256351968503936
21
0.7418079527559055
0
LINE
8
BLACK
6
CONTINUOUS
10
0.9256351968503936
20
0.7418079527559055
11
0.9266593307086614
21
0.7433406692913386
0
LINE
8
BLACK
6
CONTINUOUS
10
0.9266593307086614
20
0.7433406692913386
11
0.9281920472440944
21
0.7443648031496063
0
LINE
8
BLACK
6
CONTINUOUS
10
0.9281920472440944
20
0.7443648031496063
11
0.9299999999999999
21
0.7447244094488189
0
LINE
8
BLACK
6
CONTINUOUS
10
0.9299999999999999
20
0.7447244094488189
11
0.99
21
0.7447244094488189
0
LINE
8
BLACK
6
CONTINUOUS
10
0.99
20
0.7447244094488189
11
0.9918079527559055
21
0.7443648031496063
0
LINE
8
BLACK
6
CONTINUOUS
10
1.0918079527559055
20
0.7443648031496063
11
1.0933406692913386
21
0.7433406692913386
0
LINE
8
BLACK
6
CONTINUOUS
10
1.0933406692913386
20
0.7433406692913386
11
1.0943648031496063
21
0.7418079527559055
0
LINE
8
BLACK
6
CONTINUOUS
10
1.0943648031496063
20
0.7418079527559055
11
1.0947244094488189
21
0.74
0
LINE
8
BLACK
6
CONTINUOUS
10
1.0947244094488189
20
0.74
11
1.0947244094488189
21
0.6799999999999999
0
LINE
8
BLACK
6
CONTINUOUS
10
1.0947244094488189
20
0.6799999999999999
11
1.0943648031496063
21
0.6781920472440944
0
LINE
8
BLACK
6
CONTINUOUS
10
1.0943648031496063
20
0.6781920472440944
11
1.0933406692913386
21
0.6766593307086614
0
LINE
8
BLACK
6
CONTINUOUS
10
1.0933406692913386
20
0.6766593307086614
11
1.0918079527559055
21
0.6756351968503936
0
LINE
8
BLACK
6
CONTINUOUS
10
1.0918079527559055
20
0.6756351968503936
11
1.0900000000000001
21
0.6752755905511811
0
LINE
8
BLACK
6
CONTINUOUS
10
1.0900000000000001
20
0.6752755905511811
11
1.03
21
0.6752755905511811
0
LINE
8
BLACK
6
CONTINUOUS
10
1.03
20
0.6752755905511811
11
1.0281920472440944
21
0.6756351968503936
0
LINE
8
BLACK
6
CONTINUOUS
10
1.0281920472440944
20
0.6756351968503936
11
1.0266593307086613
21
0.6766593307086614
0
LINE
8
BLACK
6
CONTINUOUS
10
1.0266593307086613
20
0.6766593307086614
11
1.0256351968503936
21
0.6781920472440944
0
LINE
8
BLACK
6
CONTINUOUS
10
1.0256351968503936
20
0.6781920472440944
11
1.025275590551181
21
0.6799999999999999
0
LINE
8
BLACK
6
CONTINUOUS
10
1.025275590551181
20
0.6799999999999999
11
1.025275590551181
21
0.74
0
LINE
8
BLACK
6
CONTINUOUS
10
1.025275590551181
20
0.74
11
1.0256351968503936
21
0.7418079527559055
0
LINE
8
BLACK
6
CONTINUOUS
10
1.0256351968503936
20
0.7418079527559055
11
1.0266593307086613
21
0.7433406692913386
0
LINE
8
BLACK
6
CONTINUOUS
10
1.0266593307086613
20
0.7433406692913386
11
1.0281920472440944
21
0.7443648031496063
0
LINE
8
BLACK
6
CONTINUOUS
10
1.0281920472440944
20
0.7443648031496063
11
1.03
21
0.7447244094488189
0
LINE
8
BLACK
6
CONTINUOUS
10
1.03
20
0.7447244094488189
11
1.0900000000000001
21
0.7447244094488189
0
LINE
8
BLACK
6
CONTINUOUS
10
1.0900000000000001
20
0.7447244094488189
11
1.0918079527559055
21
0.7443648031496063
0
LINE
8
BLACK
6
CONTINUOUS
10
0.1768079527559055
20
0.7693648031496063
11
0.1783406692913386
21
0.7683406692913386
0
LINE
8
BLACK
6
CONTINUOUS
10
0.1783406692913386
20
0.7683406692913386
11
0.1793648031496063
21
0.7668079527559055
0
LINE
8
BLACK
6
CONTINUOUS
10
0.1793648031496063
20
0.7668079527559055
11
0.1797244094488189
21
0.765
0
LINE
8
BLACK
6
CONTINUOUS
10
0.1797244094488189
20
0.765
11
0.1797244094488189
21
0.705
0
LINE
8
BLACK
6
CONTINUOUS
10
0.1797244094488189
20
0.705
11
0.1793648031496063
21
0.7031920472440945
0
LINE
8
BLACK
6
CONTINUOUS
10
0.1793648031496063
20
0.7031920472440945
11
0.1783406692913386
21
0.7016593307086614
0
LINE
8
BLACK
6
CONTINUOUS
10
0.1783406692913386
20
0.7016593307086614
11
0.1768079527559055
21
0.7006351968503937
0
LINE
8
BLACK
6
CONTINUOUS
10
0.1768079527559055
20
0.7006351968503937
11
0.175
21
0.700275590551181
0
LINE
8
BLACK
6
CONTINUOUS
10
0.175
20
0.700275590551181
11
0.115
21
0.700275590551181
0
LINE
8
BLACK
6
CONTINUOUS
10
0.115
20
0.700275590551181
11
0.1131920472440945
21
0.7006351968503937
0
LINE
8
BLACK
6
CONTINUOUS
10
0.1131920472440945
20
0.7006351968503937
11
0.1116593307086614
21
0.7016593307086614
0
LINE
8
BLACK
6
CONTINUOUS
10
0.1116593307086614
20
0.7016593307086614
11
0.1106351968503937
21
0.7031920472440945
0
LINE
8
BLACK
6
CONTINUOUS
10
0.1106351968503937
20
0.7031920472440945
11
0.1102755905511811
21
0.705
0
LINE
8
BLACK
6
CONTINUOUS
10
0.1102755905511811
20
0.705
11
0.1102755905511811
21
0.765
0
LINE
8
BLACK
6
CONTINUOUS
10
0.1102755905511811
20
0.765
11
0.1106351968503937
21
0.7668079527559055
0
LINE
8
BLACK
6
CONTINUOUS
10
0.1106351968503937
20
0.7668079527559055
11
0.1116593307086614
21
0.7683406692913386
0
LINE
8
BLACK
6
CONTINUOUS
10
0.1116593307086614
20
0.7683406692913386
11
0.1131920472440945
21
0.7693648031496063
0
LINE
8
BLACK
6
CONTINUOUS
10
0.1131920472440945
20
0.7693648031496063
11
0.115
21
0.7697244094488189
0
LINE
8
BLACK
6
CONTINUOUS
10
0.115
20
0.7697244094488189
11
0.175
21
0.7697244094488189
0
LINE
8
BLACK
6
CONTINUOUS
10
0.175
20
0.7697244094488189
11
0.1768079527559055
21
0.7693648031496063
0
LINE
8
BLACK
6
CONTINUOUS
10
0.2768079527559055
20
0.7693648031496063
11
0.2783406692913385
21
0.7683406692913386
0
LINE
8
BLACK
6
CONTINUOUS
10
0.2783406692913385
20
0.7683406692913386
11
0.2793648031496063
21
0.7668079527559055
0
LINE
8
BLACK
6
CONTINUOUS
10
0.2793648031496063
20
0.7668079527559055
11
0.2797244094488189
21
0.765
0
LINE
8
BLACK
6
CONTINUOUS
10
0.2797244094488189
20
0.765
11
0.2797244094488189
21
0.705
0
LINE
8
BLACK
6
CONTINUOUS
10
0.2797244094488189
20
0.705
11
0.2793648031496063
21
0.7031920472440945
0
LINE
8
BLACK
6
CONTINUOUS
10
0.2793648031496063
20
0.7031920472440945
11
0.2783406692913385
21
0.7016593307086614
0
LINE
8
BLACK
6
CONTINUOUS
10
0.2783406692913385
20
0.7016593307086614
11
0.2768079527559055
21
0.7006351968503937
0
LINE
8
BLACK
6
CONTINUOUS
10
0.2768079527559055
20
0.7006351968503937
11
0.275
21
0.700275590551181
0
LINE
8
BLACK
6
CONTINUOUS
10
0.275
20
0.700275590551181
11
0.215
21
0.700275590551181
0
LINE
8
BLACK
6
CONTINUOUS
10
0.215
20
0.700275590551181
11
0.2131920472440945
21
0.7006351968503937
0
LINE
8
BLACK
6
CONTINUOUS
10
0.2131920472440945
20
0.7006351968503937
11
0.2116593307086614
21
0.7016593307086614
0
LINE
8
BLACK
6
CONTINUOUS
10
0.2116593307086614
20
0.7016593307086614
11
0.2106351968503937
21
0.7031920472440945
0
LINE
8
BLACK
6
CONTINUOUS
10
0.2106351968503937
20
0.7031920472440945
11
0.2102755905511811
21
0.705
0
LINE
8
BLACK
6
CONTINUOUS
10
0.2102755905511811
20
0.705
11
0.2102755905511811
21
0.765
0
LINE
8
BLACK
6
CONTINUOUS
10
0.2102755905511811
20
0.765
11
0.2106351968503937
21
0.7668079527559055
0
LINE
8
BLACK
6
CONTINUOUS
10
0.2106351968503937
20
0.7668079527559055
11
0.2116593307086614
21
0.7683406692913386
0
LINE
8
BLACK
6
CONTINUOUS
10
0.2116593307086614
20
0.7683406692913386
11
0.2131920472440945
21
0.7693648031496063
0
LINE
8
BLACK
6
CONTINUOUS
10
0.2131920472440945
20
0.7693648031496063
11
0.215
21
0.7697244094488189
0
LINE
8
BLACK
6
CONTINUOUS
10
0.215
20
0.7697244094488189
11
0.275
21
0.7697244094488189
0
LINE
8
BLACK
6
CONTINUOUS
10
0.275
20
0.7697244094488189
11
0.2768079527559055
21
0.7693648031496063
0
LINE
8
BLACK
6
CONTINUOUS
10
0.5918079527559055
20
0.8443648031496063
11
0.5933406692913386
21
0.8433406692913386
0
LINE
8
BLACK
6
CONTINUOUS
10
0.5933406692913386
20
0.8433406692913386
11
0.5943648031496063
21
0.8418079527559055
0
LINE
8
BLACK
6
CONTINUOUS
10
0.5943648031496063
20
0.8418079527559055
11
0.5947244094488189
21
0.84
0
LINE
8
BLACK
6
CONTINUOUS
10
0.5947244094488189
20
0.84
11
0.5947244094488189
21
0.78
0
LINE
8
BLACK
6
CONTINUOUS
10
0.5947244094488189
20
0.78
11
0.5943648031496063
21
0.7781920472440945
0
LINE
8
BLACK
6
CONTINUOUS
10
0.5943648031496063
20
0.7781920472440945
11
0.5933406692913386
21
0.7766593307086614
0
LINE
8
BLACK
6
CONTINUOUS
10
0.5933406692913386
20
0.7766593307086614
11
0.5918079527559055
21
0.7756351968503937
0
LINE
8
BLACK
6
CONTINUOUS
10
0.5918079527559055
20
0.7756351968503937
11
0.59
21
0.7752755905511811
0
LINE
8
BLACK
6
CONTINUOUS
10
0.59
20
0.7752755905511811
11
0.53
21
0.7752755905511811
0
LINE
8
BLACK
6
CONTINUOUS
10
0.53
20
0.7752755905511811
11
0.5281920472440945
21
0.7756351968503937
0
LINE
8
BLACK
6
CONTINUOUS
10
0.5281920472440945
20
0.7756351968503937
11
0.5266593307086614
21
0.7766593307086614
0
LINE
8
BLACK
6
CONTINUOUS
10
0.5266593307086614
20
0.7766593307086614
11
0.5256351968503937
21
0.7781920472440945
0
LINE
8
BLACK
6
CONTINUOUS
10
0.5256351968503937
20
0.7781920472440945
11
0.5252755905511811
21
0.78
0
LINE
8
BLACK
6
CONTINUOUS
10
0.5252755905511811
20
0.78
11
0.5252755905511811
21
0.84
0
LINE
8
BLACK
6
CONTINUOUS
10
0.5252755905511811
20
0.84
11
0.5256351968503937
21
0.8418079527559055
0
LINE
8
BLACK
6
CONTINUOUS
10
0.5256351968503937
20
0.8418079527559055
11
0.5266593307086614
21
0.8433406692913386
0
LINE
8
BLACK
6
CONTINUOUS
10
0.5266593307086614
20
0.8433406692913386
11
0.5281920472440945
21
0.8443648031496063
0
LINE
8
BLACK
6
CONTINUOUS
10
0.5281920472440945
20
0.8443648031496063
11
0.53
21
0.8447244094488189
0
LINE
8
BLACK
6
CONTINUOUS
10
0.53
20
0.8447244094488189
11
0.59
21
0.8447244094488189
0
LINE
8
BLACK
6
CONTINUOUS
10
0.59
20
0.8447244094488189
11
0.5918079527559055
21
0.8443648031496063
0
LINE
8
BLACK
6
CONTINUOUS
10
0.6918079527559055
20
0.8443648031496063
11
0.6933406692913385
21
0.8433406692913386
0
LINE
8
BLACK
6
CONTINUOUS
10
0.6933406692913385
20
0.8433406692913386
11
0.6943648031496062
21
0.8418079527559055
0
LINE
8
BLACK
6
CONTINUOUS
10
0.6943648031496062
20
0.8418079527559055
11
0.6947244094488189
21
0.84
0
LINE
8
BLACK
6
CONTINUOUS
10
0.6947244094488189
20
0.84
11
0.6947244094488189
21
0.78
0
LINE
8
BLACK
6
CONTINUOUS
10
0.6947244094488189
20
0.78
11
0.6943648031496062
21
0.7781920472440945
0
LINE
8
BLACK
6
CONTINUOUS
10
0.6943648031496062
20
0.7781920472440945
11
0.6933406692913385
21
0.7766593307086614
0
LINE
8
BLACK
6
CONTINUOUS
10
0.6933406692913385
20
0.7766593307086614
11
0.6918079527559055
21
0.7756351968503937
0
LINE
8
BLACK
6
CONTINUOUS
10
0.6918079527559055
20
0.7756351968503937
11
0.6899999999999999
21
0.7752755905511811
0
LINE
8
BLACK
6
CONTINUOUS
10
0.6899999999999999
20
0.7752755905511811
11
0.63
21
0.7752755905511811
0
LINE
8
BLACK
6
CONTINUOUS
10
0.63
20
0.7752755905511811
11
0.6281920472440945
21
0.7756351968503937
0
LINE
8
BLACK
6
CONTINUOUS
10
0.6281920472440945
20
0.7756351968503937
11
0.6266593307086614
21
0.7766593307086614
0
LINE
8
BLACK
6
CONTINUOUS
10
0.6266593307086614
20
0.7766593307086614
11
0.6256351968503937
21
0.7781920472440945
0
LINE
8
BLACK
6
CONTINUOUS
10
0.6256351968503937
20
0.7781920472440945
11
0.6252755905511811
21
0.78
0
LINE
8
BLACK
6
CONTINUOUS
10
0.6252755905511811
20
0.78
11
0.6252755905511811
21
0.84
0
LINE
8
BLACK
6
CONTINUOUS
10
0.6252755905511811
20
0.84
11
0.6256351968503937
21
0.8418079527559055
0
LINE
8
BLACK
6
CONTINUOUS
10
0.6256351968503937
20
0.8418079527559055
11
0.6266593307086614
21
0.8433406692913386
0
LINE
8
BLACK
6
CONTINUOUS
10
0.6266593307086614
20
0.8433406692913386
11
0.6281920472440945
21
0.8443648031496063
0
LINE
8
BLACK
6
CONTINUOUS
10
0.6281920472440945
20
0.8443648031496063
11
0.63
21
0.8447244094488189
0
LINE
8
BLACK
6
CONTINUOUS
10
0.63
20
0.8447244094488189
11
0.6899999999999999
21
0.8447244094488189
0
LINE
8
BLACK
6
CONTINUOUS
10
0.6899999999999999
20
0.8447244094488189
11
0.6918079527559055
21
0.8443648031496063
0
LINE
8
BLACK
6
CONTINUOUS
10
0.7918079527559055
20
0.8443648031496063
11
0.7933406692913386
21
0.8433406692913386
0
LINE
8
BLACK
6
CONTINUOUS
10
0.7933406692913386
20
0.8433406692913386
11
0.7943648031496063
21
0.8418079527559055
0
LINE
8
BLACK
6
CONTINUOUS
10
0.7943648031496063
20
0.8418079527559055
11
0.7947244094488188
21
0.84
0
LINE
8
BLACK
6
CONTINUOUS
10
0.7947244094488188
20
0.84
11
0.7947244094488188
21
0.78
0
LINE
8
BLACK
6
CONTINUOUS
10
0.7947244094488188
20
0.78
11
0.7943648031496063
21
0.7781920472440945
0
LINE
8
BLACK
6
CONTINUOUS
10
0.7943648031496063
20
0.7781920472440945
11
0.7933406692913386
21
0.7766593307086614
0
LINE
8
BLACK
6
CONTINUOUS
10
0.7933406692913386
20
0.7766593307086614
11
0.7918079527559055
21
0.7756351968503937
0
LINE
8
BLACK
6
CONTINUOUS
10
0.7918079527559055
20
0.7756351968503937
11
0.79
21
0.7752755905511811
0
LINE
8
BLACK
6
CONTINUOUS
10
0.79
20
0.7752755905511811
11
0.73
21
0.7752755905511811
0
LINE
8
BLACK
6
CONTINUOUS
10
0.73
20
0.7752755905511811
11
0.7281920472440945
21
0.7756351968503937
0
LINE
8
BLACK
6
CONTINUOUS
10
0.7281920472440945
20
0.7756351968503937
11
0.7266593307086614
21
0.7766593307086614
0
LINE
8
BLACK
6
CONTINUOUS
10
0.7266593307086614
20
0.7766593307086614
11
0.7256351968503937
21
0.7781920472440945
0
LINE
8
BLACK
6
CONTINUOUS
10
0.7256351968503937
20
0.7781920472440945
11
0.7252755905511811
21
0.78
0
LINE
8
BLACK
6
CONTINUOUS
10
0.7252755905511811
20
0.78
11
0.7252755905511811
21
0.84
0
LINE
8
BLACK
6
CONTINUOUS
10
0.7252755905511811
20
0.84
11
0.7256351968503937
21
0.8418079527559055
0
LINE
8
BLACK
6
CONTINUOUS
10
0.7256351968503937
20
0.8418079527559055
11
0.7266593307086614
21
0.8433406692913386
0
LINE
8
BLACK
6
CONTINUOUS
10
0.7266593307086614
20
0.8433406692913386
11
0.7281920472440945
21
0.8443648031496063
0
LINE
8
BLACK
6
CONTINUOUS
10
0.7281920472440945
20
0.8443648031496063
11
0.73
21
0.8447244094488189
0
LINE
8
BLACK
6
CONTINUOUS
10
0.73
20
0.8447244094488189
11
0.79
21
0.8447244094488189
0
LINE
8
BLACK
6
CONTINUOUS
10
0.79
20
0.8447244094488189
11
0.7918079527559055
21
0.8443648031496063
0
LINE
8
BLACK
6
CONTINUOUS
10
0.8918079527559055
20
0.8443648031496063
11
0.8933406692913386
21
0.8433406692913386
0
LINE
8
BLACK
6
CONTINUOUS
10
0.8933406692913386
20
0.8433406692913386
11
0.8943648031496063
21
0.8418079527559055
0
LINE
8
BLACK
6
CONTINUOUS
10
0.8943648031496063
20
0.8418079527559055
11
0.8947244094488189
21
0.84
0
LINE
8
BLACK
6
CONTINUOUS
10
0.8947244094488189
20
0.84
11
0.8947244094488189
21
0.78
0
LINE
8
BLACK
6
CONTINUOUS
10
0.8947244094488189
20
0.78
11
0.8943648031496063
21
0.7781920472440945
0
LINE
8
BLACK
6
CONTINUOUS
10
0.8943648031496063
20
0.7781920472440945
11
0.8933406692913386
21
0.7766593307086614
0
LINE
8
BLACK
6
CONTINUOUS
10
0.8933406692913386
20
0.7766593307086614
11
0.8918079527559055
21
0.7756351968503937
0
LINE
8
BLACK
6
CONTINUOUS
10
0.8918079527559055
20
0.7756351968503937
11
0.89
21
0.7752755905511811
0
LINE
8
BLACK
6
CONTINUOUS
10
0.89
20
0.7752755905511811
11
0.83
21
0.7752755905511811
0
LINE
8
BLACK
6
CONTINUOUS
10
0.83
20
0.7752755905511811
11
0.8281920472440945
21
0.7756351968503937
0
LINE
8
BLACK
6
CONTINUOUS
10
0.8281920472440945
20
0.7756351968503937
11
0.8266593307086614
21
0.7766593307086614
0
LINE
8
BLACK
6
CONTINUOUS
10
0.8266593307086614
20
0.7766593307086614
11
0.8256351968503937
21
0.7781920472440945
0
LINE
8
BLACK
6
CONTINUOUS
10
0.8256351968503937
20
0.7781920472440945
11
0.825275590551181
21
0.78
0
LINE
8
BLACK
6
CONTINUOUS
10
0.825275590551181
20
0.78
11
0.825275590551181
21
0.84
0
LINE
8
BLACK
6
CONTINUOUS
10
0.825275590551181
20
0.84
11
0.8256351968503937
21
0.8418079527559055
0
LINE
8
BLACK
6
CONTINUOUS
10
0.8256351968503937
20
0.8418079527559055
11
0.8266593307086614
21
0.8433406692913386
0
LINE
8
BLACK
6
CONTINUOUS
10
0.8266593307086614
20
0.8433406692913386
11
0.8281920472440945
21
0.8443648031496063
0
LINE
8
BLACK
6
CONTINUOUS
10
0.8281920472440945
20
0.8443648031496063
11
0.83
21
0.8447244094488189
0
LINE
8
BLACK
6
CONTINUOUS
10
0.83
20
0.8447244094488189
11
0.89
21
0.8447244094488189
0
LINE
8
BLACK
6
CONTINUOUS
10
0.89
20
0.8447244094488189
11
0.8918079527559055
21
0.8443648031496063
0
LINE
8
BLACK
6
CONTINUOUS
10
0.9918079527559055
20
0.8443648031496063
11
0.9933406692913386
21
0.8433406692913386
0
LINE
8
BLACK
6
CONTINUOUS
10
0.9933406692913386
20
0.8433406692913386
11
0.9943648031496063
21
0.8418079527559055
0
LINE
8
BLACK
6
CONTINUOUS
10
0.9943648031496063
20
0.8418079527559055
11
0.9947244094488189
21
0.84
0
LINE
8
BLACK
6
CONTINUOUS
10
0.9947244094488189
20
0.84
11
0.9947244094488189
21
0.78
0
LINE
8
BLACK
6
CONTINUOUS
10
0.9947244094488189
20
0.78
11
0.9943648031496063
21
0.7781920472440945
0
LINE
8
BLACK
6
CONTINUOUS
10
0.9943648031496063
20
0.7781920472440945
11
0.9933406692913386
21
0.7766593307086614
0
LINE
8
BLACK
6
CONTINUOUS
10
0.9933406692913386
20
0.7766593307086614
11
0.9918079527559055
21
0.7756351968503937
0
LINE
8
BLACK
6
CONTINUOUS
10
0.9918079527559055
20
0.7756351968503937
11
0.99
21
0.7752755905511811
0
LINE
8
BLACK
6
CONTINUOUS
10
0.99
20
0.7752755905511811
11
0.9299999999999999
21
0.7752755905511811
0
LINE
8
BLACK
6
CONTINUOUS
10
0.9299999999999999
20
0.7752755905511811
11
0.9281920472440944
21
0.7756351968503937
0
LINE
8
BLACK
6
CONTINUOUS
10
0.9281920472440944
20
0.7756351968503937
11
0.9266593307086614
21
0.7766593307086614
0
LINE
8
BLACK
6
CONTINUOUS
10
0.9266593307086614
20
0.7766593307086614
11
0.9256351968503936
21
0.7781920472440945
0
LINE
8
BLACK
6
CONTINUOUS
10
0.9256351968503936
20
0.7781920472440945
11
0.925275590551181
21
0.78
0
LINE
8
BLACK
6
CONTINUOUS
10
0.925275590551181
20
0.78
11
0.925275590551181
21
0.84
0
LINE
8
BLACK
6
CONTINUOUS
10
0.925275590551181
20
0.84
11
0.9256351968503936
21
0.8418079527559055
0
LINE
8
BLACK
6
CONTINUOUS
10
0.9256351968503936
20
0.8418079527559055
11
0.9266593307086614
21
0.8433406692913386
0
LINE
8
BLACK
6
CONTINUOUS
10
0.9266593307086614
20
0.8433406692913386
11
0.9281920472440944
21
0.8443648031496063
0
LINE
8
BLACK
6
CONTINUOUS
10
0.9281920472440944
20
0.8443648031496063
11
0.9299999999999999
21
0.8447244094488189
0
LINE
8
BLACK
6
CONTINUOUS
10
0.9299999999999999
20
0.8447244094488189
11
0.99
21
0.8447244094488189
0
LINE
8
BLACK
6
CONTINUOUS
10
0.99
20
0.8447244094488189
11
0.9918079527559055
21
0.8443648031496063
0
LINE
8
BLACK
6
CONTINUOUS
10
1.0918079527559055
20
0.8443648031496063
11
1.0933406692913386
21
0.8433406692913386
0
LINE
8
BLACK
6
CONTINUOUS
10
1.0933406692913386
20
0.8433406692913386
11
1.0943648031496063
21
0.8418079527559055
0
LINE
8
BLACK
6
CONTINUOUS
10
1.0943648031496063
20
0.8418079527559055
11
1.0947244094488189
21
0.84
0
LINE
8
BLACK
6
CONTINUOUS
10
1.0947244094488189
20
0.84
11
1.0947244094488189
21
0.78
0
LINE
8
BLACK
6
CONTINUOUS
10
1.0947244094488189
20
0.78
11
1.0943648031496063
21
0.7781920472440945
0
LINE
8
BLACK
6
CONTINUOUS
10
1.0943648031496063
20
0.7781920472440945
11
1.0933406692913386
21
0.7766593307086614
0
LINE
8
BLACK
6
CONTINUOUS
10
1.0933406692913386
20
0.7766593307086614
11
1.0918079527559055
21
0.7756351968503937
0
LINE
8
BLACK
6
CONTINUOUS
10
1.0918079527559055
20
0.7756351968503937
11
1.0900000000000001
21
0.7752755905511811
0
LINE
8
BLACK
6
CONTINUOUS
10
1.0900000000000001
20
0.7752755905511811
11
1.03
21
0.7752755905511811
0
LINE
8
BLACK
6
CONTINUOUS
10
1.03
20
0.7752755905511811
11
1.0281920472440944
21
0.7756351968503937
0
LINE
8
BLACK
6
CONTINUOUS
10
1.0281920472440944
20
0.7756351968503937
11
1.0266593307086613
21
0.7766593307086614
0
LINE
8
BLACK
6
CONTINUOUS
10
1.0266593307086613
20
0.7766593307086614
11
1.0256351968503936
21
0.7781920472440945
0
LINE
8
BLACK
6
CONTINUOUS
10
1.0256351968503936
20
0.7781920472440945
11
1.025275590551181
21
0.78
0
LINE
8
BLACK
6
CONTINUOUS
10
1.025275590551181
20
0.78
11
1.025275590551181
21
0.84
0
LINE
8
BLACK
6
CONTINUOUS
10
1.025275590551181
20
0.84
11
1.0256351968503936
21
0.8418079527559055
0
LINE
8
BLACK
6
CONTINUOUS
10
1.0256351968503936
20
0.8418079527559055
11
1.0266593307086613
21
0.8433406692913386
0
LINE
8
BLACK
6
CONTINUOUS
10
1.0266593307086613
20
0.8433406692913386
11
1.0281920472440944
21
0.8443648031496063
0
LINE
8
BLACK
6
CONTINUOUS
10
1.0281920472440944
20
0.8443648031496063
11
1.03
21
0.8447244094488189
0
LINE
8
BLACK
6
CONTINUOUS
10
1.03
20
0.8447244094488189
11
1.0900000000000001
21
0.8447244094488189
0
LINE
8
BLACK
6
CONTINUOUS
10
1.0900000000000001
20
0.8447244094488189
11
1.0918079527559055
21
0.8443648031496063
0
LINE
8
BLACK
6
CONTINUOUS
10
0.1768079527559055
20
0.8693648031496063
11
0.1783406692913386
21
0.8683406692913386
0
LINE
8
BLACK
6
CONTINUOUS
10
0.1783406692913386
20
0.8683406692913386
11
0.1793648031496063
21
0.8668079527559055
0
LINE
8
BLACK
6
CONTINUOUS
10
0.1793648031496063
20
0.8668079527559055
11
0.1797244094488189
21
0.865
0
LINE
8
BLACK
6
CONTINUOUS
10
0.1797244094488189
20
0.865
11
0.1797244094488189
21
0.8049999999999999
0
LINE
8
BLACK
6
CONTINUOUS
10
0.1797244094488189
20
0.8049999999999999
11
0.1793648031496063
21
0.8031920472440944
0
LINE
8
BLACK
6
CONTINUOUS
10
0.1793648031496063
20
0.8031920472440944
11
0.1783406692913386
21
0.8016593307086614
0
LINE
8
BLACK
6
CONTINUOUS
10
0.1783406692913386
20
0.8016593307086614
11
0.1768079527559055
21
0.8006351968503936
0
LINE
8
BLACK
6
CONTINUOUS
10
0.1768079527559055
20
0.8006351968503936
11
0.175
21
0.8002755905511811
0
LINE
8
BLACK
6
CONTINUOUS
10
0.175
20
0.8002755905511811
11
0.115
21
0.8002755905511811
0
LINE
8
BLACK
6
CONTINUOUS
10
0.115
20
0.8002755905511811
11
0.1131920472440945
21
0.8006351968503936
0
LINE
8
BLACK
6
CONTINUOUS
10
0.1131920472440945
20
0.8006351968503936
11
0.1116593307086614
21
0.8016593307086614
0
LINE
8
BLACK
6
CONTINUOUS
10
0.1116593307086614
20
0.8016593307086614
11
0.1106351968503937
21
0.8031920472440944
0
LINE
8
BLACK
6
CONTINUOUS
10
0.1106351968503937
20
0.8031920472440944
11
0.1102755905511811
21
0.8049999999999999
0
LINE
8
BLACK
6
CONTINUOUS
10
0.1102755905511811
20
0.8049999999999999
11
0.1102755905511811
21
0.865
0
LINE
8
BLACK
6
CONTINUOUS
10
0.1102755905511811
20
0.865
11
0.1106351968503937
21
0.8668079527559055
0
LINE
8
BLACK
6
CONTINUOUS
10
0.1106351968503937
20
0.8668079527559055
11
0.1116593307086614
21
0.8683406692913386
0
LINE
8
BLACK
6
CONTINUOUS
10
0.1116593307086614
20
0.8683406692913386
11
0.1131920472440945
21
0.8693648031496063
0
LINE
8
BLACK
6
CONTINUOUS
10
0.1131920472440945
20
0.8693648031496063
11
0.115
21
0.8697244094488189
0
LINE
8
BLACK
6
CONTINUOUS
10
0.115
20
0.8697244094488189
11
0.175
21
0.8697244094488189
0
LINE
8
BLACK
6
CONTINUOUS
10
0.175
20
0.8697244094488189
11
0.1768079527559055
21
0.8693648031496063
0
LINE
8
BLACK
6
CONTINUOUS
10
0.2768079527559055
20
0.8693648031496063
11
0.2783406692913385
21
0.8683406692913386
0
LINE
8
BLACK
6
CONTINUOUS
10
0.2783406692913385
20
0.8683406692913386
11
0.2793648031496063
21
0.8668079527559055
0
LINE
8
BLACK
6
CONTINUOUS
10
0.2793648031496063
20
0.8668079527559055
11
0.2797244094488189
21
0.865
0
LINE
8
BLACK
6
CONTINUOUS
10
0.2797244094488189
20
0.865
11
0.2797244094488189
21
0.8049999999999999
0
LINE
8
BLACK
6
CONTINUOUS
10
0.2797244094488189
20
0.8049999999999999
11
0.2793648031496063
21
0.8031920472440944
0
LINE
8
BLACK
6
CONTINUOUS
10
0.2793648031496063
20
0.8031920472440944
11
0.2783406692913385
21
0.8016593307086614
0
LINE
8
BLACK
6
CONTINUOUS
10
0.2783406692913385
20
0.8016593307086614
11
0.2768079527559055
21
0.8006351968503936
0
LINE
8
BLACK
6
CONTINUOUS
10
0.2768079527559055
20
0.8006351968503936
11
0.275
21
0.8002755905511811
0
LINE
8
BLACK
6
CONTINUOUS
10
0.275
20
0.8002755905511811
11
0.215
21
0.8002755905511811
0
LINE
8
BLACK
6
CONTINUOUS
10
0.215
20
0.8002755905511811
11
0.2131920472440945
21
0.8006351968503936
0
LINE
8
BLACK
6
CONTINUOUS
10
0.2131920472440945
20
0.8006351968503936
11
0.2116593307086614
21
0.8016593307086614
0
LINE
8
BLACK
6
CONTINUOUS
10
0.2116593307086614
20
0.8016593307086614
11
0.2106351968503937
21
0.8031920472440944
0
LINE
8
BLACK
6
CONTINUOUS
10
0.2106351968503937
20
0.8031920472440944
11
0.2102755905511811
21
0.8049999999999999
0
LINE
8
BLACK
6
CONTINUOUS
10
0.2102755905511811
20
0.8049999999999999
11
0.2102755905511811
21
0.865
0
LINE
8
BLACK
6
CONTINUOUS
10
0.2102755905511811
20
0.865
11
0.2106351968503937
21
0.8668079527559055
0
LINE
8
BLACK
6
CONTINUOUS
10
0.2106351968503937
20
0.8668079527559055
11
0.2116593307086614
21
0.8683406692913386
0
LINE
8
BLACK
6
CONTINUOUS
10
0.2116593307086614
20
0.8683406692913386
11
0.2131920472440945
21
0.8693648031496063
0
LINE
8
BLACK
6
CONTINUOUS
10
0.2131920472440945
20
0.8693648031496063
11
0.215
21
0.8697244094488189
0
LINE
8
BLACK
6
CONTINUOUS
10
0.215
20
0.8697244094488189
11
0.275
21
0.8697244094488189
0
LINE
8
BLACK
6
CONTINUOUS
10
0.275
20
0.8697244094488189
11
0.2768079527559055
21
0.8693648031496063
0
LINE
8
BLACK
6
CONTINUOUS
10
1.3393079527559055
20
0.9468648031496063
11
1.3408406692913386
21
0.9458406692913386
0
LINE
8
BLACK
6
CONTINUOUS
10
1.3408406692913386
20
0.9458406692913386
11
1.3418648031496063
21
0.9443079527559055
0
LINE
8
BLACK
6
CONTINUOUS
10
1.3418648031496063
20
0.9443079527559055
11
1.3422244094488189
21
0.9425
0
LINE
8
BLACK
6
CONTINUOUS
10
1.3422244094488189
20
0.9425
11
1.3422244094488189
21
0.8825
0
LINE
8
BLACK
6
CONTINUOUS
10
1.3422244094488189
20
0.8825
11
1.3418648031496063
21
0.8806920472440944
0
LINE
8
BLACK
6
CONTINUOUS
10
1.3418648031496063
20
0.8806920472440944
11
1.3408406692913386
21
0.8791593307086614
0
LINE
8
BLACK
6
CONTINUOUS
10
1.3408406692913386
20
0.8791593307086614
11
1.3393079527559055
21
0.8781351968503937
0
LINE
8
BLACK
6
CONTINUOUS
10
1.3393079527559055
20
0.8781351968503937
11
1.3374999999999999
21
0.877775590551181
0
LINE
8
BLACK
6
CONTINUOUS
10
1.3374999999999999
20
0.877775590551181
11
1.2775000000000001
21
0.877775590551181
0
LINE
8
BLACK
6
CONTINUOUS
10
1.2775000000000001
20
0.877775590551181
11
1.2756920472440945
21
0.8781351968503937
0
LINE
8
BLACK
6
CONTINUOUS
10
1.2756920472440945
20
0.8781351968503937
11
1.2741593307086614
21
0.8791593307086614
0
LINE
8
BLACK
6
CONTINUOUS
10
1.2741593307086614
20
0.8791593307086614
11
1.2731351968503937
21
0.8806920472440944
0
LINE
8
BLACK
6
CONTINUOUS
10
1.2731351968503937
20
0.8806920472440944
11
1.2727755905511811
21
0.8825
0
LINE
8
BLACK
6
CONTINUOUS
10
1.2727755905511811
20
0.8825
11
1.2727755905511811
21
0.9425
0
LINE
8
BLACK
6
CONTINUOUS
10
1.2727755905511811
20
0.9425
11
1.2731351968503937
21
0.9443079527559055
0
LINE
8
BLACK
6
CONTINUOUS
10
1.2731351968503937
20
0.9443079527559055
11
1.2741593307086614
21
0.9458406692913386
0
LINE
8
BLACK
6
CONTINUOUS
10
1.2741593307086614
20
0.9458406692913386
11
1.2756920472440945
21
0.9468648031496063
0
LINE
8
BLACK
6
CONTINUOUS
10
1.2756920472440945
20
0.9468648031496063
11
1.2775000000000001
21
0.9472244094488189
0
LINE
8
BLACK
6
CONTINUOUS
10
1.2775000000000001
20
0.9472244094488189
11
1.3374999999999999
21
0.9472244094488189
0
LINE
8
BLACK
6
CONTINUOUS
10
1.3374999999999999
20
0.9472244094488189
11
1.3393079527559055
21
0.9468648031496063
0
LINE
8
BLACK
6
CONTINUOUS
10
1.4393079527559054
20
0.9468648031496063
11
1.4408406692913385
21
0.9458406692913386
0
LINE
8
BLACK
6
CONTINUOUS
10
1.4408406692913385
20
0.9458406692913386
11
1.4418648031496062
21
0.9443079527559055
0
LINE
8
BLACK
6
CONTINUOUS
10
1.4418648031496062
20
0.9443079527559055
11
1.4422244094488188
21
0.9425
0
LINE
8
BLACK
6
CONTINUOUS
10
1.4422244094488188
20
0.9425
11
1.4422244094488188
21
0.8825
0
LINE
8
BLACK
6
CONTINUOUS
10
1.4422244094488188
20
0.8825
11
1.4418648031496062
21
0.8806920472440944
0
LINE
8
BLACK
6
CONTINUOUS
10
1.4418648031496062
20
0.8806920472440944
11
1.4408406692913385
21
0.8791593307086614
0
LINE
8
BLACK
6
CONTINUOUS
10
1.4408406692913385
20
0.8791593307086614
11
1.4393079527559054
21
0.8781351968503937
0
LINE
8
BLACK
6
CONTINUOUS
10
1.4393079527559054
20
0.8781351968503937
11
1.4375
21
0.877775590551181
0
LINE
8
BLACK
6
CONTINUOUS
10
1.4375
20
0.877775590551181
11
1.3774999999999999
21
0.877775590551181
0
LINE
8
BLACK
6
CONTINUOUS
10
1.3774999999999999
20
0.877775590551181
11
1.3756920472440946
21
0.8781351968503937
0
LINE
8
BLACK
6
CONTINUOUS
10
1.3756920472440946
20
0.8781351968503937
11
1.3741593307086615
21
0.8791593307086614
0
LINE
8
BLACK
6
CONTINUOUS
10
1.3741593307086615
20
0.8791593307086614
11
1.3731351968503938
21
0.8806920472440944
0
LINE
8
BLACK
6
CONTINUOUS
10
1.3731351968503938
20
0.8806920472440944
11
1.3727755905511811
21
0.8825
0
LINE
8
BLACK
6
CONTINUOUS
10
1.3727755905511811
20
0.8825
11
1.3727755905511811
21
0.9425
0
LINE
8
BLACK
6
CONTINUOUS
10
1.3727755905511811
20
0.9425
11
1.3731351968503938
21
0.9443079527559055
0
LINE
8
BLACK
6
CONTINUOUS
10
1.3731351968503938
20
0.9443079527559055
11
1.3741593307086615
21
0.9458406692913386
0
LINE
8
BLACK
6
CONTINUOUS
10
1.3741593307086615
20
0.9458406692913386
11
1.3756920472440946
21
0.9468648031496063
0
LINE
8
BLACK
6
CONTINUOUS
10
1.3756920472440946
20
0.9468648031496063
11
1.3774999999999999
21
0.9472244094488189
0
LINE
8
BLACK
6
CONTINUOUS
10
1.3774999999999999
20
0.9472244094488189
11
1.4375
21
0.9472244094488189
0
LINE
8
BLACK
6
CONTINUOUS
10
1.4375
20
0.9472244094488189
11
1.4393079527559054
21
0.9468648031496063
0
LINE
8
BLACK
6
CONTINUOUS
10
1.4168079527559054
20
1.4193648031496062
11
1.4183406692913385
21
1.4183406692913385
0
LINE
8
BLACK
6
CONTINUOUS
10
1.4183406692913385
20
1.4183406692913385
11
1.4193648031496062
21
1.4168079527559054
0
LINE
8
BLACK
6
CONTINUOUS
10
1.4193648031496062
20
1.4168079527559054
11
1.4197244094488188
21
1.415
0
LINE
8
BLACK
6
CONTINUOUS
10
1.4197244094488188
20
1.415
11
1.4197244094488188
21
1.355
0
LINE
8
BLACK
6
CONTINUOUS
10
1.4197244094488188
20
1.355
11
1.4193648031496062
21
1.3531920472440944
0
LINE
8
BLACK
6
CONTINUOUS
10
1.4193648031496062
20
1.3531920472440944
11
1.4183406692913385
21
1.3516593307086613
0
LINE
8
BLACK
6
CONTINUOUS
10
1.4183406692913385
20
1.3516593307086613
11
1.4168079527559054
21
1.3506351968503936
0
LINE
8
BLACK
6
CONTINUOUS
10
1.4168079527559054
20
1.3506351968503936
11
1.415
21
1.3502755905511812
0
LINE
8
BLACK
6
CONTINUOUS
10
1.415
20
1.3502755905511812
11
1.355
21
1.3502755905511812
0
LINE
8
BLACK
6
CONTINUOUS
10
1.355
20
1.3502755905511812
11
1.3531920472440944
21
1.3506351968503936
0
LINE
8
BLACK
6
CONTINUOUS
10
1.3531920472440944
20
1.3506351968503936
11
1.3516593307086613
21
1.3516593307086613
0
LINE
8
BLACK
6
CONTINUOUS
10
1.3516593307086613
20
1.3516593307086613
11
1.3506351968503936
21
1.3531920472440944
0
LINE
8
BLACK
6
CONTINUOUS
10
1.3506351968503936
20
1.3531920472440944
11
1.3502755905511812
21
1.355
0
LINE
8
BLACK
6
CONTINUOUS
10
1.3502755905511812
20
1.355
11
1.3502755905511812
21
1.415
0
LINE
8
BLACK
6
CONTINUOUS
10
1.3502755905511812
20
1.415
11
1.3506351968503936
21
1.4168079527559054
0
LINE
8
BLACK
6
CONTINUOUS
10
1.3506351968503936
20
1.4168079527559054
11
1.3516593307086613
21
1.4183406692913385
0
LINE
8
BLACK
6
CONTINUOUS
10
1.3516593307086613
20
1.4183406692913385
11
1.3531920472440944
21
1.4193648031496062
0
LINE
8
BLACK
6
CONTINUOUS
10
1.3531920472440944
20
1.4193648031496062
11
1.355
21
1.4197244094488188
0
LINE
8
BLACK
6
CONTINUOUS
10
1.355
20
1.4197244094488188
11
1.415
21
1.4197244094488188
0
LINE
8
BLACK
6
CONTINUOUS
10
1.415
20
1.4197244094488188
11
1.4168079527559054
21
1.4193648031496062
0
LINE
8
BLACK
6
CONTINUOUS
10
1.5168079527559055
20
1.4193648031496062
11
1.5183406692913386
21
1.4183406692913385
0
LINE
8
BLACK
6
CONTINUOUS
10
1.5183406692913386
20
1.4183406692913385
11
1.5193648031496063
21
1.4168079527559054
0
LINE
8
BLACK
6
CONTINUOUS
10
1.5193648031496063
20
1.4168079527559054
11
1.5197244094488189
21
1.415
0
LINE
8
BLACK
6
CONTINUOUS
10
1.5197244094488189
20
1.415
11
1.5197244094488189
21
1.355
0
LINE
8
BLACK
6
CONTINUOUS
10
1.5197244094488189
20
1.355
11
1.5193648031496063
21
1.3531920472440944
0
LINE
8
BLACK
6
CONTINUOUS
10
1.5193648031496063
20
1.3531920472440944
11
1.5183406692913386
21
1.3516593307086613
0
LINE
8
BLACK
6
CONTINUOUS
10
1.5183406692913386
20
1.3516593307086613
11
1.5168079527559055
21
1.3506351968503936
0
LINE
8
BLACK
6
CONTINUOUS
10
1.5168079527559055
20
1.3506351968503936
11
1.5149999999999999
21
1.3502755905511812
0
LINE
8
BLACK
6
CONTINUOUS
10
1.5149999999999999
20
1.3502755905511812
11
1.4550000000000001
21
1.3502755905511812
0
LINE
8
BLACK
6
CONTINUOUS
10
1.4550000000000001
20
1.3502755905511812
11
1.4531920472440945
21
1.3506351968503936
0
LINE
8
BLACK
6
CONTINUOUS
10
1.4531920472440945
20
1.3506351968503936
11
1.4516593307086614
21
1.3516593307086613
0
LINE
8
BLACK
6
CONTINUOUS
10
1.4516593307086614
20
1.3516593307086613
11
1.4506351968503937
21
1.3531920472440944
0
LINE
8
BLACK
6
CONTINUOUS
10
1.4506351968503937
20
1.3531920472440944
11
1.450275590551181
21
1.355
0
LINE
8
BLACK
6
CONTINUOUS
10
1.450275590551181
20
1.355
11
1.450275590551181
21
1.415
0
LINE
8
BLACK
6
CONTINUOUS
10
1.450275590551181
20
1.415
11
1.4506351968503937
21
1.4168079527559054
0
LINE
8
BLACK
6
CONTINUOUS
10
1.4506351968503937
20
1.4168079527559054
11
1.4516593307086614
21
1.4183406692913385
0
LINE
8
BLACK
6
CONTINUOUS
10
1.4516593307086614
20
1.4183406692913385
11
1.4531920472440945
21
1.4193648031496062
0
LINE
8
BLACK
6
CONTINUOUS
10
1.4531920472440945
20
1.4193648031496062
11
1.4550000000000001
21
1.4197244094488188
0
LINE
8
BLACK
6
CONTINUOUS
10
1.4550000000000001
20
1.4197244094488188
11
1.5149999999999999
21
1.4197244094488188
0
LINE
8
BLACK
6
CONTINUOUS
10
1.5149999999999999
20
1.4197244094488188
11
1.5168079527559055
21
1.4193648031496062
0
LINE
8
BLACK
6
CONTINUOUS
10
0.1793079527559055
20
1.4268648031496063
11
0.1808406692913386
21
1.4258406692913386
0
LINE
8
BLACK
6
CONTINUOUS
10
0.1808406692913386
20
1.4258406692913386
11
0.1818648031496063
21
1.4243079527559055
0
LINE
8
BLACK
6
CONTINUOUS
10
0.1818648031496063
20
1.4243079527559055
11
0.1822244094488189
21
1.4224999999999999
0
LINE
8
BLACK
6
CONTINUOUS
10
0.1822244094488189
20
1.4224999999999999
11
0.1822244094488189
21
1.3625
0
LINE
8
BLACK
6
CONTINUOUS
10
0.1822244094488189
20
1.3625
11
0.1818648031496063
21
1.3606920472440944
0
LINE
8
BLACK
6
CONTINUOUS
10
0.1818648031496063
20
1.3606920472440944
11
0.1808406692913386
21
1.3591593307086614
0
LINE
8
BLACK
6
CONTINUOUS
10
0.1808406692913386
20
1.3591593307086614
11
0.1793079527559055
21
1.3581351968503936
0
LINE
8
BLACK
6
CONTINUOUS
10
0.1793079527559055
20
1.3581351968503936
11
0.1775
21
1.357775590551181
0
LINE
8
BLACK
6
CONTINUOUS
10
0.1775
20
1.357775590551181
11
0.1175
21
1.357775590551181
0
LINE
8
BLACK
6
CONTINUOUS
10
0.1175
20
1.357775590551181
11
0.1156920472440945
21
1.3581351968503936
0
LINE
8
BLACK
6
CONTINUOUS
10
0.1156920472440945
20
1.3581351968503936
11
0.1141593307086614
21
1.3591593307086614
0
LINE
8
BLACK
6
CONTINUOUS
10
0.1141593307086614
20
1.3591593307086614
11
0.1131351968503937
21
1.3606920472440944
0
LINE
8
BLACK
6
CONTINUOUS
10
0.1131351968503937
20
1.3606920472440944
11
0.1127755905511811
21
1.3625
0
LINE
8
BLACK
6
CONTINUOUS
10
0.1127755905511811
20
1.3625
11
0.1127755905511811
21
1.4224999999999999
0
LINE
8
BLACK
6
CONTINUOUS
10
0.1127755905511811
20
1.4224999999999999
11
0.1131351968503937
21
1.4243079527559055
0
LINE
8
BLACK
6
CONTINUOUS
10
0.1131351968503937
20
1.4243079527559055
11
0.1141593307086614
21
1.4258406692913386
0
LINE
8
BLACK
6
CONTINUOUS
10
0.1141593307086614
20
1.4258406692913386
11
0.1156920472440945
21
1.4268648031496063
0
LINE
8
BLACK
6
CONTINUOUS
10
0.1156920472440945
20
1.4268648031496063
11
0.1175
21
1.4272244094488189
0
LINE
8
BLACK
6
CONTINUOUS
10
0.1175
20
1.4272244094488189
11
0.1775
21
1.4272244094488189
0
LINE
8
BLACK
6
CONTINUOUS
10
0.1775
20
1.4272244094488189
11
0.1793079527559055
21
1.4268648031496063
0
LINE
8
BLACK
6
CONTINUOUS
10
0.2793079527559055
20
1.4268648031496063
11
0.2808406692913386
21
1.4258406692913386
0
LINE
8
BLACK
6
CONTINUOUS
10
0.2808406692913386
20
1.4258406692913386
11
0.2818648031496063
21
1.4243079527559055
0
LINE
8
BLACK
6
CONTINUOUS
10
0.2818648031496063
20
1.4243079527559055
11
0.2822244094488189
21
1.4224999999999999
0
LINE
8
BLACK
6
CONTINUOUS
10
0.2822244094488189
20
1.4224999999999999
11
0.2822244094488189
21
1.3625
0
LINE
8
BLACK
6
CONTINUOUS
10
0.2822244094488189
20
1.3625
11
0.2818648031496063
21
1.3606920472440944
0
LINE
8
BLACK
6
CONTINUOUS
10
0.2818648031496063
20
1.3606920472440944
11
0.2808406692913386
21
1.3591593307086614
0
LINE
8
BLACK
6
CONTINUOUS
10
0.2808406692913386
20
1.3591593307086614
11
0.2793079527559055
21
1.3581351968503936
0
LINE
8
BLACK
6
CONTINUOUS
10
0.2793079527559055
20
1.3581351968503936
11
0.2775
21
1.357775590551181
0
LINE
8
BLACK
6
CONTINUOUS
10
0.2775
20
1.357775590551181
11
0.2175
21
1.357775590551181
0
LINE
8
BLACK
6
CONTINUOUS
10
0.2175
20
1.357775590551181
11
0.2156920472440945
21
1.3581351968503936
0
LINE
8
BLACK
6
CONTINUOUS
10
0.2156920472440945
20
1.3581351968503936
11
0.2141593307086614
21
1.3591593307086614
0
LINE
8
BLACK
6
CONTINUOUS
10
0.2141593307086614
20
1.3591593307086614
11
0.2131351968503937
21
1.3606920472440944
0
LINE
8
BLACK
6
CONTINUOUS
10
0.2131351968503937
20
1.3606920472440944
11
0.2127755905511811
21
1.3625
0
LINE
8
BLACK
6
CONTINUOUS
10
0.2127755905511811
20
1.3625
11
0.2127755905511811
21
1.4224999999999999
0
LINE
8
BLACK
6
CONTINUOUS
10
0.2127755905511811
20
1.4224999999999999
11
0.2131351968503937
21
1.4243079527559055
0
LINE
8
BLACK
6
CONTINUOUS
10
0.2131351968503937
20
1.4243079527559055
11
0.2141593307086614
21
1.4258406692913386
0
LINE
8
BLACK
6
CONTINUOUS
10
0.2141593307086614
20
1.4258406692913386
11
0.2156920472440945
21
1.4268648031496063
0
LINE
8
BLACK
6
CONTINUOUS
10
0.2156920472440945
20
1.4268648031496063
11
0.2175
21
1.4272244094488189
0
LINE
8
BLACK
6
CONTINUOUS
10
0.2175
20
1.4272244094488189
11
0.2775
21
1.4272244094488189
0
LINE
8
BLACK
6
CONTINUOUS
10
0.2775
20
1.4272244094488189
11
0.2793079527559055
21
1.4268648031496063
0
LINE
8
BLACK
6
CONTINUOUS
10
1.1618079527559055
20
1.4693648031496063
11
1.1633406692913386
21
1.4683406692913386
0
LINE
8
BLACK
6
CONTINUOUS
10
1.1633406692913386
20
1.4683406692913386
11
1.1643648031496063
21
1.4668079527559055
0
LINE
8
BLACK
6
CONTINUOUS
10
1.1643648031496063
20
1.4668079527559055
11
1.1647244094488189
21
1.4649999999999999
0
LINE
8
BLACK
6
CONTINUOUS
10
1.1647244094488189
20
1.4649999999999999
11
1.1647244094488189
21
1.405
0
LINE
8
BLACK
6
CONTINUOUS
10
1.1647244094488189
20
1.405
11
1.1643648031496063
21
1.4031920472440944
0
LINE
8
BLACK
6
CONTINUOUS
10
1.1643648031496063
20
1.4031920472440944
11
1.1633406692913386
21
1.4016593307086613
0
LINE
8
BLACK
6
CONTINUOUS
10
1.1633406692913386
20
1.4016593307086613
11
1.1618079527559055
21
1.4006351968503936
0
LINE
8
BLACK
6
CONTINUOUS
10
1.1618079527559055
20
1.4006351968503936
11
1.1599999999999999
21
1.400275590551181
0
LINE
8
BLACK
6
CONTINUOUS
10
1.1599999999999999
20
1.400275590551181
11
1.0999999999999999
21
1.400275590551181
0
LINE
8
BLACK
6
CONTINUOUS
10
1.0999999999999999
20
1.400275590551181
11
1.0981920472440945
21
1.4006351968503936
0
LINE
8
BLACK
6
CONTINUOUS
10
1.0981920472440945
20
1.4006351968503936
11
1.0966593307086614
21
1.4016593307086613
0
LINE
8
BLACK
6
CONTINUOUS
10
1.0966593307086614
20
1.4016593307086613
11
1.0956351968503937
21
1.4031920472440944
0
LINE
8
BLACK
6
CONTINUOUS
10
1.0956351968503937
20
1.4031920472440944
11
1.0952755905511811
21
1.405
0
LINE
8
BLACK
6
CONTINUOUS
10
1.0952755905511811
20
1.405
11
1.0952755905511811
21
1.4649999999999999
0
LINE
8
BLACK
6
CONTINUOUS
10
1.0952755905511811
20
1.4649999999999999
11
1.0956351968503937
21
1.4668079527559055
0
LINE
8
BLACK
6
CONTINUOUS
10
1.0956351968503937
20
1.4668079527559055
11
1.0966593307086614
21
1.4683406692913386
0
LINE
8
BLACK
6
CONTINUOUS
10
1.0966593307086614
20
1.4683406692913386
11
1.0981920472440945
21
1.4693648031496063
0
LINE
8
BLACK
6
CONTINUOUS
10
1.0981920472440945
20
1.4693648031496063
11
1.0999999999999999
21
1.4697244094488189
0
LINE
8
BLACK
6
CONTINUOUS
10
1.0999999999999999
20
1.4697244094488189
11
1.1599999999999999
21
1.4697244094488189
0
LINE
8
BLACK
6
CONTINUOUS
10
1.1599999999999999
20
1.4697244094488189
11
1.1618079527559055
21
1.4693648031496063
0
LINE
8
BLACK
6
CONTINUOUS
10
0.5218079527559055
20
1.4943648031496062
11
0.5233406692913386
21
1.4933406692913385
0
LINE
8
BLACK
6
CONTINUOUS
10
0.5233406692913386
20
1.4933406692913385
11
0.5243648031496063
21
1.4918079527559054
0
LINE
8
BLACK
6
CONTINUOUS
10
0.5243648031496063
20
1.4918079527559054
11
0.5247244094488189
21
1.49
0
LINE
8
BLACK
6
CONTINUOUS
10
0.5247244094488189
20
1.49
11
0.5247244094488189
21
1.4299999999999999
0
LINE
8
BLACK
6
CONTINUOUS
10
0.5247244094488189
20
1.4299999999999999
11
0.5243648031496063
21
1.4281920472440945
0
LINE
8
BLACK
6
CONTINUOUS
10
0.5243648031496063
20
1.4281920472440945
11
0.5233406692913386
21
1.4266593307086615
0
LINE
8
BLACK
6
CONTINUOUS
10
0.5233406692913386
20
1.4266593307086615
11
0.5218079527559055
21
1.4256351968503937
0
LINE
8
BLACK
6
CONTINUOUS
10
0.5218079527559055
20
1.4256351968503937
11
0.52
21
1.4252755905511811
0
LINE
8
BLACK
6
CONTINUOUS
10
0.52
20
1.4252755905511811
11
0.46
21
1.4252755905511811
0
LINE
8
BLACK
6
CONTINUOUS
10
0.46
20
1.4252755905511811
11
0.4581920472440945
21
1.4256351968503937
0
LINE
8
BLACK
6
CONTINUOUS
10
0.4581920472440945
20
1.4256351968503937
11
0.4566593307086614
21
1.4266593307086615
0
LINE
8
BLACK
6
CONTINUOUS
10
0.4566593307086614
20
1.4266593307086615
11
0.4556351968503937
21
1.4281920472440945
0
LINE
8
BLACK
6
CONTINUOUS
10
0.4556351968503937
20
1.4281920472440945
11
0.4552755905511811
21
1.4299999999999999
0
LINE
8
BLACK
6
CONTINUOUS
10
0.4552755905511811
20
1.4299999999999999
11
0.4552755905511811
21
1.49
0
LINE
8
BLACK
6
CONTINUOUS
10
0.4552755905511811
20
1.49
11
0.4556351968503937
21
1.4918079527559054
0
LINE
8
BLACK
6
CONTINUOUS
10
0.4556351968503937
20
1.4918079527559054
11
0.4566593307086614
21
1.4933406692913385
0
LINE
8
BLACK
6
CONTINUOUS
10
0.4566593307086614
20
1.4933406692913385
11
0.4581920472440945
21
1.4943648031496062
0
LINE
8
BLACK
6
CONTINUOUS
10
0.4581920472440945
20
1.4943648031496062
11
0.46
21
1.4947244094488188
0
LINE
8
BLACK
6
CONTINUOUS
10
0.46
20
1.4947244094488188
11
0.52
21
1.4947244094488188
0
LINE
8
BLACK
6
CONTINUOUS
10
0.52
20
1.4947244094488188
11
0.5218079527559055
21
1.4943648031496062
0
LINE
8
BLACK
6
CONTINUOUS
10
0.6218079527559055
20
1.4943648031496062
11
0.6233406692913386
21
1.4933406692913385
0
LINE
8
BLACK
6
CONTINUOUS
10
0.6233406692913386
20
1.4933406692913385
11
0.6243648031496063
21
1.4918079527559054
0
LINE
8
BLACK
6
CONTINUOUS
10
0.6243648031496063
20
1.4918079527559054
11
0.6247244094488189
21
1.49
0
LINE
8
BLACK
6
CONTINUOUS
10
0.6247244094488189
20
1.49
11
0.6247244094488189
21
1.4299999999999999
0
LINE
8
BLACK
6
CONTINUOUS
10
0.6247244094488189
20
1.4299999999999999
11
0.6243648031496063
21
1.4281920472440945
0
LINE
8
BLACK
6
CONTINUOUS
10
0.6243648031496063
20
1.4281920472440945
11
0.6233406692913386
21
1.4266593307086615
0
LINE
8
BLACK
6
CONTINUOUS
10
0.6233406692913386
20
1.4266593307086615
11
0.6218079527559055
21
1.4256351968503937
0
LINE
8
BLACK
6
CONTINUOUS
10
0.6218079527559055
20
1.4256351968503937
11
0.62
21
1.4252755905511811
0
LINE
8
BLACK
6
CONTINUOUS
10
0.62
20
1.4252755905511811
11
0.5599999999999999
21
1.4252755905511811
0
LINE
8
BLACK
6
CONTINUOUS
10
0.5599999999999999
20
1.4252755905511811
11
0.5581920472440944
21
1.4256351968503937
0
LINE
8
BLACK
6
CONTINUOUS
10
0.5581920472440944
20
1.4256351968503937
11
0.5566593307086614
21
1.4266593307086615
0
LINE
8
BLACK
6
CONTINUOUS
10
0.5566593307086614
20
1.4266593307086615
11
0.5556351968503936
21
1.4281920472440945
0
LINE
8
BLACK
6
CONTINUOUS
10
0.5556351968503936
20
1.4281920472440945
11
0.5552755905511811
21
1.4299999999999999
0
LINE
8
BLACK
6
CONTINUOUS
10
0.5552755905511811
20
1.4299999999999999
11
0.5552755905511811
21
1.49
0
LINE
8
BLACK
6
CONTINUOUS
10
0.5552755905511811
20
1.49
11
0.5556351968503936
21
1.4918079527559054
0
LINE
8
BLACK
6
CONTINUOUS
10
0.5556351968503936
20
1.4918079527559054
11
0.5566593307086614
21
1.4933406692913385
0
LINE
8
BLACK
6
CONTINUOUS
10
0.5566593307086614
20
1.4933406692913385
11
0.5581920472440944
21
1.4943648031496062
0
LINE
8
BLACK
6
CONTINUOUS
10
0.5581920472440944
20
1.4943648031496062
11
0.5599999999999999
21
1.4947244094488188
0
LINE
8
BLACK
6
CONTINUOUS
10
0.5599999999999999
20
1.4947244094488188
11
0.62
21
1.4947244094488188
0
LINE
8
BLACK
6
CONTINUOUS
10
0.62
20
1.4947244094488188
11
0.6218079527559055
21
1.4943648031496062
0
LINE
8
BLACK
6
CONTINUOUS
10
1.4168079527559054
20
1.5193648031496063
11
1.4183406692913385
21
1.5183406692913386
0
LINE
8
BLACK
6
CONTINUOUS
10
1.4183406692913385
20
1.5183406692913386
11
1.4193648031496062
21
1.5168079527559055
0
LINE
8
BLACK
6
CONTINUOUS
10
1.4193648031496062
20
1.5168079527559055
11
1.4197244094488188
21
1.5149999999999999
0
LINE
8
BLACK
6
CONTINUOUS
10
1.4197244094488188
20
1.5149999999999999
11
1.4197244094488188
21
1.4550000000000001
0
LINE
8
BLACK
6
CONTINUOUS
10
1.4197244094488188
20
1.4550000000000001
11
1.4193648031496062
21
1.4531920472440945
0
LINE
8
BLACK
6
CONTINUOUS
10
1.4193648031496062
20
1.4531920472440945
11
1.4183406692913385
21
1.4516593307086614
0
LINE
8
BLACK
6
CONTINUOUS
10
1.4183406692913385
20
1.4516593307086614
11
1.4168079527559054
21
1.4506351968503937
0
LINE
8
BLACK
6
CONTINUOUS
10
1.4168079527559054
20
1.4506351968503937
11
1.415
21
1.450275590551181
0
LINE
8
BLACK
6
CONTINUOUS
10
1.415
20
1.450275590551181
11
1.355
21
1.450275590551181
0
LINE
8
BLACK
6
CONTINUOUS
10
1.355
20
1.450275590551181
11
1.3531920472440944
21
1.4506351968503937
0
LINE
8
BLACK
6
CONTINUOUS
10
1.3531920472440944
20
1.4506351968503937
11
1.3516593307086613
21
1.4516593307086614
0
LINE
8
BLACK
6
CONTINUOUS
10
1.3516593307086613
20
1.4516593307086614
11
1.3506351968503936
21
1.4531920472440945
0
LINE
8
BLACK
6
CONTINUOUS
10
1.3506351968503936
20
1.4531920472440945
11
1.3502755905511812
21
1.4550000000000001
0
LINE
8
BLACK
6
CONTINUOUS
10
1.3502755905511812
20
1.4550000000000001
11
1.3502755905511812
21
1.5149999999999999
0
LINE
8
BLACK
6
CONTINUOUS
10
1.3502755905511812
20
1.5149999999999999
11
1.3506351968503936
21
1.5168079527559055
0
LINE
8
BLACK
6
CONTINUOUS
10
1.3506351968503936
20
1.5168079527559055
11
1.3516593307086613
21
1.5183406692913386
0
LINE
8
BLACK
6
CONTINUOUS
10
1.3516593307086613
20
1.5183406692913386
11
1.3531920472440944
21
1.5193648031496063
0
LINE
8
BLACK
6
CONTINUOUS
10
1.3531920472440944
20
1.5193648031496063
11
1.355
21
1.5197244094488189
0
LINE
8
BLACK
6
CONTINUOUS
10
1.355
20
1.5197244094488189
11
1.415
21
1.5197244094488189
0
LINE
8
BLACK
6
CONTINUOUS
10
1.415
20
1.5197244094488189
11
1.4168079527559054
21
1.5193648031496063
0
LINE
8
BLACK
6
CONTINUOUS
10
1.5168079527559055
20
1.5193648031496063
11
1.5183406692913386
21
1.5183406692913386
0
LINE
8
BLACK
6
CONTINUOUS
10
1.5183406692913386
20
1.5183406692913386
11
1.5193648031496063
21
1.5168079527559055
0
LINE
8
BLACK
6
CONTINUOUS
10
1.5193648031496063
20
1.5168079527559055
11
1.5197244094488189
21
1.5149999999999999
0
LINE
8
BLACK
6
CONTINUOUS
10
1.5197244094488189
20
1.5149999999999999
11
1.5197244094488189
21
1.4550000000000001
0
LINE
8
BLACK
6
CONTINUOUS
10
1.5197244094488189
20
1.4550000000000001
11
1.5193648031496063
21
1.4531920472440945
0
LINE
8
BLACK
6
CONTINUOUS
10
1.5193648031496063
20
1.4531920472440945
11
1.5183406692913386
21
1.4516593307086614
0
LINE
8
BLACK
6
CONTINUOUS
10
1.5183406692913386
20
1.4516593307086614
11
1.5168079527559055
21
1.4506351968503937
0
LINE
8
BLACK
6
CONTINUOUS
10
1.5168079527559055
20
1.4506351968503937
11
1.5149999999999999
21
1.450275590551181
0
LINE
8
BLACK
6
CONTINUOUS
10
1.5149999999999999
20
1.450275590551181
11
1.4550000000000001
21
1.450275590551181
0
LINE
8
BLACK
6
CONTINUOUS
10
1.4550000000000001
20
1.450275590551181
11
1.4531920472440945
21
1.4506351968503937
0
LINE
8
BLACK
6
CONTINUOUS
10
1.4531920472440945
20
1.4506351968503937
11
1.4516593307086614
21
1.4516593307086614
0
LINE
8
BLACK
6
CONTINUOUS
10
1.4516593307086614
20
1.4516593307086614
11
1.4506351968503937
21
1.4531920472440945
0
LINE
8
BLACK
6
CONTINUOUS
10
1.4506351968503937
20
1.4531920472440945
11
1.450275590551181
21
1.4550000000000001
0
LINE
8
BLACK
6
CONTINUOUS
10
1.450275590551181
20
1.4550000000000001
11
1.450275590551181
21
1.5149999999999999
0
LINE
8
BLACK
6
CONTINUOUS
10
1.450275590551181
20
1.5149999999999999
11
1.4506351968503937
21
1.5168079527559055
0
LINE
8
BLACK
6
CONTINUOUS
10
1.4506351968503937
20
1.5168079527559055
11
1.4516593307086614
21
1.5183406692913386
0
LINE
8
BLACK
6
CONTINUOUS
10
1.4516593307086614
20
1.5183406692913386
11
1.4531920472440945
21
1.5193648031496063
0
LINE
8
BLACK
6
CONTINUOUS
10
1.4531920472440945
20
1.5193648031496063
11
1.4550000000000001
21
1.5197244094488189
0
LINE
8
BLACK
6
CONTINUOUS
10
1.4550000000000001
20
1.5197244094488189
11
1.5149999999999999
21
1.5197244094488189
0
LINE
8
BLACK
6
CONTINUOUS
10
1.5149999999999999
20
1.5197244094488189
11
1.5168079527559055
21
1.5193648031496063
0
LINE
8
BLACK
6
CONTINUOUS
10
0.1793079527559055
20
1.5268648031496062
11
0.1808406692913386
21
1.5258406692913387
0
LINE
8
BLACK
6
CONTINUOUS
10
0.1808406692913386
20
1.5258406692913387
11
0.1818648031496063
21
1.5243079527559056
0
LINE
8
BLACK
6
CONTINUOUS
10
0.1818648031496063
20
1.5243079527559056
11
0.1822244094488189
21
1.5225
0
LINE
8
BLACK
6
CONTINUOUS
10
0.1822244094488189
20
1.5225
11
0.1822244094488189
21
1.4624999999999999
0
LINE
8
BLACK
6
CONTINUOUS
10
0.1822244094488189
20
1.4624999999999999
11
0.1818648031496063
21
1.4606920472440945
0
LINE
8
BLACK
6
CONTINUOUS
10
0.1818648031496063
20
1.4606920472440945
11
0.1808406692913386
21
1.4591593307086614
0
LINE
8
BLACK
6
CONTINUOUS
10
0.1808406692913386
20
1.4591593307086614
11
0.1793079527559055
21
1.4581351968503937
0
LINE
8
BLACK
6
CONTINUOUS
10
0.1793079527559055
20
1.4581351968503937
11
0.1775
21
1.4577755905511811
0
LINE
8
BLACK
6
CONTINUOUS
10
0.1775
20
1.4577755905511811
11
0.1175
21
1.4577755905511811
0
LINE
8
BLACK
6
CONTINUOUS
10
0.1175
20
1.4577755905511811
11
0.1156920472440945
21
1.4581351968503937
0
LINE
8
BLACK
6
CONTINUOUS
10
0.1156920472440945
20
1.4581351968503937
11
0.1141593307086614
21
1.4591593307086614
0
LINE
8
BLACK
6
CONTINUOUS
10
0.1141593307086614
20
1.4591593307086614
11
0.1131351968503937
21
1.4606920472440945
0
LINE
8
BLACK
6
CONTINUOUS
10
0.1131351968503937
20
1.4606920472440945
11
0.1127755905511811
21
1.4624999999999999
0
LINE
8
BLACK
6
CONTINUOUS
10
0.1127755905511811
20
1.4624999999999999
11
0.1127755905511811
21
1.5225
0
LINE
8
BLACK
6
CONTINUOUS
10
0.1127755905511811
20
1.5225
11
0.1131351968503937
21
1.5243079527559056
0
LINE
8
BLACK
6
CONTINUOUS
10
0.1131351968503937
20
1.5243079527559056
11
0.1141593307086614
21
1.5258406692913387
0
LINE
8
BLACK
6
CONTINUOUS
10
0.1141593307086614
20
1.5258406692913387
11
0.1156920472440945
21
1.5268648031496062
0
LINE
8
BLACK
6
CONTINUOUS
10
0.1156920472440945
20
1.5268648031496062
11
0.1175
21
1.5272244094488188
0
LINE
8
BLACK
6
CONTINUOUS
10
0.1175
20
1.5272244094488188
11
0.1775
21
1.5272244094488188
0
LINE
8
BLACK
6
CONTINUOUS
10
0.1775
20
1.5272244094488188
11
0.1793079527559055
21
1.5268648031496062
0
LINE
8
BLACK
6
CONTINUOUS
10
0.2793079527559055
20
1.5268648031496062
11
0.2808406692913386
21
1.5258406692913387
0
LINE
8
BLACK
6
CONTINUOUS
10
0.2808406692913386
20
1.5258406692913387
11
0.2818648031496063
21
1.5243079527559056
0
LINE
8
BLACK
6
CONTINUOUS
10
0.2818648031496063
20
1.5243079527559056
11
0.2822244094488189
21
1.5225
0
LINE
8
BLACK
6
CONTINUOUS
10
0.2822244094488189
20
1.5225
11
0.2822244094488189
21
1.4624999999999999
0
LINE
8
BLACK
6
CONTINUOUS
10
0.2822244094488189
20
1.4624999999999999
11
0.2818648031496063
21
1.4606920472440945
0
LINE
8
BLACK
6
CONTINUOUS
10
0.2818648031496063
20
1.4606920472440945
11
0.2808406692913386
21
1.4591593307086614
0
LINE
8
BLACK
6
CONTINUOUS
10
0.2808406692913386
20
1.4591593307086614
11
0.2793079527559055
21
1.4581351968503937
0
LINE
8
BLACK
6
CONTINUOUS
10
0.2793079527559055
20
1.4581351968503937
11
0.2775
21
1.4577755905511811
0
LINE
8
BLACK
6
CONTINUOUS
10
0.2775
20
1.4577755905511811
11
0.2175
21
1.4577755905511811
0
LINE
8
BLACK
6
CONTINUOUS
10
0.2175
20
1.4577755905511811
11
0.2156920472440945
21
1.4581351968503937
0
LINE
8
BLACK
6
CONTINUOUS
10
0.2156920472440945
20
1.4581351968503937
11
0.2141593307086614
21
1.4591593307086614
0
LINE
8
BLACK
6
CONTINUOUS
10
0.2141593307086614
20
1.4591593307086614
11
0.2131351968503937
21
1.4606920472440945
0
LINE
8
BLACK
6
CONTINUOUS
10
0.2131351968503937
20
1.4606920472440945
11
0.2127755905511811
21
1.4624999999999999
0
LINE
8
BLACK
6
CONTINUOUS
10
0.2127755905511811
20
1.4624999999999999
11
0.2127755905511811
21
1.5225
0
LINE
8
BLACK
6
CONTINUOUS
10
0.2127755905511811
20
1.5225
11
0.2131351968503937
21
1.5243079527559056
0
LINE
8
BLACK
6
CONTINUOUS
10
0.2131351968503937
20
1.5243079527559056
11
0.2141593307086614
21
1.5258406692913387
0
LINE
8
BLACK
6
CONTINUOUS
10
0.2141593307086614
20
1.5258406692913387
11
0.2156920472440945
21
1.5268648031496062
0
LINE
8
BLACK
6
CONTINUOUS
10
0.2156920472440945
20
1.5268648031496062
11
0.2175
21
1.5272244094488188
0
LINE
8
BLACK
6
CONTINUOUS
10
0.2175
20
1.5272244094488188
11
0.2775
21
1.5272244094488188
0
LINE
8
BLACK
6
CONTINUOUS
10
0.2775
20
1.5272244094488188
11
0.2793079527559055
21
1.5268648031496062
0
LINE
8
BLACK
6
CONTINUOUS
10
1.1618079527559055
20
1.5693648031496064
11
1.1633406692913386
21
1.5683406692913386
0
LINE
8
BLACK
6
CONTINUOUS
10
1.1633406692913386
20
1.5683406692913386
11
1.1643648031496063
21
1.5668079527559056
0
LINE
8
BLACK
6
CONTINUOUS
10
1.1643648031496063
20
1.5668079527559056
11
1.1647244094488189
21
1.5649999999999999
0
LINE
8
BLACK
6
CONTINUOUS
10
1.1647244094488189
20
1.5649999999999999
11
1.1647244094488189
21
1.5049999999999999
0
LINE
8
BLACK
6
CONTINUOUS
10
1.1647244094488189
20
1.5049999999999999
11
1.1643648031496063
21
1.5031920472440945
0
LINE
8
BLACK
6
CONTINUOUS
10
1.1643648031496063
20
1.5031920472440945
11
1.1633406692913386
21
1.5016593307086614
0
LINE
8
BLACK
6
CONTINUOUS
10
1.1633406692913386
20
1.5016593307086614
11
1.1618079527559055
21
1.5006351968503937
0
LINE
8
BLACK
6
CONTINUOUS
10
1.1618079527559055
20
1.5006351968503937
11
1.1599999999999999
21
1.5002755905511811
0
LINE
8
BLACK
6
CONTINUOUS
10
1.1599999999999999
20
1.5002755905511811
11
1.0999999999999999
21
1.5002755905511811
0
LINE
8
BLACK
6
CONTINUOUS
10
1.0999999999999999
20
1.5002755905511811
11
1.0981920472440945
21
1.5006351968503937
0
LINE
8
BLACK
6
CONTINUOUS
10
1.0981920472440945
20
1.5006351968503937
11
1.0966593307086614
21
1.5016593307086614
0
LINE
8
BLACK
6
CONTINUOUS
10
1.0966593307086614
20
1.5016593307086614
11
1.0956351968503937
21
1.5031920472440945
0
LINE
8
BLACK
6
CONTINUOUS
10
1.0956351968503937
20
1.5031920472440945
11
1.0952755905511811
21
1.5049999999999999
0
LINE
8
BLACK
6
CONTINUOUS
10
1.0952755905511811
20
1.5049999999999999
11
1.0952755905511811
21
1.5649999999999999
0
LINE
8
BLACK
6
CONTINUOUS
10
1.0952755905511811
20
1.5649999999999999
11
1.0956351968503937
21
1.5668079527559056
0
LINE
8
BLACK
6
CONTINUOUS
10
1.0956351968503937
20
1.5668079527559056
11
1.0966593307086614
21
1.5683406692913386
0
LINE
8
BLACK
6
CONTINUOUS
10
1.0966593307086614
20
1.5683406692913386
11
1.0981920472440945
21
1.5693648031496064
0
LINE
8
BLACK
6
CONTINUOUS
10
1.0981920472440945
20
1.5693648031496064
11
1.0999999999999999
21
1.569724409448819
0
LINE
8
BLACK
6
CONTINUOUS
10
1.0999999999999999
20
1.569724409448819
11
1.1599999999999999
21
1.569724409448819
0
LINE
8
BLACK
6
CONTINUOUS
10
1.1599999999999999
20
1.569724409448819
11
1.1618079527559055
21
1.5693648031496064
0
LINE
8
BLACK
6
CONTINUOUS
10
0.5218079527559055
20
1.5943648031496063
11
0.5233406692913386
21
1.5933406692913386
0
LINE
8
BLACK
6
CONTINUOUS
10
0.5233406692913386
20
1.5933406692913386
11
0.5243648031496063
21
1.5918079527559055
0
LINE
8
BLACK
6
CONTINUOUS
10
0.5243648031496063
20
1.5918079527559055
11
0.5247244094488189
21
1.5899999999999999
0
LINE
8
BLACK
6
CONTINUOUS
10
0.5247244094488189
20
1.5899999999999999
11
0.5247244094488189
21
1.53
0
LINE
8
BLACK
6
CONTINUOUS
10
0.5247244094488189
20
1.53
11
0.5243648031496063
21
1.5281920472440944
0
LINE
8
BLACK
6
CONTINUOUS
10
0.5243648031496063
20
1.5281920472440944
11
0.5233406692913386
21
1.5266593307086613
0
LINE
8
BLACK
6
CONTINUOUS
10
0.5233406692913386
20
1.5266593307086613
11
0.5218079527559055
21
1.5256351968503936
0
LINE
8
BLACK
6
CONTINUOUS
10
0.5218079527559055
20
1.5256351968503936
11
0.52
21
1.525275590551181
0
LINE
8
BLACK
6
CONTINUOUS
10
0.52
20
1.525275590551181
11
0.46
21
1.525275590551181
0
LINE
8
BLACK
6
CONTINUOUS
10
0.46
20
1.525275590551181
11
0.4581920472440945
21
1.5256351968503936
0
LINE
8
BLACK
6
CONTINUOUS
10
0.4581920472440945
20
1.5256351968503936
11
0.4566593307086614
21
1.5266593307086613
0
LINE
8
BLACK
6
CONTINUOUS
10
0.4566593307086614
20
1.5266593307086613
11
0.4556351968503937
21
1.5281920472440944
0
LINE
8
BLACK
6
CONTINUOUS
10
0.4556351968503937
20
1.5281920472440944
11
0.4552755905511811
21
1.53
0
LINE
8
BLACK
6
CONTINUOUS
10
0.4552755905511811
20
1.53
11
0.4552755905511811
21
1.5899999999999999
0
LINE
8
BLACK
6
CONTINUOUS
10
0.4552755905511811
20
1.5899999999999999
11
0.4556351968503937
21
1.5918079527559055
0
LINE
8
BLACK
6
CONTINUOUS
10
0.4556351968503937
20
1.5918079527559055
11
0.4566593307086614
21
1.5933406692913386
0
LINE
8
BLACK
6
CONTINUOUS
10
0.4566593307086614
20
1.5933406692913386
11
0.4581920472440945
21
1.5943648031496063
0
LINE
8
BLACK
6
CONTINUOUS
10
0.4581920472440945
20
1.5943648031496063
11
0.46
21
1.5947244094488189
0
LINE
8
BLACK
6
CONTINUOUS
10
0.46
20
1.5947244094488189
11
0.52
21
1.5947244094488189
0
LINE
8
BLACK
6
CONTINUOUS
10
0.52
20
1.5947244094488189
11
0.5218079527559055
21
1.5943648031496063
0
LINE
8
BLACK
6
CONTINUOUS
10
0.6218079527559055
20
1.5943648031496063
11
0.6233406692913386
21
1.5933406692913386
0
LINE
8
BLACK
6
CONTINUOUS
10
0.6233406692913386
20
1.5933406692913386
11
0.6243648031496063
21
1.5918079527559055
0
LINE
8
BLACK
6
CONTINUOUS
10
0.6243648031496063
20
1.5918079527559055
11
0.6247244094488189
21
1.5899999999999999
0
LINE
8
BLACK
6
CONTINUOUS
10
0.6247244094488189
20
1.5899999999999999
11
0.6247244094488189
21
1.53
0
LINE
8
BLACK
6
CONTINUOUS
10
0.6247244094488189
20
1.53
11
0.6243648031496063
21
1.5281920472440944
0
LINE
8
BLACK
6
CONTINUOUS
10
0.6243648031496063
20
1.5281920472440944
11
0.6233406692913386
21
1.5266593307086613
0
LINE
8
BLACK
6
CONTINUOUS
10
0.6233406692913386
20
1.5266593307086613
11
0.6218079527559055
21
1.5256351968503936
0
LINE
8
BLACK
6
CONTINUOUS
10
0.6218079527559055
20
1.5256351968503936
11
0.62
21
1.525275590551181
0
LINE
8
BLACK
6
CONTINUOUS
10
0.62
20
1.525275590551181
11
0.5599999999999999
21
1.525275590551181
0
LINE
8
BLACK
6
CONTINUOUS
10
0.5599999999999999
20
1.525275590551181
11
0.5581920472440944
21
1.5256351968503936
0
LINE
8
BLACK
6
CONTINUOUS
10
0.5581920472440944
20
1.5256351968503936
11
0.5566593307086614
21
1.5266593307086613
0
LINE
8
BLACK
6
CONTINUOUS
10
0.5566593307086614
20
1.5266593307086613
11
0.5556351968503936
21
1.5281920472440944
0
LINE
8
BLACK
6
CONTINUOUS
10
0.5556351968503936
20
1.5281920472440944
11
0.5552755905511811
21
1.53
0
LINE
8
BLACK
6
CONTINUOUS
10
0.5552755905511811
20
1.53
11
0.5552755905511811
21
1.5899999999999999
0
LINE
8
BLACK
6
CONTINUOUS
10
0.5552755905511811
20
1.5899999999999999
11
0.5556351968503936
21
1.5918079527559055
0
LINE
8
BLACK
6
CONTINUOUS
10
0.5556351968503936
20
1.5918079527559055
11
0.5566593307086614
21
1.5933406692913386
0
LINE
8
BLACK
6
CONTINUOUS
10
0.5566593307086614
20
1.5933406692913386
11
0.5581920472440944
21
1.5943648031496063
0
LINE
8
BLACK
6
CONTINUOUS
10
0.5581920472440944
20
1.5943648031496063
11
0.5599999999999999
21
1.5947244094488189
0
LINE
8
BLACK
6
CONTINUOUS
10
0.5599999999999999
20
1.5947244094488189
11
0.62
21
1.5947244094488189
0
LINE
8
BLACK
6
CONTINUOUS
10
0.62
20
1.5947244094488189
11
0.6218079527559055
21
1.5943648031496063
0
LINE
8
BLACK
6
CONTINUOUS
10
1.4168079527559054
20
1.6193648031496062
11
1.4183406692913385
21
1.6183406692913385
0
LINE
8
BLACK
6
CONTINUOUS
10
1.4183406692913385
20
1.6183406692913385
11
1.4193648031496062
21
1.6168079527559054
0
LINE
8
BLACK
6
CONTINUOUS
10
1.4193648031496062
20
1.6168079527559054
11
1.4197244094488188
21
1.615
0
LINE
8
BLACK
6
CONTINUOUS
10
1.4197244094488188
20
1.615
11
1.4197244094488188
21
1.5549999999999999
0
LINE
8
BLACK
6
CONTINUOUS
10
1.4197244094488188
20
1.5549999999999999
11
1.4193648031496062
21
1.5531920472440945
0
LINE
8
BLACK
6
CONTINUOUS
10
1.4193648031496062
20
1.5531920472440945
11
1.4183406692913385
21
1.5516593307086615
0
LINE
8
BLACK
6
CONTINUOUS
10
1.4183406692913385
20
1.5516593307086615
11
1.4168079527559054
21
1.5506351968503937
0
LINE
8
BLACK
6
CONTINUOUS
10
1.4168079527559054
20
1.5506351968503937
11
1.415
21
1.5502755905511811
0
LINE
8
BLACK
6
CONTINUOUS
10
1.415
20
1.5502755905511811
11
1.355
21
1.5502755905511811
0
LINE
8
BLACK
6
CONTINUOUS
10
1.355
20
1.5502755905511811
11
1.3531920472440944
21
1.5506351968503937
0
LINE
8
BLACK
6
CONTINUOUS
10
1.3531920472440944
20
1.5506351968503937
11
1.3516593307086613
21
1.5516593307086615
0
LINE
8
BLACK
6
CONTINUOUS
10
1.3516593307086613
20
1.5516593307086615
11
1.3506351968503936
21
1.5531920472440945
0
LINE
8
BLACK
6
CONTINUOUS
10
1.3506351968503936
20
1.5531920472440945
11
1.3502755905511812
21
1.5549999999999999
0
LINE
8
BLACK
6
CONTINUOUS
10
1.3502755905511812
20
1.5549999999999999
11
1.3502755905511812
21
1.615
0
LINE
8
BLACK
6
CONTINUOUS
10
1.3502755905511812
20
1.615
11
1.3506351968503936
21
1.6168079527559054
0
LINE
8
BLACK
6
CONTINUOUS
10
1.3506351968503936
20
1.6168079527559054
11
1.3516593307086613
21
1.6183406692913385
0
LINE
8
BLACK
6
CONTINUOUS
10
1.3516593307086613
20
1.6183406692913385
11
1.3531920472440944
21
1.6193648031496062
0
LINE
8
BLACK
6
CONTINUOUS
10
1.3531920472440944
20
1.6193648031496062
11
1.355
21
1.6197244094488188
0
LINE
8
BLACK
6
CONTINUOUS
10
1.355
20
1.6197244094488188
11
1.415
21
1.6197244094488188
0
LINE
8
BLACK
6
CONTINUOUS
10
1.415
20
1.6197244094488188
11
1.4168079527559054
21
1.6193648031496062
0
LINE
8
BLACK
6
CONTINUOUS
10
1.5168079527559055
20
1.6193648031496062
11
1.5183406692913386
21
1.6183406692913385
0
LINE
8
BLACK
6
CONTINUOUS
10
1.5183406692913386
20
1.6183406692913385
11
1.5193648031496063
21
1.6168079527559054
0
LINE
8
BLACK
6
CONTINUOUS
10
1.5193648031496063
20
1.6168079527559054
11
1.5197244094488189
21
1.615
0
LINE
8
BLACK
6
CONTINUOUS
10
1.5197244094488189
20
1.615
11
1.5197244094488189
21
1.5549999999999999
0
LINE
8
BLACK
6
CONTINUOUS
10
1.5197244094488189
20
1.5549999999999999
11
1.5193648031496063
21
1.5531920472440945
0
LINE
8
BLACK
6
CONTINUOUS
10
1.5193648031496063
20
1.5531920472440945
11
1.5183406692913386
21
1.5516593307086615
0
LINE
8
BLACK
6
CONTINUOUS
10
1.5183406692913386
20
1.5516593307086615
11
1.5168079527559055
21
1.5506351968503937
0
LINE
8
BLACK
6
CONTINUOUS
10
1.5168079527559055
20
1.5506351968503937
11
1.5149999999999999
21
1.5502755905511811
0
LINE
8
BLACK
6
CONTINUOUS
10
1.5149999999999999
20
1.5502755905511811
11
1.4550000000000001
21
1.5502755905511811
0
LINE
8
BLACK
6
CONTINUOUS
10
1.4550000000000001
20
1.5502755905511811
11
1.4531920472440945
21
1.5506351968503937
0
LINE
8
BLACK
6
CONTINUOUS
10
1.4531920472440945
20
1.5506351968503937
11
1.4516593307086614
21
1.5516593307086615
0
LINE
8
BLACK
6
CONTINUOUS
10
1.4516593307086614
20
1.5516593307086615
11
1.4506351968503937
21
1.5531920472440945
0
LINE
8
BLACK
6
CONTINUOUS
10
1.4506351968503937
20
1.5531920472440945
11
1.450275590551181
21
1.5549999999999999
0
LINE
8
BLACK
6
CONTINUOUS
10
1.450275590551181
20
1.5549999999999999
11
1.450275590551181
21
1.615
0
LINE
8
BLACK
6
CONTINUOUS
10
1.450275590551181
20
1.615
11
1.4506351968503937
21
1.6168079527559054
0
LINE
8
BLACK
6
CONTINUOUS
10
1.4506351968503937
20
1.6168079527559054
11
1.4516593307086614
21
1.6183406692913385
0
LINE
8
BLACK
6
CONTINUOUS
10
1.4516593307086614
20
1.6183406692913385
11
1.4531920472440945
21
1.6193648031496062
0
LINE
8
BLACK
6
CONTINUOUS
10
1.4531920472440945
20
1.6193648031496062
11
1.4550000000000001
21
1.6197244094488188
0
LINE
8
BLACK
6
CONTINUOUS
10
1.4550000000000001
20
1.6197244094488188
11
1.5149999999999999
21
1.6197244094488188
0
LINE
8
BLACK
6
CONTINUOUS
10
1.5149999999999999
20
1.6197244094488188
11
1.5168079527559055
21
1.6193648031496062
0
LINE
8
BLACK
6
CONTINUOUS
10
0.1798079527559055
20
1.6263648031496063
11
0.1813406692913386
21
1.6253406692913386
0
LINE
8
BLACK
6
CONTINUOUS
10
0.1813406692913386
20
1.6253406692913386
11
0.1823648031496063
21
1.6238079527559055
0
LINE
8
BLACK
6
CONTINUOUS
10
0.1823648031496063
20
1.6238079527559055
11
0.1827244094488189
21
1.6219999999999999
0
LINE
8
BLACK
6
CONTINUOUS
10
0.1827244094488189
20
1.6219999999999999
11
0.1827244094488189
21
1.5620000000000001
0
LINE
8
BLACK
6
CONTINUOUS
10
0.1827244094488189
20
1.5620000000000001
11
0.1823648031496063
21
1.5601920472440944
0
LINE
8
BLACK
6
CONTINUOUS
10
0.1823648031496063
20
1.5601920472440944
11
0.1813406692913386
21
1.5586593307086614
0
LINE
8
BLACK
6
CONTINUOUS
10
0.1813406692913386
20
1.5586593307086614
11
0.1798079527559055
21
1.5576351968503936
0
LINE
8
BLACK
6
CONTINUOUS
10
0.1798079527559055
20
1.5576351968503936
11
0.178
21
1.557275590551181
0
LINE
8
BLACK
6
CONTINUOUS
10
0.178
20
1.557275590551181
11
0.118
21
1.557275590551181
0
LINE
8
BLACK
6
CONTINUOUS
10
0.118
20
1.557275590551181
11
0.1161920472440945
21
1.5576351968503936
0
LINE
8
BLACK
6
CONTINUOUS
10
0.1161920472440945
20
1.5576351968503936
11
0.1146593307086614
21
1.5586593307086614
0
LINE
8
BLACK
6
CONTINUOUS
10
0.1146593307086614
20
1.5586593307086614
11
0.1136351968503937
21
1.5601920472440944
0
LINE
8
BLACK
6
CONTINUOUS
10
0.1136351968503937
20
1.5601920472440944
11
0.1132755905511811
21
1.5620000000000001
0
LINE
8
BLACK
6
CONTINUOUS
10
0.1132755905511811
20
1.5620000000000001
11
0.1132755905511811
21
1.6219999999999999
0
LINE
8
BLACK
6
CONTINUOUS
10
0.1132755905511811
20
1.6219999999999999
11
0.1136351968503937
21
1.6238079527559055
0
LINE
8
BLACK
6
CONTINUOUS
10
0.1136351968503937
20
1.6238079527559055
11
0.1146593307086614
21
1.6253406692913386
0
LINE
8
BLACK
6
CONTINUOUS
10
0.1146593307086614
20
1.6253406692913386
11
0.1161920472440945
21
1.6263648031496063
0
LINE
8
BLACK
6
CONTINUOUS
10
0.1161920472440945
20
1.6263648031496063
11
0.118
21
1.6267244094488189
0
LINE
8
BLACK
6
CONTINUOUS
10
0.118
20
1.6267244094488189
11
0.178
21
1.6267244094488189
0
LINE
8
BLACK
6
CONTINUOUS
10
0.178
20
1.6267244094488189
11
0.1798079527559055
21
1.6263648031496063
0
LINE
8
BLACK
6
CONTINUOUS
10
0.2798079527559055
20
1.6263648031496063
11
0.2813406692913386
21
1.6253406692913386
0
LINE
8
BLACK
6
CONTINUOUS
10
0.2813406692913386
20
1.6253406692913386
11
0.2823648031496063
21
1.6238079527559055
0
LINE
8
BLACK
6
CONTINUOUS
10
0.2823648031496063
20
1.6238079527559055
11
0.2827244094488189
21
1.6219999999999999
0
LINE
8
BLACK
6
CONTINUOUS
10
0.2827244094488189
20
1.6219999999999999
11
0.2827244094488189
21
1.5620000000000001
0
LINE
8
BLACK
6
CONTINUOUS
10
0.2827244094488189
20
1.5620000000000001
11
0.2823648031496063
21
1.5601920472440944
0
LINE
8
BLACK
6
CONTINUOUS
10
0.2823648031496063
20
1.5601920472440944
11
0.2813406692913386
21
1.5586593307086614
0
LINE
8
BLACK
6
CONTINUOUS
10
0.2813406692913386
20
1.5586593307086614
11
0.2798079527559055
21
1.5576351968503936
0
LINE
8
BLACK
6
CONTINUOUS
10
0.2798079527559055
20
1.5576351968503936
11
0.278
21
1.557275590551181
0
LINE
8
BLACK
6
CONTINUOUS
10
0.278
20
1.557275590551181
11
0.218
21
1.557275590551181
0
LINE
8
BLACK
6
CONTINUOUS
10
0.218
20
1.557275590551181
11
0.2161920472440945
21
1.5576351968503936
0
LINE
8
BLACK
6
CONTINUOUS
10
0.2161920472440945
20
1.5576351968503936
11
0.2146593307086614
21
1.5586593307086614
0
LINE
8
BLACK
6
CONTINUOUS
10
0.2146593307086614
20
1.5586593307086614
11
0.2136351968503937
21
1.5601920472440944
0
LINE
8
BLACK
6
CONTINUOUS
10
0.2136351968503937
20
1.5601920472440944
11
0.2132755905511811
21
1.5620000000000001
0
LINE
8
BLACK
6
CONTINUOUS
10
0.2132755905511811
20
1.5620000000000001
11
0.2132755905511811
21
1.6219999999999999
0
LINE
8
BLACK
6
CONTINUOUS
10
0.2132755905511811
20
1.6219999999999999
11
0.2136351968503937
21
1.6238079527559055
0
LINE
8
BLACK
6
CONTINUOUS
10
0.2136351968503937
20
1.6238079527559055
11
0.2146593307086614
21
1.6253406692913386
0
LINE
8
BLACK
6
CONTINUOUS
10
0.2146593307086614
20
1.6253406692913386
11
0.2161920472440945
21
1.6263648031496063
0
LINE
8
BLACK
6
CONTINUOUS
10
0.2161920472440945
20
1.6263648031496063
11
0.218
21
1.6267244094488189
0
LINE
8
BLACK
6
CONTINUOUS
10
0.218
20
1.6267244094488189
11
0.278
21
1.6267244094488189
0
LINE
8
BLACK
6
CONTINUOUS
10
0.278
20
1.6267244094488189
11
0.2798079527559055
21
1.6263648031496063
0
LINE
8
BLACK
6
CONTINUOUS
10
0.5218079527559055
20
1.6943648031496064
11
0.5233406692913386
21
1.6933406692913386
0
LINE
8
BLACK
6
CONTINUOUS
10
0.5233406692913386
20
1.6933406692913386
11
0.5243648031496063
21
1.6918079527559056
0
LINE
8
BLACK
6
CONTINUOUS
10
0.5243648031496063
20
1.6918079527559056
11
0.5247244094488189
21
1.6899999999999999
0
LINE
8
BLACK
6
CONTINUOUS
10
0.5247244094488189
20
1.6899999999999999
11
0.5247244094488189
21
1.6299999999999999
0
LINE
8
BLACK
6
CONTINUOUS
10
0.5247244094488189
20
1.6299999999999999
11
0.5243648031496063
21
1.6281920472440945
0
LINE
8
BLACK
6
CONTINUOUS
10
0.5243648031496063
20
1.6281920472440945
11
0.5233406692913386
21
1.6266593307086614
0
LINE
8
BLACK
6
CONTINUOUS
10
0.5233406692913386
20
1.6266593307086614
11
0.5218079527559055
21
1.6256351968503937
0
LINE
8
BLACK
6
CONTINUOUS
10
0.5218079527559055
20
1.6256351968503937
11
0.52
21
1.6252755905511811
0
LINE
8
BLACK
6
CONTINUOUS
10
0.52
20
1.6252755905511811
11
0.46
21
1.6252755905511811
0
LINE
8
BLACK
6
CONTINUOUS
10
0.46
20
1.6252755905511811
11
0.4581920472440945
21
1.6256351968503937
0
LINE
8
BLACK
6
CONTINUOUS
10
0.4581920472440945
20
1.6256351968503937
11
0.4566593307086614
21
1.6266593307086614
0
LINE
8
BLACK
6
CONTINUOUS
10
0.4566593307086614
20
1.6266593307086614
11
0.4556351968503937
21
1.6281920472440945
0
LINE
8
BLACK
6
CONTINUOUS
10
0.4556351968503937
20
1.6281920472440945
11
0.4552755905511811
21
1.6299999999999999
0
LINE
8
BLACK
6
CONTINUOUS
10
0.4552755905511811
20
1.6299999999999999
11
0.4552755905511811
21
1.6899999999999999
0
LINE
8
BLACK
6
CONTINUOUS
10
0.4552755905511811
20
1.6899999999999999
11
0.4556351968503937
21
1.6918079527559056
0
LINE
8
BLACK
6
CONTINUOUS
10
0.4556351968503937
20
1.6918079527559056
11
0.4566593307086614
21
1.6933406692913386
0
LINE
8
BLACK
6
CONTINUOUS
10
0.4566593307086614
20
1.6933406692913386
11
0.4581920472440945
21
1.6943648031496064
0
LINE
8
BLACK
6
CONTINUOUS
10
0.4581920472440945
20
1.6943648031496064
11
0.46
21
1.694724409448819
0
LINE
8
BLACK
6
CONTINUOUS
10
0.46
20
1.694724409448819
11
0.52
21
1.694724409448819
0
LINE
8
BLACK
6
CONTINUOUS
10
0.52
20
1.694724409448819
11
0.5218079527559055
21
1.6943648031496064
0
LINE
8
BLACK
6
CONTINUOUS
10
0.6218079527559055
20
1.6943648031496064
11
0.6233406692913386
21
1.6933406692913386
0
LINE
8
BLACK
6
CONTINUOUS
10
0.6233406692913386
20
1.6933406692913386
11
0.6243648031496063
21
1.6918079527559056
0
LINE
8
BLACK
6
CONTINUOUS
10
0.6243648031496063
20
1.6918079527559056
11
0.6247244094488189
21
1.6899999999999999
0
LINE
8
BLACK
6
CONTINUOUS
10
0.6247244094488189
20
1.6899999999999999
11
0.6247244094488189
21
1.6299999999999999
0
LINE
8
BLACK
6
CONTINUOUS
10
0.6247244094488189
20
1.6299999999999999
11
0.6243648031496063
21
1.6281920472440945
0
LINE
8
BLACK
6
CONTINUOUS
10
0.6243648031496063
20
1.6281920472440945
11
0.6233406692913386
21
1.6266593307086614
0
LINE
8
BLACK
6
CONTINUOUS
10
0.6233406692913386
20
1.6266593307086614
11
0.6218079527559055
21
1.6256351968503937
0
LINE
8
BLACK
6
CONTINUOUS
10
0.6218079527559055
20
1.6256351968503937
11
0.62
21
1.6252755905511811
0
LINE
8
BLACK
6
CONTINUOUS
10
0.62
20
1.6252755905511811
11
0.5599999999999999
21
1.6252755905511811
0
LINE
8
BLACK
6
CONTINUOUS
10
0.5599999999999999
20
1.6252755905511811
11
0.5581920472440944
21
1.6256351968503937
0
LINE
8
BLACK
6
CONTINUOUS
10
0.5581920472440944
20
1.6256351968503937
11
0.5566593307086614
21
1.6266593307086614
0
LINE
8
BLACK
6
CONTINUOUS
10
0.5566593307086614
20
1.6266593307086614
11
0.5556351968503936
21
1.6281920472440945
0
LINE
8
BLACK
6
CONTINUOUS
10
0.5556351968503936
20
1.6281920472440945
11
0.5552755905511811
21
1.6299999999999999
0
LINE
8
BLACK
6
CONTINUOUS
10
0.5552755905511811
20
1.6299999999999999
11
0.5552755905511811
21
1.6899999999999999
0
LINE
8
BLACK
6
CONTINUOUS
10
0.5552755905511811
20
1.6899999999999999
11
0.5556351968503936
21
1.6918079527559056
0
LINE
8
BLACK
6
CONTINUOUS
10
0.5556351968503936
20
1.6918079527559056
11
0.5566593307086614
21
1.6933406692913386
0
LINE
8
BLACK
6
CONTINUOUS
10
0.5566593307086614
20
1.6933406692913386
11
0.5581920472440944
21
1.6943648031496064
0
LINE
8
BLACK
6
CONTINUOUS
10
0.5581920472440944
20
1.6943648031496064
11
0.5599999999999999
21
1.694724409448819
0
LINE
8
BLACK
6
CONTINUOUS
10
0.5599999999999999
20
1.694724409448819
11
0.62
21
1.694724409448819
0
LINE
8
BLACK
6
CONTINUOUS
10
0.62
20
1.694724409448819
11
0.6218079527559055
21
1.6943648031496064
0
LINE
8
BLACK
6
CONTINUOUS
10
0.2205755511811024
20
1.9210991338582677
11
0.234005
21
1.9180339370078741
0
LINE
8
BLACK
6
CONTINUOUS
10
0.234005
20
1.9180339370078741
11
0.2470067716535433
21
1.9134844094488188
0
LINE
8
BLACK
6
CONTINUOUS
10
0.2470067716535433
20
1.9134844094488188
11
0.2594174409448819
21
1.9075077559055118
0
LINE
8
BLACK
6
CONTINUOUS
10
0.2594174409448819
20
1.9075077559055118
11
0.2710808661417323
21
1.9001791338582676
0
LINE
8
BLACK
6
CONTINUOUS
10
0.2710808661417323
20
1.9001791338582676
11
0.2818504330708662
21
1.8915907086614172
0
LINE
8
BLACK
6
CONTINUOUS
10
0.2818504330708662
20
1.8915907086614172
11
0.2915907086614173
21
1.8818504330708661
0
LINE
8
BLACK
6
CONTINUOUS
10
0.2915907086614173
20
1.8818504330708661
11
0.3001791338582677
21
1.8710808661417322
0
LINE
8
BLACK
6
CONTINUOUS
10
0.3001791338582677
20
1.8710808661417322
11
0.3075077559055118
21
1.8594174409448818
0
LINE
8
BLACK
6
CONTINUOUS
10
0.3075077559055118
20
1.8594174409448818
11
0.3134844094488189
21
1.8470067716535432
0
LINE
8
BLACK
6
CONTINUOUS
10
0.3134844094488189
20
1.8470067716535432
11
0.318033937007874
21
1.8340049999999999
0
LINE
8
BLACK
6
CONTINUOUS
10
0.318033937007874
20
1.8340049999999999
11
0.3210991338582677
21
1.8205755511811024
0
LINE
8
BLACK
6
CONTINUOUS
10
0.3210991338582677
20
1.8205755511811024
11
0.3226414173228346
21
1.8068874015748031
0
LINE
8
BLACK
6
CONTINUOUS
10
0.3226414173228346
20
1.8068874015748031
11
0.3226414173228346
21
1.7931125984251968
0
LINE
8
BLACK
6
CONTINUOUS
10
0.3226414173228346
20
1.7931125984251968
11
0.3210991338582677
21
1.7794244488188975
0
LINE
8
BLACK
6
CONTINUOUS
10
0.3210991338582677
20
1.7794244488188975
11
0.318033937007874
21
1.765995
0
LINE
8
BLACK
6
CONTINUOUS
10
0.318033937007874
20
1.765995
11
0.3134844094488189
21
1.7529932283464567
0
LINE
8
BLACK
6
CONTINUOUS
10
0.3134844094488189
20
1.7529932283464567
11
0.3075077559055118
21
1.7405825590551181
0
LINE
8
BLACK
6
CONTINUOUS
10
0.3075077559055118
20
1.7405825590551181
11
0.3001791338582677
21
1.7289191338582677
0
LINE
8
BLACK
6
CONTINUOUS
10
0.3001791338582677
20
1.7289191338582677
11
0.2915907086614173
21
1.7181495669291338
0
LINE
8
BLACK
6
CONTINUOUS
10
0.2915907086614173
20
1.7181495669291338
11
0.2818504330708662
21
1.7084092913385827
0
LINE
8
BLACK
6
CONTINUOUS
10
0.2818504330708662
20
1.7084092913385827
11
0.2710808661417323
21
1.6998208661417322
0
LINE
8
BLACK
6
CONTINUOUS
10
0.2710808661417323
20
1.6998208661417322
11
0.2594174409448819
21
1.6924922440944881
0
LINE
8
BLACK
6
CONTINUOUS
10
0.2594174409448819
20
1.6924922440944881
11
0.2470067716535433
21
1.6865155905511811
0
LINE
8
BLACK
6
CONTINUOUS
10
0.2470067716535433
20
1.6865155905511811
11
0.234005
21
1.681966062992126
0
LINE
8
BLACK
6
CONTINUOUS
10
0.234005
20
1.681966062992126
11
0.2205755511811024
21
1.6789008661417322
0
LINE
8
BLACK
6
CONTINUOUS
10
0.2205755511811024
20
1.6789008661417322
11
0.2068874015748031
21
1.6773585826771653
0
LINE
8
BLACK
6
CONTINUOUS
10
0.2068874015748031
20
1.6773585826771653
11
0.1931125984251968
21
1.6773585826771653
0
LINE
8
BLACK
6
CONTINUOUS
10
0.1931125984251968
20
1.6773585826771653
11
0.1794244488188976
21
1.6789008661417322
0
LINE
8
BLACK
6
CONTINUOUS
10
0.1794244488188976
20
1.6789008661417322
11
0.165995
21
1.681966062992126
0
LINE
8
BLACK
6
CONTINUOUS
10
0.165995
20
1.681966062992126
11
0.1529932283464567
21
1.6865155905511811
0
LINE
8
BLACK
6
CONTINUOUS
10
0.1529932283464567
20
1.6865155905511811
11
0.1405825590551181
21
1.6924922440944881
0
LINE
8
BLACK
6
CONTINUOUS
10
0.1405825590551181
20
1.6924922440944881
11
0.1289191338582677
21
1.6998208661417322
0
LINE
8
BLACK
6
CONTINUOUS
10
0.1289191338582677
20
1.6998208661417322
11
0.1181495669291339
21
1.7084092913385827
0
LINE
8
BLACK
6
CONTINUOUS
10
0.1181495669291339
20
1.7084092913385827
11
0.1084092913385827
21
1.7181495669291338
0
LINE
8
BLACK
6
CONTINUOUS
10
0.1084092913385827
20
1.7181495669291338
11
0.0998208661417323
21
1.7289191338582677
0
LINE
8
BLACK
6
CONTINUOUS
10
0.0998208661417323
20
1.7289191338582677
11
0.0924922440944882
21
1.7405825590551181
0
LINE
8
BLACK
6
CONTINUOUS
10
0.0924922440944882
20
1.7405825590551181
11
0.0865155905511811
21
1.7529932283464567
0
LINE
8
BLACK
6
CONTINUOUS
10
0.0865155905511811
20
1.7529932283464567
11
0.081966062992126
21
1.765995
0
LINE
8
BLACK
6
CONTINUOUS
10
0.081966062992126
20
1.765995
11
0.0789008661417323
21
1.7794244488188975
0
LINE
8
BLACK
6
CONTINUOUS
10
0.0789008661417323
20
1.7794244488188975
11
0.0773585826771653
21
1.7931125984251968
0
LINE
8
BLACK
6
CONTINUOUS
10
0.0773585826771653
20
1.7931125984251968
11
0.0773585826771653
21
1.8068874015748031
0
LINE
8
BLACK
6
CONTINUOUS
10
0.0773585826771653
20
1.8068874015748031
11
0.0789008661417323
21
1.8205755511811024
0
LINE
8
BLACK
6
CONTINUOUS
10
0.0789008661417323
20
1.8205755511811024
11
0.081966062992126
21
1.8340049999999999
0
LINE
8
BLACK
6
CONTINUOUS
10
0.081966062992126
20
1.8340049999999999
11
0.0865155905511811
21
1.8470067716535432
0
LINE
8
BLACK
6
CONTINUOUS
10
0.0865155905511811
20
1.8470067716535432
11
0.0924922440944882
21
1.8594174409448818
0
LINE
8
BLACK
6
CONTINUOUS
10
0.0924922440944882
20
1.8594174409448818
11
0.0998208661417323
21
1.8710808661417322
0
LINE
8
BLACK
6
CONTINUOUS
10
0.0998208661417323
20
1.8710808661417322
11
0.1084092913385827
21
1.8818504330708661
0
LINE
8
BLACK
6
CONTINUOUS
10
0.1084092913385827
20
1.8818504330708661
11
0.1181495669291339
21
1.8915907086614172
0
LINE
8
BLACK
6
CONTINUOUS
10
0.1181495669291339
20
1.8915907086614172
11
0.1289191338582677
21
1.9001791338582676
0
LINE
8
BLACK
6
CONTINUOUS
10
0.1289191338582677
20
1.9001791338582676
11
0.1405825590551181
21
1.9075077559055118
0
LINE
8
BLACK
6
CONTINUOUS
10
0.1405825590551181
20
1.9075077559055118
11
0.1529932283464567
21
1.9134844094488188
0
LINE
8
BLACK
6
CONTINUOUS
10
0.1529932283464567
20
1.9134844094488188
11
0.165995
21
1.9180339370078741
0
LINE
8
BLACK
6
CONTINUOUS
10
0.165995
20
1.9180339370078741
11
0.1794244488188976
21
1.9210991338582677
0
LINE
8
BLACK
6
CONTINUOUS
10
0.1794244488188976
20
1.9210991338582677
11
0.1931125984251968
21
1.9226414173228346
0
LINE
8
BLACK
6
CONTINUOUS
10
0.1931125984251968
20
1.9226414173228346
11
0.2068874015748031
21
1.9226414173228346
0
LINE
8
BLACK
6
CONTINUOUS
10
0.2068874015748031
20
1.9226414173228346
11
0.2205755511811024
21
1.9210991338582677
0
LINE
8
BLACK
6
CONTINUOUS
10
1.4205755511811022
20
1.9210991338582677
11
1.434005
21
1.9180339370078741
0
LINE
8
BLACK
6
CONTINUOUS
10
1.434005
20
1.9180339370078741
11
1.4470067716535433
21
1.9134844094488188
0
LINE
8
BLACK
6
CONTINUOUS
10
1.4470067716535433
20
1.9134844094488188
11
1.4594174409448819
21
1.9075077559055118
0
LINE
8
BLACK
6
CONTINUOUS
10
1.4594174409448819
20
1.9075077559055118
11
1.4710808661417323
21
1.9001791338582676
0
LINE
8
BLACK
6
CONTINUOUS
10
1.4710808661417323
20
1.9001791338582676
11
1.4818504330708662
21
1.8915907086614172
0
LINE
8
BLACK
6
CONTINUOUS
10
1.4818504330708662
20
1.8915907086614172
11
1.4915907086614173
21
1.8818504330708661
0
LINE
8
BLACK
6
CONTINUOUS
10
1.4915907086614173
20
1.8818504330708661
11
1.5001791338582677
21
1.8710808661417322
0
LINE
8
BLACK
6
CONTINUOUS
10
1.5001791338582677
20
1.8710808661417322
11
1.5075077559055117
21
1.8594174409448818
0
LINE
8
BLACK
6
CONTINUOUS
10
1.5075077559055117
20
1.8594174409448818
11
1.5134844094488189
21
1.8470067716535432
0
LINE
8
BLACK
6
CONTINUOUS
10
1.5134844094488189
20
1.8470067716535432
11
1.5180339370078739
21
1.8340049999999999
0
LINE
8
BLACK
6
CONTINUOUS
10
1.5180339370078739
20
1.8340049999999999
11
1.5210991338582678
21
1.8205755511811024
0
LINE
8
BLACK
6
CONTINUOUS
10
1.5210991338582678
20
1.8205755511811024
11
1.5226414173228346
21
1.8068874015748031
0
LINE
8
BLACK
6
CONTINUOUS
10
1.5226414173228346
20
1.8068874015748031
11
1.5226414173228346
21
1.7931125984251968
0
LINE
8
BLACK
6
CONTINUOUS
10
1.5226414173228346
20
1.7931125984251968
11
1.5210991338582678
21
1.7794244488188975
0
LINE
8
BLACK
6
CONTINUOUS
10
1.5210991338582678
20
1.7794244488188975
11
1.5180339370078739
21
1.765995
0
LINE
8
BLACK
6
CONTINUOUS
10
1.5180339370078739
20
1.765995
11
1.5134844094488189
21
1.7529932283464567
0
LINE
8
BLACK
6
CONTINUOUS
10
1.5134844094488189
20
1.7529932283464567
11
1.5075077559055117
21
1.7405825590551181
0
LINE
8
BLACK
6
CONTINUOUS
10
1.5075077559055117
20
1.7405825590551181
11
1.5001791338582677
21
1.7289191338582677
0
LINE
8
BLACK
6
CONTINUOUS
10
1.5001791338582677
20
1.7289191338582677
11
1.4915907086614173
21
1.7181495669291338
0
LINE
8
BLACK
6
CONTINUOUS
10
1.4915907086614173
20
1.7181495669291338
11
1.4818504330708662
21
1.7084092913385827
0
LINE
8
BLACK
6
CONTINUOUS
10
1.4818504330708662
20
1.7084092913385827
11
1.4710808661417323
21
1.6998208661417322
0
LINE
8
BLACK
6
CONTINUOUS
10
1.4710808661417323
20
1.6998208661417322
11
1.4594174409448819
21
1.6924922440944881
0
LINE
8
BLACK
6
CONTINUOUS
10
1.4594174409448819
20
1.6924922440944881
11
1.4470067716535433
21
1.6865155905511811
0
LINE
8
BLACK
6
CONTINUOUS
10
1.4470067716535433
20
1.6865155905511811
11
1.434005
21
1.681966062992126
0
LINE
8
BLACK
6
CONTINUOUS
10
1.434005
20
1.681966062992126
11
1.4205755511811022
21
1.6789008661417322
0
LINE
8
BLACK
6
CONTINUOUS
10
1.4205755511811022
20
1.6789008661417322
11
1.4068874015748032
21
1.6773585826771653
0
LINE
8
BLACK
6
CONTINUOUS
10
1.4068874015748032
20
1.6773585826771653
11
1.3931125984251969
21
1.6773585826771653
0
LINE
8
BLACK
6
CONTINUOUS
10
1.3931125984251969
20
1.6773585826771653
11
1.3794244488188976
21
1.6789008661417322
0
LINE
8
BLACK
6
CONTINUOUS
10
1.3794244488188976
20
1.6789008661417322
11
1.3659950000000001
21
1.681966062992126
0
LINE
8
BLACK
6
CONTINUOUS
10
1.3659950000000001
20
1.681966062992126
11
1.3529932283464567
21
1.6865155905511811
0
LINE
8
BLACK
6
CONTINUOUS
10
1.3529932283464567
20
1.6865155905511811
11
1.3405825590551181
21
1.6924922440944881
0
LINE
8
BLACK
6
CONTINUOUS
10
1.3405825590551181
20
1.6924922440944881
11
1.3289191338582678
21
1.6998208661417322
0
LINE
8
BLACK
6
CONTINUOUS
10
1.3289191338582678
20
1.6998208661417322
11
1.3181495669291339
21
1.7084092913385827
0
LINE
8
BLACK
6
CONTINUOUS
10
1.3181495669291339
20
1.7084092913385827
11
1.3084092913385827
21
1.7181495669291338
0
LINE
8
BLACK
6
CONTINUOUS
10
1.3084092913385827
20
1.7181495669291338
11
1.2998208661417323
21
1.7289191338582677
0
LINE
8
BLACK
6
CONTINUOUS
10
1.2998208661417323
20
1.7289191338582677
11
1.2924922440944882
21
1.7405825590551181
0
LINE
8
BLACK
6
CONTINUOUS
10
1.2924922440944882
20
1.7405825590551181
11
1.2865155905511811
21
1.7529932283464567
0
LINE
8
BLACK
6
CONTINUOUS
10
1.2865155905511811
20
1.7529932283464567
11
1.2819660629921259
21
1.765995
0
LINE
8
BLACK
6
CONTINUOUS
10
1.2819660629921259
20
1.765995
11
1.2789008661417323
21
1.7794244488188975
0
LINE
8
BLACK
6
CONTINUOUS
10
1.2789008661417323
20
1.7794244488188975
11
1.2773585826771654
21
1.7931125984251968
0
LINE
8
BLACK
6
CONTINUOUS
10
1.2773585826771654
20
1.7931125984251968
11
1.2773585826771654
21
1.8068874015748031
0
LINE
8
BLACK
6
CONTINUOUS
10
1.2773585826771654
20
1.8068874015748031
11
1.2789008661417323
21
1.8205755511811024
0
LINE
8
BLACK
6
CONTINUOUS
10
1.2789008661417323
20
1.8205755511811024
11
1.2819660629921259
21
1.8340049999999999
0
LINE
8
BLACK
6
CONTINUOUS
10
1.2819660629921259
20
1.8340049999999999
11
1.2865155905511811
21
1.8470067716535432
0
LINE
8
BLACK
6
CONTINUOUS
10
1.2865155905511811
20
1.8470067716535432
11
1.2924922440944882
21
1.8594174409448818
0
LINE
8
BLACK
6
CONTINUOUS
10
1.2924922440944882
20
1.8594174409448818
11
1.2998208661417323
21
1.8710808661417322
0
LINE
8
BLACK
6
CONTINUOUS
10
1.2998208661417323
20
1.8710808661417322
11
1.3084092913385827
21
1.8818504330708661
0
LINE
8
BLACK
6
CONTINUOUS
10
1.3084092913385827
20
1.8818504330708661
11
1.3181495669291339
21
1.8915907086614172
0
LINE
8
BLACK
6
CONTINUOUS
10
1.3181495669291339
20
1.8915907086614172
11
1.3289191338582678
21
1.9001791338582676
0
LINE
8
BLACK
6
CONTINUOUS
10
1.3289191338582678
20
1.9001791338582676
11
1.3405825590551181
21
1.9075077559055118
0
LINE
8
BLACK
6
CONTINUOUS
10
1.3405825590551181
20
1.9075077559055118
11
1.3529932283464567
21
1.9134844094488188
0
LINE
8
BLACK
6
CONTINUOUS
10
1.3529932283464567
20
1.9134844094488188
11
1.3659950000000001
21
1.9180339370078741
0
LINE
8
BLACK
6
CONTINUOUS
10
1.3659950000000001
20
1.9180339370078741
11
1.3794244488188976
21
1.9210991338582677
0
LINE
8
BLACK
6
CONTINUOUS
10
1.3794244488188976
20
1.9210991338582677
11
1.3931125984251969
21
1.9226414173228346
0
LINE
8
BLACK
6
CONTINUOUS
10
1.3931125984251969
20
1.9226414173228346
11
1.4068874015748032
21
1.9226414173228346
0
LINE
8
BLACK
6
CONTINUOUS
10
1.4068874015748032
20
1.9226414173228346
11
1.4205755511811022
21
1.9210991338582677
0
LINE
8
BLACK
6
CONTINUOUS
10
0.8518079527559055
20
1.8293648031496064
11
0.8533406692913386
21
1.8283406692913386
0
LINE
8
BLACK
6
CONTINUOUS
10
0.8533406692913386
20
1.8283406692913386
11
0.8543648031496063
21
1.8268079527559056
0
LINE
8
BLACK
6
CONTINUOUS
10
0.8543648031496063
20
1.8268079527559056
11
0.8547244094488189
21
1.825
0
LINE
8
BLACK
6
CONTINUOUS
10
0.8547244094488189
20
1.825
11
0.8547244094488189
21
1.7649999999999999
0
LINE
8
BLACK
6
CONTINUOUS
10
0.8547244094488189
20
1.7649999999999999
11
0.8543648031496063
21
1.7631920472440945
0
LINE
8
BLACK
6
CONTINUOUS
10
0.8543648031496063
20
1.7631920472440945
11
0.8533406692913386
21
1.7616593307086614
0
LINE
8
BLACK
6
CONTINUOUS
10
0.8533406692913386
20
1.7616593307086614
11
0.8518079527559055
21
1.7606351968503937
0
LINE
8
BLACK
6
CONTINUOUS
10
0.8518079527559055
20
1.7606351968503937
11
0.85
21
1.7602755905511811
0
LINE
8
BLACK
6
CONTINUOUS
10
0.85
20
1.7602755905511811
11
0.79
21
1.7602755905511811
0
LINE
8
BLACK
6
CONTINUOUS
10
0.79
20
1.7602755905511811
11
0.7881920472440944
21
1.7606351968503937
0
LINE
8
BLACK
6
CONTINUOUS
10
0.7881920472440944
20
1.7606351968503937
11
0.7866593307086615
21
1.7616593307086614
0
LINE
8
BLACK
6
CONTINUOUS
10
0.7866593307086615
20
1.7616593307086614
11
0.7856351968503937
21
1.7631920472440945
0
LINE
8
BLACK
6
CONTINUOUS
10
0.7856351968503937
20
1.7631920472440945
11
0.7852755905511811
21
1.7649999999999999
0
LINE
8
BLACK
6
CONTINUOUS
10
0.7852755905511811
20
1.7649999999999999
11
0.7852755905511811
21
1.825
0
LINE
8
BLACK
6
CONTINUOUS
10
0.7852755905511811
20
1.825
11
0.7856351968503937
21
1.8268079527559056
0
LINE
8
BLACK
6
CONTINUOUS
10
0.7856351968503937
20
1.8268079527559056
11
0.7866593307086615
21
1.8283406692913386
0
LINE
8
BLACK
6
CONTINUOUS
10
0.7866593307086615
20
1.8283406692913386
11
0.7881920472440944
21
1.8293648031496064
0
LINE
8
BLACK
6
CONTINUOUS
10
0.7881920472440944
20
1.8293648031496064
11
0.79
21
1.8297244094488188
0
LINE
8
BLACK
6
CONTINUOUS
10
0.79
20
1.8297244094488188
11
0.85
21
1.8297244094488188
0
LINE
8
BLACK
6
CONTINUOUS
10
0.85
20
1.8297244094488188
11
0.8518079527559055
21
1.8293648031496064
0
LINE
8
BLACK
6
CONTINUOUS
10
0.9518079527559055
20
1.8293648031496064
11
0.9533406692913385
21
1.8283406692913386
0
LINE
8
BLACK
6
CONTINUOUS
10
0.9533406692913385
20
1.8283406692913386
11
0.9543648031496063
21
1.8268079527559056
0
LINE
8
BLACK
6
CONTINUOUS
10
0.9543648031496063
20
1.8268079527559056
11
0.9547244094488189
21
1.825
0
LINE
8
BLACK
6
CONTINUOUS
10
0.9547244094488189
20
1.825
11
0.9547244094488189
21
1.7649999999999999
0
LINE
8
BLACK
6
CONTINUOUS
10
0.9547244094488189
20
1.7649999999999999
11
0.9543648031496063
21
1.7631920472440945
0
LINE
8
BLACK
6
CONTINUOUS
10
0.9543648031496063
20
1.7631920472440945
11
0.9533406692913385
21
1.7616593307086614
0
LINE
8
BLACK
6
CONTINUOUS
10
0.9533406692913385
20
1.7616593307086614
11
0.9518079527559055
21
1.7606351968503937
0
LINE
8
BLACK
6
CONTINUOUS
10
0.9518079527559055
20
1.7606351968503937
11
0.95
21
1.7602755905511811
0
LINE
8
BLACK
6
CONTINUOUS
10
0.95
20
1.7602755905511811
11
0.89
21
1.7602755905511811
0
LINE
8
BLACK
6
CONTINUOUS
10
0.89
20
1.7602755905511811
11
0.8881920472440945
21
1.7606351968503937
0
LINE
8
BLACK
6
CONTINUOUS
10
0.8881920472440945
20
1.7606351968503937
11
0.8866593307086614
21
1.7616593307086614
0
LINE
8
BLACK
6
CONTINUOUS
10
0.8866593307086614
20
1.7616593307086614
11
0.8856351968503937
21
1.7631920472440945
0
LINE
8
BLACK
6
CONTINUOUS
10
0.8856351968503937
20
1.7631920472440945
11
0.8852755905511811
21
1.7649999999999999
0
LINE
8
BLACK
6
CONTINUOUS
10
0.8852755905511811
20
1.7649999999999999
11
0.8852755905511811
21
1.825
0
LINE
8
BLACK
6
CONTINUOUS
10
0.8852755905511811
20
1.825
11
0.8856351968503937
21
1.8268079527559056
0
LINE
8
BLACK
6
CONTINUOUS
10
0.8856351968503937
20
1.8268079527559056
11
0.8866593307086614
21
1.8283406692913386
0
LINE
8
BLACK
6
CONTINUOUS
10
0.8866593307086614
20
1.8283406692913386
11
0.8881920472440945
21
1.8293648031496064
0
LINE
8
BLACK
6
CONTINUOUS
10
0.8881920472440945
20
1.8293648031496064
11
0.89
21
1.8297244094488188
0
LINE
8
BLACK
6
CONTINUOUS
10
0.89
20
1.8297244094488188
11
0.95
21
1.8297244094488188
0
LINE
8
BLACK
6
CONTINUOUS
10
0.95
20
1.8297244094488188
11
0.9518079527559055
21
1.8293648031496064
0
LINE
8
BLACK
6
CONTINUOUS
10
1.0518079527559054
20
1.8293648031496064
11
1.0533406692913385
21
1.8283406692913386
0
LINE
8
BLACK
6
CONTINUOUS
10
1.0533406692913385
20
1.8283406692913386
11
1.0543648031496062
21
1.8268079527559056
0
LINE
8
BLACK
6
CONTINUOUS
10
1.0543648031496062
20
1.8268079527559056
11
1.0547244094488188
21
1.825
0
LINE
8
BLACK
6
CONTINUOUS
10
1.0547244094488188
20
1.825
11
1.0547244094488188
21
1.7649999999999999
0
LINE
8
BLACK
6
CONTINUOUS
10
1.0547244094488188
20
1.7649999999999999
11
1.0543648031496062
21
1.7631920472440945
0
LINE
8
BLACK
6
CONTINUOUS
10
1.0543648031496062
20
1.7631920472440945
11
1.0533406692913385
21
1.7616593307086614
0
LINE
8
BLACK
6
CONTINUOUS
10
1.0533406692913385
20
1.7616593307086614
11
1.0518079527559054
21
1.7606351968503937
0
LINE
8
BLACK
6
CONTINUOUS
10
1.0518079527559054
20
1.7606351968503937
11
1.05
21
1.7602755905511811
0
LINE
8
BLACK
6
CONTINUOUS
10
1.05
20
1.7602755905511811
11
0.99
21
1.7602755905511811
0
LINE
8
BLACK
6
CONTINUOUS
10
0.99
20
1.7602755905511811
11
0.9881920472440945
21
1.7606351968503937
0
LINE
8
BLACK
6
CONTINUOUS
10
0.9881920472440945
20
1.7606351968503937
11
0.9866593307086614
21
1.7616593307086614
0
LINE
8
BLACK
6
CONTINUOUS
10
0.9866593307086614
20
1.7616593307086614
11
0.9856351968503937
21
1.7631920472440945
0
LINE
8
BLACK
6
CONTINUOUS
10
0.9856351968503937
20
1.7631920472440945
11
0.9852755905511811
21
1.7649999999999999
0
LINE
8
BLACK
6
CONTINUOUS
10
0.9852755905511811
20
1.7649999999999999
11
0.9852755905511811
21
1.825
0
LINE
8
BLACK
6
CONTINUOUS
10
0.9852755905511811
20
1.825
11
0.9856351968503937
21
1.8268079527559056
0
LINE
8
BLACK
6
CONTINUOUS
10
0.9856351968503937
20
1.8268079527559056
11
0.9866593307086614
21
1.8283406692913386
0
LINE
8
BLACK
6
CONTINUOUS
10
0.9866593307086614
20
1.8283406692913386
11
0.9881920472440945
21
1.8293648031496064
0
LINE
8
BLACK
6
CONTINUOUS
10
0.9881920472440945
20
1.8293648031496064
11
0.99
21
1.8297244094488188
0
LINE
8
BLACK
6
CONTINUOUS
10
0.99
20
1.8297244094488188
11
1.05
21
1.8297244094488188
0
LINE
8
BLACK
6
CONTINUOUS
10
1.05
20
1.8297244094488188
11
1.0518079527559054
21
1.8293648031496064
0
LINE
8
BLACK
6
CONTINUOUS
10
0.8518079527559055
20
1.9293648031496062
11
0.8533406692913386
21
1.9283406692913385
0
LINE
8
BLACK
6
CONTINUOUS
10
0.8533406692913386
20
1.9283406692913385
11
0.8543648031496063
21
1.9268079527559054
0
LINE
8
BLACK
6
CONTINUOUS
10
0.8543648031496063
20
1.9268079527559054
11
0.8547244094488189
21
1.925
0
LINE
8
BLACK
6
CONTINUOUS
10
0.8547244094488189
20
1.925
11
0.8547244094488189
21
1.865
0
LINE
8
BLACK
6
CONTINUOUS
10
0.8547244094488189
20
1.865
11
0.8543648031496063
21
1.8631920472440944
0
LINE
8
BLACK
6
CONTINUOUS
10
0.8543648031496063
20
1.8631920472440944
11
0.8533406692913386
21
1.8616593307086613
0
LINE
8
BLACK
6
CONTINUOUS
10
0.8533406692913386
20
1.8616593307086613
11
0.8518079527559055
21
1.8606351968503936
0
LINE
8
BLACK
6
CONTINUOUS
10
0.8518079527559055
20
1.8606351968503936
11
0.85
21
1.860275590551181
0
LINE
8
BLACK
6
CONTINUOUS
10
0.85
20
1.860275590551181
11
0.79
21
1.860275590551181
0
LINE
8
BLACK
6
CONTINUOUS
10
0.79
20
1.860275590551181
11
0.7881920472440944
21
1.8606351968503936
0
LINE
8
BLACK
6
CONTINUOUS
10
0.7881920472440944
20
1.8606351968503936
11
0.7866593307086615
21
1.8616593307086613
0
LINE
8
BLACK
6
CONTINUOUS
10
0.7866593307086615
20
1.8616593307086613
11
0.7856351968503937
21
1.8631920472440944
0
LINE
8
BLACK
6
CONTINUOUS
10
0.7856351968503937
20
1.8631920472440944
11
0.7852755905511811
21
1.865
0
LINE
8
BLACK
6
CONTINUOUS
10
0.7852755905511811
20
1.865
11
0.7852755905511811
21
1.925
0
LINE
8
BLACK
6
CONTINUOUS
10
0.7852755905511811
20
1.925
11
0.7856351968503937
21
1.9268079527559054
0
LINE
8
BLACK
6
CONTINUOUS
10
0.7856351968503937
20
1.9268079527559054
11
0.7866593307086615
21
1.9283406692913385
0
LINE
8
BLACK
6
CONTINUOUS
10
0.7866593307086615
20
1.9283406692913385
11
0.7881920472440944
21
1.9293648031496062
0
LINE
8
BLACK
6
CONTINUOUS
10
0.7881920472440944
20
1.9293648031496062
11
0.79
21
1.9297244094488188
0
LINE
8
BLACK
6
CONTINUOUS
10
0.79
20
1.9297244094488188
11
0.85
21
1.9297244094488188
0
LINE
8
BLACK
6
CONTINUOUS
10
0.85
20
1.9297244094488188
11
0.8518079527559055
21
1.9293648031496062
0
LINE
8
BLACK
6
CONTINUOUS
10
0.9518079527559055
20
1.9293648031496062
11
0.9533406692913385
21
1.9283406692913385
0
LINE
8
BLACK
6
CONTINUOUS
10
0.9533406692913385
20
1.9283406692913385
11
0.9543648031496063
21
1.9268079527559054
0
LINE
8
BLACK
6
CONTINUOUS
10
0.9543648031496063
20
1.9268079527559054
11
0.9547244094488189
21
1.925
0
LINE
8
BLACK
6
CONTINUOUS
10
0.9547244094488189
20
1.925
11
0.9547244094488189
21
1.865
0
LINE
8
BLACK
6
CONTINUOUS
10
0.9547244094488189
20
1.865
11
0.9543648031496063
21
1.8631920472440944
0
LINE
8
BLACK
6
CONTINUOUS
10
0.9543648031496063
20
1.8631920472440944
11
0.9533406692913385
21
1.8616593307086613
0
LINE
8
BLACK
6
CONTINUOUS
10
0.9533406692913385
20
1.8616593307086613
11
0.9518079527559055
21
1.8606351968503936
0
LINE
8
BLACK
6
CONTINUOUS
10
0.9518079527559055
20
1.8606351968503936
11
0.95
21
1.860275590551181
0
LINE
8
BLACK
6
CONTINUOUS
10
0.95
20
1.860275590551181
11
0.89
21
1.860275590551181
0
LINE
8
BLACK
6
CONTINUOUS
10
0.89
20
1.860275590551181
11
0.8881920472440945
21
1.8606351968503936
0
LINE
8
BLACK
6
CONTINUOUS
10
0.8881920472440945
20
1.8606351968503936
11
0.8866593307086614
21
1.8616593307086613
0
LINE
8
BLACK
6
CONTINUOUS
10
0.8866593307086614
20
1.8616593307086613
11
0.8856351968503937
21
1.8631920472440944
0
LINE
8
BLACK
6
CONTINUOUS
10
0.8856351968503937
20
1.8631920472440944
11
0.8852755905511811
21
1.865
0
LINE
8
BLACK
6
CONTINUOUS
10
0.8852755905511811
20
1.865
11
0.8852755905511811
21
1.925
0
LINE
8
BLACK
6
CONTINUOUS
10
0.8852755905511811
20
1.925
11
0.8856351968503937
21
1.9268079527559054
0
LINE
8
BLACK
6
CONTINUOUS
10
0.8856351968503937
20
1.9268079527559054
11
0.8866593307086614
21
1.9283406692913385
0
LINE
8
BLACK
6
CONTINUOUS
10
0.8866593307086614
20
1.9283406692913385
11
0.8881920472440945
21
1.9293648031496062
0
LINE
8
BLACK
6
CONTINUOUS
10
0.8881920472440945
20
1.9293648031496062
11
0.89
21
1.9297244094488188
0
LINE
8
BLACK
6
CONTINUOUS
10
0.89
20
1.9297244094488188
11
0.95
21
1.9297244094488188
0
LINE
8
BLACK
6
CONTINUOUS
10
0.95
20
1.9297244094488188
11
0.9518079527559055
21
1.9293648031496062
0
LINE
8
BLACK
6
CONTINUOUS
10
1.0518079527559054
20
1.9293648031496062
11
1.0533406692913385
21
1.9283406692913385
0
LINE
8
BLACK
6
CONTINUOUS
10
1.0533406692913385
20
1.9283406692913385
11
1.0543648031496062
21
1.9268079527559054
0
LINE
8
BLACK
6
CONTINUOUS
10
1.0543648031496062
20
1.9268079527559054
11
1.0547244094488188
21
1.925
0
LINE
8
BLACK
6
CONTINUOUS
10
1.0547244094488188
20
1.925
11
1.0547244094488188
21
1.865
0
LINE
8
BLACK
6
CONTINUOUS
10
1.0547244094488188
20
1.865
11
1.0543648031496062
21
1.8631920472440944
0
LINE
8
BLACK
6
CONTINUOUS
10
1.0543648031496062
20
1.8631920472440944
11
1.0533406692913385
21
1.8616593307086613
0
LINE
8
BLACK
6
CONTINUOUS
10
1.0533406692913385
20
1.8616593307086613
11
1.0518079527559054
21
1.8606351968503936
0
LINE
8
BLACK
6
CONTINUOUS
10
1.0518079527559054
20
1.8606351968503936
11
1.05
21
1.860275590551181
0
LINE
8
BLACK
6
CONTINUOUS
10
1.05
20
1.860275590551181
11
0.99
21
1.860275590551181
0
LINE
8
BLACK
6
CONTINUOUS
10
0.99
20
1.860275590551181
11
0.9881920472440945
21
1.8606351968503936
0
LINE
8
BLACK
6
CONTINUOUS
10
0.9881920472440945
20
1.8606351968503936
11
0.9866593307086614
21
1.8616593307086613
0
LINE
8
BLACK
6
CONTINUOUS
10
0.9866593307086614
20
1.8616593307086613
11
0.9856351968503937
21
1.8631920472440944
0
LINE
8
BLACK
6
CONTINUOUS
10
0.9856351968503937
20
1.8631920472440944
11
0.9852755905511811
21
1.865
0
LINE
8
BLACK
6
CONTINUOUS
10
0.9852755905511811
20
1.865
11
0.9852755905511811
21
1.925
0
LINE
8
BLACK
6
CONTINUOUS
10
0.9852755905511811
20
1.925
11
0.9856351968503937
21
1.9268079527559054
0
LINE
8
BLACK
6
CONTINUOUS
10
0.9856351968503937
20
1.9268079527559054
11
0.9866593307086614
21
1.9283406692913385
0
LINE
8
BLACK
6
CONTINUOUS
10
0.9866593307086614
20
1.9283406692913385
11
0.9881920472440945
21
1.9293648031496062
0
LINE
8
BLACK
6
CONTINUOUS
10
0.9881920472440945
20
1.9293648031496062
11
0.99
21
1.9297244094488188
0
LINE
8
BLACK
6
CONTINUOUS
10
0.99
20
1.9297244094488188
11
1.05
21
1.9297244094488188
0
LINE
8
BLACK
6
CONTINUOUS
10
1.05
20
1.9297244094488188
11
1.0518079527559054
21
1.9293648031496062
  0
ENDSEC
  0
EOF
