  0
SECTION
  2
HEADER
  9
$ANGBASE
  50
0.0
  9
$ANGDIR
  70
1
  9
$MEASUREMENT
  70
0
  0
ENDSEC
  0
SECTION
  2
TABLES
  0
TABLE
  2
LTYPE
  70
4
  0
LTYPE
  5
40F
  2
CONTINUOUS
  70
0
  3
Solid line
  72
65
  73
0
  40
0.0
  0
LTYPE
  5
410
  2
DASHDOT
 70
0
  3
Dash Dot ____ _ ____ _
 72
65
 73
4
 40
2.0
 49
1.25
 49
-0.25
 49
0.25
 49
-0.25
  0
LTYPE
  5
411
  2
DASHED
 70
0
  3
Dashed __ __ __ __ __
 72
65
 73
2
 40
0.75
 49
0.5
 49
-0.25
  0
LTYPE
  5
43B
  2
DOTTED
 70
0
  3
Dotted .  .  .  .
 72
65
 73
2
 40
0.2
 49
0.0
 49
-0.2
  0
ENDTAB
  0
TABLE
  2
STYLE
  70
4
  0
STYLE
  2
KICAD
  70
0
  40
0
  41
1
  42
1
  50
0
  71
0
  3
isocp.shx
  0
STYLE
  2
KICADB
  70
0
  40
0
  41
1
  42
1
  50
0
  71
0
  3
isocp.shx
  0
STYLE
  2
KICADI
  70
0
  40
0
  41
1
  42
1
  50
15
  71
0
  3
isocp.shx
  0
STYLE
  2
KICADBI
  70
0
  40
0
  41
1
  42
1
  50
15
  71
0
  3
isocp.shx
  0
ENDTAB
  0
TABLE
  2
LAYER
  70
1
  0
LAYER
  2
BLACK
  70
0
  62
7
  6
CONTINUOUS
  0
ENDTAB
  0
ENDSEC
  0
SECTION
  2
ENTITIES
0
LINE
8
BLACK
6
CONTINUOUS
10
0.2205755511811024
20
0.3210991338582677
11
0.234005
21
0.318033937007874
0
LINE
8
BLACK
6
CONTINUOUS
10
0.234005
20
0.318033937007874
11
0.2470067716535433
21
0.3134844094488189
0
LINE
8
BLACK
6
CONTINUOUS
10
0.2470067716535433
20
0.3134844094488189
11
0.2594174409448819
21
0.3075077559055118
0
LINE
8
BLACK
6
CONTINUOUS
10
0.2594174409448819
20
0.3075077559055118
11
0.2710808661417323
21
0.3001791338582677
0
LINE
8
BLACK
6
CONTINUOUS
10
0.2710808661417323
20
0.3001791338582677
11
0.2818504330708662
21
0.2915907086614173
0
LINE
8
BLACK
6
CONTINUOUS
10
0.2818504330708662
20
0.2915907086614173
11
0.2915907086614173
21
0.2818504330708662
0
LINE
8
BLACK
6
CONTINUOUS
10
0.2915907086614173
20
0.2818504330708662
11
0.3001791338582677
21
0.2710808661417323
0
LINE
8
BLACK
6
CONTINUOUS
10
0.3001791338582677
20
0.2710808661417323
11
0.3075077559055118
21
0.2594174409448819
0
LINE
8
BLACK
6
CONTINUOUS
10
0.3075077559055118
20
0.2594174409448819
11
0.3134844094488189
21
0.2470067716535433
0
LINE
8
BLACK
6
CONTINUOUS
10
0.3134844094488189
20
0.2470067716535433
11
0.318033937007874
21
0.234005
0
LINE
8
BLACK
6
CONTINUOUS
10
0.318033937007874
20
0.234005
11
0.3210991338582677
21
0.2205755511811024
0
LINE
8
BLACK
6
CONTINUOUS
10
0.3210991338582677
20
0.2205755511811024
11
0.3226414173228346
21
0.2068874015748031
0
LINE
8
BLACK
6
CONTINUOUS
10
0.3226414173228346
20
0.2068874015748031
11
0.3226414173228346
21
0.1931125984251968
0
LINE
8
BLACK
6
CONTINUOUS
10
0.3226414173228346
20
0.1931125984251968
11
0.3210991338582677
21
0.1794244488188976
0
LINE
8
BLACK
6
CONTINUOUS
10
0.3210991338582677
20
0.1794244488188976
11
0.318033937007874
21
0.165995
0
LINE
8
BLACK
6
CONTINUOUS
10
0.318033937007874
20
0.165995
11
0.3134844094488189
21
0.1529932283464567
0
LINE
8
BLACK
6
CONTINUOUS
10
0.3134844094488189
20
0.1529932283464567
11
0.3075077559055118
21
0.1405825590551181
0
LINE
8
BLACK
6
CONTINUOUS
10
0.3075077559055118
20
0.1405825590551181
11
0.3001791338582677
21
0.1289191338582677
0
LINE
8
BLACK
6
CONTINUOUS
10
0.3001791338582677
20
0.1289191338582677
11
0.2915907086614173
21
0.1181495669291339
0
LINE
8
BLACK
6
CONTINUOUS
10
0.2915907086614173
20
0.1181495669291339
11
0.2818504330708662
21
0.1084092913385827
0
LINE
8
BLACK
6
CONTINUOUS
10
0.2818504330708662
20
0.1084092913385827
11
0.2710808661417323
21
0.0998208661417323
0
LINE
8
BLACK
6
CONTINUOUS
10
0.2710808661417323
20
0.0998208661417323
11
0.2594174409448819
21
0.0924922440944882
0
LINE
8
BLACK
6
CONTINUOUS
10
0.2594174409448819
20
0.0924922440944882
11
0.2470067716535433
21
0.0865155905511811
0
LINE
8
BLACK
6
CONTINUOUS
10
0.2470067716535433
20
0.0865155905511811
11
0.234005
21
0.081966062992126
0
LINE
8
BLACK
6
CONTINUOUS
10
0.234005
20
0.081966062992126
11
0.2205755511811024
21
0.0789008661417323
0
LINE
8
BLACK
6
CONTINUOUS
10
0.2205755511811024
20
0.0789008661417323
11
0.2068874015748031
21
0.0773585826771653
0
LINE
8
BLACK
6
CONTINUOUS
10
0.2068874015748031
20
0.0773585826771653
11
0.1931125984251968
21
0.0773585826771653
0
LINE
8
BLACK
6
CONTINUOUS
10
0.1931125984251968
20
0.0773585826771653
11
0.1794244488188976
21
0.0789008661417323
0
LINE
8
BLACK
6
CONTINUOUS
10
0.1794244488188976
20
0.0789008661417323
11
0.165995
21
0.081966062992126
0
LINE
8
BLACK
6
CONTINUOUS
10
0.165995
20
0.081966062992126
11
0.1529932283464567
21
0.0865155905511811
0
LINE
8
BLACK
6
CONTINUOUS
10
0.1529932283464567
20
0.0865155905511811
11
0.1405825590551181
21
0.0924922440944882
0
LINE
8
BLACK
6
CONTINUOUS
10
0.1405825590551181
20
0.0924922440944882
11
0.1289191338582677
21
0.0998208661417323
0
LINE
8
BLACK
6
CONTINUOUS
10
0.1289191338582677
20
0.0998208661417323
11
0.1181495669291339
21
0.1084092913385827
0
LINE
8
BLACK
6
CONTINUOUS
10
0.1181495669291339
20
0.1084092913385827
11
0.1084092913385827
21
0.1181495669291339
0
LINE
8
BLACK
6
CONTINUOUS
10
0.1084092913385827
20
0.1181495669291339
11
0.0998208661417323
21
0.1289191338582677
0
LINE
8
BLACK
6
CONTINUOUS
10
0.0998208661417323
20
0.1289191338582677
11
0.0924922440944882
21
0.1405825590551181
0
LINE
8
BLACK
6
CONTINUOUS
10
0.0924922440944882
20
0.1405825590551181
11
0.0865155905511811
21
0.1529932283464567
0
LINE
8
BLACK
6
CONTINUOUS
10
0.0865155905511811
20
0.1529932283464567
11
0.081966062992126
21
0.165995
0
LINE
8
BLACK
6
CONTINUOUS
10
0.081966062992126
20
0.165995
11
0.0789008661417323
21
0.1794244488188976
0
LINE
8
BLACK
6
CONTINUOUS
10
0.0789008661417323
20
0.1794244488188976
11
0.0773585826771653
21
0.1931125984251968
0
LINE
8
BLACK
6
CONTINUOUS
10
0.0773585826771653
20
0.1931125984251968
11
0.0773585826771653
21
0.2068874015748031
0
LINE
8
BLACK
6
CONTINUOUS
10
0.0773585826771653
20
0.2068874015748031
11
0.0789008661417323
21
0.2205755511811024
0
LINE
8
BLACK
6
CONTINUOUS
10
0.0789008661417323
20
0.2205755511811024
11
0.081966062992126
21
0.234005
0
LINE
8
BLACK
6
CONTINUOUS
10
0.081966062992126
20
0.234005
11
0.0865155905511811
21
0.2470067716535433
0
LINE
8
BLACK
6
CONTINUOUS
10
0.0865155905511811
20
0.2470067716535433
11
0.0924922440944882
21
0.2594174409448819
0
LINE
8
BLACK
6
CONTINUOUS
10
0.0924922440944882
20
0.2594174409448819
11
0.0998208661417323
21
0.2710808661417323
0
LINE
8
BLACK
6
CONTINUOUS
10
0.0998208661417323
20
0.2710808661417323
11
0.1084092913385827
21
0.2818504330708662
0
LINE
8
BLACK
6
CONTINUOUS
10
0.1084092913385827
20
0.2818504330708662
11
0.1181495669291339
21
0.2915907086614173
0
LINE
8
BLACK
6
CONTINUOUS
10
0.1181495669291339
20
0.2915907086614173
11
0.1289191338582677
21
0.3001791338582677
0
LINE
8
BLACK
6
CONTINUOUS
10
0.1289191338582677
20
0.3001791338582677
11
0.1405825590551181
21
0.3075077559055118
0
LINE
8
BLACK
6
CONTINUOUS
10
0.1405825590551181
20
0.3075077559055118
11
0.1529932283464567
21
0.3134844094488189
0
LINE
8
BLACK
6
CONTINUOUS
10
0.1529932283464567
20
0.3134844094488189
11
0.165995
21
0.318033937007874
0
LINE
8
BLACK
6
CONTINUOUS
10
0.165995
20
0.318033937007874
11
0.1794244488188976
21
0.3210991338582677
0
LINE
8
BLACK
6
CONTINUOUS
10
0.1794244488188976
20
0.3210991338582677
11
0.1931125984251968
21
0.3226414173228346
0
LINE
8
BLACK
6
CONTINUOUS
10
0.1931125984251968
20
0.3226414173228346
11
0.2068874015748031
21
0.3226414173228346
0
LINE
8
BLACK
6
CONTINUOUS
10
0.2068874015748031
20
0.3226414173228346
11
0.2205755511811024
21
0.3210991338582677
0
LINE
8
BLACK
6
CONTINUOUS
10
1.4205755511811022
20
0.3210991338582677
11
1.434005
21
0.318033937007874
0
LINE
8
BLACK
6
CONTINUOUS
10
1.434005
20
0.318033937007874
11
1.4470067716535433
21
0.3134844094488189
0
LINE
8
BLACK
6
CONTINUOUS
10
1.4470067716535433
20
0.3134844094488189
11
1.4594174409448819
21
0.3075077559055118
0
LINE
8
BLACK
6
CONTINUOUS
10
1.4594174409448819
20
0.3075077559055118
11
1.4710808661417323
21
0.3001791338582677
0
LINE
8
BLACK
6
CONTINUOUS
10
1.4710808661417323
20
0.3001791338582677
11
1.4818504330708662
21
0.2915907086614173
0
LINE
8
BLACK
6
CONTINUOUS
10
1.4818504330708662
20
0.2915907086614173
11
1.4915907086614173
21
0.2818504330708662
0
LINE
8
BLACK
6
CONTINUOUS
10
1.4915907086614173
20
0.2818504330708662
11
1.5001791338582677
21
0.2710808661417323
0
LINE
8
BLACK
6
CONTINUOUS
10
1.5001791338582677
20
0.2710808661417323
11
1.5075077559055117
21
0.2594174409448819
0
LINE
8
BLACK
6
CONTINUOUS
10
1.5075077559055117
20
0.2594174409448819
11
1.5134844094488189
21
0.2470067716535433
0
LINE
8
BLACK
6
CONTINUOUS
10
1.5134844094488189
20
0.2470067716535433
11
1.5180339370078739
21
0.234005
0
LINE
8
BLACK
6
CONTINUOUS
10
1.5180339370078739
20
0.234005
11
1.5210991338582678
21
0.2205755511811024
0
LINE
8
BLACK
6
CONTINUOUS
10
1.5210991338582678
20
0.2205755511811024
11
1.5226414173228346
21
0.2068874015748031
0
LINE
8
BLACK
6
CONTINUOUS
10
1.5226414173228346
20
0.2068874015748031
11
1.5226414173228346
21
0.1931125984251968
0
LINE
8
BLACK
6
CONTINUOUS
10
1.5226414173228346
20
0.1931125984251968
11
1.5210991338582678
21
0.1794244488188976
0
LINE
8
BLACK
6
CONTINUOUS
10
1.5210991338582678
20
0.1794244488188976
11
1.5180339370078739
21
0.165995
0
LINE
8
BLACK
6
CONTINUOUS
10
1.5180339370078739
20
0.165995
11
1.5134844094488189
21
0.1529932283464567
0
LINE
8
BLACK
6
CONTINUOUS
10
1.5134844094488189
20
0.1529932283464567
11
1.5075077559055117
21
0.1405825590551181
0
LINE
8
BLACK
6
CONTINUOUS
10
1.5075077559055117
20
0.1405825590551181
11
1.5001791338582677
21
0.1289191338582677
0
LINE
8
BLACK
6
CONTINUOUS
10
1.5001791338582677
20
0.1289191338582677
11
1.4915907086614173
21
0.1181495669291339
0
LINE
8
BLACK
6
CONTINUOUS
10
1.4915907086614173
20
0.1181495669291339
11
1.4818504330708662
21
0.1084092913385827
0
LINE
8
BLACK
6
CONTINUOUS
10
1.4818504330708662
20
0.1084092913385827
11
1.4710808661417323
21
0.0998208661417323
0
LINE
8
BLACK
6
CONTINUOUS
10
1.4710808661417323
20
0.0998208661417323
11
1.4594174409448819
21
0.0924922440944882
0
LINE
8
BLACK
6
CONTINUOUS
10
1.4594174409448819
20
0.0924922440944882
11
1.4470067716535433
21
0.0865155905511811
0
LINE
8
BLACK
6
CONTINUOUS
10
1.4470067716535433
20
0.0865155905511811
11
1.434005
21
0.081966062992126
0
LINE
8
BLACK
6
CONTINUOUS
10
1.434005
20
0.081966062992126
11
1.4205755511811022
21
0.0789008661417323
0
LINE
8
BLACK
6
CONTINUOUS
10
1.4205755511811022
20
0.0789008661417323
11
1.4068874015748032
21
0.0773585826771653
0
LINE
8
BLACK
6
CONTINUOUS
10
1.4068874015748032
20
0.0773585826771653
11
1.3931125984251969
21
0.0773585826771653
0
LINE
8
BLACK
6
CONTINUOUS
10
1.3931125984251969
20
0.0773585826771653
11
1.3794244488188976
21
0.0789008661417323
0
LINE
8
BLACK
6
CONTINUOUS
10
1.3794244488188976
20
0.0789008661417323
11
1.3659950000000001
21
0.081966062992126
0
LINE
8
BLACK
6
CONTINUOUS
10
1.3659950000000001
20
0.081966062992126
11
1.3529932283464567
21
0.0865155905511811
0
LINE
8
BLACK
6
CONTINUOUS
10
1.3529932283464567
20
0.0865155905511811
11
1.3405825590551181
21
0.0924922440944882
0
LINE
8
BLACK
6
CONTINUOUS
10
1.3405825590551181
20
0.0924922440944882
11
1.3289191338582678
21
0.0998208661417323
0
LINE
8
BLACK
6
CONTINUOUS
10
1.3289191338582678
20
0.0998208661417323
11
1.3181495669291339
21
0.1084092913385827
0
LINE
8
BLACK
6
CONTINUOUS
10
1.3181495669291339
20
0.1084092913385827
11
1.3084092913385827
21
0.1181495669291339
0
LINE
8
BLACK
6
CONTINUOUS
10
1.3084092913385827
20
0.1181495669291339
11
1.2998208661417323
21
0.1289191338582677
0
LINE
8
BLACK
6
CONTINUOUS
10
1.2998208661417323
20
0.1289191338582677
11
1.2924922440944882
21
0.1405825590551181
0
LINE
8
BLACK
6
CONTINUOUS
10
1.2924922440944882
20
0.1405825590551181
11
1.2865155905511811
21
0.1529932283464567
0
LINE
8
BLACK
6
CONTINUOUS
10
1.2865155905511811
20
0.1529932283464567
11
1.2819660629921259
21
0.165995
0
LINE
8
BLACK
6
CONTINUOUS
10
1.2819660629921259
20
0.165995
11
1.2789008661417323
21
0.1794244488188976
0
LINE
8
BLACK
6
CONTINUOUS
10
1.2789008661417323
20
0.1794244488188976
11
1.2773585826771654
21
0.1931125984251968
0
LINE
8
BLACK
6
CONTINUOUS
10
1.2773585826771654
20
0.1931125984251968
11
1.2773585826771654
21
0.2068874015748031
0
LINE
8
BLACK
6
CONTINUOUS
10
1.2773585826771654
20
0.2068874015748031
11
1.2789008661417323
21
0.2205755511811024
0
LINE
8
BLACK
6
CONTINUOUS
10
1.2789008661417323
20
0.2205755511811024
11
1.2819660629921259
21
0.234005
0
LINE
8
BLACK
6
CONTINUOUS
10
1.2819660629921259
20
0.234005
11
1.2865155905511811
21
0.2470067716535433
0
LINE
8
BLACK
6
CONTINUOUS
10
1.2865155905511811
20
0.2470067716535433
11
1.2924922440944882
21
0.2594174409448819
0
LINE
8
BLACK
6
CONTINUOUS
10
1.2924922440944882
20
0.2594174409448819
11
1.2998208661417323
21
0.2710808661417323
0
LINE
8
BLACK
6
CONTINUOUS
10
1.2998208661417323
20
0.2710808661417323
11
1.3084092913385827
21
0.2818504330708662
0
LINE
8
BLACK
6
CONTINUOUS
10
1.3084092913385827
20
0.2818504330708662
11
1.3181495669291339
21
0.2915907086614173
0
LINE
8
BLACK
6
CONTINUOUS
10
1.3181495669291339
20
0.2915907086614173
11
1.3289191338582678
21
0.3001791338582677
0
LINE
8
BLACK
6
CONTINUOUS
10
1.3289191338582678
20
0.3001791338582677
11
1.3405825590551181
21
0.3075077559055118
0
LINE
8
BLACK
6
CONTINUOUS
10
1.3405825590551181
20
0.3075077559055118
11
1.3529932283464567
21
0.3134844094488189
0
LINE
8
BLACK
6
CONTINUOUS
10
1.3529932283464567
20
0.3134844094488189
11
1.3659950000000001
21
0.318033937007874
0
LINE
8
BLACK
6
CONTINUOUS
10
1.3659950000000001
20
0.318033937007874
11
1.3794244488188976
21
0.3210991338582677
0
LINE
8
BLACK
6
CONTINUOUS
10
1.3794244488188976
20
0.3210991338582677
11
1.3931125984251969
21
0.3226414173228346
0
LINE
8
BLACK
6
CONTINUOUS
10
1.3931125984251969
20
0.3226414173228346
11
1.4068874015748032
21
0.3226414173228346
0
LINE
8
BLACK
6
CONTINUOUS
10
1.4068874015748032
20
0.3226414173228346
11
1.4205755511811022
21
0.3210991338582677
0
LINE
8
BLACK
6
CONTINUOUS
10
0.5635948818897638
20
0.298346062992126
11
0.5723995275590551
21
0.2959868503937008
0
LINE
8
BLACK
6
CONTINUOUS
10
0.5723995275590551
20
0.2959868503937008
11
0.580820905511811
21
0.2924986220472441
0
LINE
8
BLACK
6
CONTINUOUS
10
0.580820905511811
20
0.2924986220472441
11
0.5887149212598425
21
0.2879409842519685
0
LINE
8
BLACK
6
CONTINUOUS
10
0.5887149212598425
20
0.2879409842519685
11
0.5959465354330709
21
0.282391968503937
0
LINE
8
BLACK
6
CONTINUOUS
10
0.5959465354330709
20
0.282391968503937
11
0.6023919685039369
21
0.2759465354330708
0
LINE
8
BLACK
6
CONTINUOUS
10
0.6023919685039369
20
0.2759465354330708
11
0.6079409842519685
21
0.2687149212598425
0
LINE
8
BLACK
6
CONTINUOUS
10
0.6079409842519685
20
0.2687149212598425
11
0.612498622047244
21
0.260820905511811
0
LINE
8
BLACK
6
CONTINUOUS
10
0.612498622047244
20
0.260820905511811
11
0.6159868503937008
21
0.2523995275590551
0
LINE
8
BLACK
6
CONTINUOUS
10
0.6159868503937008
20
0.2523995275590551
11
0.618346062992126
21
0.2435948818897638
0
LINE
8
BLACK
6
CONTINUOUS
10
0.618346062992126
20
0.2435948818897638
11
0.6195358267716535
21
0.2345576377952756
0
LINE
8
BLACK
6
CONTINUOUS
10
0.6195358267716535
20
0.2345576377952756
11
0.6195358267716535
21
0.2254423622047244
0
LINE
8
BLACK
6
CONTINUOUS
10
0.6195358267716535
20
0.2254423622047244
11
0.618346062992126
21
0.2164051181102362
0
LINE
8
BLACK
6
CONTINUOUS
10
0.618346062992126
20
0.2164051181102362
11
0.6159868503937008
21
0.2076004724409449
0
LINE
8
BLACK
6
CONTINUOUS
10
0.6159868503937008
20
0.2076004724409449
11
0.612498622047244
21
0.199179094488189
0
LINE
8
BLACK
6
CONTINUOUS
10
0.612498622047244
20
0.199179094488189
11
0.6079409842519685
21
0.1912850787401575
0
LINE
8
BLACK
6
CONTINUOUS
10
0.6079409842519685
20
0.1912850787401575
11
0.6023919685039369
21
0.1840534645669291
0
LINE
8
BLACK
6
CONTINUOUS
10
0.6023919685039369
20
0.1840534645669291
11
0.5959465354330709
21
0.177608031496063
0
LINE
8
BLACK
6
CONTINUOUS
10
0.5959465354330709
20
0.177608031496063
11
0.5887149212598425
21
0.1720590157480315
0
LINE
8
BLACK
6
CONTINUOUS
10
0.5887149212598425
20
0.1720590157480315
11
0.580820905511811
21
0.1675013779527559
0
LINE
8
BLACK
6
CONTINUOUS
10
0.580820905511811
20
0.1675013779527559
11
0.5723995275590551
21
0.1640131496062992
0
LINE
8
BLACK
6
CONTINUOUS
10
0.5723995275590551
20
0.1640131496062992
11
0.5635948818897638
21
0.161653937007874
0
LINE
8
BLACK
6
CONTINUOUS
10
0.5635948818897638
20
0.161653937007874
11
0.5545576377952756
21
0.1604641732283464
0
LINE
8
BLACK
6
CONTINUOUS
10
0.5545576377952756
20
0.1604641732283464
11
0.5454423622047244
21
0.1604641732283464
0
LINE
8
BLACK
6
CONTINUOUS
10
0.5454423622047244
20
0.1604641732283464
11
0.5364051181102362
21
0.161653937007874
0
LINE
8
BLACK
6
CONTINUOUS
10
0.5364051181102362
20
0.161653937007874
11
0.5276004724409449
21
0.1640131496062992
0
LINE
8
BLACK
6
CONTINUOUS
10
0.5276004724409449
20
0.1640131496062992
11
0.519179094488189
21
0.1675013779527559
0
LINE
8
BLACK
6
CONTINUOUS
10
0.519179094488189
20
0.1675013779527559
11
0.5112850787401575
21
0.1720590157480315
0
LINE
8
BLACK
6
CONTINUOUS
10
0.5112850787401575
20
0.1720590157480315
11
0.5040534645669291
21
0.177608031496063
0
LINE
8
BLACK
6
CONTINUOUS
10
0.5040534645669291
20
0.177608031496063
11
0.497608031496063
21
0.1840534645669291
0
LINE
8
BLACK
6
CONTINUOUS
10
0.497608031496063
20
0.1840534645669291
11
0.4920590157480315
21
0.1912850787401575
0
LINE
8
BLACK
6
CONTINUOUS
10
0.4920590157480315
20
0.1912850787401575
11
0.4875013779527559
21
0.199179094488189
0
LINE
8
BLACK
6
CONTINUOUS
10
0.4875013779527559
20
0.199179094488189
11
0.4840131496062992
21
0.2076004724409449
0
LINE
8
BLACK
6
CONTINUOUS
10
0.4840131496062992
20
0.2076004724409449
11
0.481653937007874
21
0.2164051181102362
0
LINE
8
BLACK
6
CONTINUOUS
10
0.481653937007874
20
0.2164051181102362
11
0.4804641732283464
21
0.2254423622047244
0
LINE
8
BLACK
6
CONTINUOUS
10
0.4804641732283464
20
0.2254423622047244
11
0.4804641732283464
21
0.2345576377952756
0
LINE
8
BLACK
6
CONTINUOUS
10
0.4804641732283464
20
0.2345576377952756
11
0.481653937007874
21
0.2435948818897638
0
LINE
8
BLACK
6
CONTINUOUS
10
0.481653937007874
20
0.2435948818897638
11
0.4840131496062992
21
0.2523995275590551
0
LINE
8
BLACK
6
CONTINUOUS
10
0.4840131496062992
20
0.2523995275590551
11
0.4875013779527559
21
0.260820905511811
0
LINE
8
BLACK
6
CONTINUOUS
10
0.4875013779527559
20
0.260820905511811
11
0.4920590157480315
21
0.2687149212598425
0
LINE
8
BLACK
6
CONTINUOUS
10
0.4920590157480315
20
0.2687149212598425
11
0.497608031496063
21
0.2759465354330708
0
LINE
8
BLACK
6
CONTINUOUS
10
0.497608031496063
20
0.2759465354330708
11
0.5040534645669291
21
0.282391968503937
0
LINE
8
BLACK
6
CONTINUOUS
10
0.5040534645669291
20
0.282391968503937
11
0.5112850787401575
21
0.2879409842519685
0
LINE
8
BLACK
6
CONTINUOUS
10
0.5112850787401575
20
0.2879409842519685
11
0.519179094488189
21
0.2924986220472441
0
LINE
8
BLACK
6
CONTINUOUS
10
0.519179094488189
20
0.2924986220472441
11
0.5276004724409449
21
0.2959868503937008
0
LINE
8
BLACK
6
CONTINUOUS
10
0.5276004724409449
20
0.2959868503937008
11
0.5364051181102362
21
0.298346062992126
0
LINE
8
BLACK
6
CONTINUOUS
10
0.5364051181102362
20
0.298346062992126
11
0.5454423622047244
21
0.2995358267716535
0
LINE
8
BLACK
6
CONTINUOUS
10
0.5454423622047244
20
0.2995358267716535
11
0.5545576377952756
21
0.2995358267716535
0
LINE
8
BLACK
6
CONTINUOUS
10
0.5545576377952756
20
0.2995358267716535
11
0.5635948818897638
21
0.298346062992126
0
LINE
8
BLACK
6
CONTINUOUS
10
1.0635948818897638
20
0.298346062992126
11
1.072399527559055
21
0.2959868503937008
0
LINE
8
BLACK
6
CONTINUOUS
10
1.072399527559055
20
0.2959868503937008
11
1.080820905511811
21
0.2924986220472441
0
LINE
8
BLACK
6
CONTINUOUS
10
1.080820905511811
20
0.2924986220472441
11
1.0887149212598426
21
0.2879409842519685
0
LINE
8
BLACK
6
CONTINUOUS
10
1.0887149212598426
20
0.2879409842519685
11
1.0959465354330709
21
0.282391968503937
0
LINE
8
BLACK
6
CONTINUOUS
10
1.0959465354330709
20
0.282391968503937
11
1.1023919685039369
21
0.2759465354330708
0
LINE
8
BLACK
6
CONTINUOUS
10
1.1023919685039369
20
0.2759465354330708
11
1.1079409842519685
21
0.2687149212598425
0
LINE
8
BLACK
6
CONTINUOUS
10
1.1079409842519685
20
0.2687149212598425
11
1.1124986220472441
21
0.260820905511811
0
LINE
8
BLACK
6
CONTINUOUS
10
1.1124986220472441
20
0.260820905511811
11
1.1159868503937007
21
0.2523995275590551
0
LINE
8
BLACK
6
CONTINUOUS
10
1.1159868503937007
20
0.2523995275590551
11
1.118346062992126
21
0.2435948818897638
0
LINE
8
BLACK
6
CONTINUOUS
10
1.118346062992126
20
0.2435948818897638
11
1.1195358267716535
21
0.2345576377952756
0
LINE
8
BLACK
6
CONTINUOUS
10
1.1195358267716535
20
0.2345576377952756
11
1.1195358267716535
21
0.2254423622047244
0
LINE
8
BLACK
6
CONTINUOUS
10
1.1195358267716535
20
0.2254423622047244
11
1.118346062992126
21
0.2164051181102362
0
LINE
8
BLACK
6
CONTINUOUS
10
1.118346062992126
20
0.2164051181102362
11
1.1159868503937007
21
0.2076004724409449
0
LINE
8
BLACK
6
CONTINUOUS
10
1.1159868503937007
20
0.2076004724409449
11
1.1124986220472441
21
0.199179094488189
0
LINE
8
BLACK
6
CONTINUOUS
10
1.1124986220472441
20
0.199179094488189
11
1.1079409842519685
21
0.1912850787401575
0
LINE
8
BLACK
6
CONTINUOUS
10
1.1079409842519685
20
0.1912850787401575
11
1.1023919685039369
21
0.1840534645669291
0
LINE
8
BLACK
6
CONTINUOUS
10
1.1023919685039369
20
0.1840534645669291
11
1.0959465354330709
21
0.177608031496063
0
LINE
8
BLACK
6
CONTINUOUS
10
1.0959465354330709
20
0.177608031496063
11
1.0887149212598426
21
0.1720590157480315
0
LINE
8
BLACK
6
CONTINUOUS
10
1.0887149212598426
20
0.1720590157480315
11
1.080820905511811
21
0.1675013779527559
0
LINE
8
BLACK
6
CONTINUOUS
10
1.080820905511811
20
0.1675013779527559
11
1.072399527559055
21
0.1640131496062992
0
LINE
8
BLACK
6
CONTINUOUS
10
1.072399527559055
20
0.1640131496062992
11
1.0635948818897638
21
0.161653937007874
0
LINE
8
BLACK
6
CONTINUOUS
10
1.0635948818897638
20
0.161653937007874
11
1.0545576377952757
21
0.1604641732283464
0
LINE
8
BLACK
6
CONTINUOUS
10
1.0545576377952757
20
0.1604641732283464
11
1.0454423622047244
21
0.1604641732283464
0
LINE
8
BLACK
6
CONTINUOUS
10
1.0454423622047244
20
0.1604641732283464
11
1.0364051181102363
21
0.161653937007874
0
LINE
8
BLACK
6
CONTINUOUS
10
1.0364051181102363
20
0.161653937007874
11
1.0276004724409449
21
0.1640131496062992
0
LINE
8
BLACK
6
CONTINUOUS
10
1.0276004724409449
20
0.1640131496062992
11
1.0191790944881889
21
0.1675013779527559
0
LINE
8
BLACK
6
CONTINUOUS
10
1.0191790944881889
20
0.1675013779527559
11
1.0112850787401575
21
0.1720590157480315
0
LINE
8
BLACK
6
CONTINUOUS
10
1.0112850787401575
20
0.1720590157480315
11
1.004053464566929
21
0.177608031496063
0
LINE
8
BLACK
6
CONTINUOUS
10
1.004053464566929
20
0.177608031496063
11
0.9976080314960629
21
0.1840534645669291
0
LINE
8
BLACK
6
CONTINUOUS
10
0.9976080314960629
20
0.1840534645669291
11
0.9920590157480315
21
0.1912850787401575
0
LINE
8
BLACK
6
CONTINUOUS
10
0.9920590157480315
20
0.1912850787401575
11
0.9875013779527558
21
0.199179094488189
0
LINE
8
BLACK
6
CONTINUOUS
10
0.9875013779527558
20
0.199179094488189
11
0.9840131496062992
21
0.2076004724409449
0
LINE
8
BLACK
6
CONTINUOUS
10
0.9840131496062992
20
0.2076004724409449
11
0.981653937007874
21
0.2164051181102362
0
LINE
8
BLACK
6
CONTINUOUS
10
0.981653937007874
20
0.2164051181102362
11
0.9804641732283464
21
0.2254423622047244
0
LINE
8
BLACK
6
CONTINUOUS
10
0.9804641732283464
20
0.2254423622047244
11
0.9804641732283464
21
0.2345576377952756
0
LINE
8
BLACK
6
CONTINUOUS
10
0.9804641732283464
20
0.2345576377952756
11
0.981653937007874
21
0.2435948818897638
0
LINE
8
BLACK
6
CONTINUOUS
10
0.981653937007874
20
0.2435948818897638
11
0.9840131496062992
21
0.2523995275590551
0
LINE
8
BLACK
6
CONTINUOUS
10
0.9840131496062992
20
0.2523995275590551
11
0.9875013779527558
21
0.260820905511811
0
LINE
8
BLACK
6
CONTINUOUS
10
0.9875013779527558
20
0.260820905511811
11
0.9920590157480315
21
0.2687149212598425
0
LINE
8
BLACK
6
CONTINUOUS
10
0.9920590157480315
20
0.2687149212598425
11
0.9976080314960629
21
0.2759465354330708
0
LINE
8
BLACK
6
CONTINUOUS
10
0.9976080314960629
20
0.2759465354330708
11
1.004053464566929
21
0.282391968503937
0
LINE
8
BLACK
6
CONTINUOUS
10
1.004053464566929
20
0.282391968503937
11
1.0112850787401575
21
0.2879409842519685
0
LINE
8
BLACK
6
CONTINUOUS
10
1.0112850787401575
20
0.2879409842519685
11
1.0191790944881889
21
0.2924986220472441
0
LINE
8
BLACK
6
CONTINUOUS
10
1.0191790944881889
20
0.2924986220472441
11
1.0276004724409449
21
0.2959868503937008
0
LINE
8
BLACK
6
CONTINUOUS
10
1.0276004724409449
20
0.2959868503937008
11
1.0364051181102363
21
0.298346062992126
0
LINE
8
BLACK
6
CONTINUOUS
10
1.0364051181102363
20
0.298346062992126
11
1.0454423622047244
21
0.2995358267716535
0
LINE
8
BLACK
6
CONTINUOUS
10
1.0454423622047244
20
0.2995358267716535
11
1.0545576377952757
21
0.2995358267716535
0
LINE
8
BLACK
6
CONTINUOUS
10
1.0545576377952757
20
0.2995358267716535
11
1.0635948818897638
21
0.298346062992126
0
LINE
8
BLACK
6
CONTINUOUS
10
0.7087999606299212
20
0.3590096062992126
11
0.7142903543307086
21
0.3567353937007874
0
LINE
8
BLACK
6
CONTINUOUS
10
0.7142903543307086
20
0.3567353937007874
11
0.7192316141732283
21
0.3534337795275591
0
LINE
8
BLACK
6
CONTINUOUS
10
0.7192316141732283
20
0.3534337795275591
11
0.7234337795275591
21
0.3492316141732283
0
LINE
8
BLACK
6
CONTINUOUS
10
0.7234337795275591
20
0.3492316141732283
11
0.7267353937007874
21
0.3442903543307086
0
LINE
8
BLACK
6
CONTINUOUS
10
0.7267353937007874
20
0.3442903543307086
11
0.7290096062992126
21
0.3387999606299212
0
LINE
8
BLACK
6
CONTINUOUS
10
0.7290096062992126
20
0.3387999606299212
11
0.7301689763779527
21
0.3329713779527559
0
LINE
8
BLACK
6
CONTINUOUS
10
0.7301689763779527
20
0.3329713779527559
11
0.7301689763779527
21
0.3270286220472441
0
LINE
8
BLACK
6
CONTINUOUS
10
0.7301689763779527
20
0.3270286220472441
11
0.7290096062992126
21
0.3212000393700787
0
LINE
8
BLACK
6
CONTINUOUS
10
0.7290096062992126
20
0.3212000393700787
11
0.7267353937007874
21
0.3157096456692913
0
LINE
8
BLACK
6
CONTINUOUS
10
0.7267353937007874
20
0.3157096456692913
11
0.7234337795275591
21
0.3107683858267716
0
LINE
8
BLACK
6
CONTINUOUS
10
0.7234337795275591
20
0.3107683858267716
11
0.7192316141732283
21
0.3065662204724409
0
LINE
8
BLACK
6
CONTINUOUS
10
0.7192316141732283
20
0.3065662204724409
11
0.7142903543307086
21
0.3032646062992126
0
LINE
8
BLACK
6
CONTINUOUS
10
0.7142903543307086
20
0.3032646062992126
11
0.7087999606299212
21
0.3009903937007874
0
LINE
8
BLACK
6
CONTINUOUS
10
0.7087999606299212
20
0.3009903937007874
11
0.7029713779527559
21
0.2998310236220472
0
LINE
8
BLACK
6
CONTINUOUS
10
0.7029713779527559
20
0.2998310236220472
11
0.697028622047244
21
0.2998310236220472
0
LINE
8
BLACK
6
CONTINUOUS
10
0.697028622047244
20
0.2998310236220472
11
0.6912000393700787
21
0.3009903937007874
0
LINE
8
BLACK
6
CONTINUOUS
10
0.6912000393700787
20
0.3009903937007874
11
0.6857096456692913
21
0.3032646062992126
0
LINE
8
BLACK
6
CONTINUOUS
10
0.6857096456692913
20
0.3032646062992126
11
0.6807683858267717
21
0.3065662204724409
0
LINE
8
BLACK
6
CONTINUOUS
10
0.6807683858267717
20
0.3065662204724409
11
0.676566220472441
21
0.3107683858267716
0
LINE
8
BLACK
6
CONTINUOUS
10
0.676566220472441
20
0.3107683858267716
11
0.6732646062992126
21
0.3157096456692913
0
LINE
8
BLACK
6
CONTINUOUS
10
0.6732646062992126
20
0.3157096456692913
11
0.6709903937007874
21
0.3212000393700787
0
LINE
8
BLACK
6
CONTINUOUS
10
0.6709903937007874
20
0.3212000393700787
11
0.6698310236220473
21
0.3270286220472441
0
LINE
8
BLACK
6
CONTINUOUS
10
0.6698310236220473
20
0.3270286220472441
11
0.6698310236220473
21
0.3329713779527559
0
LINE
8
BLACK
6
CONTINUOUS
10
0.6698310236220473
20
0.3329713779527559
11
0.6709903937007874
21
0.3387999606299212
0
LINE
8
BLACK
6
CONTINUOUS
10
0.6709903937007874
20
0.3387999606299212
11
0.6732646062992126
21
0.3442903543307086
0
LINE
8
BLACK
6
CONTINUOUS
10
0.6732646062992126
20
0.3442903543307086
11
0.676566220472441
21
0.3492316141732283
0
LINE
8
BLACK
6
CONTINUOUS
10
0.676566220472441
20
0.3492316141732283
11
0.6807683858267717
21
0.3534337795275591
0
LINE
8
BLACK
6
CONTINUOUS
10
0.6807683858267717
20
0.3534337795275591
11
0.6857096456692913
21
0.3567353937007874
0
LINE
8
BLACK
6
CONTINUOUS
10
0.6857096456692913
20
0.3567353937007874
11
0.6912000393700787
21
0.3590096062992126
0
LINE
8
BLACK
6
CONTINUOUS
10
0.6912000393700787
20
0.3590096062992126
11
0.697028622047244
21
0.3601689763779528
0
LINE
8
BLACK
6
CONTINUOUS
10
0.697028622047244
20
0.3601689763779528
11
0.7029713779527559
21
0.3601689763779528
0
LINE
8
BLACK
6
CONTINUOUS
10
0.7029713779527559
20
0.3601689763779528
11
0.7087999606299212
21
0.3590096062992126
0
LINE
8
BLACK
6
CONTINUOUS
10
0.788721220472441
20
0.3590096062992126
11
0.7942116141732283
21
0.3567353937007874
0
LINE
8
BLACK
6
CONTINUOUS
10
0.7942116141732283
20
0.3567353937007874
11
0.799152874015748
21
0.3534337795275591
0
LINE
8
BLACK
6
CONTINUOUS
10
0.799152874015748
20
0.3534337795275591
11
0.8033550393700787
21
0.3492316141732283
0
LINE
8
BLACK
6
CONTINUOUS
10
0.8033550393700787
20
0.3492316141732283
11
0.8066566535433071
21
0.3442903543307086
0
LINE
8
BLACK
6
CONTINUOUS
10
0.8066566535433071
20
0.3442903543307086
11
0.8089308661417323
21
0.3387999606299212
0
LINE
8
BLACK
6
CONTINUOUS
10
0.8089308661417323
20
0.3387999606299212
11
0.8100902362204724
21
0.3329713779527559
0
LINE
8
BLACK
6
CONTINUOUS
10
0.8100902362204724
20
0.3329713779527559
11
0.8100902362204724
21
0.3270286220472441
0
LINE
8
BLACK
6
CONTINUOUS
10
0.8100902362204724
20
0.3270286220472441
11
0.8089308661417323
21
0.3212000393700787
0
LINE
8
BLACK
6
CONTINUOUS
10
0.8089308661417323
20
0.3212000393700787
11
0.8066566535433071
21
0.3157096456692913
0
LINE
8
BLACK
6
CONTINUOUS
10
0.8066566535433071
20
0.3157096456692913
11
0.8033550393700787
21
0.3107683858267716
0
LINE
8
BLACK
6
CONTINUOUS
10
0.8033550393700787
20
0.3107683858267716
11
0.799152874015748
21
0.3065662204724409
0
LINE
8
BLACK
6
CONTINUOUS
10
0.799152874015748
20
0.3065662204724409
11
0.7942116141732283
21
0.3032646062992126
0
LINE
8
BLACK
6
CONTINUOUS
10
0.7942116141732283
20
0.3032646062992126
11
0.788721220472441
21
0.3009903937007874
0
LINE
8
BLACK
6
CONTINUOUS
10
0.788721220472441
20
0.3009903937007874
11
0.7828926377952756
21
0.2998310236220472
0
LINE
8
BLACK
6
CONTINUOUS
10
0.7828926377952756
20
0.2998310236220472
11
0.7769498818897638
21
0.2998310236220472
0
LINE
8
BLACK
6
CONTINUOUS
10
0.7769498818897638
20
0.2998310236220472
11
0.7711212992125984
21
0.3009903937007874
0
LINE
8
BLACK
6
CONTINUOUS
10
0.7711212992125984
20
0.3009903937007874
11
0.765630905511811
21
0.3032646062992126
0
LINE
8
BLACK
6
CONTINUOUS
10
0.765630905511811
20
0.3032646062992126
11
0.7606896456692913
21
0.3065662204724409
0
LINE
8
BLACK
6
CONTINUOUS
10
0.7606896456692913
20
0.3065662204724409
11
0.7564874803149606
21
0.3107683858267716
0
LINE
8
BLACK
6
CONTINUOUS
10
0.7564874803149606
20
0.3107683858267716
11
0.7531858661417322
21
0.3157096456692913
0
LINE
8
BLACK
6
CONTINUOUS
10
0.7531858661417322
20
0.3157096456692913
11
0.750911653543307
21
0.3212000393700787
0
LINE
8
BLACK
6
CONTINUOUS
10
0.750911653543307
20
0.3212000393700787
11
0.7497522834645669
21
0.3270286220472441
0
LINE
8
BLACK
6
CONTINUOUS
10
0.7497522834645669
20
0.3270286220472441
11
0.7497522834645669
21
0.3329713779527559
0
LINE
8
BLACK
6
CONTINUOUS
10
0.7497522834645669
20
0.3329713779527559
11
0.750911653543307
21
0.3387999606299212
0
LINE
8
BLACK
6
CONTINUOUS
10
0.750911653543307
20
0.3387999606299212
11
0.7531858661417322
21
0.3442903543307086
0
LINE
8
BLACK
6
CONTINUOUS
10
0.7531858661417322
20
0.3442903543307086
11
0.7564874803149606
21
0.3492316141732283
0
LINE
8
BLACK
6
CONTINUOUS
10
0.7564874803149606
20
0.3492316141732283
11
0.7606896456692913
21
0.3534337795275591
0
LINE
8
BLACK
6
CONTINUOUS
10
0.7606896456692913
20
0.3534337795275591
11
0.765630905511811
21
0.3567353937007874
0
LINE
8
BLACK
6
CONTINUOUS
10
0.765630905511811
20
0.3567353937007874
11
0.7711212992125984
21
0.3590096062992126
0
LINE
8
BLACK
6
CONTINUOUS
10
0.7711212992125984
20
0.3590096062992126
11
0.7769498818897638
21
0.3601689763779528
0
LINE
8
BLACK
6
CONTINUOUS
10
0.7769498818897638
20
0.3601689763779528
11
0.7828926377952756
21
0.3601689763779528
0
LINE
8
BLACK
6
CONTINUOUS
10
0.7828926377952756
20
0.3601689763779528
11
0.788721220472441
21
0.3590096062992126
0
LINE
8
BLACK
6
CONTINUOUS
10
0.8686424803149606
20
0.3590096062992126
11
0.874132874015748
21
0.3567353937007874
0
LINE
8
BLACK
6
CONTINUOUS
10
0.874132874015748
20
0.3567353937007874
11
0.8790741338582677
21
0.3534337795275591
0
LINE
8
BLACK
6
CONTINUOUS
10
0.8790741338582677
20
0.3534337795275591
11
0.8832762992125984
21
0.3492316141732283
0
LINE
8
BLACK
6
CONTINUOUS
10
0.8832762992125984
20
0.3492316141732283
11
0.8865779133858267
21
0.3442903543307086
0
LINE
8
BLACK
6
CONTINUOUS
10
0.8865779133858267
20
0.3442903543307086
11
0.8888521259842519
21
0.3387999606299212
0
LINE
8
BLACK
6
CONTINUOUS
10
0.8888521259842519
20
0.3387999606299212
11
0.8900114960629921
21
0.3329713779527559
0
LINE
8
BLACK
6
CONTINUOUS
10
0.8900114960629921
20
0.3329713779527559
11
0.8900114960629921
21
0.3270286220472441
0
LINE
8
BLACK
6
CONTINUOUS
10
0.8900114960629921
20
0.3270286220472441
11
0.8888521259842519
21
0.3212000393700787
0
LINE
8
BLACK
6
CONTINUOUS
10
0.8888521259842519
20
0.3212000393700787
11
0.8865779133858267
21
0.3157096456692913
0
LINE
8
BLACK
6
CONTINUOUS
10
0.8865779133858267
20
0.3157096456692913
11
0.8832762992125984
21
0.3107683858267716
0
LINE
8
BLACK
6
CONTINUOUS
10
0.8832762992125984
20
0.3107683858267716
11
0.8790741338582677
21
0.3065662204724409
0
LINE
8
BLACK
6
CONTINUOUS
10
0.8790741338582677
20
0.3065662204724409
11
0.874132874015748
21
0.3032646062992126
0
LINE
8
BLACK
6
CONTINUOUS
10
0.874132874015748
20
0.3032646062992126
11
0.8686424803149606
21
0.3009903937007874
0
LINE
8
BLACK
6
CONTINUOUS
10
0.8686424803149606
20
0.3009903937007874
11
0.8628138976377953
21
0.2998310236220472
0
LINE
8
BLACK
6
CONTINUOUS
10
0.8628138976377953
20
0.2998310236220472
11
0.8568711417322834
21
0.2998310236220472
0
LINE
8
BLACK
6
CONTINUOUS
10
0.8568711417322834
20
0.2998310236220472
11
0.8510425590551181
21
0.3009903937007874
0
LINE
8
BLACK
6
CONTINUOUS
10
0.8510425590551181
20
0.3009903937007874
11
0.8455521653543306
21
0.3032646062992126
0
LINE
8
BLACK
6
CONTINUOUS
10
0.8455521653543306
20
0.3032646062992126
11
0.8406109055118111
21
0.3065662204724409
0
LINE
8
BLACK
6
CONTINUOUS
10
0.8406109055118111
20
0.3065662204724409
11
0.8364087401574803
21
0.3107683858267716
0
LINE
8
BLACK
6
CONTINUOUS
10
0.8364087401574803
20
0.3107683858267716
11
0.833107125984252
21
0.3157096456692913
0
LINE
8
BLACK
6
CONTINUOUS
10
0.833107125984252
20
0.3157096456692913
11
0.8308329133858268
21
0.3212000393700787
0
LINE
8
BLACK
6
CONTINUOUS
10
0.8308329133858268
20
0.3212000393700787
11
0.8296735433070866
21
0.3270286220472441
0
LINE
8
BLACK
6
CONTINUOUS
10
0.8296735433070866
20
0.3270286220472441
11
0.8296735433070866
21
0.3329713779527559
0
LINE
8
BLACK
6
CONTINUOUS
10
0.8296735433070866
20
0.3329713779527559
11
0.8308329133858268
21
0.3387999606299212
0
LINE
8
BLACK
6
CONTINUOUS
10
0.8308329133858268
20
0.3387999606299212
11
0.833107125984252
21
0.3442903543307086
0
LINE
8
BLACK
6
CONTINUOUS
10
0.833107125984252
20
0.3442903543307086
11
0.8364087401574803
21
0.3492316141732283
0
LINE
8
BLACK
6
CONTINUOUS
10
0.8364087401574803
20
0.3492316141732283
11
0.8406109055118111
21
0.3534337795275591
0
LINE
8
BLACK
6
CONTINUOUS
10
0.8406109055118111
20
0.3534337795275591
11
0.8455521653543306
21
0.3567353937007874
0
LINE
8
BLACK
6
CONTINUOUS
10
0.8455521653543306
20
0.3567353937007874
11
0.8510425590551181
21
0.3590096062992126
0
LINE
8
BLACK
6
CONTINUOUS
10
0.8510425590551181
20
0.3590096062992126
11
0.8568711417322834
21
0.3601689763779528
0
LINE
8
BLACK
6
CONTINUOUS
10
0.8568711417322834
20
0.3601689763779528
11
0.8628138976377953
21
0.3601689763779528
0
LINE
8
BLACK
6
CONTINUOUS
10
0.8628138976377953
20
0.3601689763779528
11
0.8686424803149606
21
0.3590096062992126
0
LINE
8
BLACK
6
CONTINUOUS
10
0.9485637401574802
20
0.3590096062992126
11
0.9540541338582677
21
0.3567353937007874
0
LINE
8
BLACK
6
CONTINUOUS
10
0.9540541338582677
20
0.3567353937007874
11
0.9589953937007873
21
0.3534337795275591
0
LINE
8
BLACK
6
CONTINUOUS
10
0.9589953937007873
20
0.3534337795275591
11
0.9631975590551181
21
0.3492316141732283
0
LINE
8
BLACK
6
CONTINUOUS
10
0.9631975590551181
20
0.3492316141732283
11
0.9664991732283464
21
0.3442903543307086
0
LINE
8
BLACK
6
CONTINUOUS
10
0.9664991732283464
20
0.3442903543307086
11
0.9687733858267716
21
0.3387999606299212
0
LINE
8
BLACK
6
CONTINUOUS
10
0.9687733858267716
20
0.3387999606299212
11
0.9699327559055118
21
0.3329713779527559
0
LINE
8
BLACK
6
CONTINUOUS
10
0.9699327559055118
20
0.3329713779527559
11
0.9699327559055118
21
0.3270286220472441
0
LINE
8
BLACK
6
CONTINUOUS
10
0.9699327559055118
20
0.3270286220472441
11
0.9687733858267716
21
0.3212000393700787
0
LINE
8
BLACK
6
CONTINUOUS
10
0.9687733858267716
20
0.3212000393700787
11
0.9664991732283464
21
0.3157096456692913
0
LINE
8
BLACK
6
CONTINUOUS
10
0.9664991732283464
20
0.3157096456692913
11
0.9631975590551181
21
0.3107683858267716
0
LINE
8
BLACK
6
CONTINUOUS
10
0.9631975590551181
20
0.3107683858267716
11
0.9589953937007873
21
0.3065662204724409
0
LINE
8
BLACK
6
CONTINUOUS
10
0.9589953937007873
20
0.3065662204724409
11
0.9540541338582677
21
0.3032646062992126
0
LINE
8
BLACK
6
CONTINUOUS
10
0.9540541338582677
20
0.3032646062992126
11
0.9485637401574802
21
0.3009903937007874
0
LINE
8
BLACK
6
CONTINUOUS
10
0.9485637401574802
20
0.3009903937007874
11
0.9427351574803149
21
0.2998310236220472
0
LINE
8
BLACK
6
CONTINUOUS
10
0.9427351574803149
20
0.2998310236220472
11
0.9367924015748031
21
0.2998310236220472
0
LINE
8
BLACK
6
CONTINUOUS
10
0.9367924015748031
20
0.2998310236220472
11
0.9309638188976378
21
0.3009903937007874
0
LINE
8
BLACK
6
CONTINUOUS
10
0.9309638188976378
20
0.3009903937007874
11
0.9254734251968504
21
0.3032646062992126
0
LINE
8
BLACK
6
CONTINUOUS
10
0.9254734251968504
20
0.3032646062992126
11
0.9205321653543307
21
0.3065662204724409
0
LINE
8
BLACK
6
CONTINUOUS
10
0.9205321653543307
20
0.3065662204724409
11
0.91633
21
0.3107683858267716
0
LINE
8
BLACK
6
CONTINUOUS
10
0.91633
20
0.3107683858267716
11
0.9130283858267716
21
0.3157096456692913
0
LINE
8
BLACK
6
CONTINUOUS
10
0.9130283858267716
20
0.3157096456692913
11
0.9107541732283464
21
0.3212000393700787
0
LINE
8
BLACK
6
CONTINUOUS
10
0.9107541732283464
20
0.3212000393700787
11
0.9095948031496063
21
0.3270286220472441
0
LINE
8
BLACK
6
CONTINUOUS
10
0.9095948031496063
20
0.3270286220472441
11
0.9095948031496063
21
0.3329713779527559
0
LINE
8
BLACK
6
CONTINUOUS
10
0.9095948031496063
20
0.3329713779527559
11
0.9107541732283464
21
0.3387999606299212
0
LINE
8
BLACK
6
CONTINUOUS
10
0.9107541732283464
20
0.3387999606299212
11
0.9130283858267716
21
0.3442903543307086
0
LINE
8
BLACK
6
CONTINUOUS
10
0.9130283858267716
20
0.3442903543307086
11
0.91633
21
0.3492316141732283
0
LINE
8
BLACK
6
CONTINUOUS
10
0.91633
20
0.3492316141732283
11
0.9205321653543307
21
0.3534337795275591
0
LINE
8
BLACK
6
CONTINUOUS
10
0.9205321653543307
20
0.3534337795275591
11
0.9254734251968504
21
0.3567353937007874
0
LINE
8
BLACK
6
CONTINUOUS
10
0.9254734251968504
20
0.3567353937007874
11
0.9309638188976378
21
0.3590096062992126
0
LINE
8
BLACK
6
CONTINUOUS
10
0.9309638188976378
20
0.3590096062992126
11
0.9367924015748031
21
0.3601689763779528
0
LINE
8
BLACK
6
CONTINUOUS
10
0.9367924015748031
20
0.3601689763779528
11
0.9427351574803149
21
0.3601689763779528
0
LINE
8
BLACK
6
CONTINUOUS
10
0.9427351574803149
20
0.3601689763779528
11
0.9485637401574802
21
0.3590096062992126
0
LINE
8
BLACK
6
CONTINUOUS
10
0.4915935433070866
20
0.413657874015748
11
0.4990554330708661
21
0.4112333464566929
0
LINE
8
BLACK
6
CONTINUOUS
10
0.4990554330708661
20
0.4112333464566929
11
0.5060461811023622
21
0.4076713779527559
0
LINE
8
BLACK
6
CONTINUOUS
10
0.5060461811023622
20
0.4076713779527559
11
0.5123936614173228
21
0.4030596850393701
0
LINE
8
BLACK
6
CONTINUOUS
10
0.5123936614173228
20
0.4030596850393701
11
0.5179415748031496
21
0.3975117716535433
0
LINE
8
BLACK
6
CONTINUOUS
10
0.5179415748031496
20
0.3975117716535433
11
0.5225532677165354
21
0.3911642913385827
0
LINE
8
BLACK
6
CONTINUOUS
10
0.5225532677165354
20
0.3911642913385827
11
0.5261152362204724
21
0.3841735433070866
0
LINE
8
BLACK
6
CONTINUOUS
10
0.5261152362204724
20
0.3841735433070866
11
0.5285397637795275
21
0.3767116535433071
0
LINE
8
BLACK
6
CONTINUOUS
10
0.5285397637795275
20
0.3767116535433071
11
0.5297671259842519
21
0.3689623228346456
0
LINE
8
BLACK
6
CONTINUOUS
10
0.5297671259842519
20
0.3689623228346456
11
0.5297671259842519
21
0.3611164173228346
0
LINE
8
BLACK
6
CONTINUOUS
10
0.5297671259842519
20
0.3611164173228346
11
0.5285397637795275
21
0.3533670866141732
0
LINE
8
BLACK
6
CONTINUOUS
10
0.5285397637795275
20
0.3533670866141732
11
0.5261152362204724
21
0.3459051968503937
0
LINE
8
BLACK
6
CONTINUOUS
10
0.5261152362204724
20
0.3459051968503937
11
0.5225532677165354
21
0.3389144488188977
0
LINE
8
BLACK
6
CONTINUOUS
10
0.5225532677165354
20
0.3389144488188977
11
0.5179415748031496
21
0.332566968503937
0
LINE
8
BLACK
6
CONTINUOUS
10
0.5179415748031496
20
0.332566968503937
11
0.5123936614173228
21
0.3270190551181102
0
LINE
8
BLACK
6
CONTINUOUS
10
0.5123936614173228
20
0.3270190551181102
11
0.5060461811023622
21
0.3224073622047244
0
LINE
8
BLACK
6
CONTINUOUS
10
0.5060461811023622
20
0.3224073622047244
11
0.4990554330708661
21
0.3188453937007874
0
LINE
8
BLACK
6
CONTINUOUS
10
0.4990554330708661
20
0.3188453937007874
11
0.4915935433070866
21
0.3164208661417323
0
LINE
8
BLACK
6
CONTINUOUS
10
0.4915935433070866
20
0.3164208661417323
11
0.4838442125984252
21
0.3151935039370078
0
LINE
8
BLACK
6
CONTINUOUS
10
0.4838442125984252
20
0.3151935039370078
11
0.4759983070866142
21
0.3151935039370078
0
LINE
8
BLACK
6
CONTINUOUS
10
0.4759983070866142
20
0.3151935039370078
11
0.4682489763779528
21
0.3164208661417323
0
LINE
8
BLACK
6
CONTINUOUS
10
0.4682489763779528
20
0.3164208661417323
11
0.4607870866141732
21
0.3188453937007874
0
LINE
8
BLACK
6
CONTINUOUS
10
0.4607870866141732
20
0.3188453937007874
11
0.4537963385826772
21
0.3224073622047244
0
LINE
8
BLACK
6
CONTINUOUS
10
0.4537963385826772
20
0.3224073622047244
11
0.4474488582677165
21
0.3270190551181102
0
LINE
8
BLACK
6
CONTINUOUS
10
0.4474488582677165
20
0.3270190551181102
11
0.4419009448818897
21
0.332566968503937
0
LINE
8
BLACK
6
CONTINUOUS
10
0.4419009448818897
20
0.332566968503937
11
0.4372892519685039
21
0.3389144488188977
0
LINE
8
BLACK
6
CONTINUOUS
10
0.4372892519685039
20
0.3389144488188977
11
0.4337272834645669
21
0.3459051968503937
0
LINE
8
BLACK
6
CONTINUOUS
10
0.4337272834645669
20
0.3459051968503937
11
0.4313027559055118
21
0.3533670866141732
0
LINE
8
BLACK
6
CONTINUOUS
10
0.4313027559055118
20
0.3533670866141732
11
0.4300753937007874
21
0.3611164173228346
0
LINE
8
BLACK
6
CONTINUOUS
10
0.4300753937007874
20
0.3611164173228346
11
0.4300753937007874
21
0.3689623228346456
0
LINE
8
BLACK
6
CONTINUOUS
10
0.4300753937007874
20
0.3689623228346456
11
0.4313027559055118
21
0.3767116535433071
0
LINE
8
BLACK
6
CONTINUOUS
10
0.4313027559055118
20
0.3767116535433071
11
0.4337272834645669
21
0.3841735433070866
0
LINE
8
BLACK
6
CONTINUOUS
10
0.4337272834645669
20
0.3841735433070866
11
0.4372892519685039
21
0.3911642913385827
0
LINE
8
BLACK
6
CONTINUOUS
10
0.4372892519685039
20
0.3911642913385827
11
0.4419009448818897
21
0.3975117716535433
0
LINE
8
BLACK
6
CONTINUOUS
10
0.4419009448818897
20
0.3975117716535433
11
0.4474488582677165
21
0.4030596850393701
0
LINE
8
BLACK
6
CONTINUOUS
10
0.4474488582677165
20
0.4030596850393701
11
0.4537963385826772
21
0.4076713779527559
0
LINE
8
BLACK
6
CONTINUOUS
10
0.4537963385826772
20
0.4076713779527559
11
0.4607870866141732
21
0.4112333464566929
0
LINE
8
BLACK
6
CONTINUOUS
10
0.4607870866141732
20
0.4112333464566929
11
0.4682489763779528
21
0.413657874015748
0
LINE
8
BLACK
6
CONTINUOUS
10
0.4682489763779528
20
0.413657874015748
11
0.4759983070866142
21
0.4148852362204724
0
LINE
8
BLACK
6
CONTINUOUS
10
0.4759983070866142
20
0.4148852362204724
11
0.4838442125984252
21
0.4148852362204724
0
LINE
8
BLACK
6
CONTINUOUS
10
0.4838442125984252
20
0.4148852362204724
11
0.4915935433070866
21
0.413657874015748
0
LINE
8
BLACK
6
CONTINUOUS
10
1.1317510236220472
20
0.413657874015748
11
1.1392129133858266
21
0.4112333464566929
0
LINE
8
BLACK
6
CONTINUOUS
10
1.1392129133858266
20
0.4112333464566929
11
1.1462036614173228
21
0.4076713779527559
0
LINE
8
BLACK
6
CONTINUOUS
10
1.1462036614173228
20
0.4076713779527559
11
1.1525511417322833
21
0.4030596850393701
0
LINE
8
BLACK
6
CONTINUOUS
10
1.1525511417322833
20
0.4030596850393701
11
1.1580990551181103
21
0.3975117716535433
0
LINE
8
BLACK
6
CONTINUOUS
10
1.1580990551181103
20
0.3975117716535433
11
1.162710748031496
21
0.3911642913385827
0
LINE
8
BLACK
6
CONTINUOUS
10
1.162710748031496
20
0.3911642913385827
11
1.166272716535433
21
0.3841735433070866
0
LINE
8
BLACK
6
CONTINUOUS
10
1.166272716535433
20
0.3841735433070866
11
1.1686972440944881
21
0.3767116535433071
0
LINE
8
BLACK
6
CONTINUOUS
10
1.1686972440944881
20
0.3767116535433071
11
1.1699246062992126
21
0.3689623228346456
0
LINE
8
BLACK
6
CONTINUOUS
10
1.1699246062992126
20
0.3689623228346456
11
1.1699246062992126
21
0.3611164173228346
0
LINE
8
BLACK
6
CONTINUOUS
10
1.1699246062992126
20
0.3611164173228346
11
1.1686972440944881
21
0.3533670866141732
0
LINE
8
BLACK
6
CONTINUOUS
10
1.1686972440944881
20
0.3533670866141732
11
1.166272716535433
21
0.3459051968503937
0
LINE
8
BLACK
6
CONTINUOUS
10
1.166272716535433
20
0.3459051968503937
11
1.162710748031496
21
0.3389144488188977
0
LINE
8
BLACK
6
CONTINUOUS
10
1.162710748031496
20
0.3389144488188977
11
1.1580990551181103
21
0.332566968503937
0
LINE
8
BLACK
6
CONTINUOUS
10
1.1580990551181103
20
0.332566968503937
11
1.1525511417322833
21
0.3270190551181102
0
LINE
8
BLACK
6
CONTINUOUS
10
1.1525511417322833
20
0.3270190551181102
11
1.1462036614173228
21
0.3224073622047244
0
LINE
8
BLACK
6
CONTINUOUS
10
1.1462036614173228
20
0.3224073622047244
11
1.1392129133858266
21
0.3188453937007874
0
LINE
8
BLACK
6
CONTINUOUS
10
1.1392129133858266
20
0.3188453937007874
11
1.1317510236220472
21
0.3164208661417323
0
LINE
8
BLACK
6
CONTINUOUS
10
1.1317510236220472
20
0.3164208661417323
11
1.1240016929133858
21
0.3151935039370078
0
LINE
8
BLACK
6
CONTINUOUS
10
1.1240016929133858
20
0.3151935039370078
11
1.1161557874015748
21
0.3151935039370078
0
LINE
8
BLACK
6
CONTINUOUS
10
1.1161557874015748
20
0.3151935039370078
11
1.1084064566929133
21
0.3164208661417323
0
LINE
8
BLACK
6
CONTINUOUS
10
1.1084064566929133
20
0.3164208661417323
11
1.1009445669291338
21
0.3188453937007874
0
LINE
8
BLACK
6
CONTINUOUS
10
1.1009445669291338
20
0.3188453937007874
11
1.0939538188976379
21
0.3224073622047244
0
LINE
8
BLACK
6
CONTINUOUS
10
1.0939538188976379
20
0.3224073622047244
11
1.0876063385826771
21
0.3270190551181102
0
LINE
8
BLACK
6
CONTINUOUS
10
1.0876063385826771
20
0.3270190551181102
11
1.0820584251968504
21
0.332566968503937
0
LINE
8
BLACK
6
CONTINUOUS
10
1.0820584251968504
20
0.332566968503937
11
1.0774467322834644
21
0.3389144488188977
0
LINE
8
BLACK
6
CONTINUOUS
10
1.0774467322834644
20
0.3389144488188977
11
1.0738847637795275
21
0.3459051968503937
0
LINE
8
BLACK
6
CONTINUOUS
10
1.0738847637795275
20
0.3459051968503937
11
1.0714602362204724
21
0.3533670866141732
0
LINE
8
BLACK
6
CONTINUOUS
10
1.0714602362204724
20
0.3533670866141732
11
1.0702328740157481
21
0.3611164173228346
0
LINE
8
BLACK
6
CONTINUOUS
10
1.0702328740157481
20
0.3611164173228346
11
1.0702328740157481
21
0.3689623228346456
0
LINE
8
BLACK
6
CONTINUOUS
10
1.0702328740157481
20
0.3689623228346456
11
1.0714602362204724
21
0.3767116535433071
0
LINE
8
BLACK
6
CONTINUOUS
10
1.0714602362204724
20
0.3767116535433071
11
1.0738847637795275
21
0.3841735433070866
0
LINE
8
BLACK
6
CONTINUOUS
10
1.0738847637795275
20
0.3841735433070866
11
1.0774467322834644
21
0.3911642913385827
0
LINE
8
BLACK
6
CONTINUOUS
10
1.0774467322834644
20
0.3911642913385827
11
1.0820584251968504
21
0.3975117716535433
0
LINE
8
BLACK
6
CONTINUOUS
10
1.0820584251968504
20
0.3975117716535433
11
1.0876063385826771
21
0.4030596850393701
0
LINE
8
BLACK
6
CONTINUOUS
10
1.0876063385826771
20
0.4030596850393701
11
1.0939538188976379
21
0.4076713779527559
0
LINE
8
BLACK
6
CONTINUOUS
10
1.0939538188976379
20
0.4076713779527559
11
1.1009445669291338
21
0.4112333464566929
0
LINE
8
BLACK
6
CONTINUOUS
10
1.1009445669291338
20
0.4112333464566929
11
1.1084064566929133
21
0.413657874015748
0
LINE
8
BLACK
6
CONTINUOUS
10
1.1084064566929133
20
0.413657874015748
11
1.1161557874015748
21
0.4148852362204724
0
LINE
8
BLACK
6
CONTINUOUS
10
1.1161557874015748
20
0.4148852362204724
11
1.1240016929133858
21
0.4148852362204724
0
LINE
8
BLACK
6
CONTINUOUS
10
1.1240016929133858
20
0.4148852362204724
11
1.1317510236220472
21
0.413657874015748
0
LINE
8
BLACK
6
CONTINUOUS
10
0.3518079527559055
20
0.3968648031496063
11
0.3533406692913386
21
0.3958406692913386
0
LINE
8
BLACK
6
CONTINUOUS
10
0.3533406692913386
20
0.3958406692913386
11
0.3543648031496063
21
0.3943079527559055
0
LINE
8
BLACK
6
CONTINUOUS
10
0.3543648031496063
20
0.3943079527559055
11
0.3547244094488189
21
0.3925
0
LINE
8
BLACK
6
CONTINUOUS
10
0.3547244094488189
20
0.3925
11
0.3547244094488189
21
0.3375
0
LINE
8
BLACK
6
CONTINUOUS
10
0.3547244094488189
20
0.3375
11
0.3543648031496063
21
0.3356920472440945
0
LINE
8
BLACK
6
CONTINUOUS
10
0.3543648031496063
20
0.3356920472440945
11
0.3533406692913386
21
0.3341593307086614
0
LINE
8
BLACK
6
CONTINUOUS
10
0.3533406692913386
20
0.3341593307086614
11
0.3518079527559055
21
0.3331351968503937
0
LINE
8
BLACK
6
CONTINUOUS
10
0.3518079527559055
20
0.3331351968503937
11
0.35
21
0.3327755905511811
0
LINE
8
BLACK
6
CONTINUOUS
10
0.35
20
0.3327755905511811
11
0.315
21
0.3327755905511811
0
LINE
8
BLACK
6
CONTINUOUS
10
0.315
20
0.3327755905511811
11
0.3131920472440945
21
0.3331351968503937
0
LINE
8
BLACK
6
CONTINUOUS
10
0.3131920472440945
20
0.3331351968503937
11
0.3116593307086614
21
0.3341593307086614
0
LINE
8
BLACK
6
CONTINUOUS
10
0.3116593307086614
20
0.3341593307086614
11
0.3106351968503937
21
0.3356920472440945
0
LINE
8
BLACK
6
CONTINUOUS
10
0.3106351968503937
20
0.3356920472440945
11
0.3102755905511811
21
0.3375
0
LINE
8
BLACK
6
CONTINUOUS
10
0.3102755905511811
20
0.3375
11
0.3102755905511811
21
0.3925
0
LINE
8
BLACK
6
CONTINUOUS
10
0.3102755905511811
20
0.3925
11
0.3106351968503937
21
0.3943079527559055
0
LINE
8
BLACK
6
CONTINUOUS
10
0.3106351968503937
20
0.3943079527559055
11
0.3116593307086614
21
0.3958406692913386
0
LINE
8
BLACK
6
CONTINUOUS
10
0.3116593307086614
20
0.3958406692913386
11
0.3131920472440945
21
0.3968648031496063
0
LINE
8
BLACK
6
CONTINUOUS
10
0.3131920472440945
20
0.3968648031496063
11
0.315
21
0.3972244094488189
0
LINE
8
BLACK
6
CONTINUOUS
10
0.315
20
0.3972244094488189
11
0.35
21
0.3972244094488189
0
LINE
8
BLACK
6
CONTINUOUS
10
0.35
20
0.3972244094488189
11
0.3518079527559055
21
0.3968648031496063
0
LINE
8
BLACK
6
CONTINUOUS
10
0.4268079527559055
20
0.3968648031496063
11
0.4283406692913386
21
0.3958406692913386
0
LINE
8
BLACK
6
CONTINUOUS
10
0.4283406692913386
20
0.3958406692913386
11
0.4293648031496063
21
0.3943079527559055
0
LINE
8
BLACK
6
CONTINUOUS
10
0.4293648031496063
20
0.3943079527559055
11
0.4297244094488189
21
0.3925
0
LINE
8
BLACK
6
CONTINUOUS
10
0.4297244094488189
20
0.3925
11
0.4297244094488189
21
0.3375
0
LINE
8
BLACK
6
CONTINUOUS
10
0.4297244094488189
20
0.3375
11
0.4293648031496063
21
0.3356920472440945
0
LINE
8
BLACK
6
CONTINUOUS
10
0.4293648031496063
20
0.3356920472440945
11
0.4283406692913386
21
0.3341593307086614
0
LINE
8
BLACK
6
CONTINUOUS
10
0.4283406692913386
20
0.3341593307086614
11
0.4268079527559055
21
0.3331351968503937
0
LINE
8
BLACK
6
CONTINUOUS
10
0.4268079527559055
20
0.3331351968503937
11
0.425
21
0.3327755905511811
0
LINE
8
BLACK
6
CONTINUOUS
10
0.425
20
0.3327755905511811
11
0.39
21
0.3327755905511811
0
LINE
8
BLACK
6
CONTINUOUS
10
0.39
20
0.3327755905511811
11
0.3881920472440945
21
0.3331351968503937
0
LINE
8
BLACK
6
CONTINUOUS
10
0.3881920472440945
20
0.3331351968503937
11
0.3866593307086614
21
0.3341593307086614
0
LINE
8
BLACK
6
CONTINUOUS
10
0.3866593307086614
20
0.3341593307086614
11
0.3856351968503937
21
0.3356920472440945
0
LINE
8
BLACK
6
CONTINUOUS
10
0.3856351968503937
20
0.3356920472440945
11
0.3852755905511811
21
0.3375
0
LINE
8
BLACK
6
CONTINUOUS
10
0.3852755905511811
20
0.3375
11
0.3852755905511811
21
0.3925
0
LINE
8
BLACK
6
CONTINUOUS
10
0.3852755905511811
20
0.3925
11
0.3856351968503937
21
0.3943079527559055
0
LINE
8
BLACK
6
CONTINUOUS
10
0.3856351968503937
20
0.3943079527559055
11
0.3866593307086614
21
0.3958406692913386
0
LINE
8
BLACK
6
CONTINUOUS
10
0.3866593307086614
20
0.3958406692913386
11
0.3881920472440945
21
0.3968648031496063
0
LINE
8
BLACK
6
CONTINUOUS
10
0.3881920472440945
20
0.3968648031496063
11
0.39
21
0.3972244094488189
0
LINE
8
BLACK
6
CONTINUOUS
10
0.39
20
0.3972244094488189
11
0.425
21
0.3972244094488189
0
LINE
8
BLACK
6
CONTINUOUS
10
0.425
20
0.3972244094488189
11
0.4268079527559055
21
0.3968648031496063
0
LINE
8
BLACK
6
CONTINUOUS
10
1.4318079527559056
20
0.4243648031496063
11
1.4333406692913386
21
0.4233406692913386
0
LINE
8
BLACK
6
CONTINUOUS
10
1.4333406692913386
20
0.4233406692913386
11
1.4343648031496063
21
0.4218079527559055
0
LINE
8
BLACK
6
CONTINUOUS
10
1.4343648031496063
20
0.4218079527559055
11
1.434724409448819
21
0.42
0
LINE
8
BLACK
6
CONTINUOUS
10
1.434724409448819
20
0.42
11
1.434724409448819
21
0.36
0
LINE
8
BLACK
6
CONTINUOUS
10
1.434724409448819
20
0.36
11
1.4343648031496063
21
0.3581920472440945
0
LINE
8
BLACK
6
CONTINUOUS
10
1.4343648031496063
20
0.3581920472440945
11
1.4333406692913386
21
0.3566593307086614
0
LINE
8
BLACK
6
CONTINUOUS
10
1.4333406692913386
20
0.3566593307086614
11
1.4318079527559056
21
0.3556351968503937
0
LINE
8
BLACK
6
CONTINUOUS
10
1.4318079527559056
20
0.3556351968503937
11
1.4299999999999999
21
0.3552755905511811
0
LINE
8
BLACK
6
CONTINUOUS
10
1.4299999999999999
20
0.3552755905511811
11
1.3699999999999999
21
0.3552755905511811
0
LINE
8
BLACK
6
CONTINUOUS
10
1.3699999999999999
20
0.3552755905511811
11
1.3681920472440945
21
0.3556351968503937
0
LINE
8
BLACK
6
CONTINUOUS
10
1.3681920472440945
20
0.3556351968503937
11
1.3666593307086614
21
0.3566593307086614
0
LINE
8
BLACK
6
CONTINUOUS
10
1.3666593307086614
20
0.3566593307086614
11
1.3656351968503937
21
0.3581920472440945
0
LINE
8
BLACK
6
CONTINUOUS
10
1.3656351968503937
20
0.3581920472440945
11
1.3652755905511811
21
0.36
0
LINE
8
BLACK
6
CONTINUOUS
10
1.3652755905511811
20
0.36
11
1.3652755905511811
21
0.42
0
LINE
8
BLACK
6
CONTINUOUS
10
1.3652755905511811
20
0.42
11
1.3656351968503937
21
0.4218079527559055
0
LINE
8
BLACK
6
CONTINUOUS
10
1.3656351968503937
20
0.4218079527559055
11
1.3666593307086614
21
0.4233406692913386
0
LINE
8
BLACK
6
CONTINUOUS
10
1.3666593307086614
20
0.4233406692913386
11
1.3681920472440945
21
0.4243648031496063
0
LINE
8
BLACK
6
CONTINUOUS
10
1.3681920472440945
20
0.4243648031496063
11
1.3699999999999999
21
0.4247244094488189
0
LINE
8
BLACK
6
CONTINUOUS
10
1.3699999999999999
20
0.4247244094488189
11
1.4299999999999999
21
0.4247244094488189
0
LINE
8
BLACK
6
CONTINUOUS
10
1.4299999999999999
20
0.4247244094488189
11
1.4318079527559056
21
0.4243648031496063
0
LINE
8
BLACK
6
CONTINUOUS
10
1.5318079527559054
20
0.4243648031496063
11
1.5333406692913385
21
0.4233406692913386
0
LINE
8
BLACK
6
CONTINUOUS
10
1.5333406692913385
20
0.4233406692913386
11
1.5343648031496062
21
0.4218079527559055
0
LINE
8
BLACK
6
CONTINUOUS
10
1.5343648031496062
20
0.4218079527559055
11
1.5347244094488188
21
0.42
0
LINE
8
BLACK
6
CONTINUOUS
10
1.5347244094488188
20
0.42
11
1.5347244094488188
21
0.36
0
LINE
8
BLACK
6
CONTINUOUS
10
1.5347244094488188
20
0.36
11
1.5343648031496062
21
0.3581920472440945
0
LINE
8
BLACK
6
CONTINUOUS
10
1.5343648031496062
20
0.3581920472440945
11
1.5333406692913385
21
0.3566593307086614
0
LINE
8
BLACK
6
CONTINUOUS
10
1.5333406692913385
20
0.3566593307086614
11
1.5318079527559054
21
0.3556351968503937
0
LINE
8
BLACK
6
CONTINUOUS
10
1.5318079527559054
20
0.3556351968503937
11
1.53
21
0.3552755905511811
0
LINE
8
BLACK
6
CONTINUOUS
10
1.53
20
0.3552755905511811
11
1.47
21
0.3552755905511811
0
LINE
8
BLACK
6
CONTINUOUS
10
1.47
20
0.3552755905511811
11
1.4681920472440944
21
0.3556351968503937
0
LINE
8
BLACK
6
CONTINUOUS
10
1.4681920472440944
20
0.3556351968503937
11
1.4666593307086613
21
0.3566593307086614
0
LINE
8
BLACK
6
CONTINUOUS
10
1.4666593307086613
20
0.3566593307086614
11
1.4656351968503936
21
0.3581920472440945
0
LINE
8
BLACK
6
CONTINUOUS
10
1.4656351968503936
20
0.3581920472440945
11
1.4652755905511812
21
0.36
0
LINE
8
BLACK
6
CONTINUOUS
10
1.4652755905511812
20
0.36
11
1.4652755905511812
21
0.42
0
LINE
8
BLACK
6
CONTINUOUS
10
1.4652755905511812
20
0.42
11
1.4656351968503936
21
0.4218079527559055
0
LINE
8
BLACK
6
CONTINUOUS
10
1.4656351968503936
20
0.4218079527559055
11
1.4666593307086613
21
0.4233406692913386
0
LINE
8
BLACK
6
CONTINUOUS
10
1.4666593307086613
20
0.4233406692913386
11
1.4681920472440944
21
0.4243648031496063
0
LINE
8
BLACK
6
CONTINUOUS
10
1.4681920472440944
20
0.4243648031496063
11
1.47
21
0.4247244094488189
0
LINE
8
BLACK
6
CONTINUOUS
10
1.47
20
0.4247244094488189
11
1.53
21
0.4247244094488189
0
LINE
8
BLACK
6
CONTINUOUS
10
1.53
20
0.4247244094488189
11
1.5318079527559054
21
0.4243648031496063
0
LINE
8
BLACK
6
CONTINUOUS
10
0.6686424803149607
20
0.4290883464566929
11
0.6741328740157481
21
0.4268141338582677
0
LINE
8
BLACK
6
CONTINUOUS
10
0.6741328740157481
20
0.4268141338582677
11
0.6790741338582676
21
0.4235125196850393
0
LINE
8
BLACK
6
CONTINUOUS
10
0.6790741338582676
20
0.4235125196850393
11
0.6832762992125984
21
0.4193103543307087
0
LINE
8
BLACK
6
CONTINUOUS
10
0.6832762992125984
20
0.4193103543307087
11
0.6865779133858267
21
0.414369094488189
0
LINE
8
BLACK
6
CONTINUOUS
10
0.6865779133858267
20
0.414369094488189
11
0.6888521259842519
21
0.4088787007874016
0
LINE
8
BLACK
6
CONTINUOUS
10
0.6888521259842519
20
0.4088787007874016
11
0.6900114960629921
21
0.4030501181102362
0
LINE
8
BLACK
6
CONTINUOUS
10
0.6900114960629921
20
0.4030501181102362
11
0.6900114960629921
21
0.3971073622047244
0
LINE
8
BLACK
6
CONTINUOUS
10
0.6900114960629921
20
0.3971073622047244
11
0.6888521259842519
21
0.3912787795275591
0
LINE
8
BLACK
6
CONTINUOUS
10
0.6888521259842519
20
0.3912787795275591
11
0.6865779133858267
21
0.3857883858267717
0
LINE
8
BLACK
6
CONTINUOUS
10
0.6865779133858267
20
0.3857883858267717
11
0.6832762992125984
21
0.380847125984252
0
LINE
8
BLACK
6
CONTINUOUS
10
0.6832762992125984
20
0.380847125984252
11
0.6790741338582676
21
0.3766449606299213
0
LINE
8
BLACK
6
CONTINUOUS
10
0.6790741338582676
20
0.3766449606299213
11
0.6741328740157481
21
0.3733433464566929
0
LINE
8
BLACK
6
CONTINUOUS
10
0.6741328740157481
20
0.3733433464566929
11
0.6686424803149607
21
0.3710691338582677
0
LINE
8
BLACK
6
CONTINUOUS
10
0.6686424803149607
20
0.3710691338582677
11
0.6628138976377953
21
0.3699097637795276
0
LINE
8
BLACK
6
CONTINUOUS
10
0.6628138976377953
20
0.3699097637795276
11
0.6568711417322834
21
0.3699097637795276
0
LINE
8
BLACK
6
CONTINUOUS
10
0.6568711417322834
20
0.3699097637795276
11
0.6510425590551181
21
0.3710691338582677
0
LINE
8
BLACK
6
CONTINUOUS
10
0.6510425590551181
20
0.3710691338582677
11
0.6455521653543307
21
0.3733433464566929
0
LINE
8
BLACK
6
CONTINUOUS
10
0.6455521653543307
20
0.3733433464566929
11
0.640610905511811
21
0.3766449606299213
0
LINE
8
BLACK
6
CONTINUOUS
10
0.640610905511811
20
0.3766449606299213
11
0.6364087401574803
21
0.380847125984252
0
LINE
8
BLACK
6
CONTINUOUS
10
0.6364087401574803
20
0.380847125984252
11
0.633107125984252
21
0.3857883858267717
0
LINE
8
BLACK
6
CONTINUOUS
10
0.633107125984252
20
0.3857883858267717
11
0.6308329133858268
21
0.3912787795275591
0
LINE
8
BLACK
6
CONTINUOUS
10
0.6308329133858268
20
0.3912787795275591
11
0.6296735433070866
21
0.3971073622047244
0
LINE
8
BLACK
6
CONTINUOUS
10
0.6296735433070866
20
0.3971073622047244
11
0.6296735433070866
21
0.4030501181102362
0
LINE
8
BLACK
6
CONTINUOUS
10
0.6296735433070866
20
0.4030501181102362
11
0.6308329133858268
21
0.4088787007874016
0
LINE
8
BLACK
6
CONTINUOUS
10
0.6308329133858268
20
0.4088787007874016
11
0.633107125984252
21
0.414369094488189
0
LINE
8
BLACK
6
CONTINUOUS
10
0.633107125984252
20
0.414369094488189
11
0.6364087401574803
21
0.4193103543307087
0
LINE
8
BLACK
6
CONTINUOUS
10
0.6364087401574803
20
0.4193103543307087
11
0.640610905511811
21
0.4235125196850393
0
LINE
8
BLACK
6
CONTINUOUS
10
0.640610905511811
20
0.4235125196850393
11
0.6455521653543307
21
0.4268141338582677
0
LINE
8
BLACK
6
CONTINUOUS
10
0.6455521653543307
20
0.4268141338582677
11
0.6510425590551181
21
0.4290883464566929
0
LINE
8
BLACK
6
CONTINUOUS
10
0.6510425590551181
20
0.4290883464566929
11
0.6568711417322834
21
0.430247716535433
0
LINE
8
BLACK
6
CONTINUOUS
10
0.6568711417322834
20
0.430247716535433
11
0.6628138976377953
21
0.430247716535433
0
LINE
8
BLACK
6
CONTINUOUS
10
0.6628138976377953
20
0.430247716535433
11
0.6686424803149607
21
0.4290883464566929
0
LINE
8
BLACK
6
CONTINUOUS
10
0.7485637401574803
20
0.4290883464566929
11
0.7540541338582677
21
0.4268141338582677
0
LINE
8
BLACK
6
CONTINUOUS
10
0.7540541338582677
20
0.4268141338582677
11
0.7589953937007874
21
0.4235125196850393
0
LINE
8
BLACK
6
CONTINUOUS
10
0.7589953937007874
20
0.4235125196850393
11
0.7631975590551181
21
0.4193103543307087
0
LINE
8
BLACK
6
CONTINUOUS
10
0.7631975590551181
20
0.4193103543307087
11
0.7664991732283465
21
0.414369094488189
0
LINE
8
BLACK
6
CONTINUOUS
10
0.7664991732283465
20
0.414369094488189
11
0.7687733858267717
21
0.4088787007874016
0
LINE
8
BLACK
6
CONTINUOUS
10
0.7687733858267717
20
0.4088787007874016
11
0.7699327559055118
21
0.4030501181102362
0
LINE
8
BLACK
6
CONTINUOUS
10
0.7699327559055118
20
0.4030501181102362
11
0.7699327559055118
21
0.3971073622047244
0
LINE
8
BLACK
6
CONTINUOUS
10
0.7699327559055118
20
0.3971073622047244
11
0.7687733858267717
21
0.3912787795275591
0
LINE
8
BLACK
6
CONTINUOUS
10
0.7687733858267717
20
0.3912787795275591
11
0.7664991732283465
21
0.3857883858267717
0
LINE
8
BLACK
6
CONTINUOUS
10
0.7664991732283465
20
0.3857883858267717
11
0.7631975590551181
21
0.380847125984252
0
LINE
8
BLACK
6
CONTINUOUS
10
0.7631975590551181
20
0.380847125984252
11
0.7589953937007874
21
0.3766449606299213
0
LINE
8
BLACK
6
CONTINUOUS
10
0.7589953937007874
20
0.3766449606299213
11
0.7540541338582677
21
0.3733433464566929
0
LINE
8
BLACK
6
CONTINUOUS
10
0.7540541338582677
20
0.3733433464566929
11
0.7485637401574803
21
0.3710691338582677
0
LINE
8
BLACK
6
CONTINUOUS
10
0.7485637401574803
20
0.3710691338582677
11
0.7427351574803149
21
0.3699097637795276
0
LINE
8
BLACK
6
CONTINUOUS
10
0.7427351574803149
20
0.3699097637795276
11
0.7367924015748031
21
0.3699097637795276
0
LINE
8
BLACK
6
CONTINUOUS
10
0.7367924015748031
20
0.3699097637795276
11
0.7309638188976377
21
0.3710691338582677
0
LINE
8
BLACK
6
CONTINUOUS
10
0.7309638188976377
20
0.3710691338582677
11
0.7254734251968504
21
0.3733433464566929
0
LINE
8
BLACK
6
CONTINUOUS
10
0.7254734251968504
20
0.3733433464566929
11
0.7205321653543307
21
0.3766449606299213
0
LINE
8
BLACK
6
CONTINUOUS
10
0.7205321653543307
20
0.3766449606299213
11
0.71633
21
0.380847125984252
0
LINE
8
BLACK
6
CONTINUOUS
10
0.71633
20
0.380847125984252
11
0.7130283858267716
21
0.3857883858267717
0
LINE
8
BLACK
6
CONTINUOUS
10
0.7130283858267716
20
0.3857883858267717
11
0.7107541732283464
21
0.3912787795275591
0
LINE
8
BLACK
6
CONTINUOUS
10
0.7107541732283464
20
0.3912787795275591
11
0.7095948031496063
21
0.3971073622047244
0
LINE
8
BLACK
6
CONTINUOUS
10
0.7095948031496063
20
0.3971073622047244
11
0.7095948031496063
21
0.4030501181102362
0
LINE
8
BLACK
6
CONTINUOUS
10
0.7095948031496063
20
0.4030501181102362
11
0.7107541732283464
21
0.4088787007874016
0
LINE
8
BLACK
6
CONTINUOUS
10
0.7107541732283464
20
0.4088787007874016
11
0.7130283858267716
21
0.414369094488189
0
LINE
8
BLACK
6
CONTINUOUS
10
0.7130283858267716
20
0.414369094488189
11
0.71633
21
0.4193103543307087
0
LINE
8
BLACK
6
CONTINUOUS
10
0.71633
20
0.4193103543307087
11
0.7205321653543307
21
0.4235125196850393
0
LINE
8
BLACK
6
CONTINUOUS
10
0.7205321653543307
20
0.4235125196850393
11
0.7254734251968504
21
0.4268141338582677
0
LINE
8
BLACK
6
CONTINUOUS
10
0.7254734251968504
20
0.4268141338582677
11
0.7309638188976377
21
0.4290883464566929
0
LINE
8
BLACK
6
CONTINUOUS
10
0.7309638188976377
20
0.4290883464566929
11
0.7367924015748031
21
0.430247716535433
0
LINE
8
BLACK
6
CONTINUOUS
10
0.7367924015748031
20
0.430247716535433
11
0.7427351574803149
21
0.430247716535433
0
LINE
8
BLACK
6
CONTINUOUS
10
0.7427351574803149
20
0.430247716535433
11
0.7485637401574803
21
0.4290883464566929
0
LINE
8
BLACK
6
CONTINUOUS
10
0.828485
20
0.4290883464566929
11
0.8339753937007874
21
0.4268141338582677
0
LINE
8
BLACK
6
CONTINUOUS
10
0.8339753937007874
20
0.4268141338582677
11
0.838916653543307
21
0.4235125196850393
0
LINE
8
BLACK
6
CONTINUOUS
10
0.838916653543307
20
0.4235125196850393
11
0.8431188188976377
21
0.4193103543307087
0
LINE
8
BLACK
6
CONTINUOUS
10
0.8431188188976377
20
0.4193103543307087
11
0.8464204330708661
21
0.414369094488189
0
LINE
8
BLACK
6
CONTINUOUS
10
0.8464204330708661
20
0.414369094488189
11
0.8486946456692913
21
0.4088787007874016
0
LINE
8
BLACK
6
CONTINUOUS
10
0.8486946456692913
20
0.4088787007874016
11
0.8498540157480314
21
0.4030501181102362
0
LINE
8
BLACK
6
CONTINUOUS
10
0.8498540157480314
20
0.4030501181102362
11
0.8498540157480314
21
0.3971073622047244
0
LINE
8
BLACK
6
CONTINUOUS
10
0.8498540157480314
20
0.3971073622047244
11
0.8486946456692913
21
0.3912787795275591
0
LINE
8
BLACK
6
CONTINUOUS
10
0.8486946456692913
20
0.3912787795275591
11
0.8464204330708661
21
0.3857883858267717
0
LINE
8
BLACK
6
CONTINUOUS
10
0.8464204330708661
20
0.3857883858267717
11
0.8431188188976377
21
0.380847125984252
0
LINE
8
BLACK
6
CONTINUOUS
10
0.8431188188976377
20
0.380847125984252
11
0.838916653543307
21
0.3766449606299213
0
LINE
8
BLACK
6
CONTINUOUS
10
0.838916653543307
20
0.3766449606299213
11
0.8339753937007874
21
0.3733433464566929
0
LINE
8
BLACK
6
CONTINUOUS
10
0.8339753937007874
20
0.3733433464566929
11
0.828485
21
0.3710691338582677
0
LINE
8
BLACK
6
CONTINUOUS
10
0.828485
20
0.3710691338582677
11
0.8226564173228347
21
0.3699097637795276
0
LINE
8
BLACK
6
CONTINUOUS
10
0.8226564173228347
20
0.3699097637795276
11
0.8167136614173228
21
0.3699097637795276
0
LINE
8
BLACK
6
CONTINUOUS
10
0.8167136614173228
20
0.3699097637795276
11
0.8108850787401575
21
0.3710691338582677
0
LINE
8
BLACK
6
CONTINUOUS
10
0.8108850787401575
20
0.3710691338582677
11
0.8053946850393701
21
0.3733433464566929
0
LINE
8
BLACK
6
CONTINUOUS
10
0.8053946850393701
20
0.3733433464566929
11
0.8004534251968504
21
0.3766449606299213
0
LINE
8
BLACK
6
CONTINUOUS
10
0.8004534251968504
20
0.3766449606299213
11
0.7962512598425197
21
0.380847125984252
0
LINE
8
BLACK
6
CONTINUOUS
10
0.7962512598425197
20
0.380847125984252
11
0.7929496456692913
21
0.3857883858267717
0
LINE
8
BLACK
6
CONTINUOUS
10
0.7929496456692913
20
0.3857883858267717
11
0.7906754330708661
21
0.3912787795275591
0
LINE
8
BLACK
6
CONTINUOUS
10
0.7906754330708661
20
0.3912787795275591
11
0.789516062992126
21
0.3971073622047244
0
LINE
8
BLACK
6
CONTINUOUS
10
0.789516062992126
20
0.3971073622047244
11
0.789516062992126
21
0.4030501181102362
0
LINE
8
BLACK
6
CONTINUOUS
10
0.789516062992126
20
0.4030501181102362
11
0.7906754330708661
21
0.4088787007874016
0
LINE
8
BLACK
6
CONTINUOUS
10
0.7906754330708661
20
0.4088787007874016
11
0.7929496456692913
21
0.414369094488189
0
LINE
8
BLACK
6
CONTINUOUS
10
0.7929496456692913
20
0.414369094488189
11
0.7962512598425197
21
0.4193103543307087
0
LINE
8
BLACK
6
CONTINUOUS
10
0.7962512598425197
20
0.4193103543307087
11
0.8004534251968504
21
0.4235125196850393
0
LINE
8
BLACK
6
CONTINUOUS
10
0.8004534251968504
20
0.4235125196850393
11
0.8053946850393701
21
0.4268141338582677
0
LINE
8
BLACK
6
CONTINUOUS
10
0.8053946850393701
20
0.4268141338582677
11
0.8108850787401575
21
0.4290883464566929
0
LINE
8
BLACK
6
CONTINUOUS
10
0.8108850787401575
20
0.4290883464566929
11
0.8167136614173228
21
0.430247716535433
0
LINE
8
BLACK
6
CONTINUOUS
10
0.8167136614173228
20
0.430247716535433
11
0.8226564173228347
21
0.430247716535433
0
LINE
8
BLACK
6
CONTINUOUS
10
0.8226564173228347
20
0.430247716535433
11
0.828485
21
0.4290883464566929
0
LINE
8
BLACK
6
CONTINUOUS
10
0.9084062598425197
20
0.4290883464566929
11
0.9138966535433071
21
0.4268141338582677
0
LINE
8
BLACK
6
CONTINUOUS
10
0.9138966535433071
20
0.4268141338582677
11
0.9188379133858268
21
0.4235125196850393
0
LINE
8
BLACK
6
CONTINUOUS
10
0.9188379133858268
20
0.4235125196850393
11
0.9230400787401575
21
0.4193103543307087
0
LINE
8
BLACK
6
CONTINUOUS
10
0.9230400787401575
20
0.4193103543307087
11
0.9263416929133858
21
0.414369094488189
0
LINE
8
BLACK
6
CONTINUOUS
10
0.9263416929133858
20
0.414369094488189
11
0.9286159055118111
21
0.4088787007874016
0
LINE
8
BLACK
6
CONTINUOUS
10
0.9286159055118111
20
0.4088787007874016
11
0.9297752755905512
21
0.4030501181102362
0
LINE
8
BLACK
6
CONTINUOUS
10
0.9297752755905512
20
0.4030501181102362
11
0.9297752755905512
21
0.3971073622047244
0
LINE
8
BLACK
6
CONTINUOUS
10
0.9297752755905512
20
0.3971073622047244
11
0.9286159055118111
21
0.3912787795275591
0
LINE
8
BLACK
6
CONTINUOUS
10
0.9286159055118111
20
0.3912787795275591
11
0.9263416929133858
21
0.3857883858267717
0
LINE
8
BLACK
6
CONTINUOUS
10
0.9263416929133858
20
0.3857883858267717
11
0.9230400787401575
21
0.380847125984252
0
LINE
8
BLACK
6
CONTINUOUS
10
0.9230400787401575
20
0.380847125984252
11
0.9188379133858268
21
0.3766449606299213
0
LINE
8
BLACK
6
CONTINUOUS
10
0.9188379133858268
20
0.3766449606299213
11
0.9138966535433071
21
0.3733433464566929
0
LINE
8
BLACK
6
CONTINUOUS
10
0.9138966535433071
20
0.3733433464566929
11
0.9084062598425197
21
0.3710691338582677
0
LINE
8
BLACK
6
CONTINUOUS
10
0.9084062598425197
20
0.3710691338582677
11
0.9025776771653543
21
0.3699097637795276
0
LINE
8
BLACK
6
CONTINUOUS
10
0.9025776771653543
20
0.3699097637795276
11
0.8966349212598425
21
0.3699097637795276
0
LINE
8
BLACK
6
CONTINUOUS
10
0.8966349212598425
20
0.3699097637795276
11
0.8908063385826771
21
0.3710691338582677
0
LINE
8
BLACK
6
CONTINUOUS
10
0.8908063385826771
20
0.3710691338582677
11
0.8853159448818897
21
0.3733433464566929
0
LINE
8
BLACK
6
CONTINUOUS
10
0.8853159448818897
20
0.3733433464566929
11
0.8803746850393701
21
0.3766449606299213
0
LINE
8
BLACK
6
CONTINUOUS
10
0.8803746850393701
20
0.3766449606299213
11
0.8761725196850394
21
0.380847125984252
0
LINE
8
BLACK
6
CONTINUOUS
10
0.8761725196850394
20
0.380847125984252
11
0.872870905511811
21
0.3857883858267717
0
LINE
8
BLACK
6
CONTINUOUS
10
0.872870905511811
20
0.3857883858267717
11
0.8705966929133858
21
0.3912787795275591
0
LINE
8
BLACK
6
CONTINUOUS
10
0.8705966929133858
20
0.3912787795275591
11
0.8694373228346457
21
0.3971073622047244
0
LINE
8
BLACK
6
CONTINUOUS
10
0.8694373228346457
20
0.3971073622047244
11
0.8694373228346457
21
0.4030501181102362
0
LINE
8
BLACK
6
CONTINUOUS
10
0.8694373228346457
20
0.4030501181102362
11
0.8705966929133858
21
0.4088787007874016
0
LINE
8
BLACK
6
CONTINUOUS
10
0.8705966929133858
20
0.4088787007874016
11
0.872870905511811
21
0.414369094488189
0
LINE
8
BLACK
6
CONTINUOUS
10
0.872870905511811
20
0.414369094488189
11
0.8761725196850394
21
0.4193103543307087
0
LINE
8
BLACK
6
CONTINUOUS
10
0.8761725196850394
20
0.4193103543307087
11
0.8803746850393701
21
0.4235125196850393
0
LINE
8
BLACK
6
CONTINUOUS
10
0.8803746850393701
20
0.4235125196850393
11
0.8853159448818897
21
0.4268141338582677
0
LINE
8
BLACK
6
CONTINUOUS
10
0.8853159448818897
20
0.4268141338582677
11
0.8908063385826771
21
0.4290883464566929
0
LINE
8
BLACK
6
CONTINUOUS
10
0.8908063385826771
20
0.4290883464566929
11
0.8966349212598425
21
0.430247716535433
0
LINE
8
BLACK
6
CONTINUOUS
10
0.8966349212598425
20
0.430247716535433
11
0.9025776771653543
21
0.430247716535433
0
LINE
8
BLACK
6
CONTINUOUS
10
0.9025776771653543
20
0.430247716535433
11
0.9084062598425197
21
0.4290883464566929
0
LINE
8
BLACK
6
CONTINUOUS
10
0.1768079527559055
20
0.4693648031496063
11
0.1783406692913386
21
0.4683406692913386
0
LINE
8
BLACK
6
CONTINUOUS
10
0.1783406692913386
20
0.4683406692913386
11
0.1793648031496063
21
0.4668079527559055
0
LINE
8
BLACK
6
CONTINUOUS
10
0.1793648031496063
20
0.4668079527559055
11
0.1797244094488189
21
0.465
0
LINE
8
BLACK
6
CONTINUOUS
10
0.1797244094488189
20
0.465
11
0.1797244094488189
21
0.405
0
LINE
8
BLACK
6
CONTINUOUS
10
0.1797244094488189
20
0.405
11
0.1793648031496063
21
0.4031920472440945
0
LINE
8
BLACK
6
CONTINUOUS
10
0.1793648031496063
20
0.4031920472440945
11
0.1783406692913386
21
0.4016593307086614
0
LINE
8
BLACK
6
CONTINUOUS
10
0.1783406692913386
20
0.4016593307086614
11
0.1768079527559055
21
0.4006351968503937
0
LINE
8
BLACK
6
CONTINUOUS
10
0.1768079527559055
20
0.4006351968503937
11
0.175
21
0.4002755905511811
0
LINE
8
BLACK
6
CONTINUOUS
10
0.175
20
0.4002755905511811
11
0.115
21
0.4002755905511811
0
LINE
8
BLACK
6
CONTINUOUS
10
0.115
20
0.4002755905511811
11
0.1131920472440945
21
0.4006351968503937
0
LINE
8
BLACK
6
CONTINUOUS
10
0.1131920472440945
20
0.4006351968503937
11
0.1116593307086614
21
0.4016593307086614
0
LINE
8
BLACK
6
CONTINUOUS
10
0.1116593307086614
20
0.4016593307086614
11
0.1106351968503937
21
0.4031920472440945
0
LINE
8
BLACK
6
CONTINUOUS
10
0.1106351968503937
20
0.4031920472440945
11
0.1102755905511811
21
0.405
0
LINE
8
BLACK
6
CONTINUOUS
10
0.1102755905511811
20
0.405
11
0.1102755905511811
21
0.465
0
LINE
8
BLACK
6
CONTINUOUS
10
0.1102755905511811
20
0.465
11
0.1106351968503937
21
0.4668079527559055
0
LINE
8
BLACK
6
CONTINUOUS
10
0.1106351968503937
20
0.4668079527559055
11
0.1116593307086614
21
0.4683406692913386
0
LINE
8
BLACK
6
CONTINUOUS
10
0.1116593307086614
20
0.4683406692913386
11
0.1131920472440945
21
0.4693648031496063
0
LINE
8
BLACK
6
CONTINUOUS
10
0.1131920472440945
20
0.4693648031496063
11
0.115
21
0.4697244094488189
0
LINE
8
BLACK
6
CONTINUOUS
10
0.115
20
0.4697244094488189
11
0.175
21
0.4697244094488189
0
LINE
8
BLACK
6
CONTINUOUS
10
0.175
20
0.4697244094488189
11
0.1768079527559055
21
0.4693648031496063
0
LINE
8
BLACK
6
CONTINUOUS
10
0.2768079527559055
20
0.4693648031496063
11
0.2783406692913385
21
0.4683406692913386
0
LINE
8
BLACK
6
CONTINUOUS
10
0.2783406692913385
20
0.4683406692913386
11
0.2793648031496063
21
0.4668079527559055
0
LINE
8
BLACK
6
CONTINUOUS
10
0.2793648031496063
20
0.4668079527559055
11
0.2797244094488189
21
0.465
0
LINE
8
BLACK
6
CONTINUOUS
10
0.2797244094488189
20
0.465
11
0.2797244094488189
21
0.405
0
LINE
8
BLACK
6
CONTINUOUS
10
0.2797244094488189
20
0.405
11
0.2793648031496063
21
0.4031920472440945
0
LINE
8
BLACK
6
CONTINUOUS
10
0.2793648031496063
20
0.4031920472440945
11
0.2783406692913385
21
0.4016593307086614
0
LINE
8
BLACK
6
CONTINUOUS
10
0.2783406692913385
20
0.4016593307086614
11
0.2768079527559055
21
0.4006351968503937
0
LINE
8
BLACK
6
CONTINUOUS
10
0.2768079527559055
20
0.4006351968503937
11
0.275
21
0.4002755905511811
0
LINE
8
BLACK
6
CONTINUOUS
10
0.275
20
0.4002755905511811
11
0.215
21
0.4002755905511811
0
LINE
8
BLACK
6
CONTINUOUS
10
0.215
20
0.4002755905511811
11
0.2131920472440945
21
0.4006351968503937
0
LINE
8
BLACK
6
CONTINUOUS
10
0.2131920472440945
20
0.4006351968503937
11
0.2116593307086614
21
0.4016593307086614
0
LINE
8
BLACK
6
CONTINUOUS
10
0.2116593307086614
20
0.4016593307086614
11
0.2106351968503937
21
0.4031920472440945
0
LINE
8
BLACK
6
CONTINUOUS
10
0.2106351968503937
20
0.4031920472440945
11
0.2102755905511811
21
0.405
0
LINE
8
BLACK
6
CONTINUOUS
10
0.2102755905511811
20
0.405
11
0.2102755905511811
21
0.465
0
LINE
8
BLACK
6
CONTINUOUS
10
0.2102755905511811
20
0.465
11
0.2106351968503937
21
0.4668079527559055
0
LINE
8
BLACK
6
CONTINUOUS
10
0.2106351968503937
20
0.4668079527559055
11
0.2116593307086614
21
0.4683406692913386
0
LINE
8
BLACK
6
CONTINUOUS
10
0.2116593307086614
20
0.4683406692913386
11
0.2131920472440945
21
0.4693648031496063
0
LINE
8
BLACK
6
CONTINUOUS
10
0.2131920472440945
20
0.4693648031496063
11
0.215
21
0.4697244094488189
0
LINE
8
BLACK
6
CONTINUOUS
10
0.215
20
0.4697244094488189
11
0.275
21
0.4697244094488189
0
LINE
8
BLACK
6
CONTINUOUS
10
0.275
20
0.4697244094488189
11
0.2768079527559055
21
0.4693648031496063
0
LINE
8
BLACK
6
CONTINUOUS
10
0.3518079527559055
20
0.4643648031496063
11
0.3533406692913386
21
0.4633406692913385
0
LINE
8
BLACK
6
CONTINUOUS
10
0.3533406692913386
20
0.4633406692913385
11
0.3543648031496063
21
0.4618079527559055
0
LINE
8
BLACK
6
CONTINUOUS
10
0.3543648031496063
20
0.4618079527559055
11
0.3547244094488189
21
0.46
0
LINE
8
BLACK
6
CONTINUOUS
10
0.3547244094488189
20
0.46
11
0.3547244094488189
21
0.405
0
LINE
8
BLACK
6
CONTINUOUS
10
0.3547244094488189
20
0.405
11
0.3543648031496063
21
0.4031920472440945
0
LINE
8
BLACK
6
CONTINUOUS
10
0.3543648031496063
20
0.4031920472440945
11
0.3533406692913386
21
0.4016593307086614
0
LINE
8
BLACK
6
CONTINUOUS
10
0.3533406692913386
20
0.4016593307086614
11
0.3518079527559055
21
0.4006351968503937
0
LINE
8
BLACK
6
CONTINUOUS
10
0.3518079527559055
20
0.4006351968503937
11
0.35
21
0.4002755905511811
0
LINE
8
BLACK
6
CONTINUOUS
10
0.35
20
0.4002755905511811
11
0.315
21
0.4002755905511811
0
LINE
8
BLACK
6
CONTINUOUS
10
0.315
20
0.4002755905511811
11
0.3131920472440945
21
0.4006351968503937
0
LINE
8
BLACK
6
CONTINUOUS
10
0.3131920472440945
20
0.4006351968503937
11
0.3116593307086614
21
0.4016593307086614
0
LINE
8
BLACK
6
CONTINUOUS
10
0.3116593307086614
20
0.4016593307086614
11
0.3106351968503937
21
0.4031920472440945
0
LINE
8
BLACK
6
CONTINUOUS
10
0.3106351968503937
20
0.4031920472440945
11
0.3102755905511811
21
0.405
0
LINE
8
BLACK
6
CONTINUOUS
10
0.3102755905511811
20
0.405
11
0.3102755905511811
21
0.46
0
LINE
8
BLACK
6
CONTINUOUS
10
0.3102755905511811
20
0.46
11
0.3106351968503937
21
0.4618079527559055
0
LINE
8
BLACK
6
CONTINUOUS
10
0.3106351968503937
20
0.4618079527559055
11
0.3116593307086614
21
0.4633406692913385
0
LINE
8
BLACK
6
CONTINUOUS
10
0.3116593307086614
20
0.4633406692913385
11
0.3131920472440945
21
0.4643648031496063
0
LINE
8
BLACK
6
CONTINUOUS
10
0.3131920472440945
20
0.4643648031496063
11
0.315
21
0.4647244094488189
0
LINE
8
BLACK
6
CONTINUOUS
10
0.315
20
0.4647244094488189
11
0.35
21
0.4647244094488189
0
LINE
8
BLACK
6
CONTINUOUS
10
0.35
20
0.4647244094488189
11
0.3518079527559055
21
0.4643648031496063
0
LINE
8
BLACK
6
CONTINUOUS
10
0.4268079527559055
20
0.4643648031496063
11
0.4283406692913386
21
0.4633406692913385
0
LINE
8
BLACK
6
CONTINUOUS
10
0.4283406692913386
20
0.4633406692913385
11
0.4293648031496063
21
0.4618079527559055
0
LINE
8
BLACK
6
CONTINUOUS
10
0.4293648031496063
20
0.4618079527559055
11
0.4297244094488189
21
0.46
0
LINE
8
BLACK
6
CONTINUOUS
10
0.4297244094488189
20
0.46
11
0.4297244094488189
21
0.405
0
LINE
8
BLACK
6
CONTINUOUS
10
0.4297244094488189
20
0.405
11
0.4293648031496063
21
0.4031920472440945
0
LINE
8
BLACK
6
CONTINUOUS
10
0.4293648031496063
20
0.4031920472440945
11
0.4283406692913386
21
0.4016593307086614
0
LINE
8
BLACK
6
CONTINUOUS
10
0.4283406692913386
20
0.4016593307086614
11
0.4268079527559055
21
0.4006351968503937
0
LINE
8
BLACK
6
CONTINUOUS
10
0.4268079527559055
20
0.4006351968503937
11
0.425
21
0.4002755905511811
0
LINE
8
BLACK
6
CONTINUOUS
10
0.425
20
0.4002755905511811
11
0.39
21
0.4002755905511811
0
LINE
8
BLACK
6
CONTINUOUS
10
0.39
20
0.4002755905511811
11
0.3881920472440945
21
0.4006351968503937
0
LINE
8
BLACK
6
CONTINUOUS
10
0.3881920472440945
20
0.4006351968503937
11
0.3866593307086614
21
0.4016593307086614
0
LINE
8
BLACK
6
CONTINUOUS
10
0.3866593307086614
20
0.4016593307086614
11
0.3856351968503937
21
0.4031920472440945
0
LINE
8
BLACK
6
CONTINUOUS
10
0.3856351968503937
20
0.4031920472440945
11
0.3852755905511811
21
0.405
0
LINE
8
BLACK
6
CONTINUOUS
10
0.3852755905511811
20
0.405
11
0.3852755905511811
21
0.46
0
LINE
8
BLACK
6
CONTINUOUS
10
0.3852755905511811
20
0.46
11
0.3856351968503937
21
0.4618079527559055
0
LINE
8
BLACK
6
CONTINUOUS
10
0.3856351968503937
20
0.4618079527559055
11
0.3866593307086614
21
0.4633406692913385
0
LINE
8
BLACK
6
CONTINUOUS
10
0.3866593307086614
20
0.4633406692913385
11
0.3881920472440945
21
0.4643648031496063
0
LINE
8
BLACK
6
CONTINUOUS
10
0.3881920472440945
20
0.4643648031496063
11
0.39
21
0.4647244094488189
0
LINE
8
BLACK
6
CONTINUOUS
10
0.39
20
0.4647244094488189
11
0.425
21
0.4647244094488189
0
LINE
8
BLACK
6
CONTINUOUS
10
0.425
20
0.4647244094488189
11
0.4268079527559055
21
0.4643648031496063
0
LINE
8
BLACK
6
CONTINUOUS
10
1.2931079527559055
20
0.5289648031496063
11
1.2946406692913386
21
0.5279406692913385
0
LINE
8
BLACK
6
CONTINUOUS
10
1.2946406692913386
20
0.5279406692913385
11
1.2956648031496063
21
0.5264079527559055
0
LINE
8
BLACK
6
CONTINUOUS
10
1.2956648031496063
20
0.5264079527559055
11
1.2960244094488189
21
0.5246
0
LINE
8
BLACK
6
CONTINUOUS
10
1.2960244094488189
20
0.5246
11
1.2960244094488189
21
0.4262
0
LINE
8
BLACK
6
CONTINUOUS
10
1.2960244094488189
20
0.4262
11
1.2956648031496063
21
0.4243920472440945
0
LINE
8
BLACK
6
CONTINUOUS
10
1.2956648031496063
20
0.4243920472440945
11
1.2946406692913386
21
0.4228593307086614
0
LINE
8
BLACK
6
CONTINUOUS
10
1.2946406692913386
20
0.4228593307086614
11
1.2931079527559055
21
0.4218351968503937
0
LINE
8
BLACK
6
CONTINUOUS
10
1.2931079527559055
20
0.4218351968503937
11
1.2912999999999999
21
0.4214755905511811
0
LINE
8
BLACK
6
CONTINUOUS
10
1.2912999999999999
20
0.4214755905511811
11
1.2006999999999999
21
0.4214755905511811
0
LINE
8
BLACK
6
CONTINUOUS
10
1.2006999999999999
20
0.4214755905511811
11
1.1988920472440945
21
0.4218351968503937
0
LINE
8
BLACK
6
CONTINUOUS
10
1.1988920472440945
20
0.4218351968503937
11
1.1973593307086614
21
0.4228593307086614
0
LINE
8
BLACK
6
CONTINUOUS
10
1.1973593307086614
20
0.4228593307086614
11
1.1963351968503937
21
0.4243920472440945
0
LINE
8
BLACK
6
CONTINUOUS
10
1.1963351968503937
20
0.4243920472440945
11
1.1959755905511811
21
0.4262
0
LINE
8
BLACK
6
CONTINUOUS
10
1.1959755905511811
20
0.4262
11
1.1959755905511811
21
0.5246
0
LINE
8
BLACK
6
CONTINUOUS
10
1.1959755905511811
20
0.5246
11
1.1963351968503937
21
0.5264079527559055
0
LINE
8
BLACK
6
CONTINUOUS
10
1.1963351968503937
20
0.5264079527559055
11
1.1973593307086614
21
0.5279406692913385
0
LINE
8
BLACK
6
CONTINUOUS
10
1.1973593307086614
20
0.5279406692913385
11
1.1988920472440945
21
0.5289648031496063
0
LINE
8
BLACK
6
CONTINUOUS
10
1.1988920472440945
20
0.5289648031496063
11
1.2006999999999999
21
0.5293244094488189
0
LINE
8
BLACK
6
CONTINUOUS
10
1.2006999999999999
20
0.5293244094488189
11
1.2912999999999999
21
0.5293244094488189
0
LINE
8
BLACK
6
CONTINUOUS
10
1.2912999999999999
20
0.5293244094488189
11
1.2931079527559055
21
0.5289648031496063
0
LINE
8
BLACK
6
CONTINUOUS
10
1.4318079527559056
20
0.5243648031496063
11
1.4333406692913386
21
0.5233406692913386
0
LINE
8
BLACK
6
CONTINUOUS
10
1.4333406692913386
20
0.5233406692913386
11
1.4343648031496063
21
0.5218079527559055
0
LINE
8
BLACK
6
CONTINUOUS
10
1.4343648031496063
20
0.5218079527559055
11
1.434724409448819
21
0.52
0
LINE
8
BLACK
6
CONTINUOUS
10
1.434724409448819
20
0.52
11
1.434724409448819
21
0.46
0
LINE
8
BLACK
6
CONTINUOUS
10
1.434724409448819
20
0.46
11
1.4343648031496063
21
0.4581920472440945
0
LINE
8
BLACK
6
CONTINUOUS
10
1.4343648031496063
20
0.4581920472440945
11
1.4333406692913386
21
0.4566593307086614
0
LINE
8
BLACK
6
CONTINUOUS
10
1.4333406692913386
20
0.4566593307086614
11
1.4318079527559056
21
0.4556351968503937
0
LINE
8
BLACK
6
CONTINUOUS
10
1.4318079527559056
20
0.4556351968503937
11
1.4299999999999999
21
0.4552755905511811
0
LINE
8
BLACK
6
CONTINUOUS
10
1.4299999999999999
20
0.4552755905511811
11
1.3699999999999999
21
0.4552755905511811
0
LINE
8
BLACK
6
CONTINUOUS
10
1.3699999999999999
20
0.4552755905511811
11
1.3681920472440945
21
0.4556351968503937
0
LINE
8
BLACK
6
CONTINUOUS
10
1.3681920472440945
20
0.4556351968503937
11
1.3666593307086614
21
0.4566593307086614
0
LINE
8
BLACK
6
CONTINUOUS
10
1.3666593307086614
20
0.4566593307086614
11
1.3656351968503937
21
0.4581920472440945
0
LINE
8
BLACK
6
CONTINUOUS
10
1.3656351968503937
20
0.4581920472440945
11
1.3652755905511811
21
0.46
0
LINE
8
BLACK
6
CONTINUOUS
10
1.3652755905511811
20
0.46
11
1.3652755905511811
21
0.52
0
LINE
8
BLACK
6
CONTINUOUS
10
1.3652755905511811
20
0.52
11
1.3656351968503937
21
0.5218079527559055
0
LINE
8
BLACK
6
CONTINUOUS
10
1.3656351968503937
20
0.5218079527559055
11
1.3666593307086614
21
0.5233406692913386
0
LINE
8
BLACK
6
CONTINUOUS
10
1.3666593307086614
20
0.5233406692913386
11
1.3681920472440945
21
0.5243648031496063
0
LINE
8
BLACK
6
CONTINUOUS
10
1.3681920472440945
20
0.5243648031496063
11
1.3699999999999999
21
0.5247244094488189
0
LINE
8
BLACK
6
CONTINUOUS
10
1.3699999999999999
20
0.5247244094488189
11
1.4299999999999999
21
0.5247244094488189
0
LINE
8
BLACK
6
CONTINUOUS
10
1.4299999999999999
20
0.5247244094488189
11
1.4318079527559056
21
0.5243648031496063
0
LINE
8
BLACK
6
CONTINUOUS
10
1.5318079527559054
20
0.5243648031496063
11
1.5333406692913385
21
0.5233406692913386
0
LINE
8
BLACK
6
CONTINUOUS
10
1.5333406692913385
20
0.5233406692913386
11
1.5343648031496062
21
0.5218079527559055
0
LINE
8
BLACK
6
CONTINUOUS
10
1.5343648031496062
20
0.5218079527559055
11
1.5347244094488188
21
0.52
0
LINE
8
BLACK
6
CONTINUOUS
10
1.5347244094488188
20
0.52
11
1.5347244094488188
21
0.46
0
LINE
8
BLACK
6
CONTINUOUS
10
1.5347244094488188
20
0.46
11
1.5343648031496062
21
0.4581920472440945
0
LINE
8
BLACK
6
CONTINUOUS
10
1.5343648031496062
20
0.4581920472440945
11
1.5333406692913385
21
0.4566593307086614
0
LINE
8
BLACK
6
CONTINUOUS
10
1.5333406692913385
20
0.4566593307086614
11
1.5318079527559054
21
0.4556351968503937
0
LINE
8
BLACK
6
CONTINUOUS
10
1.5318079527559054
20
0.4556351968503937
11
1.53
21
0.4552755905511811
0
LINE
8
BLACK
6
CONTINUOUS
10
1.53
20
0.4552755905511811
11
1.47
21
0.4552755905511811
0
LINE
8
BLACK
6
CONTINUOUS
10
1.47
20
0.4552755905511811
11
1.4681920472440944
21
0.4556351968503937
0
LINE
8
BLACK
6
CONTINUOUS
10
1.4681920472440944
20
0.4556351968503937
11
1.4666593307086613
21
0.4566593307086614
0
LINE
8
BLACK
6
CONTINUOUS
10
1.4666593307086613
20
0.4566593307086614
11
1.4656351968503936
21
0.4581920472440945
0
LINE
8
BLACK
6
CONTINUOUS
10
1.4656351968503936
20
0.4581920472440945
11
1.4652755905511812
21
0.46
0
LINE
8
BLACK
6
CONTINUOUS
10
1.4652755905511812
20
0.46
11
1.4652755905511812
21
0.52
0
LINE
8
BLACK
6
CONTINUOUS
10
1.4652755905511812
20
0.52
11
1.4656351968503936
21
0.5218079527559055
0
LINE
8
BLACK
6
CONTINUOUS
10
1.4656351968503936
20
0.5218079527559055
11
1.4666593307086613
21
0.5233406692913386
0
LINE
8
BLACK
6
CONTINUOUS
10
1.4666593307086613
20
0.5233406692913386
11
1.4681920472440944
21
0.5243648031496063
0
LINE
8
BLACK
6
CONTINUOUS
10
1.4681920472440944
20
0.5243648031496063
11
1.47
21
0.5247244094488189
0
LINE
8
BLACK
6
CONTINUOUS
10
1.47
20
0.5247244094488189
11
1.53
21
0.5247244094488189
0
LINE
8
BLACK
6
CONTINUOUS
10
1.53
20
0.5247244094488189
11
1.5318079527559054
21
0.5243648031496063
0
LINE
8
BLACK
6
CONTINUOUS
10
0.9968079527559055
20
0.5268648031496063
11
0.9983406692913386
21
0.5258406692913385
0
LINE
8
BLACK
6
CONTINUOUS
10
0.9983406692913386
20
0.5258406692913385
11
0.9993648031496063
21
0.5243079527559055
0
LINE
8
BLACK
6
CONTINUOUS
10
0.9993648031496063
20
0.5243079527559055
11
0.9997244094488189
21
0.5225
0
LINE
8
BLACK
6
CONTINUOUS
10
0.9997244094488189
20
0.5225
11
0.9997244094488189
21
0.4675
0
LINE
8
BLACK
6
CONTINUOUS
10
0.9997244094488189
20
0.4675
11
0.9993648031496063
21
0.4656920472440945
0
LINE
8
BLACK
6
CONTINUOUS
10
0.9993648031496063
20
0.4656920472440945
11
0.9983406692913386
21
0.4641593307086614
0
LINE
8
BLACK
6
CONTINUOUS
10
0.9983406692913386
20
0.4641593307086614
11
0.9968079527559055
21
0.4631351968503937
0
LINE
8
BLACK
6
CONTINUOUS
10
0.9968079527559055
20
0.4631351968503937
11
0.995
21
0.4627755905511811
0
LINE
8
BLACK
6
CONTINUOUS
10
0.995
20
0.4627755905511811
11
0.96
21
0.4627755905511811
0
LINE
8
BLACK
6
CONTINUOUS
10
0.96
20
0.4627755905511811
11
0.9581920472440945
21
0.4631351968503937
0
LINE
8
BLACK
6
CONTINUOUS
10
0.9581920472440945
20
0.4631351968503937
11
0.9566593307086614
21
0.4641593307086614
0
LINE
8
BLACK
6
CONTINUOUS
10
0.9566593307086614
20
0.4641593307086614
11
0.9556351968503937
21
0.4656920472440945
0
LINE
8
BLACK
6
CONTINUOUS
10
0.9556351968503937
20
0.4656920472440945
11
0.9552755905511811
21
0.4675
0
LINE
8
BLACK
6
CONTINUOUS
10
0.9552755905511811
20
0.4675
11
0.9552755905511811
21
0.5225
0
LINE
8
BLACK
6
CONTINUOUS
10
0.9552755905511811
20
0.5225
11
0.9556351968503937
21
0.5243079527559055
0
LINE
8
BLACK
6
CONTINUOUS
10
0.9556351968503937
20
0.5243079527559055
11
0.9566593307086614
21
0.5258406692913385
0
LINE
8
BLACK
6
CONTINUOUS
10
0.9566593307086614
20
0.5258406692913385
11
0.9581920472440945
21
0.5268648031496063
0
LINE
8
BLACK
6
CONTINUOUS
10
0.9581920472440945
20
0.5268648031496063
11
0.96
21
0.5272244094488189
0
LINE
8
BLACK
6
CONTINUOUS
10
0.96
20
0.5272244094488189
11
0.995
21
0.5272244094488189
0
LINE
8
BLACK
6
CONTINUOUS
10
0.995
20
0.5272244094488189
11
0.9968079527559055
21
0.5268648031496063
0
LINE
8
BLACK
6
CONTINUOUS
10
1.0718079527559055
20
0.5268648031496063
11
1.0733406692913385
21
0.5258406692913385
0
LINE
8
BLACK
6
CONTINUOUS
10
1.0733406692913385
20
0.5258406692913385
11
1.0743648031496063
21
0.5243079527559055
0
LINE
8
BLACK
6
CONTINUOUS
10
1.0743648031496063
20
0.5243079527559055
11
1.0747244094488189
21
0.5225
0
LINE
8
BLACK
6
CONTINUOUS
10
1.0747244094488189
20
0.5225
11
1.0747244094488189
21
0.4675
0
LINE
8
BLACK
6
CONTINUOUS
10
1.0747244094488189
20
0.4675
11
1.0743648031496063
21
0.4656920472440945
0
LINE
8
BLACK
6
CONTINUOUS
10
1.0743648031496063
20
0.4656920472440945
11
1.0733406692913385
21
0.4641593307086614
0
LINE
8
BLACK
6
CONTINUOUS
10
1.0733406692913385
20
0.4641593307086614
11
1.0718079527559055
21
0.4631351968503937
0
LINE
8
BLACK
6
CONTINUOUS
10
1.0718079527559055
20
0.4631351968503937
11
1.0700000000000001
21
0.4627755905511811
0
LINE
8
BLACK
6
CONTINUOUS
10
1.0700000000000001
20
0.4627755905511811
11
1.0349999999999999
21
0.4627755905511811
0
LINE
8
BLACK
6
CONTINUOUS
10
1.0349999999999999
20
0.4627755905511811
11
1.0331920472440945
21
0.4631351968503937
0
LINE
8
BLACK
6
CONTINUOUS
10
1.0331920472440945
20
0.4631351968503937
11
1.0316593307086614
21
0.4641593307086614
0
LINE
8
BLACK
6
CONTINUOUS
10
1.0316593307086614
20
0.4641593307086614
11
1.0306351968503937
21
0.4656920472440945
0
LINE
8
BLACK
6
CONTINUOUS
10
1.0306351968503937
20
0.4656920472440945
11
1.0302755905511811
21
0.4675
0
LINE
8
BLACK
6
CONTINUOUS
10
1.0302755905511811
20
0.4675
11
1.0302755905511811
21
0.5225
0
LINE
8
BLACK
6
CONTINUOUS
10
1.0302755905511811
20
0.5225
11
1.0306351968503937
21
0.5243079527559055
0
LINE
8
BLACK
6
CONTINUOUS
10
1.0306351968503937
20
0.5243079527559055
11
1.0316593307086614
21
0.5258406692913385
0
LINE
8
BLACK
6
CONTINUOUS
10
1.0316593307086614
20
0.5258406692913385
11
1.0331920472440945
21
0.5268648031496063
0
LINE
8
BLACK
6
CONTINUOUS
10
1.0331920472440945
20
0.5268648031496063
11
1.0349999999999999
21
0.5272244094488189
0
LINE
8
BLACK
6
CONTINUOUS
10
1.0349999999999999
20
0.5272244094488189
11
1.0700000000000001
21
0.5272244094488189
0
LINE
8
BLACK
6
CONTINUOUS
10
1.0700000000000001
20
0.5272244094488189
11
1.0718079527559055
21
0.5268648031496063
0
LINE
8
BLACK
6
CONTINUOUS
10
0.5218079527559055
20
0.5368648031496063
11
0.5233406692913386
21
0.5358406692913386
0
LINE
8
BLACK
6
CONTINUOUS
10
0.5233406692913386
20
0.5358406692913386
11
0.5243648031496063
21
0.5343079527559055
0
LINE
8
BLACK
6
CONTINUOUS
10
0.5243648031496063
20
0.5343079527559055
11
0.5247244094488189
21
0.5325
0
LINE
8
BLACK
6
CONTINUOUS
10
0.5247244094488189
20
0.5325
11
0.5247244094488189
21
0.4775
0
LINE
8
BLACK
6
CONTINUOUS
10
0.5247244094488189
20
0.4775
11
0.5243648031496063
21
0.4756920472440945
0
LINE
8
BLACK
6
CONTINUOUS
10
0.5243648031496063
20
0.4756920472440945
11
0.5233406692913386
21
0.4741593307086614
0
LINE
8
BLACK
6
CONTINUOUS
10
0.5233406692913386
20
0.4741593307086614
11
0.5218079527559055
21
0.4731351968503937
0
LINE
8
BLACK
6
CONTINUOUS
10
0.5218079527559055
20
0.4731351968503937
11
0.52
21
0.4727755905511811
0
LINE
8
BLACK
6
CONTINUOUS
10
0.52
20
0.4727755905511811
11
0.485
21
0.4727755905511811
0
LINE
8
BLACK
6
CONTINUOUS
10
0.485
20
0.4727755905511811
11
0.4831920472440945
21
0.4731351968503937
0
LINE
8
BLACK
6
CONTINUOUS
10
0.4831920472440945
20
0.4731351968503937
11
0.4816593307086614
21
0.4741593307086614
0
LINE
8
BLACK
6
CONTINUOUS
10
0.4816593307086614
20
0.4741593307086614
11
0.4806351968503937
21
0.4756920472440945
0
LINE
8
BLACK
6
CONTINUOUS
10
0.4806351968503937
20
0.4756920472440945
11
0.4802755905511811
21
0.4775
0
LINE
8
BLACK
6
CONTINUOUS
10
0.4802755905511811
20
0.4775
11
0.4802755905511811
21
0.5325
0
LINE
8
BLACK
6
CONTINUOUS
10
0.4802755905511811
20
0.5325
11
0.4806351968503937
21
0.5343079527559055
0
LINE
8
BLACK
6
CONTINUOUS
10
0.4806351968503937
20
0.5343079527559055
11
0.4816593307086614
21
0.5358406692913386
0
LINE
8
BLACK
6
CONTINUOUS
10
0.4816593307086614
20
0.5358406692913386
11
0.4831920472440945
21
0.5368648031496063
0
LINE
8
BLACK
6
CONTINUOUS
10
0.4831920472440945
20
0.5368648031496063
11
0.485
21
0.5372244094488189
0
LINE
8
BLACK
6
CONTINUOUS
10
0.485
20
0.5372244094488189
11
0.52
21
0.5372244094488189
0
LINE
8
BLACK
6
CONTINUOUS
10
0.52
20
0.5372244094488189
11
0.5218079527559055
21
0.5368648031496063
0
LINE
8
BLACK
6
CONTINUOUS
10
0.5968079527559055
20
0.5368648031496063
11
0.5983406692913386
21
0.5358406692913386
0
LINE
8
BLACK
6
CONTINUOUS
10
0.5983406692913386
20
0.5358406692913386
11
0.5993648031496063
21
0.5343079527559055
0
LINE
8
BLACK
6
CONTINUOUS
10
0.5993648031496063
20
0.5343079527559055
11
0.5997244094488189
21
0.5325
0
LINE
8
BLACK
6
CONTINUOUS
10
0.5997244094488189
20
0.5325
11
0.5997244094488189
21
0.4775
0
LINE
8
BLACK
6
CONTINUOUS
10
0.5997244094488189
20
0.4775
11
0.5993648031496063
21
0.4756920472440945
0
LINE
8
BLACK
6
CONTINUOUS
10
0.5993648031496063
20
0.4756920472440945
11
0.5983406692913386
21
0.4741593307086614
0
LINE
8
BLACK
6
CONTINUOUS
10
0.5983406692913386
20
0.4741593307086614
11
0.5968079527559055
21
0.4731351968503937
0
LINE
8
BLACK
6
CONTINUOUS
10
0.5968079527559055
20
0.4731351968503937
11
0.595
21
0.4727755905511811
0
LINE
8
BLACK
6
CONTINUOUS
10
0.595
20
0.4727755905511811
11
0.5599999999999999
21
0.4727755905511811
0
LINE
8
BLACK
6
CONTINUOUS
10
0.5599999999999999
20
0.4727755905511811
11
0.5581920472440944
21
0.4731351968503937
0
LINE
8
BLACK
6
CONTINUOUS
10
0.5581920472440944
20
0.4731351968503937
11
0.5566593307086614
21
0.4741593307086614
0
LINE
8
BLACK
6
CONTINUOUS
10
0.5566593307086614
20
0.4741593307086614
11
0.5556351968503936
21
0.4756920472440945
0
LINE
8
BLACK
6
CONTINUOUS
10
0.5556351968503936
20
0.4756920472440945
11
0.5552755905511811
21
0.4775
0
LINE
8
BLACK
6
CONTINUOUS
10
0.5552755905511811
20
0.4775
11
0.5552755905511811
21
0.5325
0
LINE
8
BLACK
6
CONTINUOUS
10
0.5552755905511811
20
0.5325
11
0.5556351968503936
21
0.5343079527559055
0
LINE
8
BLACK
6
CONTINUOUS
10
0.5556351968503936
20
0.5343079527559055
11
0.5566593307086614
21
0.5358406692913386
0
LINE
8
BLACK
6
CONTINUOUS
10
0.5566593307086614
20
0.5358406692913386
11
0.5581920472440944
21
0.5368648031496063
0
LINE
8
BLACK
6
CONTINUOUS
10
0.5581920472440944
20
0.5368648031496063
11
0.5599999999999999
21
0.5372244094488189
0
LINE
8
BLACK
6
CONTINUOUS
10
0.5599999999999999
20
0.5372244094488189
11
0.595
21
0.5372244094488189
0
LINE
8
BLACK
6
CONTINUOUS
10
0.595
20
0.5372244094488189
11
0.5968079527559055
21
0.5368648031496063
0
LINE
8
BLACK
6
CONTINUOUS
10
0.1768079527559055
20
0.5693648031496062
11
0.1783406692913386
21
0.5683406692913385
0
LINE
8
BLACK
6
CONTINUOUS
10
0.1783406692913386
20
0.5683406692913385
11
0.1793648031496063
21
0.5668079527559055
0
LINE
8
BLACK
6
CONTINUOUS
10
0.1793648031496063
20
0.5668079527559055
11
0.1797244094488189
21
0.5649999999999999
0
LINE
8
BLACK
6
CONTINUOUS
10
0.1797244094488189
20
0.5649999999999999
11
0.1797244094488189
21
0.505
0
LINE
8
BLACK
6
CONTINUOUS
10
0.1797244094488189
20
0.505
11
0.1793648031496063
21
0.5031920472440945
0
LINE
8
BLACK
6
CONTINUOUS
10
0.1793648031496063
20
0.5031920472440945
11
0.1783406692913386
21
0.5016593307086614
0
LINE
8
BLACK
6
CONTINUOUS
10
0.1783406692913386
20
0.5016593307086614
11
0.1768079527559055
21
0.5006351968503937
0
LINE
8
BLACK
6
CONTINUOUS
10
0.1768079527559055
20
0.5006351968503937
11
0.175
21
0.5002755905511811
0
LINE
8
BLACK
6
CONTINUOUS
10
0.175
20
0.5002755905511811
11
0.115
21
0.5002755905511811
0
LINE
8
BLACK
6
CONTINUOUS
10
0.115
20
0.5002755905511811
11
0.1131920472440945
21
0.5006351968503937
0
LINE
8
BLACK
6
CONTINUOUS
10
0.1131920472440945
20
0.5006351968503937
11
0.1116593307086614
21
0.5016593307086614
0
LINE
8
BLACK
6
CONTINUOUS
10
0.1116593307086614
20
0.5016593307086614
11
0.1106351968503937
21
0.5031920472440945
0
LINE
8
BLACK
6
CONTINUOUS
10
0.1106351968503937
20
0.5031920472440945
11
0.1102755905511811
21
0.505
0
LINE
8
BLACK
6
CONTINUOUS
10
0.1102755905511811
20
0.505
11
0.1102755905511811
21
0.5649999999999999
0
LINE
8
BLACK
6
CONTINUOUS
10
0.1102755905511811
20
0.5649999999999999
11
0.1106351968503937
21
0.5668079527559055
0
LINE
8
BLACK
6
CONTINUOUS
10
0.1106351968503937
20
0.5668079527559055
11
0.1116593307086614
21
0.5683406692913385
0
LINE
8
BLACK
6
CONTINUOUS
10
0.1116593307086614
20
0.5683406692913385
11
0.1131920472440945
21
0.5693648031496062
0
LINE
8
BLACK
6
CONTINUOUS
10
0.1131920472440945
20
0.5693648031496062
11
0.115
21
0.5697244094488189
0
LINE
8
BLACK
6
CONTINUOUS
10
0.115
20
0.5697244094488189
11
0.175
21
0.5697244094488189
0
LINE
8
BLACK
6
CONTINUOUS
10
0.175
20
0.5697244094488189
11
0.1768079527559055
21
0.5693648031496062
0
LINE
8
BLACK
6
CONTINUOUS
10
0.2768079527559055
20
0.5693648031496062
11
0.2783406692913385
21
0.5683406692913385
0
LINE
8
BLACK
6
CONTINUOUS
10
0.2783406692913385
20
0.5683406692913385
11
0.2793648031496063
21
0.5668079527559055
0
LINE
8
BLACK
6
CONTINUOUS
10
0.2793648031496063
20
0.5668079527559055
11
0.2797244094488189
21
0.5649999999999999
0
LINE
8
BLACK
6
CONTINUOUS
10
0.2797244094488189
20
0.5649999999999999
11
0.2797244094488189
21
0.505
0
LINE
8
BLACK
6
CONTINUOUS
10
0.2797244094488189
20
0.505
11
0.2793648031496063
21
0.5031920472440945
0
LINE
8
BLACK
6
CONTINUOUS
10
0.2793648031496063
20
0.5031920472440945
11
0.2783406692913385
21
0.5016593307086614
0
LINE
8
BLACK
6
CONTINUOUS
10
0.2783406692913385
20
0.5016593307086614
11
0.2768079527559055
21
0.5006351968503937
0
LINE
8
BLACK
6
CONTINUOUS
10
0.2768079527559055
20
0.5006351968503937
11
0.275
21
0.5002755905511811
0
LINE
8
BLACK
6
CONTINUOUS
10
0.275
20
0.5002755905511811
11
0.215
21
0.5002755905511811
0
LINE
8
BLACK
6
CONTINUOUS
10
0.215
20
0.5002755905511811
11
0.2131920472440945
21
0.5006351968503937
0
LINE
8
BLACK
6
CONTINUOUS
10
0.2131920472440945
20
0.5006351968503937
11
0.2116593307086614
21
0.5016593307086614
0
LINE
8
BLACK
6
CONTINUOUS
10
0.2116593307086614
20
0.5016593307086614
11
0.2106351968503937
21
0.5031920472440945
0
LINE
8
BLACK
6
CONTINUOUS
10
0.2106351968503937
20
0.5031920472440945
11
0.2102755905511811
21
0.505
0
LINE
8
BLACK
6
CONTINUOUS
10
0.2102755905511811
20
0.505
11
0.2102755905511811
21
0.5649999999999999
0
LINE
8
BLACK
6
CONTINUOUS
10
0.2102755905511811
20
0.5649999999999999
11
0.2106351968503937
21
0.5668079527559055
0
LINE
8
BLACK
6
CONTINUOUS
10
0.2106351968503937
20
0.5668079527559055
11
0.2116593307086614
21
0.5683406692913385
0
LINE
8
BLACK
6
CONTINUOUS
10
0.2116593307086614
20
0.5683406692913385
11
0.2131920472440945
21
0.5693648031496062
0
LINE
8
BLACK
6
CONTINUOUS
10
0.2131920472440945
20
0.5693648031496062
11
0.215
21
0.5697244094488189
0
LINE
8
BLACK
6
CONTINUOUS
10
0.215
20
0.5697244094488189
11
0.275
21
0.5697244094488189
0
LINE
8
BLACK
6
CONTINUOUS
10
0.275
20
0.5697244094488189
11
0.2768079527559055
21
0.5693648031496062
0
LINE
8
BLACK
6
CONTINUOUS
10
0.4168079527559055
20
0.5568648031496063
11
0.4183406692913386
21
0.5558406692913386
0
LINE
8
BLACK
6
CONTINUOUS
10
0.4183406692913386
20
0.5558406692913386
11
0.4193648031496063
21
0.5543079527559055
0
LINE
8
BLACK
6
CONTINUOUS
10
0.4193648031496063
20
0.5543079527559055
11
0.4197244094488189
21
0.5525
0
LINE
8
BLACK
6
CONTINUOUS
10
0.4197244094488189
20
0.5525
11
0.4197244094488189
21
0.5175
0
LINE
8
BLACK
6
CONTINUOUS
10
0.4197244094488189
20
0.5175
11
0.4193648031496063
21
0.5156920472440945
0
LINE
8
BLACK
6
CONTINUOUS
10
0.4193648031496063
20
0.5156920472440945
11
0.4183406692913386
21
0.5141593307086614
0
LINE
8
BLACK
6
CONTINUOUS
10
0.4183406692913386
20
0.5141593307086614
11
0.4168079527559055
21
0.5131351968503937
0
LINE
8
BLACK
6
CONTINUOUS
10
0.4168079527559055
20
0.5131351968503937
11
0.415
21
0.512775590551181
0
LINE
8
BLACK
6
CONTINUOUS
10
0.415
20
0.512775590551181
11
0.36
21
0.512775590551181
0
LINE
8
BLACK
6
CONTINUOUS
10
0.36
20
0.512775590551181
11
0.3581920472440945
21
0.5131351968503937
0
LINE
8
BLACK
6
CONTINUOUS
10
0.3581920472440945
20
0.5131351968503937
11
0.3566593307086614
21
0.5141593307086614
0
LINE
8
BLACK
6
CONTINUOUS
10
0.3566593307086614
20
0.5141593307086614
11
0.3556351968503937
21
0.5156920472440945
0
LINE
8
BLACK
6
CONTINUOUS
10
0.3556351968503937
20
0.5156920472440945
11
0.3552755905511811
21
0.5175
0
LINE
8
BLACK
6
CONTINUOUS
10
0.3552755905511811
20
0.5175
11
0.3552755905511811
21
0.5525
0
LINE
8
BLACK
6
CONTINUOUS
10
0.3552755905511811
20
0.5525
11
0.3556351968503937
21
0.5543079527559055
0
LINE
8
BLACK
6
CONTINUOUS
10
0.3556351968503937
20
0.5543079527559055
11
0.3566593307086614
21
0.5558406692913386
0
LINE
8
BLACK
6
CONTINUOUS
10
0.3566593307086614
20
0.5558406692913386
11
0.3581920472440945
21
0.5568648031496063
0
LINE
8
BLACK
6
CONTINUOUS
10
0.3581920472440945
20
0.5568648031496063
11
0.36
21
0.5572244094488189
0
LINE
8
BLACK
6
CONTINUOUS
10
0.36
20
0.5572244094488189
11
0.415
21
0.5572244094488189
0
LINE
8
BLACK
6
CONTINUOUS
10
0.415
20
0.5572244094488189
11
0.4168079527559055
21
0.5568648031496063
0
LINE
8
BLACK
6
CONTINUOUS
10
1.4318079527559056
20
0.6243648031496063
11
1.4333406692913386
21
0.6233406692913386
0
LINE
8
BLACK
6
CONTINUOUS
10
1.4333406692913386
20
0.6233406692913386
11
1.4343648031496063
21
0.6218079527559055
0
LINE
8
BLACK
6
CONTINUOUS
10
1.4343648031496063
20
0.6218079527559055
11
1.434724409448819
21
0.62
0
LINE
8
BLACK
6
CONTINUOUS
10
1.434724409448819
20
0.62
11
1.434724409448819
21
0.5599999999999999
0
LINE
8
BLACK
6
CONTINUOUS
10
1.434724409448819
20
0.5599999999999999
11
1.4343648031496063
21
0.5581920472440944
0
LINE
8
BLACK
6
CONTINUOUS
10
1.4343648031496063
20
0.5581920472440944
11
1.4333406692913386
21
0.5566593307086614
0
LINE
8
BLACK
6
CONTINUOUS
10
1.4333406692913386
20
0.5566593307086614
11
1.4318079527559056
21
0.5556351968503936
0
LINE
8
BLACK
6
CONTINUOUS
10
1.4318079527559056
20
0.5556351968503936
11
1.4299999999999999
21
0.5552755905511811
0
LINE
8
BLACK
6
CONTINUOUS
10
1.4299999999999999
20
0.5552755905511811
11
1.3699999999999999
21
0.5552755905511811
0
LINE
8
BLACK
6
CONTINUOUS
10
1.3699999999999999
20
0.5552755905511811
11
1.3681920472440945
21
0.5556351968503936
0
LINE
8
BLACK
6
CONTINUOUS
10
1.3681920472440945
20
0.5556351968503936
11
1.3666593307086614
21
0.5566593307086614
0
LINE
8
BLACK
6
CONTINUOUS
10
1.3666593307086614
20
0.5566593307086614
11
1.3656351968503937
21
0.5581920472440944
0
LINE
8
BLACK
6
CONTINUOUS
10
1.3656351968503937
20
0.5581920472440944
11
1.3652755905511811
21
0.5599999999999999
0
LINE
8
BLACK
6
CONTINUOUS
10
1.3652755905511811
20
0.5599999999999999
11
1.3652755905511811
21
0.62
0
LINE
8
BLACK
6
CONTINUOUS
10
1.3652755905511811
20
0.62
11
1.3656351968503937
21
0.6218079527559055
0
LINE
8
BLACK
6
CONTINUOUS
10
1.3656351968503937
20
0.6218079527559055
11
1.3666593307086614
21
0.6233406692913386
0
LINE
8
BLACK
6
CONTINUOUS
10
1.3666593307086614
20
0.6233406692913386
11
1.3681920472440945
21
0.6243648031496063
0
LINE
8
BLACK
6
CONTINUOUS
10
1.3681920472440945
20
0.6243648031496063
11
1.3699999999999999
21
0.6247244094488189
0
LINE
8
BLACK
6
CONTINUOUS
10
1.3699999999999999
20
0.6247244094488189
11
1.4299999999999999
21
0.6247244094488189
0
LINE
8
BLACK
6
CONTINUOUS
10
1.4299999999999999
20
0.6247244094488189
11
1.4318079527559056
21
0.6243648031496063
0
LINE
8
BLACK
6
CONTINUOUS
10
1.5318079527559054
20
0.6243648031496063
11
1.5333406692913385
21
0.6233406692913386
0
LINE
8
BLACK
6
CONTINUOUS
10
1.5333406692913385
20
0.6233406692913386
11
1.5343648031496062
21
0.6218079527559055
0
LINE
8
BLACK
6
CONTINUOUS
10
1.5343648031496062
20
0.6218079527559055
11
1.5347244094488188
21
0.62
0
LINE
8
BLACK
6
CONTINUOUS
10
1.5347244094488188
20
0.62
11
1.5347244094488188
21
0.5599999999999999
0
LINE
8
BLACK
6
CONTINUOUS
10
1.5347244094488188
20
0.5599999999999999
11
1.5343648031496062
21
0.5581920472440944
0
LINE
8
BLACK
6
CONTINUOUS
10
1.5343648031496062
20
0.5581920472440944
11
1.5333406692913385
21
0.5566593307086614
0
LINE
8
BLACK
6
CONTINUOUS
10
1.5333406692913385
20
0.5566593307086614
11
1.5318079527559054
21
0.5556351968503936
0
LINE
8
BLACK
6
CONTINUOUS
10
1.5318079527559054
20
0.5556351968503936
11
1.53
21
0.5552755905511811
0
LINE
8
BLACK
6
CONTINUOUS
10
1.53
20
0.5552755905511811
11
1.47
21
0.5552755905511811
0
LINE
8
BLACK
6
CONTINUOUS
10
1.47
20
0.5552755905511811
11
1.4681920472440944
21
0.5556351968503936
0
LINE
8
BLACK
6
CONTINUOUS
10
1.4681920472440944
20
0.5556351968503936
11
1.4666593307086613
21
0.5566593307086614
0
LINE
8
BLACK
6
CONTINUOUS
10
1.4666593307086613
20
0.5566593307086614
11
1.4656351968503936
21
0.5581920472440944
0
LINE
8
BLACK
6
CONTINUOUS
10
1.4656351968503936
20
0.5581920472440944
11
1.4652755905511812
21
0.5599999999999999
0
LINE
8
BLACK
6
CONTINUOUS
10
1.4652755905511812
20
0.5599999999999999
11
1.4652755905511812
21
0.62
0
LINE
8
BLACK
6
CONTINUOUS
10
1.4652755905511812
20
0.62
11
1.4656351968503936
21
0.6218079527559055
0
LINE
8
BLACK
6
CONTINUOUS
10
1.4656351968503936
20
0.6218079527559055
11
1.4666593307086613
21
0.6233406692913386
0
LINE
8
BLACK
6
CONTINUOUS
10
1.4666593307086613
20
0.6233406692913386
11
1.4681920472440944
21
0.6243648031496063
0
LINE
8
BLACK
6
CONTINUOUS
10
1.4681920472440944
20
0.6243648031496063
11
1.47
21
0.6247244094488189
0
LINE
8
BLACK
6
CONTINUOUS
10
1.47
20
0.6247244094488189
11
1.53
21
0.6247244094488189
0
LINE
8
BLACK
6
CONTINUOUS
10
1.53
20
0.6247244094488189
11
1.5318079527559054
21
0.6243648031496063
0
LINE
8
BLACK
6
CONTINUOUS
10
0.539864094488189
20
0.6226196062992125
11
0.5460675196850393
21
0.6200500393700787
0
LINE
8
BLACK
6
CONTINUOUS
10
0.5460675196850393
20
0.6200500393700787
11
0.5516504724409449
21
0.6163196456692913
0
LINE
8
BLACK
6
CONTINUOUS
10
0.5516504724409449
20
0.6163196456692913
11
0.5563983858267716
21
0.6115717322834645
0
LINE
8
BLACK
6
CONTINUOUS
10
0.5563983858267716
20
0.6115717322834645
11
0.560128779527559
21
0.605988779527559
0
LINE
8
BLACK
6
CONTINUOUS
10
0.560128779527559
20
0.605988779527559
11
0.5626983464566929
21
0.5997853543307087
0
LINE
8
BLACK
6
CONTINUOUS
10
0.5626983464566929
20
0.5997853543307087
11
0.5640083070866142
21
0.5931998031496063
0
LINE
8
BLACK
6
CONTINUOUS
10
0.5640083070866142
20
0.5931998031496063
11
0.5640083070866142
21
0.5864852362204724
0
LINE
8
BLACK
6
CONTINUOUS
10
0.5640083070866142
20
0.5864852362204724
11
0.5626983464566929
21
0.5798996850393701
0
LINE
8
BLACK
6
CONTINUOUS
10
0.5626983464566929
20
0.5798996850393701
11
0.560128779527559
21
0.5736962598425197
0
LINE
8
BLACK
6
CONTINUOUS
10
0.560128779527559
20
0.5736962598425197
11
0.5563983858267716
21
0.5681133070866141
0
LINE
8
BLACK
6
CONTINUOUS
10
0.5563983858267716
20
0.5681133070866141
11
0.5516504724409449
21
0.5633653937007874
0
LINE
8
BLACK
6
CONTINUOUS
10
0.5516504724409449
20
0.5633653937007874
11
0.5460675196850393
21
0.559635
0
LINE
8
BLACK
6
CONTINUOUS
10
0.5460675196850393
20
0.559635
11
0.539864094488189
21
0.5570654330708661
0
LINE
8
BLACK
6
CONTINUOUS
10
0.539864094488189
20
0.5570654330708661
11
0.5332785433070866
21
0.5557554724409449
0
LINE
8
BLACK
6
CONTINUOUS
10
0.5332785433070866
20
0.5557554724409449
11
0.5265639763779527
21
0.5557554724409449
0
LINE
8
BLACK
6
CONTINUOUS
10
0.5265639763779527
20
0.5557554724409449
11
0.5199784251968503
21
0.5570654330708661
0
LINE
8
BLACK
6
CONTINUOUS
10
0.5199784251968503
20
0.5570654330708661
11
0.513775
21
0.559635
0
LINE
8
BLACK
6
CONTINUOUS
10
0.513775
20
0.559635
11
0.5081920472440945
21
0.5633653937007874
0
LINE
8
BLACK
6
CONTINUOUS
10
0.5081920472440945
20
0.5633653937007874
11
0.5034441338582677
21
0.5681133070866141
0
LINE
8
BLACK
6
CONTINUOUS
10
0.5034441338582677
20
0.5681133070866141
11
0.4997137401574803
21
0.5736962598425197
0
LINE
8
BLACK
6
CONTINUOUS
10
0.4997137401574803
20
0.5736962598425197
11
0.4971441732283464
21
0.5798996850393701
0
LINE
8
BLACK
6
CONTINUOUS
10
0.4971441732283464
20
0.5798996850393701
11
0.4958342125984252
21
0.5864852362204724
0
LINE
8
BLACK
6
CONTINUOUS
10
0.4958342125984252
20
0.5864852362204724
11
0.4958342125984252
21
0.5931998031496063
0
LINE
8
BLACK
6
CONTINUOUS
10
0.4958342125984252
20
0.5931998031496063
11
0.4971441732283464
21
0.5997853543307087
0
LINE
8
BLACK
6
CONTINUOUS
10
0.4971441732283464
20
0.5997853543307087
11
0.4997137401574803
21
0.605988779527559
0
LINE
8
BLACK
6
CONTINUOUS
10
0.4997137401574803
20
0.605988779527559
11
0.5034441338582677
21
0.6115717322834645
0
LINE
8
BLACK
6
CONTINUOUS
10
0.5034441338582677
20
0.6115717322834645
11
0.5081920472440945
21
0.6163196456692913
0
LINE
8
BLACK
6
CONTINUOUS
10
0.5081920472440945
20
0.6163196456692913
11
0.513775
21
0.6200500393700787
0
LINE
8
BLACK
6
CONTINUOUS
10
0.513775
20
0.6200500393700787
11
0.5199784251968503
21
0.6226196062992125
0
LINE
8
BLACK
6
CONTINUOUS
10
0.5199784251968503
20
0.6226196062992125
11
0.5265639763779527
21
0.6239295669291338
0
LINE
8
BLACK
6
CONTINUOUS
10
0.5265639763779527
20
0.6239295669291338
11
0.5332785433070866
21
0.6239295669291338
0
LINE
8
BLACK
6
CONTINUOUS
10
0.5332785433070866
20
0.6239295669291338
11
0.539864094488189
21
0.6226196062992125
0
LINE
8
BLACK
6
CONTINUOUS
10
0.6300215748031496
20
0.6226196062992125
11
0.636225
21
0.6200500393700787
0
LINE
8
BLACK
6
CONTINUOUS
10
0.636225
20
0.6200500393700787
11
0.6418079527559055
21
0.6163196456692913
0
LINE
8
BLACK
6
CONTINUOUS
10
0.6418079527559055
20
0.6163196456692913
11
0.6465558661417322
21
0.6115717322834645
0
LINE
8
BLACK
6
CONTINUOUS
10
0.6465558661417322
20
0.6115717322834645
11
0.6502862598425196
21
0.605988779527559
0
LINE
8
BLACK
6
CONTINUOUS
10
0.6502862598425196
20
0.605988779527559
11
0.6528558267716535
21
0.5997853543307087
0
LINE
8
BLACK
6
CONTINUOUS
10
0.6528558267716535
20
0.5997853543307087
11
0.6541657874015748
21
0.5931998031496063
0
LINE
8
BLACK
6
CONTINUOUS
10
0.6541657874015748
20
0.5931998031496063
11
0.6541657874015748
21
0.5864852362204724
0
LINE
8
BLACK
6
CONTINUOUS
10
0.6541657874015748
20
0.5864852362204724
11
0.6528558267716535
21
0.5798996850393701
0
LINE
8
BLACK
6
CONTINUOUS
10
0.6528558267716535
20
0.5798996850393701
11
0.6502862598425196
21
0.5736962598425197
0
LINE
8
BLACK
6
CONTINUOUS
10
0.6502862598425196
20
0.5736962598425197
11
0.6465558661417322
21
0.5681133070866141
0
LINE
8
BLACK
6
CONTINUOUS
10
0.6465558661417322
20
0.5681133070866141
11
0.6418079527559055
21
0.5633653937007874
0
LINE
8
BLACK
6
CONTINUOUS
10
0.6418079527559055
20
0.5633653937007874
11
0.636225
21
0.559635
0
LINE
8
BLACK
6
CONTINUOUS
10
0.636225
20
0.559635
11
0.6300215748031496
21
0.5570654330708661
0
LINE
8
BLACK
6
CONTINUOUS
10
0.6300215748031496
20
0.5570654330708661
11
0.6234360236220472
21
0.5557554724409449
0
LINE
8
BLACK
6
CONTINUOUS
10
0.6234360236220472
20
0.5557554724409449
11
0.6167214566929133
21
0.5557554724409449
0
LINE
8
BLACK
6
CONTINUOUS
10
0.6167214566929133
20
0.5557554724409449
11
0.610135905511811
21
0.5570654330708661
0
LINE
8
BLACK
6
CONTINUOUS
10
0.610135905511811
20
0.5570654330708661
11
0.6039324803149606
21
0.559635
0
LINE
8
BLACK
6
CONTINUOUS
10
0.6039324803149606
20
0.559635
11
0.5983495275590551
21
0.5633653937007874
0
LINE
8
BLACK
6
CONTINUOUS
10
0.5983495275590551
20
0.5633653937007874
11
0.5936016141732283
21
0.5681133070866141
0
LINE
8
BLACK
6
CONTINUOUS
10
0.5936016141732283
20
0.5681133070866141
11
0.5898712204724409
21
0.5736962598425197
0
LINE
8
BLACK
6
CONTINUOUS
10
0.5898712204724409
20
0.5736962598425197
11
0.5873016535433071
21
0.5798996850393701
0
LINE
8
BLACK
6
CONTINUOUS
10
0.5873016535433071
20
0.5798996850393701
11
0.5859916929133858
21
0.5864852362204724
0
LINE
8
BLACK
6
CONTINUOUS
10
0.5859916929133858
20
0.5864852362204724
11
0.5859916929133858
21
0.5931998031496063
0
LINE
8
BLACK
6
CONTINUOUS
10
0.5859916929133858
20
0.5931998031496063
11
0.5873016535433071
21
0.5997853543307087
0
LINE
8
BLACK
6
CONTINUOUS
10
0.5873016535433071
20
0.5997853543307087
11
0.5898712204724409
21
0.605988779527559
0
LINE
8
BLACK
6
CONTINUOUS
10
0.5898712204724409
20
0.605988779527559
11
0.5936016141732283
21
0.6115717322834645
0
LINE
8
BLACK
6
CONTINUOUS
10
0.5936016141732283
20
0.6115717322834645
11
0.5983495275590551
21
0.6163196456692913
0
LINE
8
BLACK
6
CONTINUOUS
10
0.5983495275590551
20
0.6163196456692913
11
0.6039324803149606
21
0.6200500393700787
0
LINE
8
BLACK
6
CONTINUOUS
10
0.6039324803149606
20
0.6200500393700787
11
0.610135905511811
21
0.6226196062992125
0
LINE
8
BLACK
6
CONTINUOUS
10
0.610135905511811
20
0.6226196062992125
11
0.6167214566929133
21
0.6239295669291338
0
LINE
8
BLACK
6
CONTINUOUS
10
0.6167214566929133
20
0.6239295669291338
11
0.6234360236220472
21
0.6239295669291338
0
LINE
8
BLACK
6
CONTINUOUS
10
0.6234360236220472
20
0.6239295669291338
11
0.6300215748031496
21
0.6226196062992125
0
LINE
8
BLACK
6
CONTINUOUS
10
0.9898640944881889
20
0.6226196062992125
11
0.9960675196850394
21
0.6200500393700787
0
LINE
8
BLACK
6
CONTINUOUS
10
0.9960675196850394
20
0.6200500393700787
11
1.001650472440945
21
0.6163196456692913
0
LINE
8
BLACK
6
CONTINUOUS
10
1.001650472440945
20
0.6163196456692913
11
1.0063983858267715
21
0.6115717322834645
0
LINE
8
BLACK
6
CONTINUOUS
10
1.0063983858267715
20
0.6115717322834645
11
1.0101287795275591
21
0.605988779527559
0
LINE
8
BLACK
6
CONTINUOUS
10
1.0101287795275591
20
0.605988779527559
11
1.012698346456693
21
0.5997853543307087
0
LINE
8
BLACK
6
CONTINUOUS
10
1.012698346456693
20
0.5997853543307087
11
1.0140083070866142
21
0.5931998031496063
0
LINE
8
BLACK
6
CONTINUOUS
10
1.0140083070866142
20
0.5931998031496063
11
1.0140083070866142
21
0.5864852362204724
0
LINE
8
BLACK
6
CONTINUOUS
10
1.0140083070866142
20
0.5864852362204724
11
1.012698346456693
21
0.5798996850393701
0
LINE
8
BLACK
6
CONTINUOUS
10
1.012698346456693
20
0.5798996850393701
11
1.0101287795275591
21
0.5736962598425197
0
LINE
8
BLACK
6
CONTINUOUS
10
1.0101287795275591
20
0.5736962598425197
11
1.0063983858267715
21
0.5681133070866141
0
LINE
8
BLACK
6
CONTINUOUS
10
1.0063983858267715
20
0.5681133070866141
11
1.001650472440945
21
0.5633653937007874
0
LINE
8
BLACK
6
CONTINUOUS
10
1.001650472440945
20
0.5633653937007874
11
0.9960675196850394
21
0.559635
0
LINE
8
BLACK
6
CONTINUOUS
10
0.9960675196850394
20
0.559635
11
0.9898640944881889
21
0.5570654330708661
0
LINE
8
BLACK
6
CONTINUOUS
10
0.9898640944881889
20
0.5570654330708661
11
0.9832785433070866
21
0.5557554724409449
0
LINE
8
BLACK
6
CONTINUOUS
10
0.9832785433070866
20
0.5557554724409449
11
0.9765639763779528
21
0.5557554724409449
0
LINE
8
BLACK
6
CONTINUOUS
10
0.9765639763779528
20
0.5557554724409449
11
0.9699784251968504
21
0.5570654330708661
0
LINE
8
BLACK
6
CONTINUOUS
10
0.9699784251968504
20
0.5570654330708661
11
0.9637749999999999
21
0.559635
0
LINE
8
BLACK
6
CONTINUOUS
10
0.9637749999999999
20
0.559635
11
0.9581920472440945
21
0.5633653937007874
0
LINE
8
BLACK
6
CONTINUOUS
10
0.9581920472440945
20
0.5633653937007874
11
0.9534441338582677
21
0.5681133070866141
0
LINE
8
BLACK
6
CONTINUOUS
10
0.9534441338582677
20
0.5681133070866141
11
0.9497137401574803
21
0.5736962598425197
0
LINE
8
BLACK
6
CONTINUOUS
10
0.9497137401574803
20
0.5736962598425197
11
0.9471441732283464
21
0.5798996850393701
0
LINE
8
BLACK
6
CONTINUOUS
10
0.9471441732283464
20
0.5798996850393701
11
0.9458342125984252
21
0.5864852362204724
0
LINE
8
BLACK
6
CONTINUOUS
10
0.9458342125984252
20
0.5864852362204724
11
0.9458342125984252
21
0.5931998031496063
0
LINE
8
BLACK
6
CONTINUOUS
10
0.9458342125984252
20
0.5931998031496063
11
0.9471441732283464
21
0.5997853543307087
0
LINE
8
BLACK
6
CONTINUOUS
10
0.9471441732283464
20
0.5997853543307087
11
0.9497137401574803
21
0.605988779527559
0
LINE
8
BLACK
6
CONTINUOUS
10
0.9497137401574803
20
0.605988779527559
11
0.9534441338582677
21
0.6115717322834645
0
LINE
8
BLACK
6
CONTINUOUS
10
0.9534441338582677
20
0.6115717322834645
11
0.9581920472440945
21
0.6163196456692913
0
LINE
8
BLACK
6
CONTINUOUS
10
0.9581920472440945
20
0.6163196456692913
11
0.9637749999999999
21
0.6200500393700787
0
LINE
8
BLACK
6
CONTINUOUS
10
0.9637749999999999
20
0.6200500393700787
11
0.9699784251968504
21
0.6226196062992125
0
LINE
8
BLACK
6
CONTINUOUS
10
0.9699784251968504
20
0.6226196062992125
11
0.9765639763779528
21
0.6239295669291338
0
LINE
8
BLACK
6
CONTINUOUS
10
0.9765639763779528
20
0.6239295669291338
11
0.9832785433070866
21
0.6239295669291338
0
LINE
8
BLACK
6
CONTINUOUS
10
0.9832785433070866
20
0.6239295669291338
11
0.9898640944881889
21
0.6226196062992125
0
LINE
8
BLACK
6
CONTINUOUS
10
1.0800215748031496
20
0.6226196062992125
11
1.086225
21
0.6200500393700787
0
LINE
8
BLACK
6
CONTINUOUS
10
1.086225
20
0.6200500393700787
11
1.0918079527559055
21
0.6163196456692913
0
LINE
8
BLACK
6
CONTINUOUS
10
1.0918079527559055
20
0.6163196456692913
11
1.0965558661417323
21
0.6115717322834645
0
LINE
8
BLACK
6
CONTINUOUS
10
1.0965558661417323
20
0.6115717322834645
11
1.1002862598425196
21
0.605988779527559
0
LINE
8
BLACK
6
CONTINUOUS
10
1.1002862598425196
20
0.605988779527559
11
1.1028558267716535
21
0.5997853543307087
0
LINE
8
BLACK
6
CONTINUOUS
10
1.1028558267716535
20
0.5997853543307087
11
1.1041657874015747
21
0.5931998031496063
0
LINE
8
BLACK
6
CONTINUOUS
10
1.1041657874015747
20
0.5931998031496063
11
1.1041657874015747
21
0.5864852362204724
0
LINE
8
BLACK
6
CONTINUOUS
10
1.1041657874015747
20
0.5864852362204724
11
1.1028558267716535
21
0.5798996850393701
0
LINE
8
BLACK
6
CONTINUOUS
10
1.1028558267716535
20
0.5798996850393701
11
1.1002862598425196
21
0.5736962598425197
0
LINE
8
BLACK
6
CONTINUOUS
10
1.1002862598425196
20
0.5736962598425197
11
1.0965558661417323
21
0.5681133070866141
0
LINE
8
BLACK
6
CONTINUOUS
10
1.0965558661417323
20
0.5681133070866141
11
1.0918079527559055
21
0.5633653937007874
0
LINE
8
BLACK
6
CONTINUOUS
10
1.0918079527559055
20
0.5633653937007874
11
1.086225
21
0.559635
0
LINE
8
BLACK
6
CONTINUOUS
10
1.086225
20
0.559635
11
1.0800215748031496
21
0.5570654330708661
0
LINE
8
BLACK
6
CONTINUOUS
10
1.0800215748031496
20
0.5570654330708661
11
1.0734360236220473
21
0.5557554724409449
0
LINE
8
BLACK
6
CONTINUOUS
10
1.0734360236220473
20
0.5557554724409449
11
1.0667214566929133
21
0.5557554724409449
0
LINE
8
BLACK
6
CONTINUOUS
10
1.0667214566929133
20
0.5557554724409449
11
1.0601359055118109
21
0.5570654330708661
0
LINE
8
BLACK
6
CONTINUOUS
10
1.0601359055118109
20
0.5570654330708661
11
1.0539324803149606
21
0.559635
0
LINE
8
BLACK
6
CONTINUOUS
10
1.0539324803149606
20
0.559635
11
1.0483495275590551
21
0.5633653937007874
0
LINE
8
BLACK
6
CONTINUOUS
10
1.0483495275590551
20
0.5633653937007874
11
1.0436016141732283
21
0.5681133070866141
0
LINE
8
BLACK
6
CONTINUOUS
10
1.0436016141732283
20
0.5681133070866141
11
1.039871220472441
21
0.5736962598425197
0
LINE
8
BLACK
6
CONTINUOUS
10
1.039871220472441
20
0.5736962598425197
11
1.0373016535433071
21
0.5798996850393701
0
LINE
8
BLACK
6
CONTINUOUS
10
1.0373016535433071
20
0.5798996850393701
11
1.0359916929133859
21
0.5864852362204724
0
LINE
8
BLACK
6
CONTINUOUS
10
1.0359916929133859
20
0.5864852362204724
11
1.0359916929133859
21
0.5931998031496063
0
LINE
8
BLACK
6
CONTINUOUS
10
1.0359916929133859
20
0.5931998031496063
11
1.0373016535433071
21
0.5997853543307087
0
LINE
8
BLACK
6
CONTINUOUS
10
1.0373016535433071
20
0.5997853543307087
11
1.039871220472441
21
0.605988779527559
0
LINE
8
BLACK
6
CONTINUOUS
10
1.039871220472441
20
0.605988779527559
11
1.0436016141732283
21
0.6115717322834645
0
LINE
8
BLACK
6
CONTINUOUS
10
1.0436016141732283
20
0.6115717322834645
11
1.0483495275590551
21
0.6163196456692913
0
LINE
8
BLACK
6
CONTINUOUS
10
1.0483495275590551
20
0.6163196456692913
11
1.0539324803149606
21
0.6200500393700787
0
LINE
8
BLACK
6
CONTINUOUS
10
1.0539324803149606
20
0.6200500393700787
11
1.0601359055118109
21
0.6226196062992125
0
LINE
8
BLACK
6
CONTINUOUS
10
1.0601359055118109
20
0.6226196062992125
11
1.0667214566929133
21
0.6239295669291338
0
LINE
8
BLACK
6
CONTINUOUS
10
1.0667214566929133
20
0.6239295669291338
11
1.0734360236220473
21
0.6239295669291338
0
LINE
8
BLACK
6
CONTINUOUS
10
1.0734360236220473
20
0.6239295669291338
11
1.0800215748031496
21
0.6226196062992125
0
LINE
8
BLACK
6
CONTINUOUS
10
0.4168079527559055
20
0.6318648031496062
11
0.4183406692913386
21
0.6308406692913385
0
LINE
8
BLACK
6
CONTINUOUS
10
0.4183406692913386
20
0.6308406692913385
11
0.4193648031496063
21
0.6293079527559055
0
LINE
8
BLACK
6
CONTINUOUS
10
0.4193648031496063
20
0.6293079527559055
11
0.4197244094488189
21
0.6274999999999999
0
LINE
8
BLACK
6
CONTINUOUS
10
0.4197244094488189
20
0.6274999999999999
11
0.4197244094488189
21
0.5925
0
LINE
8
BLACK
6
CONTINUOUS
10
0.4197244094488189
20
0.5925
11
0.4193648031496063
21
0.5906920472440945
0
LINE
8
BLACK
6
CONTINUOUS
10
0.4193648031496063
20
0.5906920472440945
11
0.4183406692913386
21
0.5891593307086614
0
LINE
8
BLACK
6
CONTINUOUS
10
0.4183406692913386
20
0.5891593307086614
11
0.4168079527559055
21
0.5881351968503937
0
LINE
8
BLACK
6
CONTINUOUS
10
0.4168079527559055
20
0.5881351968503937
11
0.415
21
0.5877755905511811
0
LINE
8
BLACK
6
CONTINUOUS
10
0.415
20
0.5877755905511811
11
0.36
21
0.5877755905511811
0
LINE
8
BLACK
6
CONTINUOUS
10
0.36
20
0.5877755905511811
11
0.3581920472440945
21
0.5881351968503937
0
LINE
8
BLACK
6
CONTINUOUS
10
0.3581920472440945
20
0.5881351968503937
11
0.3566593307086614
21
0.5891593307086614
0
LINE
8
BLACK
6
CONTINUOUS
10
0.3566593307086614
20
0.5891593307086614
11
0.3556351968503937
21
0.5906920472440945
0
LINE
8
BLACK
6
CONTINUOUS
10
0.3556351968503937
20
0.5906920472440945
11
0.3552755905511811
21
0.5925
0
LINE
8
BLACK
6
CONTINUOUS
10
0.3552755905511811
20
0.5925
11
0.3552755905511811
21
0.6274999999999999
0
LINE
8
BLACK
6
CONTINUOUS
10
0.3552755905511811
20
0.6274999999999999
11
0.3556351968503937
21
0.6293079527559055
0
LINE
8
BLACK
6
CONTINUOUS
10
0.3556351968503937
20
0.6293079527559055
11
0.3566593307086614
21
0.6308406692913385
0
LINE
8
BLACK
6
CONTINUOUS
10
0.3566593307086614
20
0.6308406692913385
11
0.3581920472440945
21
0.6318648031496062
0
LINE
8
BLACK
6
CONTINUOUS
10
0.3581920472440945
20
0.6318648031496062
11
0.36
21
0.6322244094488189
0
LINE
8
BLACK
6
CONTINUOUS
10
0.36
20
0.6322244094488189
11
0.415
21
0.6322244094488189
0
LINE
8
BLACK
6
CONTINUOUS
10
0.415
20
0.6322244094488189
11
0.4168079527559055
21
0.6318648031496062
0
LINE
8
BLACK
6
CONTINUOUS
10
1.2931079527559055
20
0.6981648031496063
11
1.2946406692913386
21
0.6971406692913386
0
LINE
8
BLACK
6
CONTINUOUS
10
1.2946406692913386
20
0.6971406692913386
11
1.2956648031496063
21
0.6956079527559055
0
LINE
8
BLACK
6
CONTINUOUS
10
1.2956648031496063
20
0.6956079527559055
11
1.2960244094488189
21
0.6938
0
LINE
8
BLACK
6
CONTINUOUS
10
1.2960244094488189
20
0.6938
11
1.2960244094488189
21
0.5954
0
LINE
8
BLACK
6
CONTINUOUS
10
1.2960244094488189
20
0.5954
11
1.2956648031496063
21
0.5935920472440944
0
LINE
8
BLACK
6
CONTINUOUS
10
1.2956648031496063
20
0.5935920472440944
11
1.2946406692913386
21
0.5920593307086615
0
LINE
8
BLACK
6
CONTINUOUS
10
1.2946406692913386
20
0.5920593307086615
11
1.2931079527559055
21
0.5910351968503937
0
LINE
8
BLACK
6
CONTINUOUS
10
1.2931079527559055
20
0.5910351968503937
11
1.2912999999999999
21
0.5906755905511811
0
LINE
8
BLACK
6
CONTINUOUS
10
1.2912999999999999
20
0.5906755905511811
11
1.2006999999999999
21
0.5906755905511811
0
LINE
8
BLACK
6
CONTINUOUS
10
1.2006999999999999
20
0.5906755905511811
11
1.1988920472440945
21
0.5910351968503937
0
LINE
8
BLACK
6
CONTINUOUS
10
1.1988920472440945
20
0.5910351968503937
11
1.1973593307086614
21
0.5920593307086615
0
LINE
8
BLACK
6
CONTINUOUS
10
1.1973593307086614
20
0.5920593307086615
11
1.1963351968503937
21
0.5935920472440944
0
LINE
8
BLACK
6
CONTINUOUS
10
1.1963351968503937
20
0.5935920472440944
11
1.1959755905511811
21
0.5954
0
LINE
8
BLACK
6
CONTINUOUS
10
1.1959755905511811
20
0.5954
11
1.1959755905511811
21
0.6938
0
LINE
8
BLACK
6
CONTINUOUS
10
1.1959755905511811
20
0.6938
11
1.1963351968503937
21
0.6956079527559055
0
LINE
8
BLACK
6
CONTINUOUS
10
1.1963351968503937
20
0.6956079527559055
11
1.1973593307086614
21
0.6971406692913386
0
LINE
8
BLACK
6
CONTINUOUS
10
1.1973593307086614
20
0.6971406692913386
11
1.1988920472440945
21
0.6981648031496063
0
LINE
8
BLACK
6
CONTINUOUS
10
1.1988920472440945
20
0.6981648031496063
11
1.2006999999999999
21
0.6985244094488189
0
LINE
8
BLACK
6
CONTINUOUS
10
1.2006999999999999
20
0.6985244094488189
11
1.2912999999999999
21
0.6985244094488189
0
LINE
8
BLACK
6
CONTINUOUS
10
1.2912999999999999
20
0.6985244094488189
11
1.2931079527559055
21
0.6981648031496063
0
LINE
8
BLACK
6
CONTINUOUS
10
0.1768079527559055
20
0.6693648031496063
11
0.1783406692913386
21
0.6683406692913386
0
LINE
8
BLACK
6
CONTINUOUS
10
0.1783406692913386
20
0.6683406692913386
11
0.1793648031496063
21
0.6668079527559055
0
LINE
8
BLACK
6
CONTINUOUS
10
0.1793648031496063
20
0.6668079527559055
11
0.1797244094488189
21
0.665
0
LINE
8
BLACK
6
CONTINUOUS
10
0.1797244094488189
20
0.665
11
0.1797244094488189
21
0.605
0
LINE
8
BLACK
6
CONTINUOUS
10
0.1797244094488189
20
0.605
11
0.1793648031496063
21
0.6031920472440945
0
LINE
8
BLACK
6
CONTINUOUS
10
0.1793648031496063
20
0.6031920472440945
11
0.1783406692913386
21
0.6016593307086614
0
LINE
8
BLACK
6
CONTINUOUS
10
0.1783406692913386
20
0.6016593307086614
11
0.1768079527559055
21
0.6006351968503937
0
LINE
8
BLACK
6
CONTINUOUS
10
0.1768079527559055
20
0.6006351968503937
11
0.175
21
0.6002755905511811
0
LINE
8
BLACK
6
CONTINUOUS
10
0.175
20
0.6002755905511811
11
0.115
21
0.6002755905511811
0
LINE
8
BLACK
6
CONTINUOUS
10
0.115
20
0.6002755905511811
11
0.1131920472440945
21
0.6006351968503937
0
LINE
8
BLACK
6
CONTINUOUS
10
0.1131920472440945
20
0.6006351968503937
11
0.1116593307086614
21
0.6016593307086614
0
LINE
8
BLACK
6
CONTINUOUS
10
0.1116593307086614
20
0.6016593307086614
11
0.1106351968503937
21
0.6031920472440945
0
LINE
8
BLACK
6
CONTINUOUS
10
0.1106351968503937
20
0.6031920472440945
11
0.1102755905511811
21
0.605
0
LINE
8
BLACK
6
CONTINUOUS
10
0.1102755905511811
20
0.605
11
0.1102755905511811
21
0.665
0
LINE
8
BLACK
6
CONTINUOUS
10
0.1102755905511811
20
0.665
11
0.1106351968503937
21
0.6668079527559055
0
LINE
8
BLACK
6
CONTINUOUS
10
0.1106351968503937
20
0.6668079527559055
11
0.1116593307086614
21
0.6683406692913386
0
LINE
8
BLACK
6
CONTINUOUS
10
0.1116593307086614
20
0.6683406692913386
11
0.1131920472440945
21
0.6693648031496063
0
LINE
8
BLACK
6
CONTINUOUS
10
0.1131920472440945
20
0.6693648031496063
11
0.115
21
0.6697244094488188
0
LINE
8
BLACK
6
CONTINUOUS
10
0.115
20
0.6697244094488188
11
0.175
21
0.6697244094488188
0
LINE
8
BLACK
6
CONTINUOUS
10
0.175
20
0.6697244094488188
11
0.1768079527559055
21
0.6693648031496063
0
LINE
8
BLACK
6
CONTINUOUS
10
0.2768079527559055
20
0.6693648031496063
11
0.2783406692913385
21
0.6683406692913386
0
LINE
8
BLACK
6
CONTINUOUS
10
0.2783406692913385
20
0.6683406692913386
11
0.2793648031496063
21
0.6668079527559055
0
LINE
8
BLACK
6
CONTINUOUS
10
0.2793648031496063
20
0.6668079527559055
11
0.2797244094488189
21
0.665
0
LINE
8
BLACK
6
CONTINUOUS
10
0.2797244094488189
20
0.665
11
0.2797244094488189
21
0.605
0
LINE
8
BLACK
6
CONTINUOUS
10
0.2797244094488189
20
0.605
11
0.2793648031496063
21
0.6031920472440945
0
LINE
8
BLACK
6
CONTINUOUS
10
0.2793648031496063
20
0.6031920472440945
11
0.2783406692913385
21
0.6016593307086614
0
LINE
8
BLACK
6
CONTINUOUS
10
0.2783406692913385
20
0.6016593307086614
11
0.2768079527559055
21
0.6006351968503937
0
LINE
8
BLACK
6
CONTINUOUS
10
0.2768079527559055
20
0.6006351968503937
11
0.275
21
0.6002755905511811
0
LINE
8
BLACK
6
CONTINUOUS
10
0.275
20
0.6002755905511811
11
0.215
21
0.6002755905511811
0
LINE
8
BLACK
6
CONTINUOUS
10
0.215
20
0.6002755905511811
11
0.2131920472440945
21
0.6006351968503937
0
LINE
8
BLACK
6
CONTINUOUS
10
0.2131920472440945
20
0.6006351968503937
11
0.2116593307086614
21
0.6016593307086614
0
LINE
8
BLACK
6
CONTINUOUS
10
0.2116593307086614
20
0.6016593307086614
11
0.2106351968503937
21
0.6031920472440945
0
LINE
8
BLACK
6
CONTINUOUS
10
0.2106351968503937
20
0.6031920472440945
11
0.2102755905511811
21
0.605
0
LINE
8
BLACK
6
CONTINUOUS
10
0.2102755905511811
20
0.605
11
0.2102755905511811
21
0.665
0
LINE
8
BLACK
6
CONTINUOUS
10
0.2102755905511811
20
0.665
11
0.2106351968503937
21
0.6668079527559055
0
LINE
8
BLACK
6
CONTINUOUS
10
0.2106351968503937
20
0.6668079527559055
11
0.2116593307086614
21
0.6683406692913386
0
LINE
8
BLACK
6
CONTINUOUS
10
0.2116593307086614
20
0.6683406692913386
11
0.2131920472440945
21
0.6693648031496063
0
LINE
8
BLACK
6
CONTINUOUS
10
0.2131920472440945
20
0.6693648031496063
11
0.215
21
0.6697244094488188
0
LINE
8
BLACK
6
CONTINUOUS
10
0.215
20
0.6697244094488188
11
0.275
21
0.6697244094488188
0
LINE
8
BLACK
6
CONTINUOUS
10
0.275
20
0.6697244094488188
11
0.2768079527559055
21
0.6693648031496063
0
LINE
8
BLACK
6
CONTINUOUS
10
0.4181079527559055
20
0.6906648031496063
11
0.4196406692913386
21
0.6896406692913386
0
LINE
8
BLACK
6
CONTINUOUS
10
0.4196406692913386
20
0.6896406692913386
11
0.4206648031496063
21
0.6881079527559055
0
LINE
8
BLACK
6
CONTINUOUS
10
0.4206648031496063
20
0.6881079527559055
11
0.4210244094488189
21
0.6863
0
LINE
8
BLACK
6
CONTINUOUS
10
0.4210244094488189
20
0.6863
11
0.4210244094488189
21
0.6513
0
LINE
8
BLACK
6
CONTINUOUS
10
0.4210244094488189
20
0.6513
11
0.4206648031496063
21
0.6494920472440945
0
LINE
8
BLACK
6
CONTINUOUS
10
0.4206648031496063
20
0.6494920472440945
11
0.4196406692913386
21
0.6479593307086614
0
LINE
8
BLACK
6
CONTINUOUS
10
0.4196406692913386
20
0.6479593307086614
11
0.4181079527559055
21
0.6469351968503937
0
LINE
8
BLACK
6
CONTINUOUS
10
0.4181079527559055
20
0.6469351968503937
11
0.4163
21
0.6465755905511811
0
LINE
8
BLACK
6
CONTINUOUS
10
0.4163
20
0.6465755905511811
11
0.3613
21
0.6465755905511811
0
LINE
8
BLACK
6
CONTINUOUS
10
0.3613
20
0.6465755905511811
11
0.3594920472440945
21
0.6469351968503937
0
LINE
8
BLACK
6
CONTINUOUS
10
0.3594920472440945
20
0.6469351968503937
11
0.3579593307086614
21
0.6479593307086614
0
LINE
8
BLACK
6
CONTINUOUS
10
0.3579593307086614
20
0.6479593307086614
11
0.3569351968503937
21
0.6494920472440945
0
LINE
8
BLACK
6
CONTINUOUS
10
0.3569351968503937
20
0.6494920472440945
11
0.3565755905511811
21
0.6513
0
LINE
8
BLACK
6
CONTINUOUS
10
0.3565755905511811
20
0.6513
11
0.3565755905511811
21
0.6863
0
LINE
8
BLACK
6
CONTINUOUS
10
0.3565755905511811
20
0.6863
11
0.3569351968503937
21
0.6881079527559055
0
LINE
8
BLACK
6
CONTINUOUS
10
0.3569351968503937
20
0.6881079527559055
11
0.3579593307086614
21
0.6896406692913386
0
LINE
8
BLACK
6
CONTINUOUS
10
0.3579593307086614
20
0.6896406692913386
11
0.3594920472440945
21
0.6906648031496063
0
LINE
8
BLACK
6
CONTINUOUS
10
0.3594920472440945
20
0.6906648031496063
11
0.3613
21
0.6910244094488189
0
LINE
8
BLACK
6
CONTINUOUS
10
0.3613
20
0.6910244094488189
11
0.4163
21
0.6910244094488189
0
LINE
8
BLACK
6
CONTINUOUS
10
0.4163
20
0.6910244094488189
11
0.4181079527559055
21
0.6906648031496063
0
LINE
8
BLACK
6
CONTINUOUS
10
1.4318079527559056
20
0.7243648031496063
11
1.4333406692913386
21
0.7233406692913386
0
LINE
8
BLACK
6
CONTINUOUS
10
1.4333406692913386
20
0.7233406692913386
11
1.4343648031496063
21
0.7218079527559055
0
LINE
8
BLACK
6
CONTINUOUS
10
1.4343648031496063
20
0.7218079527559055
11
1.434724409448819
21
0.72
0
LINE
8
BLACK
6
CONTINUOUS
10
1.434724409448819
20
0.72
11
1.434724409448819
21
0.66
0
LINE
8
BLACK
6
CONTINUOUS
10
1.434724409448819
20
0.66
11
1.4343648031496063
21
0.6581920472440945
0
LINE
8
BLACK
6
CONTINUOUS
10
1.4343648031496063
20
0.6581920472440945
11
1.4333406692913386
21
0.6566593307086614
0
LINE
8
BLACK
6
CONTINUOUS
10
1.4333406692913386
20
0.6566593307086614
11
1.4318079527559056
21
0.6556351968503937
0
LINE
8
BLACK
6
CONTINUOUS
10
1.4318079527559056
20
0.6556351968503937
11
1.4299999999999999
21
0.6552755905511811
0
LINE
8
BLACK
6
CONTINUOUS
10
1.4299999999999999
20
0.6552755905511811
11
1.3699999999999999
21
0.6552755905511811
0
LINE
8
BLACK
6
CONTINUOUS
10
1.3699999999999999
20
0.6552755905511811
11
1.3681920472440945
21
0.6556351968503937
0
LINE
8
BLACK
6
CONTINUOUS
10
1.3681920472440945
20
0.6556351968503937
11
1.3666593307086614
21
0.6566593307086614
0
LINE
8
BLACK
6
CONTINUOUS
10
1.3666593307086614
20
0.6566593307086614
11
1.3656351968503937
21
0.6581920472440945
0
LINE
8
BLACK
6
CONTINUOUS
10
1.3656351968503937
20
0.6581920472440945
11
1.3652755905511811
21
0.66
0
LINE
8
BLACK
6
CONTINUOUS
10
1.3652755905511811
20
0.66
11
1.3652755905511811
21
0.72
0
LINE
8
BLACK
6
CONTINUOUS
10
1.3652755905511811
20
0.72
11
1.3656351968503937
21
0.7218079527559055
0
LINE
8
BLACK
6
CONTINUOUS
10
1.3656351968503937
20
0.7218079527559055
11
1.3666593307086614
21
0.7233406692913386
0
LINE
8
BLACK
6
CONTINUOUS
10
1.3666593307086614
20
0.7233406692913386
11
1.3681920472440945
21
0.7243648031496063
0
LINE
8
BLACK
6
CONTINUOUS
10
1.3681920472440945
20
0.7243648031496063
11
1.3699999999999999
21
0.7247244094488189
0
LINE
8
BLACK
6
CONTINUOUS
10
1.3699999999999999
20
0.7247244094488189
11
1.4299999999999999
21
0.7247244094488189
0
LINE
8
BLACK
6
CONTINUOUS
10
1.4299999999999999
20
0.7247244094488189
11
1.4318079527559056
21
0.7243648031496063
0
LINE
8
BLACK
6
CONTINUOUS
10
1.5318079527559054
20
0.7243648031496063
11
1.5333406692913385
21
0.7233406692913386
0
LINE
8
BLACK
6
CONTINUOUS
10
1.5333406692913385
20
0.7233406692913386
11
1.5343648031496062
21
0.7218079527559055
0
LINE
8
BLACK
6
CONTINUOUS
10
1.5343648031496062
20
0.7218079527559055
11
1.5347244094488188
21
0.72
0
LINE
8
BLACK
6
CONTINUOUS
10
1.5347244094488188
20
0.72
11
1.5347244094488188
21
0.66
0
LINE
8
BLACK
6
CONTINUOUS
10
1.5347244094488188
20
0.66
11
1.5343648031496062
21
0.6581920472440945
0
LINE
8
BLACK
6
CONTINUOUS
10
1.5343648031496062
20
0.6581920472440945
11
1.5333406692913385
21
0.6566593307086614
0
LINE
8
BLACK
6
CONTINUOUS
10
1.5333406692913385
20
0.6566593307086614
11
1.5318079527559054
21
0.6556351968503937
0
LINE
8
BLACK
6
CONTINUOUS
10
1.5318079527559054
20
0.6556351968503937
11
1.53
21
0.6552755905511811
0
LINE
8
BLACK
6
CONTINUOUS
10
1.53
20
0.6552755905511811
11
1.47
21
0.6552755905511811
0
LINE
8
BLACK
6
CONTINUOUS
10
1.47
20
0.6552755905511811
11
1.4681920472440944
21
0.6556351968503937
0
LINE
8
BLACK
6
CONTINUOUS
10
1.4681920472440944
20
0.6556351968503937
11
1.4666593307086613
21
0.6566593307086614
0
LINE
8
BLACK
6
CONTINUOUS
10
1.4666593307086613
20
0.6566593307086614
11
1.4656351968503936
21
0.6581920472440945
0
LINE
8
BLACK
6
CONTINUOUS
10
1.4656351968503936
20
0.6581920472440945
11
1.4652755905511812
21
0.66
0
LINE
8
BLACK
6
CONTINUOUS
10
1.4652755905511812
20
0.66
11
1.4652755905511812
21
0.72
0
LINE
8
BLACK
6
CONTINUOUS
10
1.4652755905511812
20
0.72
11
1.4656351968503936
21
0.7218079527559055
0
LINE
8
BLACK
6
CONTINUOUS
10
1.4656351968503936
20
0.7218079527559055
11
1.4666593307086613
21
0.7233406692913386
0
LINE
8
BLACK
6
CONTINUOUS
10
1.4666593307086613
20
0.7233406692913386
11
1.4681920472440944
21
0.7243648031496063
0
LINE
8
BLACK
6
CONTINUOUS
10
1.4681920472440944
20
0.7243648031496063
11
1.47
21
0.7247244094488189
0
LINE
8
BLACK
6
CONTINUOUS
10
1.47
20
0.7247244094488189
11
1.53
21
0.7247244094488189
0
LINE
8
BLACK
6
CONTINUOUS
10
1.53
20
0.7247244094488189
11
1.5318079527559054
21
0.7243648031496063
0
LINE
8
BLACK
6
CONTINUOUS
10
0.5918079527559055
20
0.7443648031496063
11
0.5933406692913386
21
0.7433406692913386
0
LINE
8
BLACK
6
CONTINUOUS
10
0.5933406692913386
20
0.7433406692913386
11
0.5943648031496063
21
0.7418079527559055
0
LINE
8
BLACK
6
CONTINUOUS
10
0.5943648031496063
20
0.7418079527559055
11
0.5947244094488189
21
0.74
0
LINE
8
BLACK
6
CONTINUOUS
10
0.5947244094488189
20
0.74
11
0.5947244094488189
21
0.6799999999999999
0
LINE
8
BLACK
6
CONTINUOUS
10
0.5947244094488189
20
0.6799999999999999
11
0.5943648031496063
21
0.6781920472440944
0
LINE
8
BLACK
6
CONTINUOUS
10
0.5943648031496063
20
0.6781920472440944
11
0.5933406692913386
21
0.6766593307086614
0
LINE
8
BLACK
6
CONTINUOUS
10
0.5933406692913386
20
0.6766593307086614
11
0.5918079527559055
21
0.6756351968503936
0
LINE
8
BLACK
6
CONTINUOUS
10
0.5918079527559055
20
0.6756351968503936
11
0.59
21
0.6752755905511811
0
LINE
8
BLACK
6
CONTINUOUS
10
0.59
20
0.6752755905511811
11
0.53
21
0.6752755905511811
0
LINE
8
BLACK
6
CONTINUOUS
10
0.53
20
0.6752755905511811
11
0.5281920472440945
21
0.6756351968503936
0
LINE
8
BLACK
6
CONTINUOUS
10
0.5281920472440945
20
0.6756351968503936
11
0.5266593307086614
21
0.6766593307086614
0
LINE
8
BLACK
6
CONTINUOUS
10
0.5266593307086614
20
0.6766593307086614
11
0.5256351968503937
21
0.6781920472440944
0
LINE
8
BLACK
6
CONTINUOUS
10
0.5256351968503937
20
0.6781920472440944
11
0.5252755905511811
21
0.6799999999999999
0
LINE
8
BLACK
6
CONTINUOUS
10
0.5252755905511811
20
0.6799999999999999
11
0.5252755905511811
21
0.74
0
LINE
8
BLACK
6
CONTINUOUS
10
0.5252755905511811
20
0.74
11
0.5256351968503937
21
0.7418079527559055
0
LINE
8
BLACK
6
CONTINUOUS
10
0.5256351968503937
20
0.7418079527559055
11
0.5266593307086614
21
0.7433406692913386
0
LINE
8
BLACK
6
CONTINUOUS
10
0.5266593307086614
20
0.7433406692913386
11
0.5281920472440945
21
0.7443648031496063
0
LINE
8
BLACK
6
CONTINUOUS
10
0.5281920472440945
20
0.7443648031496063
11
0.53
21
0.7447244094488189
0
LINE
8
BLACK
6
CONTINUOUS
10
0.53
20
0.7447244094488189
11
0.59
21
0.7447244094488189
0
LINE
8
BLACK
6
CONTINUOUS
10
0.59
20
0.7447244094488189
11
0.5918079527559055
21
0.7443648031496063
0
LINE
8
BLACK
6
CONTINUOUS
10
0.6918079527559055
20
0.7443648031496063
11
0.6933406692913385
21
0.7433406692913386
0
LINE
8
BLACK
6
CONTINUOUS
10
0.6933406692913385
20
0.7433406692913386
11
0.6943648031496062
21
0.7418079527559055
0
LINE
8
BLACK
6
CONTINUOUS
10
0.6943648031496062
20
0.7418079527559055
11
0.6947244094488189
21
0.74
0
LINE
8
BLACK
6
CONTINUOUS
10
0.6947244094488189
20
0.74
11
0.6947244094488189
21
0.6799999999999999
0
LINE
8
BLACK
6
CONTINUOUS
10
0.6947244094488189
20
0.6799999999999999
11
0.6943648031496062
21
0.6781920472440944
0
LINE
8
BLACK
6
CONTINUOUS
10
0.6943648031496062
20
0.6781920472440944
11
0.6933406692913385
21
0.6766593307086614
0
LINE
8
BLACK
6
CONTINUOUS
10
0.6933406692913385
20
0.6766593307086614
11
0.6918079527559055
21
0.6756351968503936
0
LINE
8
BLACK
6
CONTINUOUS
10
0.6918079527559055
20
0.6756351968503936
11
0.6899999999999999
21
0.6752755905511811
0
LINE
8
BLACK
6
CONTINUOUS
10
0.6899999999999999
20
0.6752755905511811
11
0.63
21
0.6752755905511811
0
LINE
8
BLACK
6
CONTINUOUS
10
0.63
20
0.6752755905511811
11
0.6281920472440945
21
0.6756351968503936
0
LINE
8
BLACK
6
CONTINUOUS
10
0.6281920472440945
20
0.6756351968503936
11
0.6266593307086614
21
0.6766593307086614
0
LINE
8
BLACK
6
CONTINUOUS
10
0.6266593307086614
20
0.6766593307086614
11
0.6256351968503937
21
0.6781920472440944
0
LINE
8
BLACK
6
CONTINUOUS
10
0.6256351968503937
20
0.6781920472440944
11
0.6252755905511811
21
0.6799999999999999
0
LINE
8
BLACK
6
CONTINUOUS
10
0.6252755905511811
20
0.6799999999999999
11
0.6252755905511811
21
0.74
0
LINE
8
BLACK
6
CONTINUOUS
10
0.6252755905511811
20
0.74
11
0.6256351968503937
21
0.7418079527559055
0
LINE
8
BLACK
6
CONTINUOUS
10
0.6256351968503937
20
0.7418079527559055
11
0.6266593307086614
21
0.7433406692913386
0
LINE
8
BLACK
6
CONTINUOUS
10
0.6266593307086614
20
0.7433406692913386
11
0.6281920472440945
21
0.7443648031496063
0
LINE
8
BLACK
6
CONTINUOUS
10
0.6281920472440945
20
0.7443648031496063
11
0.63
21
0.7447244094488189
0
LINE
8
BLACK
6
CONTINUOUS
10
0.63
20
0.7447244094488189
11
0.6899999999999999
21
0.7447244094488189
0
LINE
8
BLACK
6
CONTINUOUS
10
0.6899999999999999
20
0.7447244094488189
11
0.6918079527559055
21
0.7443648031496063
0
LINE
8
BLACK
6
CONTINUOUS
10
0.7918079527559055
20
0.7443648031496063
11
0.7933406692913386
21
0.7433406692913386
0
LINE
8
BLACK
6
CONTINUOUS
10
0.7933406692913386
20
0.7433406692913386
11
0.7943648031496063
21
0.7418079527559055
0
LINE
8
BLACK
6
CONTINUOUS
10
0.7943648031496063
20
0.7418079527559055
11
0.7947244094488188
21
0.74
0
LINE
8
BLACK
6
CONTINUOUS
10
0.7947244094488188
20
0.74
11
0.7947244094488188
21
0.6799999999999999
0
LINE
8
BLACK
6
CONTINUOUS
10
0.7947244094488188
20
0.6799999999999999
11
0.7943648031496063
21
0.6781920472440944
0
LINE
8
BLACK
6
CONTINUOUS
10
0.7943648031496063
20
0.6781920472440944
11
0.7933406692913386
21
0.6766593307086614
0
LINE
8
BLACK
6
CONTINUOUS
10
0.7933406692913386
20
0.6766593307086614
11
0.7918079527559055
21
0.6756351968503936
0
LINE
8
BLACK
6
CONTINUOUS
10
0.7918079527559055
20
0.6756351968503936
11
0.79
21
0.6752755905511811
0
LINE
8
BLACK
6
CONTINUOUS
10
0.79
20
0.6752755905511811
11
0.73
21
0.6752755905511811
0
LINE
8
BLACK
6
CONTINUOUS
10
0.73
20
0.6752755905511811
11
0.7281920472440945
21
0.6756351968503936
0
LINE
8
BLACK
6
CONTINUOUS
10
0.7281920472440945
20
0.6756351968503936
11
0.7266593307086614
21
0.6766593307086614
0
LINE
8
BLACK
6
CONTINUOUS
10
0.7266593307086614
20
0.6766593307086614
11
0.7256351968503937
21
0.6781920472440944
0
LINE
8
BLACK
6
CONTINUOUS
10
0.7256351968503937
20
0.6781920472440944
11
0.7252755905511811
21
0.6799999999999999
0
LINE
8
BLACK
6
CONTINUOUS
10
0.7252755905511811
20
0.6799999999999999
11
0.7252755905511811
21
0.74
0
LINE
8
BLACK
6
CONTINUOUS
10
0.7252755905511811
20
0.74
11
0.7256351968503937
21
0.7418079527559055
0
LINE
8
BLACK
6
CONTINUOUS
10
0.7256351968503937
20
0.7418079527559055
11
0.7266593307086614
21
0.7433406692913386
0
LINE
8
BLACK
6
CONTINUOUS
10
0.7266593307086614
20
0.7433406692913386
11
0.7281920472440945
21
0.7443648031496063
0
LINE
8
BLACK
6
CONTINUOUS
10
0.7281920472440945
20
0.7443648031496063
11
0.73
21
0.7447244094488189
0
LINE
8
BLACK
6
CONTINUOUS
10
0.73
20
0.7447244094488189
11
0.79
21
0.7447244094488189
0
LINE
8
BLACK
6
CONTINUOUS
10
0.79
20
0.7447244094488189
11
0.7918079527559055
21
0.7443648031496063
0
LINE
8
BLACK
6
CONTINUOUS
10
0.8918079527559055
20
0.7443648031496063
11
0.8933406692913386
21
0.7433406692913386
0
LINE
8
BLACK
6
CONTINUOUS
10
0.8933406692913386
20
0.7433406692913386
11
0.8943648031496063
21
0.7418079527559055
0
LINE
8
BLACK
6
CONTINUOUS
10
0.8943648031496063
20
0.7418079527559055
11
0.8947244094488189
21
0.74
0
LINE
8
BLACK
6
CONTINUOUS
10
0.8947244094488189
20
0.74
11
0.8947244094488189
21
0.6799999999999999
0
LINE
8
BLACK
6
CONTINUOUS
10
0.8947244094488189
20
0.6799999999999999
11
0.8943648031496063
21
0.6781920472440944
0
LINE
8
BLACK
6
CONTINUOUS
10
0.8943648031496063
20
0.6781920472440944
11
0.8933406692913386
21
0.6766593307086614
0
LINE
8
BLACK
6
CONTINUOUS
10
0.8933406692913386
20
0.6766593307086614
11
0.8918079527559055
21
0.6756351968503936
0
LINE
8
BLACK
6
CONTINUOUS
10
0.8918079527559055
20
0.6756351968503936
11
0.89
21
0.6752755905511811
0
LINE
8
BLACK
6
CONTINUOUS
10
0.89
20
0.6752755905511811
11
0.83
21
0.6752755905511811
0
LINE
8
BLACK
6
CONTINUOUS
10
0.83
20
0.6752755905511811
11
0.8281920472440945
21
0.6756351968503936
0
LINE
8
BLACK
6
CONTINUOUS
10
0.8281920472440945
20
0.6756351968503936
11
0.8266593307086614
21
0.6766593307086614
0
LINE
8
BLACK
6
CONTINUOUS
10
0.8266593307086614
20
0.6766593307086614
11
0.8256351968503937
21
0.6781920472440944
0
LINE
8
BLACK
6
CONTINUOUS
10
0.8256351968503937
20
0.6781920472440944
11
0.825275590551181
21
0.6799999999999999
0
LINE
8
BLACK
6
CONTINUOUS
10
0.825275590551181
20
0.6799999999999999
11
0.825275590551181
21
0.74
0
LINE
8
BLACK
6
CONTINUOUS
10
0.825275590551181
20
0.74
11
0.8256351968503937
21
0.7418079527559055
0
LINE
8
BLACK
6
CONTINUOUS
10
0.8256351968503937
20
0.7418079527559055
11
0.8266593307086614
21
0.7433406692913386
0
LINE
8
BLACK
6
CONTINUOUS
10
0.8266593307086614
20
0.7433406692913386
11
0.8281920472440945
21
0.7443648031496063
0
LINE
8
BLACK
6
CONTINUOUS
10
0.8281920472440945
20
0.7443648031496063
11
0.83
21
0.7447244094488189
0
LINE
8
BLACK
6
CONTINUOUS
10
0.83
20
0.7447244094488189
11
0.89
21
0.7447244094488189
0
LINE
8
BLACK
6
CONTINUOUS
10
0.89
20
0.7447244094488189
11
0.8918079527559055
21
0.7443648031496063
0
LINE
8
BLACK
6
CONTINUOUS
10
0.9918079527559055
20
0.7443648031496063
11
0.9933406692913386
21
0.7433406692913386
0
LINE
8
BLACK
6
CONTINUOUS
10
0.9933406692913386
20
0.7433406692913386
11
0.9943648031496063
21
0.7418079527559055
0
LINE
8
BLACK
6
CONTINUOUS
10
0.9943648031496063
20
0.7418079527559055
11
0.9947244094488189
21
0.74
0
LINE
8
BLACK
6
CONTINUOUS
10
0.9947244094488189
20
0.74
11
0.9947244094488189
21
0.6799999999999999
0
LINE
8
BLACK
6
CONTINUOUS
10
0.9947244094488189
20
0.6799999999999999
11
0.9943648031496063
21
0.6781920472440944
0
LINE
8
BLACK
6
CONTINUOUS
10
0.9943648031496063
20
0.6781920472440944
11
0.9933406692913386
21
0.6766593307086614
0
LINE
8
BLACK
6
CONTINUOUS
10
0.9933406692913386
20
0.6766593307086614
11
0.9918079527559055
21
0.6756351968503936
0
LINE
8
BLACK
6
CONTINUOUS
10
0.9918079527559055
20
0.6756351968503936
11
0.99
21
0.6752755905511811
0
LINE
8
BLACK
6
CONTINUOUS
10
0.99
20
0.6752755905511811
11
0.9299999999999999
21
0.6752755905511811
0
LINE
8
BLACK
6
CONTINUOUS
10
0.9299999999999999
20
0.6752755905511811
11
0.9281920472440944
21
0.6756351968503936
0
LINE
8
BLACK
6
CONTINUOUS
10
0.9281920472440944
20
0.6756351968503936
11
0.9266593307086614
21
0.6766593307086614
0
LINE
8
BLACK
6
CONTINUOUS
10
0.9266593307086614
20
0.6766593307086614
11
0.9256351968503936
21
0.6781920472440944
0
LINE
8
BLACK
6
CONTINUOUS
10
0.9256351968503936
20
0.6781920472440944
11
0.925275590551181
21
0.6799999999999999
0
LINE
8
BLACK
6
CONTINUOUS
10
0.925275590551181
20
0.6799999999999999
11
0.925275590551181
21
0.74
0
LINE
8
BLACK
6
CONTINUOUS
10
0.925275590551181
20
0.74
11
0.9256351968503936
21
0.7418079527559055
0
LINE
8
BLACK
6
CONTINUOUS
10
0.9256351968503936
20
0.7418079527559055
11
0.9266593307086614
21
0.7433406692913386
0
LINE
8
BLACK
6
CONTINUOUS
10
0.9266593307086614
20
0.7433406692913386
11
0.9281920472440944
21
0.7443648031496063
0
LINE
8
BLACK
6
CONTINUOUS
10
0.9281920472440944
20
0.7443648031496063
11
0.9299999999999999
21
0.7447244094488189
0
LINE
8
BLACK
6
CONTINUOUS
10
0.9299999999999999
20
0.7447244094488189
11
0.99
21
0.7447244094488189
0
LINE
8
BLACK
6
CONTINUOUS
10
0.99
20
0.7447244094488189
11
0.9918079527559055
21
0.7443648031496063
0
LINE
8
BLACK
6
CONTINUOUS
10
1.0918079527559055
20
0.7443648031496063
11
1.0933406692913386
21
0.7433406692913386
0
LINE
8
BLACK
6
CONTINUOUS
10
1.0933406692913386
20
0.7433406692913386
11
1.0943648031496063
21
0.7418079527559055
0
LINE
8
BLACK
6
CONTINUOUS
10
1.0943648031496063
20
0.7418079527559055
11
1.0947244094488189
21
0.74
0
LINE
8
BLACK
6
CONTINUOUS
10
1.0947244094488189
20
0.74
11
1.0947244094488189
21
0.6799999999999999
0
LINE
8
BLACK
6
CONTINUOUS
10
1.0947244094488189
20
0.6799999999999999
11
1.0943648031496063
21
0.6781920472440944
0
LINE
8
BLACK
6
CONTINUOUS
10
1.0943648031496063
20
0.6781920472440944
11
1.0933406692913386
21
0.6766593307086614
0
LINE
8
BLACK
6
CONTINUOUS
10
1.0933406692913386
20
0.6766593307086614
11
1.0918079527559055
21
0.6756351968503936
0
LINE
8
BLACK
6
CONTINUOUS
10
1.0918079527559055
20
0.6756351968503936
11
1.0900000000000001
21
0.6752755905511811
0
LINE
8
BLACK
6
CONTINUOUS
10
1.0900000000000001
20
0.6752755905511811
11
1.03
21
0.6752755905511811
0
LINE
8
BLACK
6
CONTINUOUS
10
1.03
20
0.6752755905511811
11
1.0281920472440944
21
0.6756351968503936
0
LINE
8
BLACK
6
CONTINUOUS
10
1.0281920472440944
20
0.6756351968503936
11
1.0266593307086613
21
0.6766593307086614
0
LINE
8
BLACK
6
CONTINUOUS
10
1.0266593307086613
20
0.6766593307086614
11
1.0256351968503936
21
0.6781920472440944
0
LINE
8
BLACK
6
CONTINUOUS
10
1.0256351968503936
20
0.6781920472440944
11
1.025275590551181
21
0.6799999999999999
0
LINE
8
BLACK
6
CONTINUOUS
10
1.025275590551181
20
0.6799999999999999
11
1.025275590551181
21
0.74
0
LINE
8
BLACK
6
CONTINUOUS
10
1.025275590551181
20
0.74
11
1.0256351968503936
21
0.7418079527559055
0
LINE
8
BLACK
6
CONTINUOUS
10
1.0256351968503936
20
0.7418079527559055
11
1.0266593307086613
21
0.7433406692913386
0
LINE
8
BLACK
6
CONTINUOUS
10
1.0266593307086613
20
0.7433406692913386
11
1.0281920472440944
21
0.7443648031496063
0
LINE
8
BLACK
6
CONTINUOUS
10
1.0281920472440944
20
0.7443648031496063
11
1.03
21
0.7447244094488189
0
LINE
8
BLACK
6
CONTINUOUS
10
1.03
20
0.7447244094488189
11
1.0900000000000001
21
0.7447244094488189
0
LINE
8
BLACK
6
CONTINUOUS
10
1.0900000000000001
20
0.7447244094488189
11
1.0918079527559055
21
0.7443648031496063
0
LINE
8
BLACK
6
CONTINUOUS
10
0.1768079527559055
20
0.7693648031496063
11
0.1783406692913386
21
0.7683406692913386
0
LINE
8
BLACK
6
CONTINUOUS
10
0.1783406692913386
20
0.7683406692913386
11
0.1793648031496063
21
0.7668079527559055
0
LINE
8
BLACK
6
CONTINUOUS
10
0.1793648031496063
20
0.7668079527559055
11
0.1797244094488189
21
0.765
0
LINE
8
BLACK
6
CONTINUOUS
10
0.1797244094488189
20
0.765
11
0.1797244094488189
21
0.705
0
LINE
8
BLACK
6
CONTINUOUS
10
0.1797244094488189
20
0.705
11
0.1793648031496063
21
0.7031920472440945
0
LINE
8
BLACK
6
CONTINUOUS
10
0.1793648031496063
20
0.7031920472440945
11
0.1783406692913386
21
0.7016593307086614
0
LINE
8
BLACK
6
CONTINUOUS
10
0.1783406692913386
20
0.7016593307086614
11
0.1768079527559055
21
0.7006351968503937
0
LINE
8
BLACK
6
CONTINUOUS
10
0.1768079527559055
20
0.7006351968503937
11
0.175
21
0.700275590551181
0
LINE
8
BLACK
6
CONTINUOUS
10
0.175
20
0.700275590551181
11
0.115
21
0.700275590551181
0
LINE
8
BLACK
6
CONTINUOUS
10
0.115
20
0.700275590551181
11
0.1131920472440945
21
0.7006351968503937
0
LINE
8
BLACK
6
CONTINUOUS
10
0.1131920472440945
20
0.7006351968503937
11
0.1116593307086614
21
0.7016593307086614
0
LINE
8
BLACK
6
CONTINUOUS
10
0.1116593307086614
20
0.7016593307086614
11
0.1106351968503937
21
0.7031920472440945
0
LINE
8
BLACK
6
CONTINUOUS
10
0.1106351968503937
20
0.7031920472440945
11
0.1102755905511811
21
0.705
0
LINE
8
BLACK
6
CONTINUOUS
10
0.1102755905511811
20
0.705
11
0.1102755905511811
21
0.765
0
LINE
8
BLACK
6
CONTINUOUS
10
0.1102755905511811
20
0.765
11
0.1106351968503937
21
0.7668079527559055
0
LINE
8
BLACK
6
CONTINUOUS
10
0.1106351968503937
20
0.7668079527559055
11
0.1116593307086614
21
0.7683406692913386
0
LINE
8
BLACK
6
CONTINUOUS
10
0.1116593307086614
20
0.7683406692913386
11
0.1131920472440945
21
0.7693648031496063
0
LINE
8
BLACK
6
CONTINUOUS
10
0.1131920472440945
20
0.7693648031496063
11
0.115
21
0.7697244094488189
0
LINE
8
BLACK
6
CONTINUOUS
10
0.115
20
0.7697244094488189
11
0.175
21
0.7697244094488189
0
LINE
8
BLACK
6
CONTINUOUS
10
0.175
20
0.7697244094488189
11
0.1768079527559055
21
0.7693648031496063
0
LINE
8
BLACK
6
CONTINUOUS
10
0.2768079527559055
20
0.7693648031496063
11
0.2783406692913385
21
0.7683406692913386
0
LINE
8
BLACK
6
CONTINUOUS
10
0.2783406692913385
20
0.7683406692913386
11
0.2793648031496063
21
0.7668079527559055
0
LINE
8
BLACK
6
CONTINUOUS
10
0.2793648031496063
20
0.7668079527559055
11
0.2797244094488189
21
0.765
0
LINE
8
BLACK
6
CONTINUOUS
10
0.2797244094488189
20
0.765
11
0.2797244094488189
21
0.705
0
LINE
8
BLACK
6
CONTINUOUS
10
0.2797244094488189
20
0.705
11
0.2793648031496063
21
0.7031920472440945
0
LINE
8
BLACK
6
CONTINUOUS
10
0.2793648031496063
20
0.7031920472440945
11
0.2783406692913385
21
0.7016593307086614
0
LINE
8
BLACK
6
CONTINUOUS
10
0.2783406692913385
20
0.7016593307086614
11
0.2768079527559055
21
0.7006351968503937
0
LINE
8
BLACK
6
CONTINUOUS
10
0.2768079527559055
20
0.7006351968503937
11
0.275
21
0.700275590551181
0
LINE
8
BLACK
6
CONTINUOUS
10
0.275
20
0.700275590551181
11
0.215
21
0.700275590551181
0
LINE
8
BLACK
6
CONTINUOUS
10
0.215
20
0.700275590551181
11
0.2131920472440945
21
0.7006351968503937
0
LINE
8
BLACK
6
CONTINUOUS
10
0.2131920472440945
20
0.7006351968503937
11
0.2116593307086614
21
0.7016593307086614
0
LINE
8
BLACK
6
CONTINUOUS
10
0.2116593307086614
20
0.7016593307086614
11
0.2106351968503937
21
0.7031920472440945
0
LINE
8
BLACK
6
CONTINUOUS
10
0.2106351968503937
20
0.7031920472440945
11
0.2102755905511811
21
0.705
0
LINE
8
BLACK
6
CONTINUOUS
10
0.2102755905511811
20
0.705
11
0.2102755905511811
21
0.765
0
LINE
8
BLACK
6
CONTINUOUS
10
0.2102755905511811
20
0.765
11
0.2106351968503937
21
0.7668079527559055
0
LINE
8
BLACK
6
CONTINUOUS
10
0.2106351968503937
20
0.7668079527559055
11
0.2116593307086614
21
0.7683406692913386
0
LINE
8
BLACK
6
CONTINUOUS
10
0.2116593307086614
20
0.7683406692913386
11
0.2131920472440945
21
0.7693648031496063
0
LINE
8
BLACK
6
CONTINUOUS
10
0.2131920472440945
20
0.7693648031496063
11
0.215
21
0.7697244094488189
0
LINE
8
BLACK
6
CONTINUOUS
10
0.215
20
0.7697244094488189
11
0.275
21
0.7697244094488189
0
LINE
8
BLACK
6
CONTINUOUS
10
0.275
20
0.7697244094488189
11
0.2768079527559055
21
0.7693648031496063
0
LINE
8
BLACK
6
CONTINUOUS
10
0.4181079527559055
20
0.7656648031496063
11
0.4196406692913386
21
0.7646406692913386
0
LINE
8
BLACK
6
CONTINUOUS
10
0.4196406692913386
20
0.7646406692913386
11
0.4206648031496063
21
0.7631079527559055
0
LINE
8
BLACK
6
CONTINUOUS
10
0.4206648031496063
20
0.7631079527559055
11
0.4210244094488189
21
0.7613
0
LINE
8
BLACK
6
CONTINUOUS
10
0.4210244094488189
20
0.7613
11
0.4210244094488189
21
0.7262999999999999
0
LINE
8
BLACK
6
CONTINUOUS
10
0.4210244094488189
20
0.7262999999999999
11
0.4206648031496063
21
0.7244920472440944
0
LINE
8
BLACK
6
CONTINUOUS
10
0.4206648031496063
20
0.7244920472440944
11
0.4196406692913386
21
0.7229593307086614
0
LINE
8
BLACK
6
CONTINUOUS
10
0.4196406692913386
20
0.7229593307086614
11
0.4181079527559055
21
0.7219351968503936
0
LINE
8
BLACK
6
CONTINUOUS
10
0.4181079527559055
20
0.7219351968503936
11
0.4163
21
0.721575590551181
0
LINE
8
BLACK
6
CONTINUOUS
10
0.4163
20
0.721575590551181
11
0.3613
21
0.721575590551181
0
LINE
8
BLACK
6
CONTINUOUS
10
0.3613
20
0.721575590551181
11
0.3594920472440945
21
0.7219351968503936
0
LINE
8
BLACK
6
CONTINUOUS
10
0.3594920472440945
20
0.7219351968503936
11
0.3579593307086614
21
0.7229593307086614
0
LINE
8
BLACK
6
CONTINUOUS
10
0.3579593307086614
20
0.7229593307086614
11
0.3569351968503937
21
0.7244920472440944
0
LINE
8
BLACK
6
CONTINUOUS
10
0.3569351968503937
20
0.7244920472440944
11
0.3565755905511811
21
0.7262999999999999
0
LINE
8
BLACK
6
CONTINUOUS
10
0.3565755905511811
20
0.7262999999999999
11
0.3565755905511811
21
0.7613
0
LINE
8
BLACK
6
CONTINUOUS
10
0.3565755905511811
20
0.7613
11
0.3569351968503937
21
0.7631079527559055
0
LINE
8
BLACK
6
CONTINUOUS
10
0.3569351968503937
20
0.7631079527559055
11
0.3579593307086614
21
0.7646406692913386
0
LINE
8
BLACK
6
CONTINUOUS
10
0.3579593307086614
20
0.7646406692913386
11
0.3594920472440945
21
0.7656648031496063
0
LINE
8
BLACK
6
CONTINUOUS
10
0.3594920472440945
20
0.7656648031496063
11
0.3613
21
0.7660244094488189
0
LINE
8
BLACK
6
CONTINUOUS
10
0.3613
20
0.7660244094488189
11
0.4163
21
0.7660244094488189
0
LINE
8
BLACK
6
CONTINUOUS
10
0.4163
20
0.7660244094488189
11
0.4181079527559055
21
0.7656648031496063
0
LINE
8
BLACK
6
CONTINUOUS
10
1.3526079527559054
20
0.8385648031496062
11
1.3541406692913385
21
0.8375406692913385
0
LINE
8
BLACK
6
CONTINUOUS
10
1.3541406692913385
20
0.8375406692913385
11
1.3551648031496062
21
0.8360079527559054
0
LINE
8
BLACK
6
CONTINUOUS
10
1.3551648031496062
20
0.8360079527559054
11
1.3555244094488188
21
0.8341999999999999
0
LINE
8
BLACK
6
CONTINUOUS
10
1.3555244094488188
20
0.8341999999999999
11
1.3555244094488188
21
0.7358
0
LINE
8
BLACK
6
CONTINUOUS
10
1.3555244094488188
20
0.7358
11
1.3551648031496062
21
0.7339920472440945
0
LINE
8
BLACK
6
CONTINUOUS
10
1.3551648031496062
20
0.7339920472440945
11
1.3541406692913385
21
0.7324593307086614
0
LINE
8
BLACK
6
CONTINUOUS
10
1.3541406692913385
20
0.7324593307086614
11
1.3526079527559054
21
0.7314351968503937
0
LINE
8
BLACK
6
CONTINUOUS
10
1.3526079527559054
20
0.7314351968503937
11
1.3508
21
0.7310755905511811
0
LINE
8
BLACK
6
CONTINUOUS
10
1.3508
20
0.7310755905511811
11
1.2504
21
0.7310755905511811
0
LINE
8
BLACK
6
CONTINUOUS
10
1.2504
20
0.7310755905511811
11
1.2485920472440946
21
0.7314351968503937
0
LINE
8
BLACK
6
CONTINUOUS
10
1.2485920472440946
20
0.7314351968503937
11
1.2470593307086615
21
0.7324593307086614
0
LINE
8
BLACK
6
CONTINUOUS
10
1.2470593307086615
20
0.7324593307086614
11
1.2460351968503938
21
0.7339920472440945
0
LINE
8
BLACK
6
CONTINUOUS
10
1.2460351968503938
20
0.7339920472440945
11
1.2456755905511812
21
0.7358
0
LINE
8
BLACK
6
CONTINUOUS
10
1.2456755905511812
20
0.7358
11
1.2456755905511812
21
0.8341999999999999
0
LINE
8
BLACK
6
CONTINUOUS
10
1.2456755905511812
20
0.8341999999999999
11
1.2460351968503938
21
0.8360079527559054
0
LINE
8
BLACK
6
CONTINUOUS
10
1.2460351968503938
20
0.8360079527559054
11
1.2470593307086615
21
0.8375406692913385
0
LINE
8
BLACK
6
CONTINUOUS
10
1.2470593307086615
20
0.8375406692913385
11
1.2485920472440946
21
0.8385648031496062
0
LINE
8
BLACK
6
CONTINUOUS
10
1.2485920472440946
20
0.8385648031496062
11
1.2504
21
0.8389244094488189
0
LINE
8
BLACK
6
CONTINUOUS
10
1.2504
20
0.8389244094488189
11
1.3508
21
0.8389244094488189
0
LINE
8
BLACK
6
CONTINUOUS
10
1.3508
20
0.8389244094488189
11
1.3526079527559054
21
0.8385648031496062
0
LINE
8
BLACK
6
CONTINUOUS
10
1.5514079527559055
20
0.8385648031496062
11
1.5529406692913386
21
0.8375406692913385
0
LINE
8
BLACK
6
CONTINUOUS
10
1.5529406692913386
20
0.8375406692913385
11
1.5539648031496063
21
0.8360079527559054
0
LINE
8
BLACK
6
CONTINUOUS
10
1.5539648031496063
20
0.8360079527559054
11
1.5543244094488189
21
0.8341999999999999
0
LINE
8
BLACK
6
CONTINUOUS
10
1.5543244094488189
20
0.8341999999999999
11
1.5543244094488189
21
0.7358
0
LINE
8
BLACK
6
CONTINUOUS
10
1.5543244094488189
20
0.7358
11
1.5539648031496063
21
0.7339920472440945
0
LINE
8
BLACK
6
CONTINUOUS
10
1.5539648031496063
20
0.7339920472440945
11
1.5529406692913386
21
0.7324593307086614
0
LINE
8
BLACK
6
CONTINUOUS
10
1.5529406692913386
20
0.7324593307086614
11
1.5514079527559055
21
0.7314351968503937
0
LINE
8
BLACK
6
CONTINUOUS
10
1.5514079527559055
20
0.7314351968503937
11
1.5495999999999999
21
0.7310755905511811
0
LINE
8
BLACK
6
CONTINUOUS
10
1.5495999999999999
20
0.7310755905511811
11
1.4492
21
0.7310755905511811
0
LINE
8
BLACK
6
CONTINUOUS
10
1.4492
20
0.7310755905511811
11
1.4473920472440944
21
0.7314351968503937
0
LINE
8
BLACK
6
CONTINUOUS
10
1.4473920472440944
20
0.7314351968503937
11
1.4458593307086613
21
0.7324593307086614
0
LINE
8
BLACK
6
CONTINUOUS
10
1.4458593307086613
20
0.7324593307086614
11
1.4448351968503936
21
0.7339920472440945
0
LINE
8
BLACK
6
CONTINUOUS
10
1.4448351968503936
20
0.7339920472440945
11
1.444475590551181
21
0.7358
0
LINE
8
BLACK
6
CONTINUOUS
10
1.444475590551181
20
0.7358
11
1.444475590551181
21
0.8341999999999999
0
LINE
8
BLACK
6
CONTINUOUS
10
1.444475590551181
20
0.8341999999999999
11
1.4448351968503936
21
0.8360079527559054
0
LINE
8
BLACK
6
CONTINUOUS
10
1.4448351968503936
20
0.8360079527559054
11
1.4458593307086613
21
0.8375406692913385
0
LINE
8
BLACK
6
CONTINUOUS
10
1.4458593307086613
20
0.8375406692913385
11
1.4473920472440944
21
0.8385648031496062
0
LINE
8
BLACK
6
CONTINUOUS
10
1.4473920472440944
20
0.8385648031496062
11
1.4492
21
0.8389244094488189
0
LINE
8
BLACK
6
CONTINUOUS
10
1.4492
20
0.8389244094488189
11
1.5495999999999999
21
0.8389244094488189
0
LINE
8
BLACK
6
CONTINUOUS
10
1.5495999999999999
20
0.8389244094488189
11
1.5514079527559055
21
0.8385648031496062
0
LINE
8
BLACK
6
CONTINUOUS
10
0.5918079527559055
20
0.8443648031496063
11
0.5933406692913386
21
0.8433406692913386
0
LINE
8
BLACK
6
CONTINUOUS
10
0.5933406692913386
20
0.8433406692913386
11
0.5943648031496063
21
0.8418079527559055
0
LINE
8
BLACK
6
CONTINUOUS
10
0.5943648031496063
20
0.8418079527559055
11
0.5947244094488189
21
0.84
0
LINE
8
BLACK
6
CONTINUOUS
10
0.5947244094488189
20
0.84
11
0.5947244094488189
21
0.78
0
LINE
8
BLACK
6
CONTINUOUS
10
0.5947244094488189
20
0.78
11
0.5943648031496063
21
0.7781920472440945
0
LINE
8
BLACK
6
CONTINUOUS
10
0.5943648031496063
20
0.7781920472440945
11
0.5933406692913386
21
0.7766593307086614
0
LINE
8
BLACK
6
CONTINUOUS
10
0.5933406692913386
20
0.7766593307086614
11
0.5918079527559055
21
0.7756351968503937
0
LINE
8
BLACK
6
CONTINUOUS
10
0.5918079527559055
20
0.7756351968503937
11
0.59
21
0.7752755905511811
0
LINE
8
BLACK
6
CONTINUOUS
10
0.59
20
0.7752755905511811
11
0.53
21
0.7752755905511811
0
LINE
8
BLACK
6
CONTINUOUS
10
0.53
20
0.7752755905511811
11
0.5281920472440945
21
0.7756351968503937
0
LINE
8
BLACK
6
CONTINUOUS
10
0.5281920472440945
20
0.7756351968503937
11
0.5266593307086614
21
0.7766593307086614
0
LINE
8
BLACK
6
CONTINUOUS
10
0.5266593307086614
20
0.7766593307086614
11
0.5256351968503937
21
0.7781920472440945
0
LINE
8
BLACK
6
CONTINUOUS
10
0.5256351968503937
20
0.7781920472440945
11
0.5252755905511811
21
0.78
0
LINE
8
BLACK
6
CONTINUOUS
10
0.5252755905511811
20
0.78
11
0.5252755905511811
21
0.84
0
LINE
8
BLACK
6
CONTINUOUS
10
0.5252755905511811
20
0.84
11
0.5256351968503937
21
0.8418079527559055
0
LINE
8
BLACK
6
CONTINUOUS
10
0.5256351968503937
20
0.8418079527559055
11
0.5266593307086614
21
0.8433406692913386
0
LINE
8
BLACK
6
CONTINUOUS
10
0.5266593307086614
20
0.8433406692913386
11
0.5281920472440945
21
0.8443648031496063
0
LINE
8
BLACK
6
CONTINUOUS
10
0.5281920472440945
20
0.8443648031496063
11
0.53
21
0.8447244094488189
0
LINE
8
BLACK
6
CONTINUOUS
10
0.53
20
0.8447244094488189
11
0.59
21
0.8447244094488189
0
LINE
8
BLACK
6
CONTINUOUS
10
0.59
20
0.8447244094488189
11
0.5918079527559055
21
0.8443648031496063
0
LINE
8
BLACK
6
CONTINUOUS
10
0.6918079527559055
20
0.8443648031496063
11
0.6933406692913385
21
0.8433406692913386
0
LINE
8
BLACK
6
CONTINUOUS
10
0.6933406692913385
20
0.8433406692913386
11
0.6943648031496062
21
0.8418079527559055
0
LINE
8
BLACK
6
CONTINUOUS
10
0.6943648031496062
20
0.8418079527559055
11
0.6947244094488189
21
0.84
0
LINE
8
BLACK
6
CONTINUOUS
10
0.6947244094488189
20
0.84
11
0.6947244094488189
21
0.78
0
LINE
8
BLACK
6
CONTINUOUS
10
0.6947244094488189
20
0.78
11
0.6943648031496062
21
0.7781920472440945
0
LINE
8
BLACK
6
CONTINUOUS
10
0.6943648031496062
20
0.7781920472440945
11
0.6933406692913385
21
0.7766593307086614
0
LINE
8
BLACK
6
CONTINUOUS
10
0.6933406692913385
20
0.7766593307086614
11
0.6918079527559055
21
0.7756351968503937
0
LINE
8
BLACK
6
CONTINUOUS
10
0.6918079527559055
20
0.7756351968503937
11
0.6899999999999999
21
0.7752755905511811
0
LINE
8
BLACK
6
CONTINUOUS
10
0.6899999999999999
20
0.7752755905511811
11
0.63
21
0.7752755905511811
0
LINE
8
BLACK
6
CONTINUOUS
10
0.63
20
0.7752755905511811
11
0.6281920472440945
21
0.7756351968503937
0
LINE
8
BLACK
6
CONTINUOUS
10
0.6281920472440945
20
0.7756351968503937
11
0.6266593307086614
21
0.7766593307086614
0
LINE
8
BLACK
6
CONTINUOUS
10
0.6266593307086614
20
0.7766593307086614
11
0.6256351968503937
21
0.7781920472440945
0
LINE
8
BLACK
6
CONTINUOUS
10
0.6256351968503937
20
0.7781920472440945
11
0.6252755905511811
21
0.78
0
LINE
8
BLACK
6
CONTINUOUS
10
0.6252755905511811
20
0.78
11
0.6252755905511811
21
0.84
0
LINE
8
BLACK
6
CONTINUOUS
10
0.6252755905511811
20
0.84
11
0.6256351968503937
21
0.8418079527559055
0
LINE
8
BLACK
6
CONTINUOUS
10
0.6256351968503937
20
0.8418079527559055
11
0.6266593307086614
21
0.8433406692913386
0
LINE
8
BLACK
6
CONTINUOUS
10
0.6266593307086614
20
0.8433406692913386
11
0.6281920472440945
21
0.8443648031496063
0
LINE
8
BLACK
6
CONTINUOUS
10
0.6281920472440945
20
0.8443648031496063
11
0.63
21
0.8447244094488189
0
LINE
8
BLACK
6
CONTINUOUS
10
0.63
20
0.8447244094488189
11
0.6899999999999999
21
0.8447244094488189
0
LINE
8
BLACK
6
CONTINUOUS
10
0.6899999999999999
20
0.8447244094488189
11
0.6918079527559055
21
0.8443648031496063
0
LINE
8
BLACK
6
CONTINUOUS
10
0.7918079527559055
20
0.8443648031496063
11
0.7933406692913386
21
0.8433406692913386
0
LINE
8
BLACK
6
CONTINUOUS
10
0.7933406692913386
20
0.8433406692913386
11
0.7943648031496063
21
0.8418079527559055
0
LINE
8
BLACK
6
CONTINUOUS
10
0.7943648031496063
20
0.8418079527559055
11
0.7947244094488188
21
0.84
0
LINE
8
BLACK
6
CONTINUOUS
10
0.7947244094488188
20
0.84
11
0.7947244094488188
21
0.78
0
LINE
8
BLACK
6
CONTINUOUS
10
0.7947244094488188
20
0.78
11
0.7943648031496063
21
0.7781920472440945
0
LINE
8
BLACK
6
CONTINUOUS
10
0.7943648031496063
20
0.7781920472440945
11
0.7933406692913386
21
0.7766593307086614
0
LINE
8
BLACK
6
CONTINUOUS
10
0.7933406692913386
20
0.7766593307086614
11
0.7918079527559055
21
0.7756351968503937
0
LINE
8
BLACK
6
CONTINUOUS
10
0.7918079527559055
20
0.7756351968503937
11
0.79
21
0.7752755905511811
0
LINE
8
BLACK
6
CONTINUOUS
10
0.79
20
0.7752755905511811
11
0.73
21
0.7752755905511811
0
LINE
8
BLACK
6
CONTINUOUS
10
0.73
20
0.7752755905511811
11
0.7281920472440945
21
0.7756351968503937
0
LINE
8
BLACK
6
CONTINUOUS
10
0.7281920472440945
20
0.7756351968503937
11
0.7266593307086614
21
0.7766593307086614
0
LINE
8
BLACK
6
CONTINUOUS
10
0.7266593307086614
20
0.7766593307086614
11
0.7256351968503937
21
0.7781920472440945
0
LINE
8
BLACK
6
CONTINUOUS
10
0.7256351968503937
20
0.7781920472440945
11
0.7252755905511811
21
0.78
0
LINE
8
BLACK
6
CONTINUOUS
10
0.7252755905511811
20
0.78
11
0.7252755905511811
21
0.84
0
LINE
8
BLACK
6
CONTINUOUS
10
0.7252755905511811
20
0.84
11
0.7256351968503937
21
0.8418079527559055
0
LINE
8
BLACK
6
CONTINUOUS
10
0.7256351968503937
20
0.8418079527559055
11
0.7266593307086614
21
0.8433406692913386
0
LINE
8
BLACK
6
CONTINUOUS
10
0.7266593307086614
20
0.8433406692913386
11
0.7281920472440945
21
0.8443648031496063
0
LINE
8
BLACK
6
CONTINUOUS
10
0.7281920472440945
20
0.8443648031496063
11
0.73
21
0.8447244094488189
0
LINE
8
BLACK
6
CONTINUOUS
10
0.73
20
0.8447244094488189
11
0.79
21
0.8447244094488189
0
LINE
8
BLACK
6
CONTINUOUS
10
0.79
20
0.8447244094488189
11
0.7918079527559055
21
0.8443648031496063
0
LINE
8
BLACK
6
CONTINUOUS
10
0.8918079527559055
20
0.8443648031496063
11
0.8933406692913386
21
0.8433406692913386
0
LINE
8
BLACK
6
CONTINUOUS
10
0.8933406692913386
20
0.8433406692913386
11
0.8943648031496063
21
0.8418079527559055
0
LINE
8
BLACK
6
CONTINUOUS
10
0.8943648031496063
20
0.8418079527559055
11
0.8947244094488189
21
0.84
0
LINE
8
BLACK
6
CONTINUOUS
10
0.8947244094488189
20
0.84
11
0.8947244094488189
21
0.78
0
LINE
8
BLACK
6
CONTINUOUS
10
0.8947244094488189
20
0.78
11
0.8943648031496063
21
0.7781920472440945
0
LINE
8
BLACK
6
CONTINUOUS
10
0.8943648031496063
20
0.7781920472440945
11
0.8933406692913386
21
0.7766593307086614
0
LINE
8
BLACK
6
CONTINUOUS
10
0.8933406692913386
20
0.7766593307086614
11
0.8918079527559055
21
0.7756351968503937
0
LINE
8
BLACK
6
CONTINUOUS
10
0.8918079527559055
20
0.7756351968503937
11
0.89
21
0.7752755905511811
0
LINE
8
BLACK
6
CONTINUOUS
10
0.89
20
0.7752755905511811
11
0.83
21
0.7752755905511811
0
LINE
8
BLACK
6
CONTINUOUS
10
0.83
20
0.7752755905511811
11
0.8281920472440945
21
0.7756351968503937
0
LINE
8
BLACK
6
CONTINUOUS
10
0.8281920472440945
20
0.7756351968503937
11
0.8266593307086614
21
0.7766593307086614
0
LINE
8
BLACK
6
CONTINUOUS
10
0.8266593307086614
20
0.7766593307086614
11
0.8256351968503937
21
0.7781920472440945
0
LINE
8
BLACK
6
CONTINUOUS
10
0.8256351968503937
20
0.7781920472440945
11
0.825275590551181
21
0.78
0
LINE
8
BLACK
6
CONTINUOUS
10
0.825275590551181
20
0.78
11
0.825275590551181
21
0.84
0
LINE
8
BLACK
6
CONTINUOUS
10
0.825275590551181
20
0.84
11
0.8256351968503937
21
0.8418079527559055
0
LINE
8
BLACK
6
CONTINUOUS
10
0.8256351968503937
20
0.8418079527559055
11
0.8266593307086614
21
0.8433406692913386
0
LINE
8
BLACK
6
CONTINUOUS
10
0.8266593307086614
20
0.8433406692913386
11
0.8281920472440945
21
0.8443648031496063
0
LINE
8
BLACK
6
CONTINUOUS
10
0.8281920472440945
20
0.8443648031496063
11
0.83
21
0.8447244094488189
0
LINE
8
BLACK
6
CONTINUOUS
10
0.83
20
0.8447244094488189
11
0.89
21
0.8447244094488189
0
LINE
8
BLACK
6
CONTINUOUS
10
0.89
20
0.8447244094488189
11
0.8918079527559055
21
0.8443648031496063
0
LINE
8
BLACK
6
CONTINUOUS
10
0.9918079527559055
20
0.8443648031496063
11
0.9933406692913386
21
0.8433406692913386
0
LINE
8
BLACK
6
CONTINUOUS
10
0.9933406692913386
20
0.8433406692913386
11
0.9943648031496063
21
0.8418079527559055
0
LINE
8
BLACK
6
CONTINUOUS
10
0.9943648031496063
20
0.8418079527559055
11
0.9947244094488189
21
0.84
0
LINE
8
BLACK
6
CONTINUOUS
10
0.9947244094488189
20
0.84
11
0.9947244094488189
21
0.78
0
LINE
8
BLACK
6
CONTINUOUS
10
0.9947244094488189
20
0.78
11
0.9943648031496063
21
0.7781920472440945
0
LINE
8
BLACK
6
CONTINUOUS
10
0.9943648031496063
20
0.7781920472440945
11
0.9933406692913386
21
0.7766593307086614
0
LINE
8
BLACK
6
CONTINUOUS
10
0.9933406692913386
20
0.7766593307086614
11
0.9918079527559055
21
0.7756351968503937
0
LINE
8
BLACK
6
CONTINUOUS
10
0.9918079527559055
20
0.7756351968503937
11
0.99
21
0.7752755905511811
0
LINE
8
BLACK
6
CONTINUOUS
10
0.99
20
0.7752755905511811
11
0.9299999999999999
21
0.7752755905511811
0
LINE
8
BLACK
6
CONTINUOUS
10
0.9299999999999999
20
0.7752755905511811
11
0.9281920472440944
21
0.7756351968503937
0
LINE
8
BLACK
6
CONTINUOUS
10
0.9281920472440944
20
0.7756351968503937
11
0.9266593307086614
21
0.7766593307086614
0
LINE
8
BLACK
6
CONTINUOUS
10
0.9266593307086614
20
0.7766593307086614
11
0.9256351968503936
21
0.7781920472440945
0
LINE
8
BLACK
6
CONTINUOUS
10
0.9256351968503936
20
0.7781920472440945
11
0.925275590551181
21
0.78
0
LINE
8
BLACK
6
CONTINUOUS
10
0.925275590551181
20
0.78
11
0.925275590551181
21
0.84
0
LINE
8
BLACK
6
CONTINUOUS
10
0.925275590551181
20
0.84
11
0.9256351968503936
21
0.8418079527559055
0
LINE
8
BLACK
6
CONTINUOUS
10
0.9256351968503936
20
0.8418079527559055
11
0.9266593307086614
21
0.8433406692913386
0
LINE
8
BLACK
6
CONTINUOUS
10
0.9266593307086614
20
0.8433406692913386
11
0.9281920472440944
21
0.8443648031496063
0
LINE
8
BLACK
6
CONTINUOUS
10
0.9281920472440944
20
0.8443648031496063
11
0.9299999999999999
21
0.8447244094488189
0
LINE
8
BLACK
6
CONTINUOUS
10
0.9299999999999999
20
0.8447244094488189
11
0.99
21
0.8447244094488189
0
LINE
8
BLACK
6
CONTINUOUS
10
0.99
20
0.8447244094488189
11
0.9918079527559055
21
0.8443648031496063
0
LINE
8
BLACK
6
CONTINUOUS
10
1.0918079527559055
20
0.8443648031496063
11
1.0933406692913386
21
0.8433406692913386
0
LINE
8
BLACK
6
CONTINUOUS
10
1.0933406692913386
20
0.8433406692913386
11
1.0943648031496063
21
0.8418079527559055
0
LINE
8
BLACK
6
CONTINUOUS
10
1.0943648031496063
20
0.8418079527559055
11
1.0947244094488189
21
0.84
0
LINE
8
BLACK
6
CONTINUOUS
10
1.0947244094488189
20
0.84
11
1.0947244094488189
21
0.78
0
LINE
8
BLACK
6
CONTINUOUS
10
1.0947244094488189
20
0.78
11
1.0943648031496063
21
0.7781920472440945
0
LINE
8
BLACK
6
CONTINUOUS
10
1.0943648031496063
20
0.7781920472440945
11
1.0933406692913386
21
0.7766593307086614
0
LINE
8
BLACK
6
CONTINUOUS
10
1.0933406692913386
20
0.7766593307086614
11
1.0918079527559055
21
0.7756351968503937
0
LINE
8
BLACK
6
CONTINUOUS
10
1.0918079527559055
20
0.7756351968503937
11
1.0900000000000001
21
0.7752755905511811
0
LINE
8
BLACK
6
CONTINUOUS
10
1.0900000000000001
20
0.7752755905511811
11
1.03
21
0.7752755905511811
0
LINE
8
BLACK
6
CONTINUOUS
10
1.03
20
0.7752755905511811
11
1.0281920472440944
21
0.7756351968503937
0
LINE
8
BLACK
6
CONTINUOUS
10
1.0281920472440944
20
0.7756351968503937
11
1.0266593307086613
21
0.7766593307086614
0
LINE
8
BLACK
6
CONTINUOUS
10
1.0266593307086613
20
0.7766593307086614
11
1.0256351968503936
21
0.7781920472440945
0
LINE
8
BLACK
6
CONTINUOUS
10
1.0256351968503936
20
0.7781920472440945
11
1.025275590551181
21
0.78
0
LINE
8
BLACK
6
CONTINUOUS
10
1.025275590551181
20
0.78
11
1.025275590551181
21
0.84
0
LINE
8
BLACK
6
CONTINUOUS
10
1.025275590551181
20
0.84
11
1.0256351968503936
21
0.8418079527559055
0
LINE
8
BLACK
6
CONTINUOUS
10
1.0256351968503936
20
0.8418079527559055
11
1.0266593307086613
21
0.8433406692913386
0
LINE
8
BLACK
6
CONTINUOUS
10
1.0266593307086613
20
0.8433406692913386
11
1.0281920472440944
21
0.8443648031496063
0
LINE
8
BLACK
6
CONTINUOUS
10
1.0281920472440944
20
0.8443648031496063
11
1.03
21
0.8447244094488189
0
LINE
8
BLACK
6
CONTINUOUS
10
1.03
20
0.8447244094488189
11
1.0900000000000001
21
0.8447244094488189
0
LINE
8
BLACK
6
CONTINUOUS
10
1.0900000000000001
20
0.8447244094488189
11
1.0918079527559055
21
0.8443648031496063
0
LINE
8
BLACK
6
CONTINUOUS
10
0.1768079527559055
20
0.8693648031496063
11
0.1783406692913386
21
0.8683406692913386
0
LINE
8
BLACK
6
CONTINUOUS
10
0.1783406692913386
20
0.8683406692913386
11
0.1793648031496063
21
0.8668079527559055
0
LINE
8
BLACK
6
CONTINUOUS
10
0.1793648031496063
20
0.8668079527559055
11
0.1797244094488189
21
0.865
0
LINE
8
BLACK
6
CONTINUOUS
10
0.1797244094488189
20
0.865
11
0.1797244094488189
21
0.8049999999999999
0
LINE
8
BLACK
6
CONTINUOUS
10
0.1797244094488189
20
0.8049999999999999
11
0.1793648031496063
21
0.8031920472440944
0
LINE
8
BLACK
6
CONTINUOUS
10
0.1793648031496063
20
0.8031920472440944
11
0.1783406692913386
21
0.8016593307086614
0
LINE
8
BLACK
6
CONTINUOUS
10
0.1783406692913386
20
0.8016593307086614
11
0.1768079527559055
21
0.8006351968503936
0
LINE
8
BLACK
6
CONTINUOUS
10
0.1768079527559055
20
0.8006351968503936
11
0.175
21
0.8002755905511811
0
LINE
8
BLACK
6
CONTINUOUS
10
0.175
20
0.8002755905511811
11
0.115
21
0.8002755905511811
0
LINE
8
BLACK
6
CONTINUOUS
10
0.115
20
0.8002755905511811
11
0.1131920472440945
21
0.8006351968503936
0
LINE
8
BLACK
6
CONTINUOUS
10
0.1131920472440945
20
0.8006351968503936
11
0.1116593307086614
21
0.8016593307086614
0
LINE
8
BLACK
6
CONTINUOUS
10
0.1116593307086614
20
0.8016593307086614
11
0.1106351968503937
21
0.8031920472440944
0
LINE
8
BLACK
6
CONTINUOUS
10
0.1106351968503937
20
0.8031920472440944
11
0.1102755905511811
21
0.8049999999999999
0
LINE
8
BLACK
6
CONTINUOUS
10
0.1102755905511811
20
0.8049999999999999
11
0.1102755905511811
21
0.865
0
LINE
8
BLACK
6
CONTINUOUS
10
0.1102755905511811
20
0.865
11
0.1106351968503937
21
0.8668079527559055
0
LINE
8
BLACK
6
CONTINUOUS
10
0.1106351968503937
20
0.8668079527559055
11
0.1116593307086614
21
0.8683406692913386
0
LINE
8
BLACK
6
CONTINUOUS
10
0.1116593307086614
20
0.8683406692913386
11
0.1131920472440945
21
0.8693648031496063
0
LINE
8
BLACK
6
CONTINUOUS
10
0.1131920472440945
20
0.8693648031496063
11
0.115
21
0.8697244094488189
0
LINE
8
BLACK
6
CONTINUOUS
10
0.115
20
0.8697244094488189
11
0.175
21
0.8697244094488189
0
LINE
8
BLACK
6
CONTINUOUS
10
0.175
20
0.8697244094488189
11
0.1768079527559055
21
0.8693648031496063
0
LINE
8
BLACK
6
CONTINUOUS
10
0.2768079527559055
20
0.8693648031496063
11
0.2783406692913385
21
0.8683406692913386
0
LINE
8
BLACK
6
CONTINUOUS
10
0.2783406692913385
20
0.8683406692913386
11
0.2793648031496063
21
0.8668079527559055
0
LINE
8
BLACK
6
CONTINUOUS
10
0.2793648031496063
20
0.8668079527559055
11
0.2797244094488189
21
0.865
0
LINE
8
BLACK
6
CONTINUOUS
10
0.2797244094488189
20
0.865
11
0.2797244094488189
21
0.8049999999999999
0
LINE
8
BLACK
6
CONTINUOUS
10
0.2797244094488189
20
0.8049999999999999
11
0.2793648031496063
21
0.8031920472440944
0
LINE
8
BLACK
6
CONTINUOUS
10
0.2793648031496063
20
0.8031920472440944
11
0.2783406692913385
21
0.8016593307086614
0
LINE
8
BLACK
6
CONTINUOUS
10
0.2783406692913385
20
0.8016593307086614
11
0.2768079527559055
21
0.8006351968503936
0
LINE
8
BLACK
6
CONTINUOUS
10
0.2768079527559055
20
0.8006351968503936
11
0.275
21
0.8002755905511811
0
LINE
8
BLACK
6
CONTINUOUS
10
0.275
20
0.8002755905511811
11
0.215
21
0.8002755905511811
0
LINE
8
BLACK
6
CONTINUOUS
10
0.215
20
0.8002755905511811
11
0.2131920472440945
21
0.8006351968503936
0
LINE
8
BLACK
6
CONTINUOUS
10
0.2131920472440945
20
0.8006351968503936
11
0.2116593307086614
21
0.8016593307086614
0
LINE
8
BLACK
6
CONTINUOUS
10
0.2116593307086614
20
0.8016593307086614
11
0.2106351968503937
21
0.8031920472440944
0
LINE
8
BLACK
6
CONTINUOUS
10
0.2106351968503937
20
0.8031920472440944
11
0.2102755905511811
21
0.8049999999999999
0
LINE
8
BLACK
6
CONTINUOUS
10
0.2102755905511811
20
0.8049999999999999
11
0.2102755905511811
21
0.865
0
LINE
8
BLACK
6
CONTINUOUS
10
0.2102755905511811
20
0.865
11
0.2106351968503937
21
0.8668079527559055
0
LINE
8
BLACK
6
CONTINUOUS
10
0.2106351968503937
20
0.8668079527559055
11
0.2116593307086614
21
0.8683406692913386
0
LINE
8
BLACK
6
CONTINUOUS
10
0.2116593307086614
20
0.8683406692913386
11
0.2131920472440945
21
0.8693648031496063
0
LINE
8
BLACK
6
CONTINUOUS
10
0.2131920472440945
20
0.8693648031496063
11
0.215
21
0.8697244094488189
0
LINE
8
BLACK
6
CONTINUOUS
10
0.215
20
0.8697244094488189
11
0.275
21
0.8697244094488189
0
LINE
8
BLACK
6
CONTINUOUS
10
0.275
20
0.8697244094488189
11
0.2768079527559055
21
0.8693648031496063
0
LINE
8
BLACK
6
CONTINUOUS
10
0.4093079527559055
20
0.9043648031496063
11
0.4108406692913386
21
0.9033406692913386
0
LINE
8
BLACK
6
CONTINUOUS
10
0.4108406692913386
20
0.9033406692913386
11
0.4118648031496063
21
0.9018079527559055
0
LINE
8
BLACK
6
CONTINUOUS
10
0.4118648031496063
20
0.9018079527559055
11
0.4122244094488189
21
0.9
0
LINE
8
BLACK
6
CONTINUOUS
10
0.4122244094488189
20
0.9
11
0.4122244094488189
21
0.865
0
LINE
8
BLACK
6
CONTINUOUS
10
0.4122244094488189
20
0.865
11
0.4118648031496063
21
0.8631920472440945
0
LINE
8
BLACK
6
CONTINUOUS
10
0.4118648031496063
20
0.8631920472440945
11
0.4108406692913386
21
0.8616593307086614
0
LINE
8
BLACK
6
CONTINUOUS
10
0.4108406692913386
20
0.8616593307086614
11
0.4093079527559055
21
0.8606351968503937
0
LINE
8
BLACK
6
CONTINUOUS
10
0.4093079527559055
20
0.8606351968503937
11
0.4075
21
0.8602755905511811
0
LINE
8
BLACK
6
CONTINUOUS
10
0.4075
20
0.8602755905511811
11
0.3525
21
0.8602755905511811
0
LINE
8
BLACK
6
CONTINUOUS
10
0.3525
20
0.8602755905511811
11
0.3506920472440945
21
0.8606351968503937
0
LINE
8
BLACK
6
CONTINUOUS
10
0.3506920472440945
20
0.8606351968503937
11
0.3491593307086614
21
0.8616593307086614
0
LINE
8
BLACK
6
CONTINUOUS
10
0.3491593307086614
20
0.8616593307086614
11
0.3481351968503937
21
0.8631920472440945
0
LINE
8
BLACK
6
CONTINUOUS
10
0.3481351968503937
20
0.8631920472440945
11
0.3477755905511811
21
0.865
0
LINE
8
BLACK
6
CONTINUOUS
10
0.3477755905511811
20
0.865
11
0.3477755905511811
21
0.9
0
LINE
8
BLACK
6
CONTINUOUS
10
0.3477755905511811
20
0.9
11
0.3481351968503937
21
0.9018079527559055
0
LINE
8
BLACK
6
CONTINUOUS
10
0.3481351968503937
20
0.9018079527559055
11
0.3491593307086614
21
0.9033406692913386
0
LINE
8
BLACK
6
CONTINUOUS
10
0.3491593307086614
20
0.9033406692913386
11
0.3506920472440945
21
0.9043648031496063
0
LINE
8
BLACK
6
CONTINUOUS
10
0.3506920472440945
20
0.9043648031496063
11
0.3525
21
0.9047244094488188
0
LINE
8
BLACK
6
CONTINUOUS
10
0.3525
20
0.9047244094488188
11
0.4075
21
0.9047244094488188
0
LINE
8
BLACK
6
CONTINUOUS
10
0.4075
20
0.9047244094488188
11
0.4093079527559055
21
0.9043648031496063
0
LINE
8
BLACK
6
CONTINUOUS
10
1.3393079527559055
20
0.9468648031496063
11
1.3408406692913386
21
0.9458406692913386
0
LINE
8
BLACK
6
CONTINUOUS
10
1.3408406692913386
20
0.9458406692913386
11
1.3418648031496063
21
0.9443079527559055
0
LINE
8
BLACK
6
CONTINUOUS
10
1.3418648031496063
20
0.9443079527559055
11
1.3422244094488189
21
0.9425
0
LINE
8
BLACK
6
CONTINUOUS
10
1.3422244094488189
20
0.9425
11
1.3422244094488189
21
0.8825
0
LINE
8
BLACK
6
CONTINUOUS
10
1.3422244094488189
20
0.8825
11
1.3418648031496063
21
0.8806920472440944
0
LINE
8
BLACK
6
CONTINUOUS
10
1.3418648031496063
20
0.8806920472440944
11
1.3408406692913386
21
0.8791593307086614
0
LINE
8
BLACK
6
CONTINUOUS
10
1.3408406692913386
20
0.8791593307086614
11
1.3393079527559055
21
0.8781351968503937
0
LINE
8
BLACK
6
CONTINUOUS
10
1.3393079527559055
20
0.8781351968503937
11
1.3374999999999999
21
0.877775590551181
0
LINE
8
BLACK
6
CONTINUOUS
10
1.3374999999999999
20
0.877775590551181
11
1.2775000000000001
21
0.877775590551181
0
LINE
8
BLACK
6
CONTINUOUS
10
1.2775000000000001
20
0.877775590551181
11
1.2756920472440945
21
0.8781351968503937
0
LINE
8
BLACK
6
CONTINUOUS
10
1.2756920472440945
20
0.8781351968503937
11
1.2741593307086614
21
0.8791593307086614
0
LINE
8
BLACK
6
CONTINUOUS
10
1.2741593307086614
20
0.8791593307086614
11
1.2731351968503937
21
0.8806920472440944
0
LINE
8
BLACK
6
CONTINUOUS
10
1.2731351968503937
20
0.8806920472440944
11
1.2727755905511811
21
0.8825
0
LINE
8
BLACK
6
CONTINUOUS
10
1.2727755905511811
20
0.8825
11
1.2727755905511811
21
0.9425
0
LINE
8
BLACK
6
CONTINUOUS
10
1.2727755905511811
20
0.9425
11
1.2731351968503937
21
0.9443079527559055
0
LINE
8
BLACK
6
CONTINUOUS
10
1.2731351968503937
20
0.9443079527559055
11
1.2741593307086614
21
0.9458406692913386
0
LINE
8
BLACK
6
CONTINUOUS
10
1.2741593307086614
20
0.9458406692913386
11
1.2756920472440945
21
0.9468648031496063
0
LINE
8
BLACK
6
CONTINUOUS
10
1.2756920472440945
20
0.9468648031496063
11
1.2775000000000001
21
0.9472244094488189
0
LINE
8
BLACK
6
CONTINUOUS
10
1.2775000000000001
20
0.9472244094488189
11
1.3374999999999999
21
0.9472244094488189
0
LINE
8
BLACK
6
CONTINUOUS
10
1.3374999999999999
20
0.9472244094488189
11
1.3393079527559055
21
0.9468648031496063
0
LINE
8
BLACK
6
CONTINUOUS
10
1.4393079527559054
20
0.9468648031496063
11
1.4408406692913385
21
0.9458406692913386
0
LINE
8
BLACK
6
CONTINUOUS
10
1.4408406692913385
20
0.9458406692913386
11
1.4418648031496062
21
0.9443079527559055
0
LINE
8
BLACK
6
CONTINUOUS
10
1.4418648031496062
20
0.9443079527559055
11
1.4422244094488188
21
0.9425
0
LINE
8
BLACK
6
CONTINUOUS
10
1.4422244094488188
20
0.9425
11
1.4422244094488188
21
0.8825
0
LINE
8
BLACK
6
CONTINUOUS
10
1.4422244094488188
20
0.8825
11
1.4418648031496062
21
0.8806920472440944
0
LINE
8
BLACK
6
CONTINUOUS
10
1.4418648031496062
20
0.8806920472440944
11
1.4408406692913385
21
0.8791593307086614
0
LINE
8
BLACK
6
CONTINUOUS
10
1.4408406692913385
20
0.8791593307086614
11
1.4393079527559054
21
0.8781351968503937
0
LINE
8
BLACK
6
CONTINUOUS
10
1.4393079527559054
20
0.8781351968503937
11
1.4375
21
0.877775590551181
0
LINE
8
BLACK
6
CONTINUOUS
10
1.4375
20
0.877775590551181
11
1.3774999999999999
21
0.877775590551181
0
LINE
8
BLACK
6
CONTINUOUS
10
1.3774999999999999
20
0.877775590551181
11
1.3756920472440946
21
0.8781351968503937
0
LINE
8
BLACK
6
CONTINUOUS
10
1.3756920472440946
20
0.8781351968503937
11
1.3741593307086615
21
0.8791593307086614
0
LINE
8
BLACK
6
CONTINUOUS
10
1.3741593307086615
20
0.8791593307086614
11
1.3731351968503938
21
0.8806920472440944
0
LINE
8
BLACK
6
CONTINUOUS
10
1.3731351968503938
20
0.8806920472440944
11
1.3727755905511811
21
0.8825
0
LINE
8
BLACK
6
CONTINUOUS
10
1.3727755905511811
20
0.8825
11
1.3727755905511811
21
0.9425
0
LINE
8
BLACK
6
CONTINUOUS
10
1.3727755905511811
20
0.9425
11
1.3731351968503938
21
0.9443079527559055
0
LINE
8
BLACK
6
CONTINUOUS
10
1.3731351968503938
20
0.9443079527559055
11
1.3741593307086615
21
0.9458406692913386
0
LINE
8
BLACK
6
CONTINUOUS
10
1.3741593307086615
20
0.9458406692913386
11
1.3756920472440946
21
0.9468648031496063
0
LINE
8
BLACK
6
CONTINUOUS
10
1.3756920472440946
20
0.9468648031496063
11
1.3774999999999999
21
0.9472244094488189
0
LINE
8
BLACK
6
CONTINUOUS
10
1.3774999999999999
20
0.9472244094488189
11
1.4375
21
0.9472244094488189
0
LINE
8
BLACK
6
CONTINUOUS
10
1.4375
20
0.9472244094488189
11
1.4393079527559054
21
0.9468648031496063
0
LINE
8
BLACK
6
CONTINUOUS
10
0.4930079527559055
20
0.9056148031496063
11
0.4945406692913386
21
0.9045906692913386
0
LINE
8
BLACK
6
CONTINUOUS
10
0.4945406692913386
20
0.9045906692913386
11
0.49515
21
0.9036787401574803
0
LINE
8
BLACK
6
CONTINUOUS
10
0.49515
20
0.9036787401574803
11
0.4957593307086614
21
0.9045906692913386
0
LINE
8
BLACK
6
CONTINUOUS
10
0.4957593307086614
20
0.9045906692913386
11
0.4972920472440945
21
0.9056148031496063
0
LINE
8
BLACK
6
CONTINUOUS
10
0.4972920472440945
20
0.9056148031496063
11
0.4991
21
0.9059744094488189
0
LINE
8
BLACK
6
CONTINUOUS
10
0.4991
20
0.9059744094488189
11
0.5109
21
0.9059744094488189
0
LINE
8
BLACK
6
CONTINUOUS
10
0.5109
20
0.9059744094488189
11
0.5127079527559055
21
0.9056148031496063
0
LINE
8
BLACK
6
CONTINUOUS
10
0.5127079527559055
20
0.9056148031496063
11
0.5142406692913386
21
0.9045906692913386
0
LINE
8
BLACK
6
CONTINUOUS
10
0.5142406692913386
20
0.9045906692913386
11
0.51485
21
0.9036787401574803
0
LINE
8
BLACK
6
CONTINUOUS
10
0.51485
20
0.9036787401574803
11
0.5154593307086615
21
0.9045906692913386
0
LINE
8
BLACK
6
CONTINUOUS
10
0.5154593307086615
20
0.9045906692913386
11
0.5169920472440944
21
0.9056148031496063
0
LINE
8
BLACK
6
CONTINUOUS
10
0.5169920472440944
20
0.9056148031496063
11
0.5188
21
0.9059744094488189
0
LINE
8
BLACK
6
CONTINUOUS
10
0.5188
20
0.9059744094488189
11
0.5306
21
0.9059744094488189
0
LINE
8
BLACK
6
CONTINUOUS
10
0.5306
20
0.9059744094488189
11
0.5324079527559055
21
0.9056148031496063
0
LINE
8
BLACK
6
CONTINUOUS
10
0.5324079527559055
20
0.9056148031496063
11
0.5339406692913385
21
0.9045906692913386
0
LINE
8
BLACK
6
CONTINUOUS
10
0.5339406692913385
20
0.9045906692913386
11
0.5349648031496063
21
0.9030579527559055
0
LINE
8
BLACK
6
CONTINUOUS
10
0.5349648031496063
20
0.9030579527559055
11
0.5353244094488189
21
0.90125
0
LINE
8
BLACK
6
CONTINUOUS
10
0.5353244094488189
20
0.90125
11
0.5353244094488189
21
0.8835499999999999
0
LINE
8
BLACK
6
CONTINUOUS
10
0.5353244094488189
20
0.8835499999999999
11
0.5349648031496063
21
0.8817420472440944
0
LINE
8
BLACK
6
CONTINUOUS
10
0.5349648031496063
20
0.8817420472440944
11
0.5339406692913385
21
0.8802093307086614
0
LINE
8
BLACK
6
CONTINUOUS
10
0.5339406692913385
20
0.8802093307086614
11
0.5324079527559055
21
0.8791851968503936
0
LINE
8
BLACK
6
CONTINUOUS
10
0.5324079527559055
20
0.8791851968503936
11
0.5306
21
0.878825590551181
0
LINE
8
BLACK
6
CONTINUOUS
10
0.5306
20
0.878825590551181
11
0.5188
21
0.878825590551181
0
LINE
8
BLACK
6
CONTINUOUS
10
0.5188
20
0.878825590551181
11
0.5169920472440944
21
0.8791851968503936
0
LINE
8
BLACK
6
CONTINUOUS
10
0.5169920472440944
20
0.8791851968503936
11
0.5154593307086615
21
0.8802093307086614
0
LINE
8
BLACK
6
CONTINUOUS
10
0.5154593307086615
20
0.8802093307086614
11
0.51485
21
0.8811212204724409
0
LINE
8
BLACK
6
CONTINUOUS
10
0.51485
20
0.8811212204724409
11
0.5142406692913386
21
0.8802093307086614
0
LINE
8
BLACK
6
CONTINUOUS
10
0.5142406692913386
20
0.8802093307086614
11
0.5127079527559055
21
0.8791851968503936
0
LINE
8
BLACK
6
CONTINUOUS
10
0.5127079527559055
20
0.8791851968503936
11
0.5109
21
0.878825590551181
0
LINE
8
BLACK
6
CONTINUOUS
10
0.5109
20
0.878825590551181
11
0.4991
21
0.878825590551181
0
LINE
8
BLACK
6
CONTINUOUS
10
0.4991
20
0.878825590551181
11
0.4972920472440945
21
0.8791851968503936
0
LINE
8
BLACK
6
CONTINUOUS
10
0.4972920472440945
20
0.8791851968503936
11
0.4957593307086614
21
0.8802093307086614
0
LINE
8
BLACK
6
CONTINUOUS
10
0.4957593307086614
20
0.8802093307086614
11
0.49515
21
0.8811212204724409
0
LINE
8
BLACK
6
CONTINUOUS
10
0.49515
20
0.8811212204724409
11
0.4945406692913386
21
0.8802093307086614
0
LINE
8
BLACK
6
CONTINUOUS
10
0.4945406692913386
20
0.8802093307086614
11
0.4930079527559055
21
0.8791851968503936
0
LINE
8
BLACK
6
CONTINUOUS
10
0.4930079527559055
20
0.8791851968503936
11
0.4912
21
0.878825590551181
0
LINE
8
BLACK
6
CONTINUOUS
10
0.4912
20
0.878825590551181
11
0.4794
21
0.878825590551181
0
LINE
8
BLACK
6
CONTINUOUS
10
0.4794
20
0.878825590551181
11
0.4775920472440945
21
0.8791851968503936
0
LINE
8
BLACK
6
CONTINUOUS
10
0.4775920472440945
20
0.8791851968503936
11
0.4760593307086614
21
0.8802093307086614
0
LINE
8
BLACK
6
CONTINUOUS
10
0.4760593307086614
20
0.8802093307086614
11
0.4750351968503937
21
0.8817420472440944
0
LINE
8
BLACK
6
CONTINUOUS
10
0.4750351968503937
20
0.8817420472440944
11
0.4746755905511811
21
0.8835499999999999
0
LINE
8
BLACK
6
CONTINUOUS
10
0.4746755905511811
20
0.8835499999999999
11
0.4746755905511811
21
0.90125
0
LINE
8
BLACK
6
CONTINUOUS
10
0.4746755905511811
20
0.90125
11
0.4750351968503937
21
0.9030579527559055
0
LINE
8
BLACK
6
CONTINUOUS
10
0.4750351968503937
20
0.9030579527559055
11
0.4760593307086614
21
0.9045906692913386
0
LINE
8
BLACK
6
CONTINUOUS
10
0.4760593307086614
20
0.9045906692913386
11
0.4775920472440945
21
0.9056148031496063
0
LINE
8
BLACK
6
CONTINUOUS
10
0.4775920472440945
20
0.9056148031496063
11
0.4794
21
0.9059744094488189
0
LINE
8
BLACK
6
CONTINUOUS
10
0.4794
20
0.9059744094488189
11
0.4912
21
0.9059744094488189
0
LINE
8
BLACK
6
CONTINUOUS
10
0.4912
20
0.9059744094488189
11
0.4930079527559055
21
0.9056148031496063
0
LINE
8
BLACK
6
CONTINUOUS
10
1.2443079527559056
20
0.9443648031496062
11
1.2458406692913386
21
0.9433406692913385
0
LINE
8
BLACK
6
CONTINUOUS
10
1.2458406692913386
20
0.9433406692913385
11
1.2468648031496063
21
0.9418079527559055
0
LINE
8
BLACK
6
CONTINUOUS
10
1.2468648031496063
20
0.9418079527559055
11
1.247224409448819
21
0.9399999999999999
0
LINE
8
BLACK
6
CONTINUOUS
10
1.247224409448819
20
0.9399999999999999
11
1.247224409448819
21
0.905
0
LINE
8
BLACK
6
CONTINUOUS
10
1.247224409448819
20
0.905
11
1.2468648031496063
21
0.9031920472440945
0
LINE
8
BLACK
6
CONTINUOUS
10
1.2468648031496063
20
0.9031920472440945
11
1.2458406692913386
21
0.9016593307086614
0
LINE
8
BLACK
6
CONTINUOUS
10
1.2458406692913386
20
0.9016593307086614
11
1.2443079527559056
21
0.9006351968503937
0
LINE
8
BLACK
6
CONTINUOUS
10
1.2443079527559056
20
0.9006351968503937
11
1.2424999999999999
21
0.9002755905511811
0
LINE
8
BLACK
6
CONTINUOUS
10
1.2424999999999999
20
0.9002755905511811
11
1.1875
21
0.9002755905511811
0
LINE
8
BLACK
6
CONTINUOUS
10
1.1875
20
0.9002755905511811
11
1.1856920472440944
21
0.9006351968503937
0
LINE
8
BLACK
6
CONTINUOUS
10
1.1856920472440944
20
0.9006351968503937
11
1.1841593307086613
21
0.9016593307086614
0
LINE
8
BLACK
6
CONTINUOUS
10
1.1841593307086613
20
0.9016593307086614
11
1.1831351968503936
21
0.9031920472440945
0
LINE
8
BLACK
6
CONTINUOUS
10
1.1831351968503936
20
0.9031920472440945
11
1.182775590551181
21
0.905
0
LINE
8
BLACK
6
CONTINUOUS
10
1.182775590551181
20
0.905
11
1.182775590551181
21
0.9399999999999999
0
LINE
8
BLACK
6
CONTINUOUS
10
1.182775590551181
20
0.9399999999999999
11
1.1831351968503936
21
0.9418079527559055
0
LINE
8
BLACK
6
CONTINUOUS
10
1.1831351968503936
20
0.9418079527559055
11
1.1841593307086613
21
0.9433406692913385
0
LINE
8
BLACK
6
CONTINUOUS
10
1.1841593307086613
20
0.9433406692913385
11
1.1856920472440944
21
0.9443648031496062
0
LINE
8
BLACK
6
CONTINUOUS
10
1.1856920472440944
20
0.9443648031496062
11
1.1875
21
0.9447244094488189
0
LINE
8
BLACK
6
CONTINUOUS
10
1.1875
20
0.9447244094488189
11
1.2424999999999999
21
0.9447244094488189
0
LINE
8
BLACK
6
CONTINUOUS
10
1.2424999999999999
20
0.9447244094488189
11
1.2443079527559056
21
0.9443648031496062
0
LINE
8
BLACK
6
CONTINUOUS
10
1.1593079527559056
20
0.9483648031496063
11
1.1608406692913387
21
0.9473406692913385
0
LINE
8
BLACK
6
CONTINUOUS
10
1.1608406692913387
20
0.9473406692913385
11
1.1618648031496062
21
0.9458079527559055
0
LINE
8
BLACK
6
CONTINUOUS
10
1.1618648031496062
20
0.9458079527559055
11
1.1622244094488188
21
0.944
0
LINE
8
BLACK
6
CONTINUOUS
10
1.1622244094488188
20
0.944
11
1.1622244094488188
21
0.909
0
LINE
8
BLACK
6
CONTINUOUS
10
1.1622244094488188
20
0.909
11
1.1618648031496062
21
0.9071920472440944
0
LINE
8
BLACK
6
CONTINUOUS
10
1.1618648031496062
20
0.9071920472440944
11
1.1608406692913387
21
0.9056593307086614
0
LINE
8
BLACK
6
CONTINUOUS
10
1.1608406692913387
20
0.9056593307086614
11
1.1593079527559056
21
0.9046351968503937
0
LINE
8
BLACK
6
CONTINUOUS
10
1.1593079527559056
20
0.9046351968503937
11
1.1575
21
0.9042755905511811
0
LINE
8
BLACK
6
CONTINUOUS
10
1.1575
20
0.9042755905511811
11
1.1025
21
0.9042755905511811
0
LINE
8
BLACK
6
CONTINUOUS
10
1.1025
20
0.9042755905511811
11
1.1006920472440944
21
0.9046351968503937
0
LINE
8
BLACK
6
CONTINUOUS
10
1.1006920472440944
20
0.9046351968503937
11
1.0991593307086613
21
0.9056593307086614
0
LINE
8
BLACK
6
CONTINUOUS
10
1.0991593307086613
20
0.9056593307086614
11
1.0981351968503936
21
0.9071920472440944
0
LINE
8
BLACK
6
CONTINUOUS
10
1.0981351968503936
20
0.9071920472440944
11
1.097775590551181
21
0.909
0
LINE
8
BLACK
6
CONTINUOUS
10
1.097775590551181
20
0.909
11
1.097775590551181
21
0.944
0
LINE
8
BLACK
6
CONTINUOUS
10
1.097775590551181
20
0.944
11
1.0981351968503936
21
0.9458079527559055
0
LINE
8
BLACK
6
CONTINUOUS
10
1.0981351968503936
20
0.9458079527559055
11
1.0991593307086613
21
0.9473406692913385
0
LINE
8
BLACK
6
CONTINUOUS
10
1.0991593307086613
20
0.9473406692913385
11
1.1006920472440944
21
0.9483648031496063
0
LINE
8
BLACK
6
CONTINUOUS
10
1.1006920472440944
20
0.9483648031496063
11
1.1025
21
0.9487244094488189
0
LINE
8
BLACK
6
CONTINUOUS
10
1.1025
20
0.9487244094488189
11
1.1575
21
0.9487244094488189
0
LINE
8
BLACK
6
CONTINUOUS
10
1.1575
20
0.9487244094488189
11
1.1593079527559056
21
0.9483648031496063
0
LINE
8
BLACK
6
CONTINUOUS
10
0.9453079527559055
20
0.9533648031496063
11
0.9468406692913386
21
0.9523406692913385
0
LINE
8
BLACK
6
CONTINUOUS
10
0.9468406692913386
20
0.9523406692913385
11
0.9478648031496063
21
0.9508079527559055
0
LINE
8
BLACK
6
CONTINUOUS
10
0.9478648031496063
20
0.9508079527559055
11
0.9482244094488189
21
0.949
0
LINE
8
BLACK
6
CONTINUOUS
10
0.9482244094488189
20
0.949
11
0.9482244094488189
21
0.914
0
LINE
8
BLACK
6
CONTINUOUS
10
0.9482244094488189
20
0.914
11
0.9478648031496063
21
0.9121920472440944
0
LINE
8
BLACK
6
CONTINUOUS
10
0.9478648031496063
20
0.9121920472440944
11
0.9468406692913386
21
0.9106593307086615
0
LINE
8
BLACK
6
CONTINUOUS
10
0.9468406692913386
20
0.9106593307086615
11
0.9453079527559055
21
0.9096351968503937
0
LINE
8
BLACK
6
CONTINUOUS
10
0.9453079527559055
20
0.9096351968503937
11
0.9435
21
0.9092755905511811
0
LINE
8
BLACK
6
CONTINUOUS
10
0.9435
20
0.9092755905511811
11
0.8885
21
0.9092755905511811
0
LINE
8
BLACK
6
CONTINUOUS
10
0.8885
20
0.9092755905511811
11
0.8866920472440945
21
0.9096351968503937
0
LINE
8
BLACK
6
CONTINUOUS
10
0.8866920472440945
20
0.9096351968503937
11
0.8851593307086614
21
0.9106593307086615
0
LINE
8
BLACK
6
CONTINUOUS
10
0.8851593307086614
20
0.9106593307086615
11
0.8841351968503937
21
0.9121920472440944
0
LINE
8
BLACK
6
CONTINUOUS
10
0.8841351968503937
20
0.9121920472440944
11
0.883775590551181
21
0.914
0
LINE
8
BLACK
6
CONTINUOUS
10
0.883775590551181
20
0.914
11
0.883775590551181
21
0.949
0
LINE
8
BLACK
6
CONTINUOUS
10
0.883775590551181
20
0.949
11
0.8841351968503937
21
0.9508079527559055
0
LINE
8
BLACK
6
CONTINUOUS
10
0.8841351968503937
20
0.9508079527559055
11
0.8851593307086614
21
0.9523406692913385
0
LINE
8
BLACK
6
CONTINUOUS
10
0.8851593307086614
20
0.9523406692913385
11
0.8866920472440945
21
0.9533648031496063
0
LINE
8
BLACK
6
CONTINUOUS
10
0.8866920472440945
20
0.9533648031496063
11
0.8885
21
0.9537244094488189
0
LINE
8
BLACK
6
CONTINUOUS
10
0.8885
20
0.9537244094488189
11
0.9435
21
0.9537244094488189
0
LINE
8
BLACK
6
CONTINUOUS
10
0.9435
20
0.9537244094488189
11
0.9453079527559055
21
0.9533648031496063
0
LINE
8
BLACK
6
CONTINUOUS
10
0.0918079527559055
20
0.9818648031496062
11
0.0933406692913386
21
0.9808406692913385
0
LINE
8
BLACK
6
CONTINUOUS
10
0.0933406692913386
20
0.9808406692913385
11
0.0943648031496063
21
0.9793079527559055
0
LINE
8
BLACK
6
CONTINUOUS
10
0.0943648031496063
20
0.9793079527559055
11
0.0947244094488189
21
0.9774999999999999
0
LINE
8
BLACK
6
CONTINUOUS
10
0.0947244094488189
20
0.9774999999999999
11
0.0947244094488189
21
0.9225
0
LINE
8
BLACK
6
CONTINUOUS
10
0.0947244094488189
20
0.9225
11
0.0943648031496063
21
0.9206920472440945
0
LINE
8
BLACK
6
CONTINUOUS
10
0.0943648031496063
20
0.9206920472440945
11
0.0933406692913386
21
0.9191593307086614
0
LINE
8
BLACK
6
CONTINUOUS
10
0.0933406692913386
20
0.9191593307086614
11
0.0918079527559055
21
0.9181351968503937
0
LINE
8
BLACK
6
CONTINUOUS
10
0.0918079527559055
20
0.9181351968503937
11
0.09
21
0.9177755905511811
0
LINE
8
BLACK
6
CONTINUOUS
10
0.09
20
0.9177755905511811
11
0.055
21
0.9177755905511811
0
LINE
8
BLACK
6
CONTINUOUS
10
0.055
20
0.9177755905511811
11
0.0531920472440945
21
0.9181351968503937
0
LINE
8
BLACK
6
CONTINUOUS
10
0.0531920472440945
20
0.9181351968503937
11
0.0516593307086614
21
0.9191593307086614
0
LINE
8
BLACK
6
CONTINUOUS
10
0.0516593307086614
20
0.9191593307086614
11
0.0506351968503937
21
0.9206920472440945
0
LINE
8
BLACK
6
CONTINUOUS
10
0.0506351968503937
20
0.9206920472440945
11
0.0502755905511811
21
0.9225
0
LINE
8
BLACK
6
CONTINUOUS
10
0.0502755905511811
20
0.9225
11
0.0502755905511811
21
0.9774999999999999
0
LINE
8
BLACK
6
CONTINUOUS
10
0.0502755905511811
20
0.9774999999999999
11
0.0506351968503937
21
0.9793079527559055
0
LINE
8
BLACK
6
CONTINUOUS
10
0.0506351968503937
20
0.9793079527559055
11
0.0516593307086614
21
0.9808406692913385
0
LINE
8
BLACK
6
CONTINUOUS
10
0.0516593307086614
20
0.9808406692913385
11
0.0531920472440945
21
0.9818648031496062
0
LINE
8
BLACK
6
CONTINUOUS
10
0.0531920472440945
20
0.9818648031496062
11
0.055
21
0.9822244094488188
0
LINE
8
BLACK
6
CONTINUOUS
10
0.055
20
0.9822244094488188
11
0.09
21
0.9822244094488188
0
LINE
8
BLACK
6
CONTINUOUS
10
0.09
20
0.9822244094488188
11
0.0918079527559055
21
0.9818648031496062
0
LINE
8
BLACK
6
CONTINUOUS
10
0.1668079527559055
20
0.9818648031496062
11
0.1683406692913386
21
0.9808406692913385
0
LINE
8
BLACK
6
CONTINUOUS
10
0.1683406692913386
20
0.9808406692913385
11
0.1693648031496063
21
0.9793079527559055
0
LINE
8
BLACK
6
CONTINUOUS
10
0.1693648031496063
20
0.9793079527559055
11
0.1697244094488189
21
0.9774999999999999
0
LINE
8
BLACK
6
CONTINUOUS
10
0.1697244094488189
20
0.9774999999999999
11
0.1697244094488189
21
0.9225
0
LINE
8
BLACK
6
CONTINUOUS
10
0.1697244094488189
20
0.9225
11
0.1693648031496063
21
0.9206920472440945
0
LINE
8
BLACK
6
CONTINUOUS
10
0.1693648031496063
20
0.9206920472440945
11
0.1683406692913386
21
0.9191593307086614
0
LINE
8
BLACK
6
CONTINUOUS
10
0.1683406692913386
20
0.9191593307086614
11
0.1668079527559055
21
0.9181351968503937
0
LINE
8
BLACK
6
CONTINUOUS
10
0.1668079527559055
20
0.9181351968503937
11
0.165
21
0.9177755905511811
0
LINE
8
BLACK
6
CONTINUOUS
10
0.165
20
0.9177755905511811
11
0.13
21
0.9177755905511811
0
LINE
8
BLACK
6
CONTINUOUS
10
0.13
20
0.9177755905511811
11
0.1281920472440945
21
0.9181351968503937
0
LINE
8
BLACK
6
CONTINUOUS
10
0.1281920472440945
20
0.9181351968503937
11
0.1266593307086614
21
0.9191593307086614
0
LINE
8
BLACK
6
CONTINUOUS
10
0.1266593307086614
20
0.9191593307086614
11
0.1256351968503937
21
0.9206920472440945
0
LINE
8
BLACK
6
CONTINUOUS
10
0.1256351968503937
20
0.9206920472440945
11
0.1252755905511811
21
0.9225
0
LINE
8
BLACK
6
CONTINUOUS
10
0.1252755905511811
20
0.9225
11
0.1252755905511811
21
0.9774999999999999
0
LINE
8
BLACK
6
CONTINUOUS
10
0.1252755905511811
20
0.9774999999999999
11
0.1256351968503937
21
0.9793079527559055
0
LINE
8
BLACK
6
CONTINUOUS
10
0.1256351968503937
20
0.9793079527559055
11
0.1266593307086614
21
0.9808406692913385
0
LINE
8
BLACK
6
CONTINUOUS
10
0.1266593307086614
20
0.9808406692913385
11
0.1281920472440945
21
0.9818648031496062
0
LINE
8
BLACK
6
CONTINUOUS
10
0.1281920472440945
20
0.9818648031496062
11
0.13
21
0.9822244094488188
0
LINE
8
BLACK
6
CONTINUOUS
10
0.13
20
0.9822244094488188
11
0.165
21
0.9822244094488188
0
LINE
8
BLACK
6
CONTINUOUS
10
0.165
20
0.9822244094488188
11
0.1668079527559055
21
0.9818648031496062
0
LINE
8
BLACK
6
CONTINUOUS
10
0.7368079527559055
20
0.9743648031496063
11
0.7383406692913386
21
0.9733406692913386
0
LINE
8
BLACK
6
CONTINUOUS
10
0.7383406692913386
20
0.9733406692913386
11
0.7393648031496063
21
0.9718079527559055
0
LINE
8
BLACK
6
CONTINUOUS
10
0.7393648031496063
20
0.9718079527559055
11
0.7397244094488189
21
0.97
0
LINE
8
BLACK
6
CONTINUOUS
10
0.7397244094488189
20
0.97
11
0.7397244094488189
21
0.9349999999999999
0
LINE
8
BLACK
6
CONTINUOUS
10
0.7397244094488189
20
0.9349999999999999
11
0.7393648031496063
21
0.9331920472440944
0
LINE
8
BLACK
6
CONTINUOUS
10
0.7393648031496063
20
0.9331920472440944
11
0.7383406692913386
21
0.9316593307086614
0
LINE
8
BLACK
6
CONTINUOUS
10
0.7383406692913386
20
0.9316593307086614
11
0.7368079527559055
21
0.9306351968503936
0
LINE
8
BLACK
6
CONTINUOUS
10
0.7368079527559055
20
0.9306351968503936
11
0.735
21
0.930275590551181
0
LINE
8
BLACK
6
CONTINUOUS
10
0.735
20
0.930275590551181
11
0.6799999999999999
21
0.930275590551181
0
LINE
8
BLACK
6
CONTINUOUS
10
0.6799999999999999
20
0.930275590551181
11
0.6781920472440944
21
0.9306351968503936
0
LINE
8
BLACK
6
CONTINUOUS
10
0.6781920472440944
20
0.9306351968503936
11
0.6766593307086614
21
0.9316593307086614
0
LINE
8
BLACK
6
CONTINUOUS
10
0.6766593307086614
20
0.9316593307086614
11
0.6756351968503936
21
0.9331920472440944
0
LINE
8
BLACK
6
CONTINUOUS
10
0.6756351968503936
20
0.9331920472440944
11
0.6752755905511811
21
0.9349999999999999
0
LINE
8
BLACK
6
CONTINUOUS
10
0.6752755905511811
20
0.9349999999999999
11
0.6752755905511811
21
0.97
0
LINE
8
BLACK
6
CONTINUOUS
10
0.6752755905511811
20
0.97
11
0.6756351968503936
21
0.9718079527559055
0
LINE
8
BLACK
6
CONTINUOUS
10
0.6756351968503936
20
0.9718079527559055
11
0.6766593307086614
21
0.9733406692913386
0
LINE
8
BLACK
6
CONTINUOUS
10
0.6766593307086614
20
0.9733406692913386
11
0.6781920472440944
21
0.9743648031496063
0
LINE
8
BLACK
6
CONTINUOUS
10
0.6781920472440944
20
0.9743648031496063
11
0.6799999999999999
21
0.9747244094488189
0
LINE
8
BLACK
6
CONTINUOUS
10
0.6799999999999999
20
0.9747244094488189
11
0.735
21
0.9747244094488189
0
LINE
8
BLACK
6
CONTINUOUS
10
0.735
20
0.9747244094488189
11
0.7368079527559055
21
0.9743648031496063
0
LINE
8
BLACK
6
CONTINUOUS
10
0.4930079527559055
20
0.9608148031496063
11
0.4945406692913386
21
0.9597906692913386
0
LINE
8
BLACK
6
CONTINUOUS
10
0.4945406692913386
20
0.9597906692913386
11
0.4955648031496063
21
0.9582579527559055
0
LINE
8
BLACK
6
CONTINUOUS
10
0.4955648031496063
20
0.9582579527559055
11
0.4959244094488189
21
0.95645
0
LINE
8
BLACK
6
CONTINUOUS
10
0.4959244094488189
20
0.95645
11
0.4959244094488189
21
0.93875
0
LINE
8
BLACK
6
CONTINUOUS
10
0.4959244094488189
20
0.93875
11
0.4955648031496063
21
0.9369420472440945
0
LINE
8
BLACK
6
CONTINUOUS
10
0.4955648031496063
20
0.9369420472440945
11
0.4945406692913386
21
0.9354093307086614
0
LINE
8
BLACK
6
CONTINUOUS
10
0.4945406692913386
20
0.9354093307086614
11
0.4930079527559055
21
0.9343851968503937
0
LINE
8
BLACK
6
CONTINUOUS
10
0.4930079527559055
20
0.9343851968503937
11
0.4912
21
0.9340255905511811
0
LINE
8
BLACK
6
CONTINUOUS
10
0.4912
20
0.9340255905511811
11
0.4794
21
0.9340255905511811
0
LINE
8
BLACK
6
CONTINUOUS
10
0.4794
20
0.9340255905511811
11
0.4775920472440945
21
0.9343851968503937
0
LINE
8
BLACK
6
CONTINUOUS
10
0.4775920472440945
20
0.9343851968503937
11
0.4760593307086614
21
0.9354093307086614
0
LINE
8
BLACK
6
CONTINUOUS
10
0.4760593307086614
20
0.9354093307086614
11
0.4750351968503937
21
0.9369420472440945
0
LINE
8
BLACK
6
CONTINUOUS
10
0.4750351968503937
20
0.9369420472440945
11
0.4746755905511811
21
0.93875
0
LINE
8
BLACK
6
CONTINUOUS
10
0.4746755905511811
20
0.93875
11
0.4746755905511811
21
0.95645
0
LINE
8
BLACK
6
CONTINUOUS
10
0.4746755905511811
20
0.95645
11
0.4750351968503937
21
0.9582579527559055
0
LINE
8
BLACK
6
CONTINUOUS
10
0.4750351968503937
20
0.9582579527559055
11
0.4760593307086614
21
0.9597906692913386
0
LINE
8
BLACK
6
CONTINUOUS
10
0.4760593307086614
20
0.9597906692913386
11
0.4775920472440945
21
0.9608148031496063
0
LINE
8
BLACK
6
CONTINUOUS
10
0.4775920472440945
20
0.9608148031496063
11
0.4794
21
0.9611744094488188
0
LINE
8
BLACK
6
CONTINUOUS
10
0.4794
20
0.9611744094488188
11
0.4912
21
0.9611744094488188
0
LINE
8
BLACK
6
CONTINUOUS
10
0.4912
20
0.9611744094488188
11
0.4930079527559055
21
0.9608148031496063
0
LINE
8
BLACK
6
CONTINUOUS
10
0.5324079527559055
20
0.9608148031496063
11
0.5339406692913385
21
0.9597906692913386
0
LINE
8
BLACK
6
CONTINUOUS
10
0.5339406692913385
20
0.9597906692913386
11
0.5349648031496063
21
0.9582579527559055
0
LINE
8
BLACK
6
CONTINUOUS
10
0.5349648031496063
20
0.9582579527559055
11
0.5353244094488189
21
0.95645
0
LINE
8
BLACK
6
CONTINUOUS
10
0.5353244094488189
20
0.95645
11
0.5353244094488189
21
0.93875
0
LINE
8
BLACK
6
CONTINUOUS
10
0.5353244094488189
20
0.93875
11
0.5349648031496063
21
0.9369420472440945
0
LINE
8
BLACK
6
CONTINUOUS
10
0.5349648031496063
20
0.9369420472440945
11
0.5339406692913385
21
0.9354093307086614
0
LINE
8
BLACK
6
CONTINUOUS
10
0.5339406692913385
20
0.9354093307086614
11
0.5324079527559055
21
0.9343851968503937
0
LINE
8
BLACK
6
CONTINUOUS
10
0.5324079527559055
20
0.9343851968503937
11
0.5306
21
0.9340255905511811
0
LINE
8
BLACK
6
CONTINUOUS
10
0.5306
20
0.9340255905511811
11
0.5188
21
0.9340255905511811
0
LINE
8
BLACK
6
CONTINUOUS
10
0.5188
20
0.9340255905511811
11
0.5169920472440944
21
0.9343851968503937
0
LINE
8
BLACK
6
CONTINUOUS
10
0.5169920472440944
20
0.9343851968503937
11
0.5154593307086615
21
0.9354093307086614
0
LINE
8
BLACK
6
CONTINUOUS
10
0.5154593307086615
20
0.9354093307086614
11
0.5144351968503937
21
0.9369420472440945
0
LINE
8
BLACK
6
CONTINUOUS
10
0.5144351968503937
20
0.9369420472440945
11
0.5140755905511811
21
0.93875
0
LINE
8
BLACK
6
CONTINUOUS
10
0.5140755905511811
20
0.93875
11
0.5140755905511811
21
0.95645
0
LINE
8
BLACK
6
CONTINUOUS
10
0.5140755905511811
20
0.95645
11
0.5144351968503937
21
0.9582579527559055
0
LINE
8
BLACK
6
CONTINUOUS
10
0.5144351968503937
20
0.9582579527559055
11
0.5154593307086615
21
0.9597906692913386
0
LINE
8
BLACK
6
CONTINUOUS
10
0.5154593307086615
20
0.9597906692913386
11
0.5169920472440944
21
0.9608148031496063
0
LINE
8
BLACK
6
CONTINUOUS
10
0.5169920472440944
20
0.9608148031496063
11
0.5188
21
0.9611744094488188
0
LINE
8
BLACK
6
CONTINUOUS
10
0.5188
20
0.9611744094488188
11
0.5306
21
0.9611744094488188
0
LINE
8
BLACK
6
CONTINUOUS
10
0.5306
20
0.9611744094488188
11
0.5324079527559055
21
0.9608148031496063
0
LINE
8
BLACK
6
CONTINUOUS
10
0.4093079527559055
20
0.9793648031496063
11
0.4108406692913386
21
0.9783406692913386
0
LINE
8
BLACK
6
CONTINUOUS
10
0.4108406692913386
20
0.9783406692913386
11
0.4118648031496063
21
0.9768079527559055
0
LINE
8
BLACK
6
CONTINUOUS
10
0.4118648031496063
20
0.9768079527559055
11
0.4122244094488189
21
0.975
0
LINE
8
BLACK
6
CONTINUOUS
10
0.4122244094488189
20
0.975
11
0.4122244094488189
21
0.9399999999999999
0
LINE
8
BLACK
6
CONTINUOUS
10
0.4122244094488189
20
0.9399999999999999
11
0.4118648031496063
21
0.9381920472440944
0
LINE
8
BLACK
6
CONTINUOUS
10
0.4118648031496063
20
0.9381920472440944
11
0.4108406692913386
21
0.9366593307086614
0
LINE
8
BLACK
6
CONTINUOUS
10
0.4108406692913386
20
0.9366593307086614
11
0.4093079527559055
21
0.9356351968503936
0
LINE
8
BLACK
6
CONTINUOUS
10
0.4093079527559055
20
0.9356351968503936
11
0.4075
21
0.935275590551181
0
LINE
8
BLACK
6
CONTINUOUS
10
0.4075
20
0.935275590551181
11
0.3525
21
0.935275590551181
0
LINE
8
BLACK
6
CONTINUOUS
10
0.3525
20
0.935275590551181
11
0.3506920472440945
21
0.9356351968503936
0
LINE
8
BLACK
6
CONTINUOUS
10
0.3506920472440945
20
0.9356351968503936
11
0.3491593307086614
21
0.9366593307086614
0
LINE
8
BLACK
6
CONTINUOUS
10
0.3491593307086614
20
0.9366593307086614
11
0.3481351968503937
21
0.9381920472440944
0
LINE
8
BLACK
6
CONTINUOUS
10
0.3481351968503937
20
0.9381920472440944
11
0.3477755905511811
21
0.9399999999999999
0
LINE
8
BLACK
6
CONTINUOUS
10
0.3477755905511811
20
0.9399999999999999
11
0.3477755905511811
21
0.975
0
LINE
8
BLACK
6
CONTINUOUS
10
0.3477755905511811
20
0.975
11
0.3481351968503937
21
0.9768079527559055
0
LINE
8
BLACK
6
CONTINUOUS
10
0.3481351968503937
20
0.9768079527559055
11
0.3491593307086614
21
0.9783406692913386
0
LINE
8
BLACK
6
CONTINUOUS
10
0.3491593307086614
20
0.9783406692913386
11
0.3506920472440945
21
0.9793648031496063
0
LINE
8
BLACK
6
CONTINUOUS
10
0.3506920472440945
20
0.9793648031496063
11
0.3525
21
0.9797244094488189
0
LINE
8
BLACK
6
CONTINUOUS
10
0.3525
20
0.9797244094488189
11
0.4075
21
0.9797244094488189
0
LINE
8
BLACK
6
CONTINUOUS
10
0.4075
20
0.9797244094488189
11
0.4093079527559055
21
0.9793648031496063
0
LINE
8
BLACK
6
CONTINUOUS
10
1.3268079527559056
20
1.0593648031496063
11
1.3283406692913386
21
1.0583406692913386
0
LINE
8
BLACK
6
CONTINUOUS
10
1.3283406692913386
20
1.0583406692913386
11
1.3293648031496064
21
1.0568079527559056
0
LINE
8
BLACK
6
CONTINUOUS
10
1.3293648031496064
20
1.0568079527559056
11
1.329724409448819
21
1.0549999999999999
0
LINE
8
BLACK
6
CONTINUOUS
10
1.329724409448819
20
1.0549999999999999
11
1.329724409448819
21
0.975
0
LINE
8
BLACK
6
CONTINUOUS
10
1.329724409448819
20
0.975
11
1.3293648031496064
21
0.9731920472440945
0
LINE
8
BLACK
6
CONTINUOUS
10
1.3293648031496064
20
0.9731920472440945
11
1.3283406692913386
21
0.9716593307086614
0
LINE
8
BLACK
6
CONTINUOUS
10
1.3283406692913386
20
0.9716593307086614
11
1.3268079527559056
21
0.9706351968503937
0
LINE
8
BLACK
6
CONTINUOUS
10
1.3268079527559056
20
0.9706351968503937
11
1.325
21
0.9702755905511811
0
LINE
8
BLACK
6
CONTINUOUS
10
1.325
20
0.9702755905511811
11
1.2849999999999999
21
0.9702755905511811
0
LINE
8
BLACK
6
CONTINUOUS
10
1.2849999999999999
20
0.9702755905511811
11
1.2831920472440945
21
0.9706351968503937
0
LINE
8
BLACK
6
CONTINUOUS
10
1.2831920472440945
20
0.9706351968503937
11
1.2816593307086614
21
0.9716593307086614
0
LINE
8
BLACK
6
CONTINUOUS
10
1.2816593307086614
20
0.9716593307086614
11
1.2806351968503937
21
0.9731920472440945
0
LINE
8
BLACK
6
CONTINUOUS
10
1.2806351968503937
20
0.9731920472440945
11
1.2802755905511811
21
0.975
0
LINE
8
BLACK
6
CONTINUOUS
10
1.2802755905511811
20
0.975
11
1.2802755905511811
21
1.0549999999999999
0
LINE
8
BLACK
6
CONTINUOUS
10
1.2802755905511811
20
1.0549999999999999
11
1.2806351968503937
21
1.0568079527559056
0
LINE
8
BLACK
6
CONTINUOUS
10
1.2806351968503937
20
1.0568079527559056
11
1.2816593307086614
21
1.0583406692913386
0
LINE
8
BLACK
6
CONTINUOUS
10
1.2816593307086614
20
1.0583406692913386
11
1.2831920472440945
21
1.0593648031496063
0
LINE
8
BLACK
6
CONTINUOUS
10
1.2831920472440945
20
1.0593648031496063
11
1.2849999999999999
21
1.059724409448819
0
LINE
8
BLACK
6
CONTINUOUS
10
1.2849999999999999
20
1.059724409448819
11
1.325
21
1.059724409448819
0
LINE
8
BLACK
6
CONTINUOUS
10
1.325
20
1.059724409448819
11
1.3268079527559056
21
1.0593648031496063
0
LINE
8
BLACK
6
CONTINUOUS
10
1.4168079527559054
20
1.0593648031496063
11
1.4183406692913385
21
1.0583406692913386
0
LINE
8
BLACK
6
CONTINUOUS
10
1.4183406692913385
20
1.0583406692913386
11
1.4193648031496062
21
1.0568079527559056
0
LINE
8
BLACK
6
CONTINUOUS
10
1.4193648031496062
20
1.0568079527559056
11
1.4197244094488188
21
1.0549999999999999
0
LINE
8
BLACK
6
CONTINUOUS
10
1.4197244094488188
20
1.0549999999999999
11
1.4197244094488188
21
0.975
0
LINE
8
BLACK
6
CONTINUOUS
10
1.4197244094488188
20
0.975
11
1.4193648031496062
21
0.9731920472440945
0
LINE
8
BLACK
6
CONTINUOUS
10
1.4193648031496062
20
0.9731920472440945
11
1.4183406692913385
21
0.9716593307086614
0
LINE
8
BLACK
6
CONTINUOUS
10
1.4183406692913385
20
0.9716593307086614
11
1.4168079527559054
21
0.9706351968503937
0
LINE
8
BLACK
6
CONTINUOUS
10
1.4168079527559054
20
0.9706351968503937
11
1.415
21
0.9702755905511811
0
LINE
8
BLACK
6
CONTINUOUS
10
1.415
20
0.9702755905511811
11
1.375
21
0.9702755905511811
0
LINE
8
BLACK
6
CONTINUOUS
10
1.375
20
0.9702755905511811
11
1.3731920472440944
21
0.9706351968503937
0
LINE
8
BLACK
6
CONTINUOUS
10
1.3731920472440944
20
0.9706351968503937
11
1.3716593307086613
21
0.9716593307086614
0
LINE
8
BLACK
6
CONTINUOUS
10
1.3716593307086613
20
0.9716593307086614
11
1.3706351968503936
21
0.9731920472440945
0
LINE
8
BLACK
6
CONTINUOUS
10
1.3706351968503936
20
0.9731920472440945
11
1.370275590551181
21
0.975
0
LINE
8
BLACK
6
CONTINUOUS
10
1.370275590551181
20
0.975
11
1.370275590551181
21
1.0549999999999999
0
LINE
8
BLACK
6
CONTINUOUS
10
1.370275590551181
20
1.0549999999999999
11
1.3706351968503936
21
1.0568079527559056
0
LINE
8
BLACK
6
CONTINUOUS
10
1.3706351968503936
20
1.0568079527559056
11
1.3716593307086613
21
1.0583406692913386
0
LINE
8
BLACK
6
CONTINUOUS
10
1.3716593307086613
20
1.0583406692913386
11
1.3731920472440944
21
1.0593648031496063
0
LINE
8
BLACK
6
CONTINUOUS
10
1.3731920472440944
20
1.0593648031496063
11
1.375
21
1.059724409448819
0
LINE
8
BLACK
6
CONTINUOUS
10
1.375
20
1.059724409448819
11
1.415
21
1.059724409448819
0
LINE
8
BLACK
6
CONTINUOUS
10
1.415
20
1.059724409448819
11
1.4168079527559054
21
1.0593648031496063
0
LINE
8
BLACK
6
CONTINUOUS
10
1.5068079527559055
20
1.0593648031496063
11
1.5083406692913386
21
1.0583406692913386
0
LINE
8
BLACK
6
CONTINUOUS
10
1.5083406692913386
20
1.0583406692913386
11
1.5093648031496063
21
1.0568079527559056
0
LINE
8
BLACK
6
CONTINUOUS
10
1.5093648031496063
20
1.0568079527559056
11
1.5097244094488189
21
1.0549999999999999
0
LINE
8
BLACK
6
CONTINUOUS
10
1.5097244094488189
20
1.0549999999999999
11
1.5097244094488189
21
0.975
0
LINE
8
BLACK
6
CONTINUOUS
10
1.5097244094488189
20
0.975
11
1.5093648031496063
21
0.9731920472440945
0
LINE
8
BLACK
6
CONTINUOUS
10
1.5093648031496063
20
0.9731920472440945
11
1.5083406692913386
21
0.9716593307086614
0
LINE
8
BLACK
6
CONTINUOUS
10
1.5083406692913386
20
0.9716593307086614
11
1.5068079527559055
21
0.9706351968503937
0
LINE
8
BLACK
6
CONTINUOUS
10
1.5068079527559055
20
0.9706351968503937
11
1.5049999999999999
21
0.9702755905511811
0
LINE
8
BLACK
6
CONTINUOUS
10
1.5049999999999999
20
0.9702755905511811
11
1.4649999999999999
21
0.9702755905511811
0
LINE
8
BLACK
6
CONTINUOUS
10
1.4649999999999999
20
0.9702755905511811
11
1.4631920472440945
21
0.9706351968503937
0
LINE
8
BLACK
6
CONTINUOUS
10
1.4631920472440945
20
0.9706351968503937
11
1.4616593307086614
21
0.9716593307086614
0
LINE
8
BLACK
6
CONTINUOUS
10
1.4616593307086614
20
0.9716593307086614
11
1.4606351968503937
21
0.9731920472440945
0
LINE
8
BLACK
6
CONTINUOUS
10
1.4606351968503937
20
0.9731920472440945
11
1.4602755905511811
21
0.975
0
LINE
8
BLACK
6
CONTINUOUS
10
1.4602755905511811
20
0.975
11
1.4602755905511811
21
1.0549999999999999
0
LINE
8
BLACK
6
CONTINUOUS
10
1.4602755905511811
20
1.0549999999999999
11
1.4606351968503937
21
1.0568079527559056
0
LINE
8
BLACK
6
CONTINUOUS
10
1.4606351968503937
20
1.0568079527559056
11
1.4616593307086614
21
1.0583406692913386
0
LINE
8
BLACK
6
CONTINUOUS
10
1.4616593307086614
20
1.0583406692913386
11
1.4631920472440945
21
1.0593648031496063
0
LINE
8
BLACK
6
CONTINUOUS
10
1.4631920472440945
20
1.0593648031496063
11
1.4649999999999999
21
1.059724409448819
0
LINE
8
BLACK
6
CONTINUOUS
10
1.4649999999999999
20
1.059724409448819
11
1.5049999999999999
21
1.059724409448819
0
LINE
8
BLACK
6
CONTINUOUS
10
1.5049999999999999
20
1.059724409448819
11
1.5068079527559055
21
1.0593648031496063
0
LINE
8
BLACK
6
CONTINUOUS
10
1.2443079527559056
20
1.0193648031496063
11
1.2458406692913386
21
1.0183406692913386
0
LINE
8
BLACK
6
CONTINUOUS
10
1.2458406692913386
20
1.0183406692913386
11
1.2468648031496063
21
1.0168079527559055
0
LINE
8
BLACK
6
CONTINUOUS
10
1.2468648031496063
20
1.0168079527559055
11
1.247224409448819
21
1.0149999999999999
0
LINE
8
BLACK
6
CONTINUOUS
10
1.247224409448819
20
1.0149999999999999
11
1.247224409448819
21
0.98
0
LINE
8
BLACK
6
CONTINUOUS
10
1.247224409448819
20
0.98
11
1.2468648031496063
21
0.9781920472440945
0
LINE
8
BLACK
6
CONTINUOUS
10
1.2468648031496063
20
0.9781920472440945
11
1.2458406692913386
21
0.9766593307086614
0
LINE
8
BLACK
6
CONTINUOUS
10
1.2458406692913386
20
0.9766593307086614
11
1.2443079527559056
21
0.9756351968503937
0
LINE
8
BLACK
6
CONTINUOUS
10
1.2443079527559056
20
0.9756351968503937
11
1.2424999999999999
21
0.9752755905511811
0
LINE
8
BLACK
6
CONTINUOUS
10
1.2424999999999999
20
0.9752755905511811
11
1.1875
21
0.9752755905511811
0
LINE
8
BLACK
6
CONTINUOUS
10
1.1875
20
0.9752755905511811
11
1.1856920472440944
21
0.9756351968503937
0
LINE
8
BLACK
6
CONTINUOUS
10
1.1856920472440944
20
0.9756351968503937
11
1.1841593307086613
21
0.9766593307086614
0
LINE
8
BLACK
6
CONTINUOUS
10
1.1841593307086613
20
0.9766593307086614
11
1.1831351968503936
21
0.9781920472440945
0
LINE
8
BLACK
6
CONTINUOUS
10
1.1831351968503936
20
0.9781920472440945
11
1.182775590551181
21
0.98
0
LINE
8
BLACK
6
CONTINUOUS
10
1.182775590551181
20
0.98
11
1.182775590551181
21
1.0149999999999999
0
LINE
8
BLACK
6
CONTINUOUS
10
1.182775590551181
20
1.0149999999999999
11
1.1831351968503936
21
1.0168079527559055
0
LINE
8
BLACK
6
CONTINUOUS
10
1.1831351968503936
20
1.0168079527559055
11
1.1841593307086613
21
1.0183406692913386
0
LINE
8
BLACK
6
CONTINUOUS
10
1.1841593307086613
20
1.0183406692913386
11
1.1856920472440944
21
1.0193648031496063
0
LINE
8
BLACK
6
CONTINUOUS
10
1.1856920472440944
20
1.0193648031496063
11
1.1875
21
1.0197244094488189
0
LINE
8
BLACK
6
CONTINUOUS
10
1.1875
20
1.0197244094488189
11
1.2424999999999999
21
1.0197244094488189
0
LINE
8
BLACK
6
CONTINUOUS
10
1.2424999999999999
20
1.0197244094488189
11
1.2443079527559056
21
1.0193648031496063
0
LINE
8
BLACK
6
CONTINUOUS
10
1.1593079527559056
20
1.0233648031496063
11
1.1608406692913387
21
1.0223406692913386
0
LINE
8
BLACK
6
CONTINUOUS
10
1.1608406692913387
20
1.0223406692913386
11
1.1618648031496062
21
1.0208079527559055
0
LINE
8
BLACK
6
CONTINUOUS
10
1.1618648031496062
20
1.0208079527559055
11
1.1622244094488188
21
1.0189999999999999
0
LINE
8
BLACK
6
CONTINUOUS
10
1.1622244094488188
20
1.0189999999999999
11
1.1622244094488188
21
0.984
0
LINE
8
BLACK
6
CONTINUOUS
10
1.1622244094488188
20
0.984
11
1.1618648031496062
21
0.9821920472440945
0
LINE
8
BLACK
6
CONTINUOUS
10
1.1618648031496062
20
0.9821920472440945
11
1.1608406692913387
21
0.9806593307086614
0
LINE
8
BLACK
6
CONTINUOUS
10
1.1608406692913387
20
0.9806593307086614
11
1.1593079527559056
21
0.9796351968503937
0
LINE
8
BLACK
6
CONTINUOUS
10
1.1593079527559056
20
0.9796351968503937
11
1.1575
21
0.9792755905511811
0
LINE
8
BLACK
6
CONTINUOUS
10
1.1575
20
0.9792755905511811
11
1.1025
21
0.9792755905511811
0
LINE
8
BLACK
6
CONTINUOUS
10
1.1025
20
0.9792755905511811
11
1.1006920472440944
21
0.9796351968503937
0
LINE
8
BLACK
6
CONTINUOUS
10
1.1006920472440944
20
0.9796351968503937
11
1.0991593307086613
21
0.9806593307086614
0
LINE
8
BLACK
6
CONTINUOUS
10
1.0991593307086613
20
0.9806593307086614
11
1.0981351968503936
21
0.9821920472440945
0
LINE
8
BLACK
6
CONTINUOUS
10
1.0981351968503936
20
0.9821920472440945
11
1.097775590551181
21
0.984
0
LINE
8
BLACK
6
CONTINUOUS
10
1.097775590551181
20
0.984
11
1.097775590551181
21
1.0189999999999999
0
LINE
8
BLACK
6
CONTINUOUS
10
1.097775590551181
20
1.0189999999999999
11
1.0981351968503936
21
1.0208079527559055
0
LINE
8
BLACK
6
CONTINUOUS
10
1.0981351968503936
20
1.0208079527559055
11
1.0991593307086613
21
1.0223406692913386
0
LINE
8
BLACK
6
CONTINUOUS
10
1.0991593307086613
20
1.0223406692913386
11
1.1006920472440944
21
1.0233648031496063
0
LINE
8
BLACK
6
CONTINUOUS
10
1.1006920472440944
20
1.0233648031496063
11
1.1025
21
1.0237244094488189
0
LINE
8
BLACK
6
CONTINUOUS
10
1.1025
20
1.0237244094488189
11
1.1575
21
1.0237244094488189
0
LINE
8
BLACK
6
CONTINUOUS
10
1.1575
20
1.0237244094488189
11
1.1593079527559056
21
1.0233648031496063
0
LINE
8
BLACK
6
CONTINUOUS
10
0.9453079527559055
20
1.0283648031496062
11
0.9468406692913386
21
1.0273406692913385
0
LINE
8
BLACK
6
CONTINUOUS
10
0.9468406692913386
20
1.0273406692913385
11
0.9478648031496063
21
1.0258079527559054
0
LINE
8
BLACK
6
CONTINUOUS
10
0.9478648031496063
20
1.0258079527559054
11
0.9482244094488189
21
1.024
0
LINE
8
BLACK
6
CONTINUOUS
10
0.9482244094488189
20
1.024
11
0.9482244094488189
21
0.989
0
LINE
8
BLACK
6
CONTINUOUS
10
0.9482244094488189
20
0.989
11
0.9478648031496063
21
0.9871920472440945
0
LINE
8
BLACK
6
CONTINUOUS
10
0.9478648031496063
20
0.9871920472440945
11
0.9468406692913386
21
0.9856593307086614
0
LINE
8
BLACK
6
CONTINUOUS
10
0.9468406692913386
20
0.9856593307086614
11
0.9453079527559055
21
0.9846351968503937
0
LINE
8
BLACK
6
CONTINUOUS
10
0.9453079527559055
20
0.9846351968503937
11
0.9435
21
0.9842755905511811
0
LINE
8
BLACK
6
CONTINUOUS
10
0.9435
20
0.9842755905511811
11
0.8885
21
0.9842755905511811
0
LINE
8
BLACK
6
CONTINUOUS
10
0.8885
20
0.9842755905511811
11
0.8866920472440945
21
0.9846351968503937
0
LINE
8
BLACK
6
CONTINUOUS
10
0.8866920472440945
20
0.9846351968503937
11
0.8851593307086614
21
0.9856593307086614
0
LINE
8
BLACK
6
CONTINUOUS
10
0.8851593307086614
20
0.9856593307086614
11
0.8841351968503937
21
0.9871920472440945
0
LINE
8
BLACK
6
CONTINUOUS
10
0.8841351968503937
20
0.9871920472440945
11
0.883775590551181
21
0.989
0
LINE
8
BLACK
6
CONTINUOUS
10
0.883775590551181
20
0.989
11
0.883775590551181
21
1.024
0
LINE
8
BLACK
6
CONTINUOUS
10
0.883775590551181
20
1.024
11
0.8841351968503937
21
1.0258079527559054
0
LINE
8
BLACK
6
CONTINUOUS
10
0.8841351968503937
20
1.0258079527559054
11
0.8851593307086614
21
1.0273406692913385
0
LINE
8
BLACK
6
CONTINUOUS
10
0.8851593307086614
20
1.0273406692913385
11
0.8866920472440945
21
1.0283648031496062
0
LINE
8
BLACK
6
CONTINUOUS
10
0.8866920472440945
20
1.0283648031496062
11
0.8885
21
1.0287244094488188
0
LINE
8
BLACK
6
CONTINUOUS
10
0.8885
20
1.0287244094488188
11
0.9435
21
1.0287244094488188
0
LINE
8
BLACK
6
CONTINUOUS
10
0.9435
20
1.0287244094488188
11
0.9453079527559055
21
1.0283648031496062
0
LINE
8
BLACK
6
CONTINUOUS
10
0.7368079527559055
20
1.0493648031496063
11
0.7383406692913386
21
1.0483406692913386
0
LINE
8
BLACK
6
CONTINUOUS
10
0.7383406692913386
20
1.0483406692913386
11
0.7393648031496063
21
1.0468079527559055
0
LINE
8
BLACK
6
CONTINUOUS
10
0.7393648031496063
20
1.0468079527559055
11
0.7397244094488189
21
1.0449999999999999
0
LINE
8
BLACK
6
CONTINUOUS
10
0.7397244094488189
20
1.0449999999999999
11
0.7397244094488189
21
1.01
0
LINE
8
BLACK
6
CONTINUOUS
10
0.7397244094488189
20
1.01
11
0.7393648031496063
21
1.0081920472440944
0
LINE
8
BLACK
6
CONTINUOUS
10
0.7393648031496063
20
1.0081920472440944
11
0.7383406692913386
21
1.0066593307086613
0
LINE
8
BLACK
6
CONTINUOUS
10
0.7383406692913386
20
1.0066593307086613
11
0.7368079527559055
21
1.0056351968503936
0
LINE
8
BLACK
6
CONTINUOUS
10
0.7368079527559055
20
1.0056351968503936
11
0.735
21
1.005275590551181
0
LINE
8
BLACK
6
CONTINUOUS
10
0.735
20
1.005275590551181
11
0.6799999999999999
21
1.005275590551181
0
LINE
8
BLACK
6
CONTINUOUS
10
0.6799999999999999
20
1.005275590551181
11
0.6781920472440944
21
1.0056351968503936
0
LINE
8
BLACK
6
CONTINUOUS
10
0.6781920472440944
20
1.0056351968503936
11
0.6766593307086614
21
1.0066593307086613
0
LINE
8
BLACK
6
CONTINUOUS
10
0.6766593307086614
20
1.0066593307086613
11
0.6756351968503936
21
1.0081920472440944
0
LINE
8
BLACK
6
CONTINUOUS
10
0.6756351968503936
20
1.0081920472440944
11
0.6752755905511811
21
1.01
0
LINE
8
BLACK
6
CONTINUOUS
10
0.6752755905511811
20
1.01
11
0.6752755905511811
21
1.0449999999999999
0
LINE
8
BLACK
6
CONTINUOUS
10
0.6752755905511811
20
1.0449999999999999
11
0.6756351968503936
21
1.0468079527559055
0
LINE
8
BLACK
6
CONTINUOUS
10
0.6756351968503936
20
1.0468079527559055
11
0.6766593307086614
21
1.0483406692913386
0
LINE
8
BLACK
6
CONTINUOUS
10
0.6766593307086614
20
1.0483406692913386
11
0.6781920472440944
21
1.0493648031496063
0
LINE
8
BLACK
6
CONTINUOUS
10
0.6781920472440944
20
1.0493648031496063
11
0.6799999999999999
21
1.049724409448819
0
LINE
8
BLACK
6
CONTINUOUS
10
0.6799999999999999
20
1.049724409448819
11
0.735
21
1.049724409448819
0
LINE
8
BLACK
6
CONTINUOUS
10
0.735
20
1.049724409448819
11
0.7368079527559055
21
1.0493648031496063
0
LINE
8
BLACK
6
CONTINUOUS
10
0.1811937795275591
20
1.21279
11
0.1827264960629921
21
1.2117658661417323
0
LINE
8
BLACK
6
CONTINUOUS
10
0.1827264960629921
20
1.2117658661417323
11
0.1837506299212598
21
1.2102331496062992
0
LINE
8
BLACK
6
CONTINUOUS
10
0.1837506299212598
20
1.2102331496062992
11
0.1841102362204724
21
1.2084251968503936
0
LINE
8
BLACK
6
CONTINUOUS
10
0.1841102362204724
20
1.2084251968503936
11
0.1841102362204724
21
1.1907086614173228
0
LINE
8
BLACK
6
CONTINUOUS
10
0.1841102362204724
20
1.1907086614173228
11
0.1837506299212598
21
1.1889007086614174
0
LINE
8
BLACK
6
CONTINUOUS
10
0.1837506299212598
20
1.1889007086614174
11
0.1827264960629921
21
1.1873679921259843
0
LINE
8
BLACK
6
CONTINUOUS
10
0.1827264960629921
20
1.1873679921259843
11
0.1818340157480315
21
1.186771653543307
0
LINE
8
BLACK
6
CONTINUOUS
10
0.1818340157480315
20
1.186771653543307
11
0.1827264960629921
21
1.18617531496063
0
LINE
8
BLACK
6
CONTINUOUS
10
0.1827264960629921
20
1.18617531496063
11
0.1837506299212598
21
1.1846425984251969
0
LINE
8
BLACK
6
CONTINUOUS
10
0.1837506299212598
20
1.1846425984251969
11
0.1841102362204724
21
1.1828346456692913
0
LINE
8
BLACK
6
CONTINUOUS
10
0.1841102362204724
20
1.1828346456692913
11
0.1841102362204724
21
1.1651181102362205
0
LINE
8
BLACK
6
CONTINUOUS
10
0.1841102362204724
20
1.1651181102362205
11
0.1837506299212598
21
1.1633101574803149
0
LINE
8
BLACK
6
CONTINUOUS
10
0.1837506299212598
20
1.1633101574803149
11
0.1827264960629921
21
1.1617774409448818
0
LINE
8
BLACK
6
CONTINUOUS
10
0.1827264960629921
20
1.1617774409448818
11
0.1818340157480315
21
1.1611811023622047
0
LINE
8
BLACK
6
CONTINUOUS
10
0.1818340157480315
20
1.1611811023622047
11
0.1827264960629921
21
1.1605847637795275
0
LINE
8
BLACK
6
CONTINUOUS
10
0.1827264960629921
20
1.1605847637795275
11
0.1837506299212598
21
1.1590520472440944
0
LINE
8
BLACK
6
CONTINUOUS
10
0.1837506299212598
20
1.1590520472440944
11
0.1841102362204724
21
1.157244094488189
0
LINE
8
BLACK
6
CONTINUOUS
10
0.1841102362204724
20
1.157244094488189
11
0.1841102362204724
21
1.1395275590551182
0
LINE
8
BLACK
6
CONTINUOUS
10
0.1841102362204724
20
1.1395275590551182
11
0.1837506299212598
21
1.1377196062992125
0
LINE
8
BLACK
6
CONTINUOUS
10
0.1837506299212598
20
1.1377196062992125
11
0.1827264960629921
21
1.1361868897637795
0
LINE
8
BLACK
6
CONTINUOUS
10
0.1827264960629921
20
1.1361868897637795
11
0.1818340157480315
21
1.1355905511811024
0
LINE
8
BLACK
6
CONTINUOUS
10
0.1818340157480315
20
1.1355905511811024
11
0.1827264960629921
21
1.1349942125984251
0
LINE
8
BLACK
6
CONTINUOUS
10
0.1827264960629921
20
1.1349942125984251
11
0.1837506299212598
21
1.1334614960629921
0
LINE
8
BLACK
6
CONTINUOUS
10
0.1837506299212598
20
1.1334614960629921
11
0.1841102362204724
21
1.1316535433070867
0
LINE
8
BLACK
6
CONTINUOUS
10
0.1841102362204724
20
1.1316535433070867
11
0.1841102362204724
21
1.1139370078740156
0
LINE
8
BLACK
6
CONTINUOUS
10
0.1841102362204724
20
1.1139370078740156
11
0.1837506299212598
21
1.1121290551181102
0
LINE
8
BLACK
6
CONTINUOUS
10
0.1837506299212598
20
1.1121290551181102
11
0.1827264960629921
21
1.1105963385826771
0
LINE
8
BLACK
6
CONTINUOUS
10
0.1827264960629921
20
1.1105963385826771
11
0.1818340157480315
21
1.1099999999999999
0
LINE
8
BLACK
6
CONTINUOUS
10
0.1818340157480315
20
1.1099999999999999
11
0.1827264960629921
21
1.1094036614173228
0
LINE
8
BLACK
6
CONTINUOUS
10
0.1827264960629921
20
1.1094036614173228
11
0.1837506299212598
21
1.1078709448818898
0
LINE
8
BLACK
6
CONTINUOUS
10
0.1837506299212598
20
1.1078709448818898
11
0.1841102362204724
21
1.1060629921259841
0
LINE
8
BLACK
6
CONTINUOUS
10
0.1841102362204724
20
1.1060629921259841
11
0.1841102362204724
21
1.0883464566929133
0
LINE
8
BLACK
6
CONTINUOUS
10
0.1841102362204724
20
1.0883464566929133
11
0.1837506299212598
21
1.0865385039370079
0
LINE
8
BLACK
6
CONTINUOUS
10
0.1837506299212598
20
1.0865385039370079
11
0.1827264960629921
21
1.0850057874015748
0
LINE
8
BLACK
6
CONTINUOUS
10
0.1827264960629921
20
1.0850057874015748
11
0.1818340157480315
21
1.0844094488188976
0
LINE
8
BLACK
6
CONTINUOUS
10
0.1818340157480315
20
1.0844094488188976
11
0.1827264960629921
21
1.0838131102362205
0
LINE
8
BLACK
6
CONTINUOUS
10
0.1827264960629921
20
1.0838131102362205
11
0.1837506299212598
21
1.0822803937007874
0
LINE
8
BLACK
6
CONTINUOUS
10
0.1837506299212598
20
1.0822803937007874
11
0.1841102362204724
21
1.0804724409448818
0
LINE
8
BLACK
6
CONTINUOUS
10
0.1841102362204724
20
1.0804724409448818
11
0.1841102362204724
21
1.062755905511811
0
LINE
8
BLACK
6
CONTINUOUS
10
0.1841102362204724
20
1.062755905511811
11
0.1837506299212598
21
1.0609479527559056
0
LINE
8
BLACK
6
CONTINUOUS
10
0.1837506299212598
20
1.0609479527559056
11
0.1827264960629921
21
1.0594152362204725
0
LINE
8
BLACK
6
CONTINUOUS
10
0.1827264960629921
20
1.0594152362204725
11
0.1818340157480315
21
1.0588188976377952
0
LINE
8
BLACK
6
CONTINUOUS
10
0.1818340157480315
20
1.0588188976377952
11
0.1827264960629921
21
1.0582225590551182
0
LINE
8
BLACK
6
CONTINUOUS
10
0.1827264960629921
20
1.0582225590551182
11
0.1837506299212598
21
1.0566898425196851
0
LINE
8
BLACK
6
CONTINUOUS
10
0.1837506299212598
20
1.0566898425196851
11
0.1841102362204724
21
1.0548818897637795
0
LINE
8
BLACK
6
CONTINUOUS
10
0.1841102362204724
20
1.0548818897637795
11
0.1841102362204724
21
1.0371653543307087
0
LINE
8
BLACK
6
CONTINUOUS
10
0.1841102362204724
20
1.0371653543307087
11
0.1837506299212598
21
1.035357401574803
0
LINE
8
BLACK
6
CONTINUOUS
10
0.1837506299212598
20
1.035357401574803
11
0.1827264960629921
21
1.03382468503937
0
LINE
8
BLACK
6
CONTINUOUS
10
0.1827264960629921
20
1.03382468503937
11
0.1818340157480315
21
1.0332283464566929
0
LINE
8
BLACK
6
CONTINUOUS
10
0.1818340157480315
20
1.0332283464566929
11
0.1827264960629921
21
1.0326320078740157
0
LINE
8
BLACK
6
CONTINUOUS
10
0.1827264960629921
20
1.0326320078740157
11
0.1837506299212598
21
1.0310992913385826
0
LINE
8
BLACK
6
CONTINUOUS
10
0.1837506299212598
20
1.0310992913385826
11
0.1841102362204724
21
1.0292913385826772
0
LINE
8
BLACK
6
CONTINUOUS
10
0.1841102362204724
20
1.0292913385826772
11
0.1841102362204724
21
1.0115748031496063
0
LINE
8
BLACK
6
CONTINUOUS
10
0.1841102362204724
20
1.0115748031496063
11
0.1837506299212598
21
1.0097668503937007
0
LINE
8
BLACK
6
CONTINUOUS
10
0.1837506299212598
20
1.0097668503937007
11
0.1827264960629921
21
1.0082341338582677
0
LINE
8
BLACK
6
CONTINUOUS
10
0.1827264960629921
20
1.0082341338582677
11
0.1811937795275591
21
1.0072099999999999
0
LINE
8
BLACK
6
CONTINUOUS
10
0.1811937795275591
20
1.0072099999999999
11
0.1793858267716535
21
1.0068503937007873
0
LINE
8
BLACK
6
CONTINUOUS
10
0.1793858267716535
20
1.0068503937007873
11
0.1203307086614173
21
1.0068503937007873
0
LINE
8
BLACK
6
CONTINUOUS
10
0.1203307086614173
20
1.0068503937007873
11
0.1185227559055118
21
1.0072099999999999
0
LINE
8
BLACK
6
CONTINUOUS
10
0.1185227559055118
20
1.0072099999999999
11
0.1169900393700787
21
1.0082341338582677
0
LINE
8
BLACK
6
CONTINUOUS
10
0.1169900393700787
20
1.0082341338582677
11
0.115965905511811
21
1.0097668503937007
0
LINE
8
BLACK
6
CONTINUOUS
10
0.115965905511811
20
1.0097668503937007
11
0.1156062992125984
21
1.0115748031496063
0
LINE
8
BLACK
6
CONTINUOUS
10
0.1156062992125984
20
1.0115748031496063
11
0.1156062992125984
21
1.0292913385826772
0
LINE
8
BLACK
6
CONTINUOUS
10
0.1156062992125984
20
1.0292913385826772
11
0.115965905511811
21
1.0310992913385826
0
LINE
8
BLACK
6
CONTINUOUS
10
0.115965905511811
20
1.0310992913385826
11
0.1169900393700787
21
1.0326320078740157
0
LINE
8
BLACK
6
CONTINUOUS
10
0.1169900393700787
20
1.0326320078740157
11
0.1178824803149606
21
1.0332283464566929
0
LINE
8
BLACK
6
CONTINUOUS
10
0.1178824803149606
20
1.0332283464566929
11
0.1169900393700787
21
1.03382468503937
0
LINE
8
BLACK
6
CONTINUOUS
10
0.1169900393700787
20
1.03382468503937
11
0.115965905511811
21
1.035357401574803
0
LINE
8
BLACK
6
CONTINUOUS
10
0.115965905511811
20
1.035357401574803
11
0.1156062992125984
21
1.0371653543307087
0
LINE
8
BLACK
6
CONTINUOUS
10
0.1156062992125984
20
1.0371653543307087
11
0.1156062992125984
21
1.0548818897637795
0
LINE
8
BLACK
6
CONTINUOUS
10
0.1156062992125984
20
1.0548818897637795
11
0.115965905511811
21
1.0566898425196851
0
LINE
8
BLACK
6
CONTINUOUS
10
0.115965905511811
20
1.0566898425196851
11
0.1169900393700787
21
1.0582225590551182
0
LINE
8
BLACK
6
CONTINUOUS
10
0.1169900393700787
20
1.0582225590551182
11
0.1178824803149606
21
1.0588188976377952
0
LINE
8
BLACK
6
CONTINUOUS
10
0.1178824803149606
20
1.0588188976377952
11
0.1169900393700787
21
1.0594152362204725
0
LINE
8
BLACK
6
CONTINUOUS
10
0.1169900393700787
20
1.0594152362204725
11
0.115965905511811
21
1.0609479527559056
0
LINE
8
BLACK
6
CONTINUOUS
10
0.115965905511811
20
1.0609479527559056
11
0.1156062992125984
21
1.062755905511811
0
LINE
8
BLACK
6
CONTINUOUS
10
0.1156062992125984
20
1.062755905511811
11
0.1156062992125984
21
1.0804724409448818
0
LINE
8
BLACK
6
CONTINUOUS
10
0.1156062992125984
20
1.0804724409448818
11
0.115965905511811
21
1.0822803937007874
0
LINE
8
BLACK
6
CONTINUOUS
10
0.115965905511811
20
1.0822803937007874
11
0.1169900393700787
21
1.0838131102362205
0
LINE
8
BLACK
6
CONTINUOUS
10
0.1169900393700787
20
1.0838131102362205
11
0.1178824803149606
21
1.0844094488188976
0
LINE
8
BLACK
6
CONTINUOUS
10
0.1178824803149606
20
1.0844094488188976
11
0.1169900393700787
21
1.0850057874015748
0
LINE
8
BLACK
6
CONTINUOUS
10
0.1169900393700787
20
1.0850057874015748
11
0.115965905511811
21
1.0865385039370079
0
LINE
8
BLACK
6
CONTINUOUS
10
0.115965905511811
20
1.0865385039370079
11
0.1156062992125984
21
1.0883464566929133
0
LINE
8
BLACK
6
CONTINUOUS
10
0.1156062992125984
20
1.0883464566929133
11
0.1156062992125984
21
1.1060629921259841
0
LINE
8
BLACK
6
CONTINUOUS
10
0.1156062992125984
20
1.1060629921259841
11
0.115965905511811
21
1.1078709448818898
0
LINE
8
BLACK
6
CONTINUOUS
10
0.115965905511811
20
1.1078709448818898
11
0.1169900393700787
21
1.1094036614173228
0
LINE
8
BLACK
6
CONTINUOUS
10
0.1169900393700787
20
1.1094036614173228
11
0.1178824803149606
21
1.1099999999999999
0
LINE
8
BLACK
6
CONTINUOUS
10
0.1178824803149606
20
1.1099999999999999
11
0.1169900393700787
21
1.1105963385826771
0
LINE
8
BLACK
6
CONTINUOUS
10
0.1169900393700787
20
1.1105963385826771
11
0.115965905511811
21
1.1121290551181102
0
LINE
8
BLACK
6
CONTINUOUS
10
0.115965905511811
20
1.1121290551181102
11
0.1156062992125984
21
1.1139370078740156
0
LINE
8
BLACK
6
CONTINUOUS
10
0.1156062992125984
20
1.1139370078740156
11
0.1156062992125984
21
1.1316535433070867
0
LINE
8
BLACK
6
CONTINUOUS
10
0.1156062992125984
20
1.1316535433070867
11
0.115965905511811
21
1.1334614960629921
0
LINE
8
BLACK
6
CONTINUOUS
10
0.115965905511811
20
1.1334614960629921
11
0.1169900393700787
21
1.1349942125984251
0
LINE
8
BLACK
6
CONTINUOUS
10
0.1169900393700787
20
1.1349942125984251
11
0.1178824803149606
21
1.1355905511811024
0
LINE
8
BLACK
6
CONTINUOUS
10
0.1178824803149606
20
1.1355905511811024
11
0.1169900393700787
21
1.1361868897637795
0
LINE
8
BLACK
6
CONTINUOUS
10
0.1169900393700787
20
1.1361868897637795
11
0.115965905511811
21
1.1377196062992125
0
LINE
8
BLACK
6
CONTINUOUS
10
0.115965905511811
20
1.1377196062992125
11
0.1156062992125984
21
1.1395275590551182
0
LINE
8
BLACK
6
CONTINUOUS
10
0.1156062992125984
20
1.1395275590551182
11
0.1156062992125984
21
1.157244094488189
0
LINE
8
BLACK
6
CONTINUOUS
10
0.1156062992125984
20
1.157244094488189
11
0.115965905511811
21
1.1590520472440944
0
LINE
8
BLACK
6
CONTINUOUS
10
0.115965905511811
20
1.1590520472440944
11
0.1169900393700787
21
1.1605847637795275
0
LINE
8
BLACK
6
CONTINUOUS
10
0.1169900393700787
20
1.1605847637795275
11
0.1178824803149606
21
1.1611811023622047
0
LINE
8
BLACK
6
CONTINUOUS
10
0.1178824803149606
20
1.1611811023622047
11
0.1169900393700787
21
1.1617774409448818
0
LINE
8
BLACK
6
CONTINUOUS
10
0.1169900393700787
20
1.1617774409448818
11
0.115965905511811
21
1.1633101574803149
0
LINE
8
BLACK
6
CONTINUOUS
10
0.115965905511811
20
1.1633101574803149
11
0.1156062992125984
21
1.1651181102362205
0
LINE
8
BLACK
6
CONTINUOUS
10
0.1156062992125984
20
1.1651181102362205
11
0.1156062992125984
21
1.1828346456692913
0
LINE
8
BLACK
6
CONTINUOUS
10
0.1156062992125984
20
1.1828346456692913
11
0.115965905511811
21
1.1846425984251969
0
LINE
8
BLACK
6
CONTINUOUS
10
0.115965905511811
20
1.1846425984251969
11
0.1169900393700787
21
1.18617531496063
0
LINE
8
BLACK
6
CONTINUOUS
10
0.1169900393700787
20
1.18617531496063
11
0.1178824803149606
21
1.186771653543307
0
LINE
8
BLACK
6
CONTINUOUS
10
0.1178824803149606
20
1.186771653543307
11
0.1169900393700787
21
1.1873679921259843
0
LINE
8
BLACK
6
CONTINUOUS
10
0.1169900393700787
20
1.1873679921259843
11
0.115965905511811
21
1.1889007086614174
0
LINE
8
BLACK
6
CONTINUOUS
10
0.115965905511811
20
1.1889007086614174
11
0.1156062992125984
21
1.1907086614173228
0
LINE
8
BLACK
6
CONTINUOUS
10
0.1156062992125984
20
1.1907086614173228
11
0.1156062992125984
21
1.2084251968503936
0
LINE
8
BLACK
6
CONTINUOUS
10
0.1156062992125984
20
1.2084251968503936
11
0.115965905511811
21
1.2102331496062992
0
LINE
8
BLACK
6
CONTINUOUS
10
0.115965905511811
20
1.2102331496062992
11
0.1169900393700787
21
1.2117658661417323
0
LINE
8
BLACK
6
CONTINUOUS
10
0.1169900393700787
20
1.2117658661417323
11
0.1185227559055118
21
1.21279
0
LINE
8
BLACK
6
CONTINUOUS
10
0.1185227559055118
20
1.21279
11
0.1203307086614173
21
1.2131496062992126
0
LINE
8
BLACK
6
CONTINUOUS
10
0.1203307086614173
20
1.2131496062992126
11
0.1793858267716535
21
1.2131496062992126
0
LINE
8
BLACK
6
CONTINUOUS
10
0.1793858267716535
20
1.2131496062992126
11
0.1811937795275591
21
1.21279
0
LINE
8
BLACK
6
CONTINUOUS
10
0.4134772440944882
20
1.21279
11
0.4150099606299212
21
1.2117658661417323
0
LINE
8
BLACK
6
CONTINUOUS
10
0.4150099606299212
20
1.2117658661417323
11
0.416034094488189
21
1.2102331496062992
0
LINE
8
BLACK
6
CONTINUOUS
10
0.416034094488189
20
1.2102331496062992
11
0.4163937007874016
21
1.2084251968503936
0
LINE
8
BLACK
6
CONTINUOUS
10
0.4163937007874016
20
1.2084251968503936
11
0.4163937007874016
21
1.1907086614173228
0
LINE
8
BLACK
6
CONTINUOUS
10
0.4163937007874016
20
1.1907086614173228
11
0.416034094488189
21
1.1889007086614174
0
LINE
8
BLACK
6
CONTINUOUS
10
0.416034094488189
20
1.1889007086614174
11
0.4150099606299212
21
1.1873679921259843
0
LINE
8
BLACK
6
CONTINUOUS
10
0.4150099606299212
20
1.1873679921259843
11
0.4141174803149606
21
1.186771653543307
0
LINE
8
BLACK
6
CONTINUOUS
10
0.4141174803149606
20
1.186771653543307
11
0.4150099606299212
21
1.18617531496063
0
LINE
8
BLACK
6
CONTINUOUS
10
0.4150099606299212
20
1.18617531496063
11
0.416034094488189
21
1.1846425984251969
0
LINE
8
BLACK
6
CONTINUOUS
10
0.416034094488189
20
1.1846425984251969
11
0.4163937007874016
21
1.1828346456692913
0
LINE
8
BLACK
6
CONTINUOUS
10
0.4163937007874016
20
1.1828346456692913
11
0.4163937007874016
21
1.1651181102362205
0
LINE
8
BLACK
6
CONTINUOUS
10
0.4163937007874016
20
1.1651181102362205
11
0.416034094488189
21
1.1633101574803149
0
LINE
8
BLACK
6
CONTINUOUS
10
0.416034094488189
20
1.1633101574803149
11
0.4150099606299212
21
1.1617774409448818
0
LINE
8
BLACK
6
CONTINUOUS
10
0.4150099606299212
20
1.1617774409448818
11
0.4141174803149606
21
1.1611811023622047
0
LINE
8
BLACK
6
CONTINUOUS
10
0.4141174803149606
20
1.1611811023622047
11
0.4150099606299212
21
1.1605847637795275
0
LINE
8
BLACK
6
CONTINUOUS
10
0.4150099606299212
20
1.1605847637795275
11
0.416034094488189
21
1.1590520472440944
0
LINE
8
BLACK
6
CONTINUOUS
10
0.416034094488189
20
1.1590520472440944
11
0.4163937007874016
21
1.157244094488189
0
LINE
8
BLACK
6
CONTINUOUS
10
0.4163937007874016
20
1.157244094488189
11
0.4163937007874016
21
1.1395275590551182
0
LINE
8
BLACK
6
CONTINUOUS
10
0.4163937007874016
20
1.1395275590551182
11
0.416034094488189
21
1.1377196062992125
0
LINE
8
BLACK
6
CONTINUOUS
10
0.416034094488189
20
1.1377196062992125
11
0.4150099606299212
21
1.1361868897637795
0
LINE
8
BLACK
6
CONTINUOUS
10
0.4150099606299212
20
1.1361868897637795
11
0.4141174803149606
21
1.1355905511811024
0
LINE
8
BLACK
6
CONTINUOUS
10
0.4141174803149606
20
1.1355905511811024
11
0.4150099606299212
21
1.1349942125984251
0
LINE
8
BLACK
6
CONTINUOUS
10
0.4150099606299212
20
1.1349942125984251
11
0.416034094488189
21
1.1334614960629921
0
LINE
8
BLACK
6
CONTINUOUS
10
0.416034094488189
20
1.1334614960629921
11
0.4163937007874016
21
1.1316535433070867
0
LINE
8
BLACK
6
CONTINUOUS
10
0.4163937007874016
20
1.1316535433070867
11
0.4163937007874016
21
1.1139370078740156
0
LINE
8
BLACK
6
CONTINUOUS
10
0.4163937007874016
20
1.1139370078740156
11
0.416034094488189
21
1.1121290551181102
0
LINE
8
BLACK
6
CONTINUOUS
10
0.416034094488189
20
1.1121290551181102
11
0.4150099606299212
21
1.1105963385826771
0
LINE
8
BLACK
6
CONTINUOUS
10
0.4150099606299212
20
1.1105963385826771
11
0.4141174803149606
21
1.1099999999999999
0
LINE
8
BLACK
6
CONTINUOUS
10
0.4141174803149606
20
1.1099999999999999
11
0.4150099606299212
21
1.1094036614173228
0
LINE
8
BLACK
6
CONTINUOUS
10
0.4150099606299212
20
1.1094036614173228
11
0.416034094488189
21
1.1078709448818898
0
LINE
8
BLACK
6
CONTINUOUS
10
0.416034094488189
20
1.1078709448818898
11
0.4163937007874016
21
1.1060629921259841
0
LINE
8
BLACK
6
CONTINUOUS
10
0.4163937007874016
20
1.1060629921259841
11
0.4163937007874016
21
1.0883464566929133
0
LINE
8
BLACK
6
CONTINUOUS
10
0.4163937007874016
20
1.0883464566929133
11
0.416034094488189
21
1.0865385039370079
0
LINE
8
BLACK
6
CONTINUOUS
10
0.416034094488189
20
1.0865385039370079
11
0.4150099606299212
21
1.0850057874015748
0
LINE
8
BLACK
6
CONTINUOUS
10
0.4150099606299212
20
1.0850057874015748
11
0.4141174803149606
21
1.0844094488188976
0
LINE
8
BLACK
6
CONTINUOUS
10
0.4141174803149606
20
1.0844094488188976
11
0.4150099606299212
21
1.0838131102362205
0
LINE
8
BLACK
6
CONTINUOUS
10
0.4150099606299212
20
1.0838131102362205
11
0.416034094488189
21
1.0822803937007874
0
LINE
8
BLACK
6
CONTINUOUS
10
0.416034094488189
20
1.0822803937007874
11
0.4163937007874016
21
1.0804724409448818
0
LINE
8
BLACK
6
CONTINUOUS
10
0.4163937007874016
20
1.0804724409448818
11
0.4163937007874016
21
1.062755905511811
0
LINE
8
BLACK
6
CONTINUOUS
10
0.4163937007874016
20
1.062755905511811
11
0.416034094488189
21
1.0609479527559056
0
LINE
8
BLACK
6
CONTINUOUS
10
0.416034094488189
20
1.0609479527559056
11
0.4150099606299212
21
1.0594152362204725
0
LINE
8
BLACK
6
CONTINUOUS
10
0.4150099606299212
20
1.0594152362204725
11
0.4141174803149606
21
1.0588188976377952
0
LINE
8
BLACK
6
CONTINUOUS
10
0.4141174803149606
20
1.0588188976377952
11
0.4150099606299212
21
1.0582225590551182
0
LINE
8
BLACK
6
CONTINUOUS
10
0.4150099606299212
20
1.0582225590551182
11
0.416034094488189
21
1.0566898425196851
0
LINE
8
BLACK
6
CONTINUOUS
10
0.416034094488189
20
1.0566898425196851
11
0.4163937007874016
21
1.0548818897637795
0
LINE
8
BLACK
6
CONTINUOUS
10
0.4163937007874016
20
1.0548818897637795
11
0.4163937007874016
21
1.0371653543307087
0
LINE
8
BLACK
6
CONTINUOUS
10
0.4163937007874016
20
1.0371653543307087
11
0.416034094488189
21
1.035357401574803
0
LINE
8
BLACK
6
CONTINUOUS
10
0.416034094488189
20
1.035357401574803
11
0.4150099606299212
21
1.03382468503937
0
LINE
8
BLACK
6
CONTINUOUS
10
0.4150099606299212
20
1.03382468503937
11
0.4141174803149606
21
1.0332283464566929
0
LINE
8
BLACK
6
CONTINUOUS
10
0.4141174803149606
20
1.0332283464566929
11
0.4150099606299212
21
1.0326320078740157
0
LINE
8
BLACK
6
CONTINUOUS
10
0.4150099606299212
20
1.0326320078740157
11
0.416034094488189
21
1.0310992913385826
0
LINE
8
BLACK
6
CONTINUOUS
10
0.416034094488189
20
1.0310992913385826
11
0.4163937007874016
21
1.0292913385826772
0
LINE
8
BLACK
6
CONTINUOUS
10
0.4163937007874016
20
1.0292913385826772
11
0.4163937007874016
21
1.0115748031496063
0
LINE
8
BLACK
6
CONTINUOUS
10
0.4163937007874016
20
1.0115748031496063
11
0.416034094488189
21
1.0097668503937007
0
LINE
8
BLACK
6
CONTINUOUS
10
0.416034094488189
20
1.0097668503937007
11
0.4150099606299212
21
1.0082341338582677
0
LINE
8
BLACK
6
CONTINUOUS
10
0.4150099606299212
20
1.0082341338582677
11
0.4134772440944882
21
1.0072099999999999
0
LINE
8
BLACK
6
CONTINUOUS
10
0.4134772440944882
20
1.0072099999999999
11
0.4116692913385827
21
1.0068503937007873
0
LINE
8
BLACK
6
CONTINUOUS
10
0.4116692913385827
20
1.0068503937007873
11
0.3526141732283464
21
1.0068503937007873
0
LINE
8
BLACK
6
CONTINUOUS
10
0.3526141732283464
20
1.0068503937007873
11
0.3508062204724409
21
1.0072099999999999
0
LINE
8
BLACK
6
CONTINUOUS
10
0.3508062204724409
20
1.0072099999999999
11
0.3492735039370078
21
1.0082341338582677
0
LINE
8
BLACK
6
CONTINUOUS
10
0.3492735039370078
20
1.0082341338582677
11
0.3482493700787401
21
1.0097668503937007
0
LINE
8
BLACK
6
CONTINUOUS
10
0.3482493700787401
20
1.0097668503937007
11
0.3478897637795276
21
1.0115748031496063
0
LINE
8
BLACK
6
CONTINUOUS
10
0.3478897637795276
20
1.0115748031496063
11
0.3478897637795276
21
1.0292913385826772
0
LINE
8
BLACK
6
CONTINUOUS
10
0.3478897637795276
20
1.0292913385826772
11
0.3482493700787401
21
1.0310992913385826
0
LINE
8
BLACK
6
CONTINUOUS
10
0.3482493700787401
20
1.0310992913385826
11
0.3492735039370078
21
1.0326320078740157
0
LINE
8
BLACK
6
CONTINUOUS
10
0.3492735039370078
20
1.0326320078740157
11
0.3501659448818897
21
1.0332283464566929
0
LINE
8
BLACK
6
CONTINUOUS
10
0.3501659448818897
20
1.0332283464566929
11
0.3492735039370078
21
1.03382468503937
0
LINE
8
BLACK
6
CONTINUOUS
10
0.3492735039370078
20
1.03382468503937
11
0.3482493700787401
21
1.035357401574803
0
LINE
8
BLACK
6
CONTINUOUS
10
0.3482493700787401
20
1.035357401574803
11
0.3478897637795276
21
1.0371653543307087
0
LINE
8
BLACK
6
CONTINUOUS
10
0.3478897637795276
20
1.0371653543307087
11
0.3478897637795276
21
1.0548818897637795
0
LINE
8
BLACK
6
CONTINUOUS
10
0.3478897637795276
20
1.0548818897637795
11
0.3482493700787401
21
1.0566898425196851
0
LINE
8
BLACK
6
CONTINUOUS
10
0.3482493700787401
20
1.0566898425196851
11
0.3492735039370078
21
1.0582225590551182
0
LINE
8
BLACK
6
CONTINUOUS
10
0.3492735039370078
20
1.0582225590551182
11
0.3501659448818897
21
1.0588188976377952
0
LINE
8
BLACK
6
CONTINUOUS
10
0.3501659448818897
20
1.0588188976377952
11
0.3492735039370078
21
1.0594152362204725
0
LINE
8
BLACK
6
CONTINUOUS
10
0.3492735039370078
20
1.0594152362204725
11
0.3482493700787401
21
1.0609479527559056
0
LINE
8
BLACK
6
CONTINUOUS
10
0.3482493700787401
20
1.0609479527559056
11
0.3478897637795276
21
1.062755905511811
0
LINE
8
BLACK
6
CONTINUOUS
10
0.3478897637795276
20
1.062755905511811
11
0.3478897637795276
21
1.0804724409448818
0
LINE
8
BLACK
6
CONTINUOUS
10
0.3478897637795276
20
1.0804724409448818
11
0.3482493700787401
21
1.0822803937007874
0
LINE
8
BLACK
6
CONTINUOUS
10
0.3482493700787401
20
1.0822803937007874
11
0.3492735039370078
21
1.0838131102362205
0
LINE
8
BLACK
6
CONTINUOUS
10
0.3492735039370078
20
1.0838131102362205
11
0.3501659448818897
21
1.0844094488188976
0
LINE
8
BLACK
6
CONTINUOUS
10
0.3501659448818897
20
1.0844094488188976
11
0.3492735039370078
21
1.0850057874015748
0
LINE
8
BLACK
6
CONTINUOUS
10
0.3492735039370078
20
1.0850057874015748
11
0.3482493700787401
21
1.0865385039370079
0
LINE
8
BLACK
6
CONTINUOUS
10
0.3482493700787401
20
1.0865385039370079
11
0.3478897637795276
21
1.0883464566929133
0
LINE
8
BLACK
6
CONTINUOUS
10
0.3478897637795276
20
1.0883464566929133
11
0.3478897637795276
21
1.1060629921259841
0
LINE
8
BLACK
6
CONTINUOUS
10
0.3478897637795276
20
1.1060629921259841
11
0.3482493700787401
21
1.1078709448818898
0
LINE
8
BLACK
6
CONTINUOUS
10
0.3482493700787401
20
1.1078709448818898
11
0.3492735039370078
21
1.1094036614173228
0
LINE
8
BLACK
6
CONTINUOUS
10
0.3492735039370078
20
1.1094036614173228
11
0.3501659448818897
21
1.1099999999999999
0
LINE
8
BLACK
6
CONTINUOUS
10
0.3501659448818897
20
1.1099999999999999
11
0.3492735039370078
21
1.1105963385826771
0
LINE
8
BLACK
6
CONTINUOUS
10
0.3492735039370078
20
1.1105963385826771
11
0.3482493700787401
21
1.1121290551181102
0
LINE
8
BLACK
6
CONTINUOUS
10
0.3482493700787401
20
1.1121290551181102
11
0.3478897637795276
21
1.1139370078740156
0
LINE
8
BLACK
6
CONTINUOUS
10
0.3478897637795276
20
1.1139370078740156
11
0.3478897637795276
21
1.1316535433070867
0
LINE
8
BLACK
6
CONTINUOUS
10
0.3478897637795276
20
1.1316535433070867
11
0.3482493700787401
21
1.1334614960629921
0
LINE
8
BLACK
6
CONTINUOUS
10
0.3482493700787401
20
1.1334614960629921
11
0.3492735039370078
21
1.1349942125984251
0
LINE
8
BLACK
6
CONTINUOUS
10
0.3492735039370078
20
1.1349942125984251
11
0.3501659448818897
21
1.1355905511811024
0
LINE
8
BLACK
6
CONTINUOUS
10
0.3501659448818897
20
1.1355905511811024
11
0.3492735039370078
21
1.1361868897637795
0
LINE
8
BLACK
6
CONTINUOUS
10
0.3492735039370078
20
1.1361868897637795
11
0.3482493700787401
21
1.1377196062992125
0
LINE
8
BLACK
6
CONTINUOUS
10
0.3482493700787401
20
1.1377196062992125
11
0.3478897637795276
21
1.1395275590551182
0
LINE
8
BLACK
6
CONTINUOUS
10
0.3478897637795276
20
1.1395275590551182
11
0.3478897637795276
21
1.157244094488189
0
LINE
8
BLACK
6
CONTINUOUS
10
0.3478897637795276
20
1.157244094488189
11
0.3482493700787401
21
1.1590520472440944
0
LINE
8
BLACK
6
CONTINUOUS
10
0.3482493700787401
20
1.1590520472440944
11
0.3492735039370078
21
1.1605847637795275
0
LINE
8
BLACK
6
CONTINUOUS
10
0.3492735039370078
20
1.1605847637795275
11
0.3501659448818897
21
1.1611811023622047
0
LINE
8
BLACK
6
CONTINUOUS
10
0.3501659448818897
20
1.1611811023622047
11
0.3492735039370078
21
1.1617774409448818
0
LINE
8
BLACK
6
CONTINUOUS
10
0.3492735039370078
20
1.1617774409448818
11
0.3482493700787401
21
1.1633101574803149
0
LINE
8
BLACK
6
CONTINUOUS
10
0.3482493700787401
20
1.1633101574803149
11
0.3478897637795276
21
1.1651181102362205
0
LINE
8
BLACK
6
CONTINUOUS
10
0.3478897637795276
20
1.1651181102362205
11
0.3478897637795276
21
1.1828346456692913
0
LINE
8
BLACK
6
CONTINUOUS
10
0.3478897637795276
20
1.1828346456692913
11
0.3482493700787401
21
1.1846425984251969
0
LINE
8
BLACK
6
CONTINUOUS
10
0.3482493700787401
20
1.1846425984251969
11
0.3492735039370078
21
1.18617531496063
0
LINE
8
BLACK
6
CONTINUOUS
10
0.3492735039370078
20
1.18617531496063
11
0.3501659448818897
21
1.186771653543307
0
LINE
8
BLACK
6
CONTINUOUS
10
0.3501659448818897
20
1.186771653543307
11
0.3492735039370078
21
1.1873679921259843
0
LINE
8
BLACK
6
CONTINUOUS
10
0.3492735039370078
20
1.1873679921259843
11
0.3482493700787401
21
1.1889007086614174
0
LINE
8
BLACK
6
CONTINUOUS
10
0.3482493700787401
20
1.1889007086614174
11
0.3478897637795276
21
1.1907086614173228
0
LINE
8
BLACK
6
CONTINUOUS
10
0.3478897637795276
20
1.1907086614173228
11
0.3478897637795276
21
1.2084251968503936
0
LINE
8
BLACK
6
CONTINUOUS
10
0.3478897637795276
20
1.2084251968503936
11
0.3482493700787401
21
1.2102331496062992
0
LINE
8
BLACK
6
CONTINUOUS
10
0.3482493700787401
20
1.2102331496062992
11
0.3492735039370078
21
1.2117658661417323
0
LINE
8
BLACK
6
CONTINUOUS
10
0.3492735039370078
20
1.2117658661417323
11
0.3508062204724409
21
1.21279
0
LINE
8
BLACK
6
CONTINUOUS
10
0.3508062204724409
20
1.21279
11
0.3526141732283464
21
1.2131496062992126
0
LINE
8
BLACK
6
CONTINUOUS
10
0.3526141732283464
20
1.2131496062992126
11
0.4116692913385827
21
1.2131496062992126
0
LINE
8
BLACK
6
CONTINUOUS
10
0.4116692913385827
20
1.2131496062992126
11
0.4134772440944882
21
1.21279
0
LINE
8
BLACK
6
CONTINUOUS
10
1.1593079527559056
20
1.0953648031496064
11
1.1608406692913387
21
1.0943406692913387
0
LINE
8
BLACK
6
CONTINUOUS
10
1.1608406692913387
20
1.0943406692913387
11
1.1618648031496062
21
1.0928079527559056
0
LINE
8
BLACK
6
CONTINUOUS
10
1.1618648031496062
20
1.0928079527559056
11
1.1622244094488188
21
1.091
0
LINE
8
BLACK
6
CONTINUOUS
10
1.1622244094488188
20
1.091
11
1.1622244094488188
21
1.056
0
LINE
8
BLACK
6
CONTINUOUS
10
1.1622244094488188
20
1.056
11
1.1618648031496062
21
1.0541920472440944
0
LINE
8
BLACK
6
CONTINUOUS
10
1.1618648031496062
20
1.0541920472440944
11
1.1608406692913387
21
1.0526593307086614
0
LINE
8
BLACK
6
CONTINUOUS
10
1.1608406692913387
20
1.0526593307086614
11
1.1593079527559056
21
1.0516351968503936
0
LINE
8
BLACK
6
CONTINUOUS
10
1.1593079527559056
20
1.0516351968503936
11
1.1575
21
1.051275590551181
0
LINE
8
BLACK
6
CONTINUOUS
10
1.1575
20
1.051275590551181
11
1.1025
21
1.051275590551181
0
LINE
8
BLACK
6
CONTINUOUS
10
1.1025
20
1.051275590551181
11
1.1006920472440944
21
1.0516351968503936
0
LINE
8
BLACK
6
CONTINUOUS
10
1.1006920472440944
20
1.0516351968503936
11
1.0991593307086613
21
1.0526593307086614
0
LINE
8
BLACK
6
CONTINUOUS
10
1.0991593307086613
20
1.0526593307086614
11
1.0981351968503936
21
1.0541920472440944
0
LINE
8
BLACK
6
CONTINUOUS
10
1.0981351968503936
20
1.0541920472440944
11
1.097775590551181
21
1.056
0
LINE
8
BLACK
6
CONTINUOUS
10
1.097775590551181
20
1.056
11
1.097775590551181
21
1.091
0
LINE
8
BLACK
6
CONTINUOUS
10
1.097775590551181
20
1.091
11
1.0981351968503936
21
1.0928079527559056
0
LINE
8
BLACK
6
CONTINUOUS
10
1.0981351968503936
20
1.0928079527559056
11
1.0991593307086613
21
1.0943406692913387
0
LINE
8
BLACK
6
CONTINUOUS
10
1.0991593307086613
20
1.0943406692913387
11
1.1006920472440944
21
1.0953648031496064
0
LINE
8
BLACK
6
CONTINUOUS
10
1.1006920472440944
20
1.0953648031496064
11
1.1025
21
1.0957244094488188
0
LINE
8
BLACK
6
CONTINUOUS
10
1.1025
20
1.0957244094488188
11
1.1575
21
1.0957244094488188
0
LINE
8
BLACK
6
CONTINUOUS
10
1.1575
20
1.0957244094488188
11
1.1593079527559056
21
1.0953648031496064
0
LINE
8
BLACK
6
CONTINUOUS
10
0.9453079527559055
20
1.1003648031496063
11
0.9468406692913386
21
1.0993406692913386
0
LINE
8
BLACK
6
CONTINUOUS
10
0.9468406692913386
20
1.0993406692913386
11
0.9478648031496063
21
1.0978079527559055
0
LINE
8
BLACK
6
CONTINUOUS
10
0.9478648031496063
20
1.0978079527559055
11
0.9482244094488189
21
1.0960000000000001
0
LINE
8
BLACK
6
CONTINUOUS
10
0.9482244094488189
20
1.0960000000000001
11
0.9482244094488189
21
1.0609999999999999
0
LINE
8
BLACK
6
CONTINUOUS
10
0.9482244094488189
20
1.0609999999999999
11
0.9478648031496063
21
1.0591920472440945
0
LINE
8
BLACK
6
CONTINUOUS
10
0.9478648031496063
20
1.0591920472440945
11
0.9468406692913386
21
1.0576593307086615
0
LINE
8
BLACK
6
CONTINUOUS
10
0.9468406692913386
20
1.0576593307086615
11
0.9453079527559055
21
1.0566351968503938
0
LINE
8
BLACK
6
CONTINUOUS
10
0.9453079527559055
20
1.0566351968503938
11
0.9435
21
1.0562755905511811
0
LINE
8
BLACK
6
CONTINUOUS
10
0.9435
20
1.0562755905511811
11
0.8885
21
1.0562755905511811
0
LINE
8
BLACK
6
CONTINUOUS
10
0.8885
20
1.0562755905511811
11
0.8866920472440945
21
1.0566351968503938
0
LINE
8
BLACK
6
CONTINUOUS
10
0.8866920472440945
20
1.0566351968503938
11
0.8851593307086614
21
1.0576593307086615
0
LINE
8
BLACK
6
CONTINUOUS
10
0.8851593307086614
20
1.0576593307086615
11
0.8841351968503937
21
1.0591920472440945
0
LINE
8
BLACK
6
CONTINUOUS
10
0.8841351968503937
20
1.0591920472440945
11
0.883775590551181
21
1.0609999999999999
0
LINE
8
BLACK
6
CONTINUOUS
10
0.883775590551181
20
1.0609999999999999
11
0.883775590551181
21
1.0960000000000001
0
LINE
8
BLACK
6
CONTINUOUS
10
0.883775590551181
20
1.0960000000000001
11
0.8841351968503937
21
1.0978079527559055
0
LINE
8
BLACK
6
CONTINUOUS
10
0.8841351968503937
20
1.0978079527559055
11
0.8851593307086614
21
1.0993406692913386
0
LINE
8
BLACK
6
CONTINUOUS
10
0.8851593307086614
20
1.0993406692913386
11
0.8866920472440945
21
1.1003648031496063
0
LINE
8
BLACK
6
CONTINUOUS
10
0.8866920472440945
20
1.1003648031496063
11
0.8885
21
1.1007244094488189
0
LINE
8
BLACK
6
CONTINUOUS
10
0.8885
20
1.1007244094488189
11
0.9435
21
1.1007244094488189
0
LINE
8
BLACK
6
CONTINUOUS
10
0.9435
20
1.1007244094488189
11
0.9453079527559055
21
1.1003648031496063
0
LINE
8
BLACK
6
CONTINUOUS
10
0.7358079527559055
20
1.1048648031496062
11
0.7373406692913386
21
1.1038406692913385
0
LINE
8
BLACK
6
CONTINUOUS
10
0.7373406692913386
20
1.1038406692913385
11
0.7383648031496063
21
1.1023079527559054
0
LINE
8
BLACK
6
CONTINUOUS
10
0.7383648031496063
20
1.1023079527559054
11
0.7387244094488189
21
1.1005
0
LINE
8
BLACK
6
CONTINUOUS
10
0.7387244094488189
20
1.1005
11
0.7387244094488189
21
1.0654999999999999
0
LINE
8
BLACK
6
CONTINUOUS
10
0.7387244094488189
20
1.0654999999999999
11
0.7383648031496063
21
1.0636920472440945
0
LINE
8
BLACK
6
CONTINUOUS
10
0.7383648031496063
20
1.0636920472440945
11
0.7373406692913386
21
1.0621593307086614
0
LINE
8
BLACK
6
CONTINUOUS
10
0.7373406692913386
20
1.0621593307086614
11
0.7358079527559055
21
1.0611351968503937
0
LINE
8
BLACK
6
CONTINUOUS
10
0.7358079527559055
20
1.0611351968503937
11
0.734
21
1.0607755905511811
0
LINE
8
BLACK
6
CONTINUOUS
10
0.734
20
1.0607755905511811
11
0.6789999999999999
21
1.0607755905511811
0
LINE
8
BLACK
6
CONTINUOUS
10
0.6789999999999999
20
1.0607755905511811
11
0.6771920472440944
21
1.0611351968503937
0
LINE
8
BLACK
6
CONTINUOUS
10
0.6771920472440944
20
1.0611351968503937
11
0.6756593307086614
21
1.0621593307086614
0
LINE
8
BLACK
6
CONTINUOUS
10
0.6756593307086614
20
1.0621593307086614
11
0.6746351968503936
21
1.0636920472440945
0
LINE
8
BLACK
6
CONTINUOUS
10
0.6746351968503936
20
1.0636920472440945
11
0.6742755905511811
21
1.0654999999999999
0
LINE
8
BLACK
6
CONTINUOUS
10
0.6742755905511811
20
1.0654999999999999
11
0.6742755905511811
21
1.1005
0
LINE
8
BLACK
6
CONTINUOUS
10
0.6742755905511811
20
1.1005
11
0.6746351968503936
21
1.1023079527559054
0
LINE
8
BLACK
6
CONTINUOUS
10
0.6746351968503936
20
1.1023079527559054
11
0.6756593307086614
21
1.1038406692913385
0
LINE
8
BLACK
6
CONTINUOUS
10
0.6756593307086614
20
1.1038406692913385
11
0.6771920472440944
21
1.1048648031496062
0
LINE
8
BLACK
6
CONTINUOUS
10
0.6771920472440944
20
1.1048648031496062
11
0.6789999999999999
21
1.1052244094488188
0
LINE
8
BLACK
6
CONTINUOUS
10
0.6789999999999999
20
1.1052244094488188
11
0.734
21
1.1052244094488188
0
LINE
8
BLACK
6
CONTINUOUS
10
0.734
20
1.1052244094488188
11
0.7358079527559055
21
1.1048648031496062
0
LINE
8
BLACK
6
CONTINUOUS
10
1.1593079527559056
20
1.1703648031496063
11
1.1608406692913387
21
1.1693406692913386
0
LINE
8
BLACK
6
CONTINUOUS
10
1.1608406692913387
20
1.1693406692913386
11
1.1618648031496062
21
1.1678079527559055
0
LINE
8
BLACK
6
CONTINUOUS
10
1.1618648031496062
20
1.1678079527559055
11
1.1622244094488188
21
1.1659999999999999
0
LINE
8
BLACK
6
CONTINUOUS
10
1.1622244094488188
20
1.1659999999999999
11
1.1622244094488188
21
1.131
0
LINE
8
BLACK
6
CONTINUOUS
10
1.1622244094488188
20
1.131
11
1.1618648031496062
21
1.1291920472440944
0
LINE
8
BLACK
6
CONTINUOUS
10
1.1618648031496062
20
1.1291920472440944
11
1.1608406692913387
21
1.1276593307086613
0
LINE
8
BLACK
6
CONTINUOUS
10
1.1608406692913387
20
1.1276593307086613
11
1.1593079527559056
21
1.1266351968503936
0
LINE
8
BLACK
6
CONTINUOUS
10
1.1593079527559056
20
1.1266351968503936
11
1.1575
21
1.126275590551181
0
LINE
8
BLACK
6
CONTINUOUS
10
1.1575
20
1.126275590551181
11
1.1025
21
1.126275590551181
0
LINE
8
BLACK
6
CONTINUOUS
10
1.1025
20
1.126275590551181
11
1.1006920472440944
21
1.1266351968503936
0
LINE
8
BLACK
6
CONTINUOUS
10
1.1006920472440944
20
1.1266351968503936
11
1.0991593307086613
21
1.1276593307086613
0
LINE
8
BLACK
6
CONTINUOUS
10
1.0991593307086613
20
1.1276593307086613
11
1.0981351968503936
21
1.1291920472440944
0
LINE
8
BLACK
6
CONTINUOUS
10
1.0981351968503936
20
1.1291920472440944
11
1.097775590551181
21
1.131
0
LINE
8
BLACK
6
CONTINUOUS
10
1.097775590551181
20
1.131
11
1.097775590551181
21
1.1659999999999999
0
LINE
8
BLACK
6
CONTINUOUS
10
1.097775590551181
20
1.1659999999999999
11
1.0981351968503936
21
1.1678079527559055
0
LINE
8
BLACK
6
CONTINUOUS
10
1.0981351968503936
20
1.1678079527559055
11
1.0991593307086613
21
1.1693406692913386
0
LINE
8
BLACK
6
CONTINUOUS
10
1.0991593307086613
20
1.1693406692913386
11
1.1006920472440944
21
1.1703648031496063
0
LINE
8
BLACK
6
CONTINUOUS
10
1.1006920472440944
20
1.1703648031496063
11
1.1025
21
1.1707244094488189
0
LINE
8
BLACK
6
CONTINUOUS
10
1.1025
20
1.1707244094488189
11
1.1575
21
1.1707244094488189
0
LINE
8
BLACK
6
CONTINUOUS
10
1.1575
20
1.1707244094488189
11
1.1593079527559056
21
1.1703648031496063
0
LINE
8
BLACK
6
CONTINUOUS
10
0.9453079527559055
20
1.1753648031496062
11
0.9468406692913386
21
1.1743406692913385
0
LINE
8
BLACK
6
CONTINUOUS
10
0.9468406692913386
20
1.1743406692913385
11
0.9478648031496063
21
1.1728079527559054
0
LINE
8
BLACK
6
CONTINUOUS
10
0.9478648031496063
20
1.1728079527559054
11
0.9482244094488189
21
1.171
0
LINE
8
BLACK
6
CONTINUOUS
10
0.9482244094488189
20
1.171
11
0.9482244094488189
21
1.1359999999999999
0
LINE
8
BLACK
6
CONTINUOUS
10
0.9482244094488189
20
1.1359999999999999
11
0.9478648031496063
21
1.1341920472440945
0
LINE
8
BLACK
6
CONTINUOUS
10
0.9478648031496063
20
1.1341920472440945
11
0.9468406692913386
21
1.1326593307086614
0
LINE
8
BLACK
6
CONTINUOUS
10
0.9468406692913386
20
1.1326593307086614
11
0.9453079527559055
21
1.1316351968503937
0
LINE
8
BLACK
6
CONTINUOUS
10
0.9453079527559055
20
1.1316351968503937
11
0.9435
21
1.1312755905511811
0
LINE
8
BLACK
6
CONTINUOUS
10
0.9435
20
1.1312755905511811
11
0.8885
21
1.1312755905511811
0
LINE
8
BLACK
6
CONTINUOUS
10
0.8885
20
1.1312755905511811
11
0.8866920472440945
21
1.1316351968503937
0
LINE
8
BLACK
6
CONTINUOUS
10
0.8866920472440945
20
1.1316351968503937
11
0.8851593307086614
21
1.1326593307086614
0
LINE
8
BLACK
6
CONTINUOUS
10
0.8851593307086614
20
1.1326593307086614
11
0.8841351968503937
21
1.1341920472440945
0
LINE
8
BLACK
6
CONTINUOUS
10
0.8841351968503937
20
1.1341920472440945
11
0.883775590551181
21
1.1359999999999999
0
LINE
8
BLACK
6
CONTINUOUS
10
0.883775590551181
20
1.1359999999999999
11
0.883775590551181
21
1.171
0
LINE
8
BLACK
6
CONTINUOUS
10
0.883775590551181
20
1.171
11
0.8841351968503937
21
1.1728079527559054
0
LINE
8
BLACK
6
CONTINUOUS
10
0.8841351968503937
20
1.1728079527559054
11
0.8851593307086614
21
1.1743406692913385
0
LINE
8
BLACK
6
CONTINUOUS
10
0.8851593307086614
20
1.1743406692913385
11
0.8866920472440945
21
1.1753648031496062
0
LINE
8
BLACK
6
CONTINUOUS
10
0.8866920472440945
20
1.1753648031496062
11
0.8885
21
1.1757244094488188
0
LINE
8
BLACK
6
CONTINUOUS
10
0.8885
20
1.1757244094488188
11
0.9435
21
1.1757244094488188
0
LINE
8
BLACK
6
CONTINUOUS
10
0.9435
20
1.1757244094488188
11
0.9453079527559055
21
1.1753648031496062
0
LINE
8
BLACK
6
CONTINUOUS
10
0.7358079527559055
20
1.1798648031496062
11
0.7373406692913386
21
1.1788406692913385
0
LINE
8
BLACK
6
CONTINUOUS
10
0.7373406692913386
20
1.1788406692913385
11
0.7383648031496063
21
1.1773079527559054
0
LINE
8
BLACK
6
CONTINUOUS
10
0.7383648031496063
20
1.1773079527559054
11
0.7387244094488189
21
1.1755
0
LINE
8
BLACK
6
CONTINUOUS
10
0.7387244094488189
20
1.1755
11
0.7387244094488189
21
1.1405000000000001
0
LINE
8
BLACK
6
CONTINUOUS
10
0.7387244094488189
20
1.1405000000000001
11
0.7383648031496063
21
1.1386920472440945
0
LINE
8
BLACK
6
CONTINUOUS
10
0.7383648031496063
20
1.1386920472440945
11
0.7373406692913386
21
1.1371593307086614
0
LINE
8
BLACK
6
CONTINUOUS
10
0.7373406692913386
20
1.1371593307086614
11
0.7358079527559055
21
1.1361351968503937
0
LINE
8
BLACK
6
CONTINUOUS
10
0.7358079527559055
20
1.1361351968503937
11
0.734
21
1.135775590551181
0
LINE
8
BLACK
6
CONTINUOUS
10
0.734
20
1.135775590551181
11
0.6789999999999999
21
1.135775590551181
0
LINE
8
BLACK
6
CONTINUOUS
10
0.6789999999999999
20
1.135775590551181
11
0.6771920472440944
21
1.1361351968503937
0
LINE
8
BLACK
6
CONTINUOUS
10
0.6771920472440944
20
1.1361351968503937
11
0.6756593307086614
21
1.1371593307086614
0
LINE
8
BLACK
6
CONTINUOUS
10
0.6756593307086614
20
1.1371593307086614
11
0.6746351968503936
21
1.1386920472440945
0
LINE
8
BLACK
6
CONTINUOUS
10
0.6746351968503936
20
1.1386920472440945
11
0.6742755905511811
21
1.1405000000000001
0
LINE
8
BLACK
6
CONTINUOUS
10
0.6742755905511811
20
1.1405000000000001
11
0.6742755905511811
21
1.1755
0
LINE
8
BLACK
6
CONTINUOUS
10
0.6742755905511811
20
1.1755
11
0.6746351968503936
21
1.1773079527559054
0
LINE
8
BLACK
6
CONTINUOUS
10
0.6746351968503936
20
1.1773079527559054
11
0.6756593307086614
21
1.1788406692913385
0
LINE
8
BLACK
6
CONTINUOUS
10
0.6756593307086614
20
1.1788406692913385
11
0.6771920472440944
21
1.1798648031496062
0
LINE
8
BLACK
6
CONTINUOUS
10
0.6771920472440944
20
1.1798648031496062
11
0.6789999999999999
21
1.1802244094488188
0
LINE
8
BLACK
6
CONTINUOUS
10
0.6789999999999999
20
1.1802244094488188
11
0.734
21
1.1802244094488188
0
LINE
8
BLACK
6
CONTINUOUS
10
0.734
20
1.1802244094488188
11
0.7358079527559055
21
1.1798648031496062
0
LINE
8
BLACK
6
CONTINUOUS
10
0.5480079527559055
20
1.1706148031496062
11
0.5495406692913386
21
1.1695906692913385
0
LINE
8
BLACK
6
CONTINUOUS
10
0.5495406692913386
20
1.1695906692913385
11
0.5505648031496063
21
1.1680579527559054
0
LINE
8
BLACK
6
CONTINUOUS
10
0.5505648031496063
20
1.1680579527559054
11
0.5509244094488189
21
1.16625
0
LINE
8
BLACK
6
CONTINUOUS
10
0.5509244094488189
20
1.16625
11
0.5509244094488189
21
1.14855
0
LINE
8
BLACK
6
CONTINUOUS
10
0.5509244094488189
20
1.14855
11
0.5505648031496063
21
1.1467420472440946
0
LINE
8
BLACK
6
CONTINUOUS
10
0.5505648031496063
20
1.1467420472440946
11
0.5495406692913386
21
1.1452093307086615
0
LINE
8
BLACK
6
CONTINUOUS
10
0.5495406692913386
20
1.1452093307086615
11
0.5480079527559055
21
1.1441851968503938
0
LINE
8
BLACK
6
CONTINUOUS
10
0.5480079527559055
20
1.1441851968503938
11
0.5462
21
1.1438255905511812
0
LINE
8
BLACK
6
CONTINUOUS
10
0.5462
20
1.1438255905511812
11
0.5344
21
1.1438255905511812
0
LINE
8
BLACK
6
CONTINUOUS
10
0.5344
20
1.1438255905511812
11
0.5325920472440945
21
1.1441851968503938
0
LINE
8
BLACK
6
CONTINUOUS
10
0.5325920472440945
20
1.1441851968503938
11
0.5310593307086614
21
1.1452093307086615
0
LINE
8
BLACK
6
CONTINUOUS
10
0.5310593307086614
20
1.1452093307086615
11
0.5300351968503937
21
1.1467420472440946
0
LINE
8
BLACK
6
CONTINUOUS
10
0.5300351968503937
20
1.1467420472440946
11
0.5296755905511811
21
1.14855
0
LINE
8
BLACK
6
CONTINUOUS
10
0.5296755905511811
20
1.14855
11
0.5296755905511811
21
1.16625
0
LINE
8
BLACK
6
CONTINUOUS
10
0.5296755905511811
20
1.16625
11
0.5300351968503937
21
1.1680579527559054
0
LINE
8
BLACK
6
CONTINUOUS
10
0.5300351968503937
20
1.1680579527559054
11
0.5310593307086614
21
1.1695906692913385
0
LINE
8
BLACK
6
CONTINUOUS
10
0.5310593307086614
20
1.1695906692913385
11
0.5325920472440945
21
1.1706148031496062
0
LINE
8
BLACK
6
CONTINUOUS
10
0.5325920472440945
20
1.1706148031496062
11
0.5344
21
1.1709744094488188
0
LINE
8
BLACK
6
CONTINUOUS
10
0.5344
20
1.1709744094488188
11
0.5462
21
1.1709744094488188
0
LINE
8
BLACK
6
CONTINUOUS
10
0.5462
20
1.1709744094488188
11
0.5480079527559055
21
1.1706148031496062
0
LINE
8
BLACK
6
CONTINUOUS
10
0.5874079527559055
20
1.1706148031496062
11
0.5889406692913386
21
1.1695906692913385
0
LINE
8
BLACK
6
CONTINUOUS
10
0.5889406692913386
20
1.1695906692913385
11
0.5899648031496063
21
1.1680579527559054
0
LINE
8
BLACK
6
CONTINUOUS
10
0.5899648031496063
20
1.1680579527559054
11
0.5903244094488189
21
1.16625
0
LINE
8
BLACK
6
CONTINUOUS
10
0.5903244094488189
20
1.16625
11
0.5903244094488189
21
1.14855
0
LINE
8
BLACK
6
CONTINUOUS
10
0.5903244094488189
20
1.14855
11
0.5899648031496063
21
1.1467420472440946
0
LINE
8
BLACK
6
CONTINUOUS
10
0.5899648031496063
20
1.1467420472440946
11
0.5889406692913386
21
1.1452093307086615
0
LINE
8
BLACK
6
CONTINUOUS
10
0.5889406692913386
20
1.1452093307086615
11
0.5874079527559055
21
1.1441851968503938
0
LINE
8
BLACK
6
CONTINUOUS
10
0.5874079527559055
20
1.1441851968503938
11
0.5856
21
1.1438255905511812
0
LINE
8
BLACK
6
CONTINUOUS
10
0.5856
20
1.1438255905511812
11
0.5738
21
1.1438255905511812
0
LINE
8
BLACK
6
CONTINUOUS
10
0.5738
20
1.1438255905511812
11
0.5719920472440945
21
1.1441851968503938
0
LINE
8
BLACK
6
CONTINUOUS
10
0.5719920472440945
20
1.1441851968503938
11
0.5704593307086614
21
1.1452093307086615
0
LINE
8
BLACK
6
CONTINUOUS
10
0.5704593307086614
20
1.1452093307086615
11
0.5694351968503937
21
1.1467420472440946
0
LINE
8
BLACK
6
CONTINUOUS
10
0.5694351968503937
20
1.1467420472440946
11
0.5690755905511811
21
1.14855
0
LINE
8
BLACK
6
CONTINUOUS
10
0.5690755905511811
20
1.14855
11
0.5690755905511811
21
1.16625
0
LINE
8
BLACK
6
CONTINUOUS
10
0.5690755905511811
20
1.16625
11
0.5694351968503937
21
1.1680579527559054
0
LINE
8
BLACK
6
CONTINUOUS
10
0.5694351968503937
20
1.1680579527559054
11
0.5704593307086614
21
1.1695906692913385
0
LINE
8
BLACK
6
CONTINUOUS
10
0.5704593307086614
20
1.1695906692913385
11
0.5719920472440945
21
1.1706148031496062
0
LINE
8
BLACK
6
CONTINUOUS
10
0.5719920472440945
20
1.1706148031496062
11
0.5738
21
1.1709744094488188
0
LINE
8
BLACK
6
CONTINUOUS
10
0.5738
20
1.1709744094488188
11
0.5856
21
1.1709744094488188
0
LINE
8
BLACK
6
CONTINUOUS
10
0.5856
20
1.1709744094488188
11
0.5874079527559055
21
1.1706148031496062
0
LINE
8
BLACK
6
CONTINUOUS
10
1.1593079527559056
20
1.2303648031496062
11
1.1608406692913387
21
1.2293406692913385
0
LINE
8
BLACK
6
CONTINUOUS
10
1.1608406692913387
20
1.2293406692913385
11
1.1618648031496062
21
1.2278079527559054
0
LINE
8
BLACK
6
CONTINUOUS
10
1.1618648031496062
20
1.2278079527559054
11
1.1622244094488188
21
1.226
0
LINE
8
BLACK
6
CONTINUOUS
10
1.1622244094488188
20
1.226
11
1.1622244094488188
21
1.1910000000000001
0
LINE
8
BLACK
6
CONTINUOUS
10
1.1622244094488188
20
1.1910000000000001
11
1.1618648031496062
21
1.1891920472440944
0
LINE
8
BLACK
6
CONTINUOUS
10
1.1618648031496062
20
1.1891920472440944
11
1.1608406692913387
21
1.1876593307086614
0
LINE
8
BLACK
6
CONTINUOUS
10
1.1608406692913387
20
1.1876593307086614
11
1.1593079527559056
21
1.1866351968503936
0
LINE
8
BLACK
6
CONTINUOUS
10
1.1593079527559056
20
1.1866351968503936
11
1.1575
21
1.186275590551181
0
LINE
8
BLACK
6
CONTINUOUS
10
1.1575
20
1.186275590551181
11
1.1025
21
1.186275590551181
0
LINE
8
BLACK
6
CONTINUOUS
10
1.1025
20
1.186275590551181
11
1.1006920472440944
21
1.1866351968503936
0
LINE
8
BLACK
6
CONTINUOUS
10
1.1006920472440944
20
1.1866351968503936
11
1.0991593307086613
21
1.1876593307086614
0
LINE
8
BLACK
6
CONTINUOUS
10
1.0991593307086613
20
1.1876593307086614
11
1.0981351968503936
21
1.1891920472440944
0
LINE
8
BLACK
6
CONTINUOUS
10
1.0981351968503936
20
1.1891920472440944
11
1.097775590551181
21
1.1910000000000001
0
LINE
8
BLACK
6
CONTINUOUS
10
1.097775590551181
20
1.1910000000000001
11
1.097775590551181
21
1.226
0
LINE
8
BLACK
6
CONTINUOUS
10
1.097775590551181
20
1.226
11
1.0981351968503936
21
1.2278079527559054
0
LINE
8
BLACK
6
CONTINUOUS
10
1.0981351968503936
20
1.2278079527559054
11
1.0991593307086613
21
1.2293406692913385
0
LINE
8
BLACK
6
CONTINUOUS
10
1.0991593307086613
20
1.2293406692913385
11
1.1006920472440944
21
1.2303648031496062
0
LINE
8
BLACK
6
CONTINUOUS
10
1.1006920472440944
20
1.2303648031496062
11
1.1025
21
1.2307244094488188
0
LINE
8
BLACK
6
CONTINUOUS
10
1.1025
20
1.2307244094488188
11
1.1575
21
1.2307244094488188
0
LINE
8
BLACK
6
CONTINUOUS
10
1.1575
20
1.2307244094488188
11
1.1593079527559056
21
1.2303648031496062
0
LINE
8
BLACK
6
CONTINUOUS
10
0.9453079527559055
20
1.2353648031496063
11
0.9468406692913386
21
1.2343406692913386
0
LINE
8
BLACK
6
CONTINUOUS
10
0.9468406692913386
20
1.2343406692913386
11
0.9478648031496063
21
1.2328079527559055
0
LINE
8
BLACK
6
CONTINUOUS
10
0.9478648031496063
20
1.2328079527559055
11
0.9482244094488189
21
1.2309999999999999
0
LINE
8
BLACK
6
CONTINUOUS
10
0.9482244094488189
20
1.2309999999999999
11
0.9482244094488189
21
1.196
0
LINE
8
BLACK
6
CONTINUOUS
10
0.9482244094488189
20
1.196
11
0.9478648031496063
21
1.1941920472440946
0
LINE
8
BLACK
6
CONTINUOUS
10
0.9478648031496063
20
1.1941920472440946
11
0.9468406692913386
21
1.1926593307086615
0
LINE
8
BLACK
6
CONTINUOUS
10
0.9468406692913386
20
1.1926593307086615
11
0.9453079527559055
21
1.1916351968503938
0
LINE
8
BLACK
6
CONTINUOUS
10
0.9453079527559055
20
1.1916351968503938
11
0.9435
21
1.1912755905511812
0
LINE
8
BLACK
6
CONTINUOUS
10
0.9435
20
1.1912755905511812
11
0.8885
21
1.1912755905511812
0
LINE
8
BLACK
6
CONTINUOUS
10
0.8885
20
1.1912755905511812
11
0.8866920472440945
21
1.1916351968503938
0
LINE
8
BLACK
6
CONTINUOUS
10
0.8866920472440945
20
1.1916351968503938
11
0.8851593307086614
21
1.1926593307086615
0
LINE
8
BLACK
6
CONTINUOUS
10
0.8851593307086614
20
1.1926593307086615
11
0.8841351968503937
21
1.1941920472440946
0
LINE
8
BLACK
6
CONTINUOUS
10
0.8841351968503937
20
1.1941920472440946
11
0.883775590551181
21
1.196
0
LINE
8
BLACK
6
CONTINUOUS
10
0.883775590551181
20
1.196
11
0.883775590551181
21
1.2309999999999999
0
LINE
8
BLACK
6
CONTINUOUS
10
0.883775590551181
20
1.2309999999999999
11
0.8841351968503937
21
1.2328079527559055
0
LINE
8
BLACK
6
CONTINUOUS
10
0.8841351968503937
20
1.2328079527559055
11
0.8851593307086614
21
1.2343406692913386
0
LINE
8
BLACK
6
CONTINUOUS
10
0.8851593307086614
20
1.2343406692913386
11
0.8866920472440945
21
1.2353648031496063
0
LINE
8
BLACK
6
CONTINUOUS
10
0.8866920472440945
20
1.2353648031496063
11
0.8885
21
1.2357244094488189
0
LINE
8
BLACK
6
CONTINUOUS
10
0.8885
20
1.2357244094488189
11
0.9435
21
1.2357244094488189
0
LINE
8
BLACK
6
CONTINUOUS
10
0.9435
20
1.2357244094488189
11
0.9453079527559055
21
1.2353648031496063
0
LINE
8
BLACK
6
CONTINUOUS
10
0.5480079527559055
20
1.2258148031496063
11
0.5495406692913386
21
1.2247906692913386
0
LINE
8
BLACK
6
CONTINUOUS
10
0.5495406692913386
20
1.2247906692913386
11
0.55015
21
1.2238787401574802
0
LINE
8
BLACK
6
CONTINUOUS
10
0.55015
20
1.2238787401574802
11
0.5507593307086615
21
1.2247906692913386
0
LINE
8
BLACK
6
CONTINUOUS
10
0.5507593307086615
20
1.2247906692913386
11
0.5522920472440945
21
1.2258148031496063
0
LINE
8
BLACK
6
CONTINUOUS
10
0.5522920472440945
20
1.2258148031496063
11
0.5541
21
1.2261744094488189
0
LINE
8
BLACK
6
CONTINUOUS
10
0.5541
20
1.2261744094488189
11
0.5659
21
1.2261744094488189
0
LINE
8
BLACK
6
CONTINUOUS
10
0.5659
20
1.2261744094488189
11
0.5677079527559055
21
1.2258148031496063
0
LINE
8
BLACK
6
CONTINUOUS
10
0.5677079527559055
20
1.2258148031496063
11
0.5692406692913385
21
1.2247906692913386
0
LINE
8
BLACK
6
CONTINUOUS
10
0.5692406692913385
20
1.2247906692913386
11
0.56985
21
1.2238787401574802
0
LINE
8
BLACK
6
CONTINUOUS
10
0.56985
20
1.2238787401574802
11
0.5704593307086614
21
1.2247906692913386
0
LINE
8
BLACK
6
CONTINUOUS
10
0.5704593307086614
20
1.2247906692913386
11
0.5719920472440945
21
1.2258148031496063
0
LINE
8
BLACK
6
CONTINUOUS
10
0.5719920472440945
20
1.2258148031496063
11
0.5738
21
1.2261744094488189
0
LINE
8
BLACK
6
CONTINUOUS
10
0.5738
20
1.2261744094488189
11
0.5856
21
1.2261744094488189
0
LINE
8
BLACK
6
CONTINUOUS
10
0.5856
20
1.2261744094488189
11
0.5874079527559055
21
1.2258148031496063
0
LINE
8
BLACK
6
CONTINUOUS
10
0.5874079527559055
20
1.2258148031496063
11
0.5889406692913386
21
1.2247906692913386
0
LINE
8
BLACK
6
CONTINUOUS
10
0.5889406692913386
20
1.2247906692913386
11
0.5899648031496063
21
1.2232579527559055
0
LINE
8
BLACK
6
CONTINUOUS
10
0.5899648031496063
20
1.2232579527559055
11
0.5903244094488189
21
1.2214499999999999
0
LINE
8
BLACK
6
CONTINUOUS
10
0.5903244094488189
20
1.2214499999999999
11
0.5903244094488189
21
1.2037499999999999
0
LINE
8
BLACK
6
CONTINUOUS
10
0.5903244094488189
20
1.2037499999999999
11
0.5899648031496063
21
1.2019420472440945
0
LINE
8
BLACK
6
CONTINUOUS
10
0.5899648031496063
20
1.2019420472440945
11
0.5889406692913386
21
1.2004093307086614
0
LINE
8
BLACK
6
CONTINUOUS
10
0.5889406692913386
20
1.2004093307086614
11
0.5874079527559055
21
1.1993851968503937
0
LINE
8
BLACK
6
CONTINUOUS
10
0.5874079527559055
20
1.1993851968503937
11
0.5856
21
1.1990255905511811
0
LINE
8
BLACK
6
CONTINUOUS
10
0.5856
20
1.1990255905511811
11
0.5738
21
1.1990255905511811
0
LINE
8
BLACK
6
CONTINUOUS
10
0.5738
20
1.1990255905511811
11
0.5719920472440945
21
1.1993851968503937
0
LINE
8
BLACK
6
CONTINUOUS
10
0.5719920472440945
20
1.1993851968503937
11
0.5704593307086614
21
1.2004093307086614
0
LINE
8
BLACK
6
CONTINUOUS
10
0.5704593307086614
20
1.2004093307086614
11
0.56985
21
1.2013212204724408
0
LINE
8
BLACK
6
CONTINUOUS
10
0.56985
20
1.2013212204724408
11
0.5692406692913385
21
1.2004093307086614
0
LINE
8
BLACK
6
CONTINUOUS
10
0.5692406692913385
20
1.2004093307086614
11
0.5677079527559055
21
1.1993851968503937
0
LINE
8
BLACK
6
CONTINUOUS
10
0.5677079527559055
20
1.1993851968503937
11
0.5659
21
1.1990255905511811
0
LINE
8
BLACK
6
CONTINUOUS
10
0.5659
20
1.1990255905511811
11
0.5541
21
1.1990255905511811
0
LINE
8
BLACK
6
CONTINUOUS
10
0.5541
20
1.1990255905511811
11
0.5522920472440945
21
1.1993851968503937
0
LINE
8
BLACK
6
CONTINUOUS
10
0.5522920472440945
20
1.1993851968503937
11
0.5507593307086615
21
1.2004093307086614
0
LINE
8
BLACK
6
CONTINUOUS
10
0.5507593307086615
20
1.2004093307086614
11
0.55015
21
1.2013212204724408
0
LINE
8
BLACK
6
CONTINUOUS
10
0.55015
20
1.2013212204724408
11
0.5495406692913386
21
1.2004093307086614
0
LINE
8
BLACK
6
CONTINUOUS
10
0.5495406692913386
20
1.2004093307086614
11
0.5480079527559055
21
1.1993851968503937
0
LINE
8
BLACK
6
CONTINUOUS
10
0.5480079527559055
20
1.1993851968503937
11
0.5462
21
1.1990255905511811
0
LINE
8
BLACK
6
CONTINUOUS
10
0.5462
20
1.1990255905511811
11
0.5344
21
1.1990255905511811
0
LINE
8
BLACK
6
CONTINUOUS
10
0.5344
20
1.1990255905511811
11
0.5325920472440945
21
1.1993851968503937
0
LINE
8
BLACK
6
CONTINUOUS
10
0.5325920472440945
20
1.1993851968503937
11
0.5310593307086614
21
1.2004093307086614
0
LINE
8
BLACK
6
CONTINUOUS
10
0.5310593307086614
20
1.2004093307086614
11
0.5300351968503937
21
1.2019420472440945
0
LINE
8
BLACK
6
CONTINUOUS
10
0.5300351968503937
20
1.2019420472440945
11
0.5296755905511811
21
1.2037499999999999
0
LINE
8
BLACK
6
CONTINUOUS
10
0.5296755905511811
20
1.2037499999999999
11
0.5296755905511811
21
1.2214499999999999
0
LINE
8
BLACK
6
CONTINUOUS
10
0.5296755905511811
20
1.2214499999999999
11
0.5300351968503937
21
1.2232579527559055
0
LINE
8
BLACK
6
CONTINUOUS
10
0.5300351968503937
20
1.2232579527559055
11
0.5310593307086614
21
1.2247906692913386
0
LINE
8
BLACK
6
CONTINUOUS
10
0.5310593307086614
20
1.2247906692913386
11
0.5325920472440945
21
1.2258148031496063
0
LINE
8
BLACK
6
CONTINUOUS
10
0.5325920472440945
20
1.2258148031496063
11
0.5344
21
1.2261744094488189
0
LINE
8
BLACK
6
CONTINUOUS
10
0.5344
20
1.2261744094488189
11
0.5462
21
1.2261744094488189
0
LINE
8
BLACK
6
CONTINUOUS
10
0.5462
20
1.2261744094488189
11
0.5480079527559055
21
1.2258148031496063
0
LINE
8
BLACK
6
CONTINUOUS
10
0.7363079527559055
20
1.2443648031496062
11
0.7378406692913385
21
1.2433406692913385
0
LINE
8
BLACK
6
CONTINUOUS
10
0.7378406692913385
20
1.2433406692913385
11
0.7388648031496062
21
1.2418079527559054
0
LINE
8
BLACK
6
CONTINUOUS
10
0.7388648031496062
20
1.2418079527559054
11
0.7392244094488188
21
1.24
0
LINE
8
BLACK
6
CONTINUOUS
10
0.7392244094488188
20
1.24
11
0.7392244094488188
21
1.2050000000000001
0
LINE
8
BLACK
6
CONTINUOUS
10
0.7392244094488188
20
1.2050000000000001
11
0.7388648031496062
21
1.2031920472440945
0
LINE
8
BLACK
6
CONTINUOUS
10
0.7388648031496062
20
1.2031920472440945
11
0.7378406692913385
21
1.2016593307086614
0
LINE
8
BLACK
6
CONTINUOUS
10
0.7378406692913385
20
1.2016593307086614
11
0.7363079527559055
21
1.2006351968503937
0
LINE
8
BLACK
6
CONTINUOUS
10
0.7363079527559055
20
1.2006351968503937
11
0.7344999999999999
21
1.200275590551181
0
LINE
8
BLACK
6
CONTINUOUS
10
0.7344999999999999
20
1.200275590551181
11
0.6795
21
1.200275590551181
0
LINE
8
BLACK
6
CONTINUOUS
10
0.6795
20
1.200275590551181
11
0.6776920472440945
21
1.2006351968503937
0
LINE
8
BLACK
6
CONTINUOUS
10
0.6776920472440945
20
1.2006351968503937
11
0.6761593307086614
21
1.2016593307086614
0
LINE
8
BLACK
6
CONTINUOUS
10
0.6761593307086614
20
1.2016593307086614
11
0.6751351968503937
21
1.2031920472440945
0
LINE
8
BLACK
6
CONTINUOUS
10
0.6751351968503937
20
1.2031920472440945
11
0.6747755905511811
21
1.2050000000000001
0
LINE
8
BLACK
6
CONTINUOUS
10
0.6747755905511811
20
1.2050000000000001
11
0.6747755905511811
21
1.24
0
LINE
8
BLACK
6
CONTINUOUS
10
0.6747755905511811
20
1.24
11
0.6751351968503937
21
1.2418079527559054
0
LINE
8
BLACK
6
CONTINUOUS
10
0.6751351968503937
20
1.2418079527559054
11
0.6761593307086614
21
1.2433406692913385
0
LINE
8
BLACK
6
CONTINUOUS
10
0.6761593307086614
20
1.2433406692913385
11
0.6776920472440945
21
1.2443648031496062
0
LINE
8
BLACK
6
CONTINUOUS
10
0.6776920472440945
20
1.2443648031496062
11
0.6795
21
1.2447244094488188
0
LINE
8
BLACK
6
CONTINUOUS
10
0.6795
20
1.2447244094488188
11
0.7344999999999999
21
1.2447244094488188
0
LINE
8
BLACK
6
CONTINUOUS
10
0.7344999999999999
20
1.2447244094488188
11
0.7363079527559055
21
1.2443648031496062
0
LINE
8
BLACK
6
CONTINUOUS
10
1.4688079527559055
20
1.3193648031496064
11
1.4703406692913386
21
1.3183406692913386
0
LINE
8
BLACK
6
CONTINUOUS
10
1.4703406692913386
20
1.3183406692913386
11
1.4713648031496063
21
1.3168079527559056
0
LINE
8
BLACK
6
CONTINUOUS
10
1.4713648031496063
20
1.3168079527559056
11
1.4717244094488189
21
1.3149999999999999
0
LINE
8
BLACK
6
CONTINUOUS
10
1.4717244094488189
20
1.3149999999999999
11
1.4717244094488189
21
1.2349999999999999
0
LINE
8
BLACK
6
CONTINUOUS
10
1.4717244094488189
20
1.2349999999999999
11
1.4713648031496063
21
1.2331920472440945
0
LINE
8
BLACK
6
CONTINUOUS
10
1.4713648031496063
20
1.2331920472440945
11
1.4703406692913386
21
1.2316593307086614
0
LINE
8
BLACK
6
CONTINUOUS
10
1.4703406692913386
20
1.2316593307086614
11
1.4688079527559055
21
1.2306351968503937
0
LINE
8
BLACK
6
CONTINUOUS
10
1.4688079527559055
20
1.2306351968503937
11
1.4669999999999999
21
1.2302755905511811
0
LINE
8
BLACK
6
CONTINUOUS
10
1.4669999999999999
20
1.2302755905511811
11
1.323
21
1.2302755905511811
0
LINE
8
BLACK
6
CONTINUOUS
10
1.323
20
1.2302755905511811
11
1.3211920472440946
21
1.2306351968503937
0
LINE
8
BLACK
6
CONTINUOUS
10
1.3211920472440946
20
1.2306351968503937
11
1.3196593307086615
21
1.2316593307086614
0
LINE
8
BLACK
6
CONTINUOUS
10
1.3196593307086615
20
1.2316593307086614
11
1.3186351968503938
21
1.2331920472440945
0
LINE
8
BLACK
6
CONTINUOUS
10
1.3186351968503938
20
1.2331920472440945
11
1.3182755905511812
21
1.2349999999999999
0
LINE
8
BLACK
6
CONTINUOUS
10
1.3182755905511812
20
1.2349999999999999
11
1.3182755905511812
21
1.3149999999999999
0
LINE
8
BLACK
6
CONTINUOUS
10
1.3182755905511812
20
1.3149999999999999
11
1.3186351968503938
21
1.3168079527559056
0
LINE
8
BLACK
6
CONTINUOUS
10
1.3186351968503938
20
1.3168079527559056
11
1.3196593307086615
21
1.3183406692913386
0
LINE
8
BLACK
6
CONTINUOUS
10
1.3196593307086615
20
1.3183406692913386
11
1.3211920472440946
21
1.3193648031496064
0
LINE
8
BLACK
6
CONTINUOUS
10
1.3211920472440946
20
1.3193648031496064
11
1.323
21
1.319724409448819
0
LINE
8
BLACK
6
CONTINUOUS
10
1.323
20
1.319724409448819
11
1.4669999999999999
21
1.319724409448819
0
LINE
8
BLACK
6
CONTINUOUS
10
1.4669999999999999
20
1.319724409448819
11
1.4688079527559055
21
1.3193648031496064
0
LINE
8
BLACK
6
CONTINUOUS
10
1.1593079527559056
20
1.3053648031496063
11
1.1608406692913387
21
1.3043406692913386
0
LINE
8
BLACK
6
CONTINUOUS
10
1.1608406692913387
20
1.3043406692913386
11
1.1618648031496062
21
1.3028079527559056
0
LINE
8
BLACK
6
CONTINUOUS
10
1.1618648031496062
20
1.3028079527559056
11
1.1622244094488188
21
1.3009999999999999
0
LINE
8
BLACK
6
CONTINUOUS
10
1.1622244094488188
20
1.3009999999999999
11
1.1622244094488188
21
1.266
0
LINE
8
BLACK
6
CONTINUOUS
10
1.1622244094488188
20
1.266
11
1.1618648031496062
21
1.2641920472440944
0
LINE
8
BLACK
6
CONTINUOUS
10
1.1618648031496062
20
1.2641920472440944
11
1.1608406692913387
21
1.2626593307086613
0
LINE
8
BLACK
6
CONTINUOUS
10
1.1608406692913387
20
1.2626593307086613
11
1.1593079527559056
21
1.2616351968503936
0
LINE
8
BLACK
6
CONTINUOUS
10
1.1593079527559056
20
1.2616351968503936
11
1.1575
21
1.261275590551181
0
LINE
8
BLACK
6
CONTINUOUS
10
1.1575
20
1.261275590551181
11
1.1025
21
1.261275590551181
0
LINE
8
BLACK
6
CONTINUOUS
10
1.1025
20
1.261275590551181
11
1.1006920472440944
21
1.2616351968503936
0
LINE
8
BLACK
6
CONTINUOUS
10
1.1006920472440944
20
1.2616351968503936
11
1.0991593307086613
21
1.2626593307086613
0
LINE
8
BLACK
6
CONTINUOUS
10
1.0991593307086613
20
1.2626593307086613
11
1.0981351968503936
21
1.2641920472440944
0
LINE
8
BLACK
6
CONTINUOUS
10
1.0981351968503936
20
1.2641920472440944
11
1.097775590551181
21
1.266
0
LINE
8
BLACK
6
CONTINUOUS
10
1.097775590551181
20
1.266
11
1.097775590551181
21
1.3009999999999999
0
LINE
8
BLACK
6
CONTINUOUS
10
1.097775590551181
20
1.3009999999999999
11
1.0981351968503936
21
1.3028079527559056
0
LINE
8
BLACK
6
CONTINUOUS
10
1.0981351968503936
20
1.3028079527559056
11
1.0991593307086613
21
1.3043406692913386
0
LINE
8
BLACK
6
CONTINUOUS
10
1.0991593307086613
20
1.3043406692913386
11
1.1006920472440944
21
1.3053648031496063
0
LINE
8
BLACK
6
CONTINUOUS
10
1.1006920472440944
20
1.3053648031496063
11
1.1025
21
1.305724409448819
0
LINE
8
BLACK
6
CONTINUOUS
10
1.1025
20
1.305724409448819
11
1.1575
21
1.305724409448819
0
LINE
8
BLACK
6
CONTINUOUS
10
1.1575
20
1.305724409448819
11
1.1593079527559056
21
1.3053648031496063
0
LINE
8
BLACK
6
CONTINUOUS
10
0.3968079527559055
20
1.3293648031496064
11
0.3983406692913386
21
1.3283406692913386
0
LINE
8
BLACK
6
CONTINUOUS
10
0.3983406692913386
20
1.3283406692913386
11
0.3993648031496063
21
1.3268079527559056
0
LINE
8
BLACK
6
CONTINUOUS
10
0.3993648031496063
20
1.3268079527559056
11
0.3997244094488189
21
1.325
0
LINE
8
BLACK
6
CONTINUOUS
10
0.3997244094488189
20
1.325
11
0.3997244094488189
21
1.27
0
LINE
8
BLACK
6
CONTINUOUS
10
0.3997244094488189
20
1.27
11
0.3993648031496063
21
1.2681920472440944
0
LINE
8
BLACK
6
CONTINUOUS
10
0.3993648031496063
20
1.2681920472440944
11
0.3983406692913386
21
1.2666593307086613
0
LINE
8
BLACK
6
CONTINUOUS
10
0.3983406692913386
20
1.2666593307086613
11
0.3968079527559055
21
1.2656351968503936
0
LINE
8
BLACK
6
CONTINUOUS
10
0.3968079527559055
20
1.2656351968503936
11
0.395
21
1.265275590551181
0
LINE
8
BLACK
6
CONTINUOUS
10
0.395
20
1.265275590551181
11
0.36
21
1.265275590551181
0
LINE
8
BLACK
6
CONTINUOUS
10
0.36
20
1.265275590551181
11
0.3581920472440945
21
1.2656351968503936
0
LINE
8
BLACK
6
CONTINUOUS
10
0.3581920472440945
20
1.2656351968503936
11
0.3566593307086614
21
1.2666593307086613
0
LINE
8
BLACK
6
CONTINUOUS
10
0.3566593307086614
20
1.2666593307086613
11
0.3556351968503937
21
1.2681920472440944
0
LINE
8
BLACK
6
CONTINUOUS
10
0.3556351968503937
20
1.2681920472440944
11
0.3552755905511811
21
1.27
0
LINE
8
BLACK
6
CONTINUOUS
10
0.3552755905511811
20
1.27
11
0.3552755905511811
21
1.325
0
LINE
8
BLACK
6
CONTINUOUS
10
0.3552755905511811
20
1.325
11
0.3556351968503937
21
1.3268079527559056
0
LINE
8
BLACK
6
CONTINUOUS
10
0.3556351968503937
20
1.3268079527559056
11
0.3566593307086614
21
1.3283406692913386
0
LINE
8
BLACK
6
CONTINUOUS
10
0.3566593307086614
20
1.3283406692913386
11
0.3581920472440945
21
1.3293648031496064
0
LINE
8
BLACK
6
CONTINUOUS
10
0.3581920472440945
20
1.3293648031496064
11
0.36
21
1.329724409448819
0
LINE
8
BLACK
6
CONTINUOUS
10
0.36
20
1.329724409448819
11
0.395
21
1.329724409448819
0
LINE
8
BLACK
6
CONTINUOUS
10
0.395
20
1.329724409448819
11
0.3968079527559055
21
1.3293648031496064
0
LINE
8
BLACK
6
CONTINUOUS
10
0.4718079527559055
20
1.3293648031496064
11
0.4733406692913386
21
1.3283406692913386
0
LINE
8
BLACK
6
CONTINUOUS
10
0.4733406692913386
20
1.3283406692913386
11
0.4743648031496063
21
1.3268079527559056
0
LINE
8
BLACK
6
CONTINUOUS
10
0.4743648031496063
20
1.3268079527559056
11
0.4747244094488189
21
1.325
0
LINE
8
BLACK
6
CONTINUOUS
10
0.4747244094488189
20
1.325
11
0.4747244094488189
21
1.27
0
LINE
8
BLACK
6
CONTINUOUS
10
0.4747244094488189
20
1.27
11
0.4743648031496063
21
1.2681920472440944
0
LINE
8
BLACK
6
CONTINUOUS
10
0.4743648031496063
20
1.2681920472440944
11
0.4733406692913386
21
1.2666593307086613
0
LINE
8
BLACK
6
CONTINUOUS
10
0.4733406692913386
20
1.2666593307086613
11
0.4718079527559055
21
1.2656351968503936
0
LINE
8
BLACK
6
CONTINUOUS
10
0.4718079527559055
20
1.2656351968503936
11
0.47
21
1.265275590551181
0
LINE
8
BLACK
6
CONTINUOUS
10
0.47
20
1.265275590551181
11
0.435
21
1.265275590551181
0
LINE
8
BLACK
6
CONTINUOUS
10
0.435
20
1.265275590551181
11
0.4331920472440945
21
1.2656351968503936
0
LINE
8
BLACK
6
CONTINUOUS
10
0.4331920472440945
20
1.2656351968503936
11
0.4316593307086614
21
1.2666593307086613
0
LINE
8
BLACK
6
CONTINUOUS
10
0.4316593307086614
20
1.2666593307086613
11
0.4306351968503937
21
1.2681920472440944
0
LINE
8
BLACK
6
CONTINUOUS
10
0.4306351968503937
20
1.2681920472440944
11
0.4302755905511811
21
1.27
0
LINE
8
BLACK
6
CONTINUOUS
10
0.4302755905511811
20
1.27
11
0.4302755905511811
21
1.325
0
LINE
8
BLACK
6
CONTINUOUS
10
0.4302755905511811
20
1.325
11
0.4306351968503937
21
1.3268079527559056
0
LINE
8
BLACK
6
CONTINUOUS
10
0.4306351968503937
20
1.3268079527559056
11
0.4316593307086614
21
1.3283406692913386
0
LINE
8
BLACK
6
CONTINUOUS
10
0.4316593307086614
20
1.3283406692913386
11
0.4331920472440945
21
1.3293648031496064
0
LINE
8
BLACK
6
CONTINUOUS
10
0.4331920472440945
20
1.3293648031496064
11
0.435
21
1.329724409448819
0
LINE
8
BLACK
6
CONTINUOUS
10
0.435
20
1.329724409448819
11
0.47
21
1.329724409448819
0
LINE
8
BLACK
6
CONTINUOUS
10
0.47
20
1.329724409448819
11
0.4718079527559055
21
1.3293648031496064
0
LINE
8
BLACK
6
CONTINUOUS
10
0.9453079527559055
20
1.3103648031496062
11
0.9468406692913386
21
1.3093406692913385
0
LINE
8
BLACK
6
CONTINUOUS
10
0.9468406692913386
20
1.3093406692913385
11
0.9478648031496063
21
1.3078079527559054
0
LINE
8
BLACK
6
CONTINUOUS
10
0.9478648031496063
20
1.3078079527559054
11
0.9482244094488189
21
1.306
0
LINE
8
BLACK
6
CONTINUOUS
10
0.9482244094488189
20
1.306
11
0.9482244094488189
21
1.2709999999999999
0
LINE
8
BLACK
6
CONTINUOUS
10
0.9482244094488189
20
1.2709999999999999
11
0.9478648031496063
21
1.2691920472440945
0
LINE
8
BLACK
6
CONTINUOUS
10
0.9478648031496063
20
1.2691920472440945
11
0.9468406692913386
21
1.2676593307086614
0
LINE
8
BLACK
6
CONTINUOUS
10
0.9468406692913386
20
1.2676593307086614
11
0.9453079527559055
21
1.2666351968503937
0
LINE
8
BLACK
6
CONTINUOUS
10
0.9453079527559055
20
1.2666351968503937
11
0.9435
21
1.2662755905511811
0
LINE
8
BLACK
6
CONTINUOUS
10
0.9435
20
1.2662755905511811
11
0.8885
21
1.2662755905511811
0
LINE
8
BLACK
6
CONTINUOUS
10
0.8885
20
1.2662755905511811
11
0.8866920472440945
21
1.2666351968503937
0
LINE
8
BLACK
6
CONTINUOUS
10
0.8866920472440945
20
1.2666351968503937
11
0.8851593307086614
21
1.2676593307086614
0
LINE
8
BLACK
6
CONTINUOUS
10
0.8851593307086614
20
1.2676593307086614
11
0.8841351968503937
21
1.2691920472440945
0
LINE
8
BLACK
6
CONTINUOUS
10
0.8841351968503937
20
1.2691920472440945
11
0.883775590551181
21
1.2709999999999999
0
LINE
8
BLACK
6
CONTINUOUS
10
0.883775590551181
20
1.2709999999999999
11
0.883775590551181
21
1.306
0
LINE
8
BLACK
6
CONTINUOUS
10
0.883775590551181
20
1.306
11
0.8841351968503937
21
1.3078079527559054
0
LINE
8
BLACK
6
CONTINUOUS
10
0.8841351968503937
20
1.3078079527559054
11
0.8851593307086614
21
1.3093406692913385
0
LINE
8
BLACK
6
CONTINUOUS
10
0.8851593307086614
20
1.3093406692913385
11
0.8866920472440945
21
1.3103648031496062
0
LINE
8
BLACK
6
CONTINUOUS
10
0.8866920472440945
20
1.3103648031496062
11
0.8885
21
1.3107244094488189
0
LINE
8
BLACK
6
CONTINUOUS
10
0.8885
20
1.3107244094488189
11
0.9435
21
1.3107244094488189
0
LINE
8
BLACK
6
CONTINUOUS
10
0.9435
20
1.3107244094488189
11
0.9453079527559055
21
1.3103648031496062
0
LINE
8
BLACK
6
CONTINUOUS
10
0.7363079527559055
20
1.3193648031496064
11
0.7378406692913385
21
1.3183406692913386
0
LINE
8
BLACK
6
CONTINUOUS
10
0.7378406692913385
20
1.3183406692913386
11
0.7388648031496062
21
1.3168079527559056
0
LINE
8
BLACK
6
CONTINUOUS
10
0.7388648031496062
20
1.3168079527559056
11
0.7392244094488188
21
1.3149999999999999
0
LINE
8
BLACK
6
CONTINUOUS
10
0.7392244094488188
20
1.3149999999999999
11
0.7392244094488188
21
1.28
0
LINE
8
BLACK
6
CONTINUOUS
10
0.7392244094488188
20
1.28
11
0.7388648031496062
21
1.2781920472440944
0
LINE
8
BLACK
6
CONTINUOUS
10
0.7388648031496062
20
1.2781920472440944
11
0.7378406692913385
21
1.2766593307086613
0
LINE
8
BLACK
6
CONTINUOUS
10
0.7378406692913385
20
1.2766593307086613
11
0.7363079527559055
21
1.2756351968503936
0
LINE
8
BLACK
6
CONTINUOUS
10
0.7363079527559055
20
1.2756351968503936
11
0.7344999999999999
21
1.275275590551181
0
LINE
8
BLACK
6
CONTINUOUS
10
0.7344999999999999
20
1.275275590551181
11
0.6795
21
1.275275590551181
0
LINE
8
BLACK
6
CONTINUOUS
10
0.6795
20
1.275275590551181
11
0.6776920472440945
21
1.2756351968503936
0
LINE
8
BLACK
6
CONTINUOUS
10
0.6776920472440945
20
1.2756351968503936
11
0.6761593307086614
21
1.2766593307086613
0
LINE
8
BLACK
6
CONTINUOUS
10
0.6761593307086614
20
1.2766593307086613
11
0.6751351968503937
21
1.2781920472440944
0
LINE
8
BLACK
6
CONTINUOUS
10
0.6751351968503937
20
1.2781920472440944
11
0.6747755905511811
21
1.28
0
LINE
8
BLACK
6
CONTINUOUS
10
0.6747755905511811
20
1.28
11
0.6747755905511811
21
1.3149999999999999
0
LINE
8
BLACK
6
CONTINUOUS
10
0.6747755905511811
20
1.3149999999999999
11
0.6751351968503937
21
1.3168079527559056
0
LINE
8
BLACK
6
CONTINUOUS
10
0.6751351968503937
20
1.3168079527559056
11
0.6761593307086614
21
1.3183406692913386
0
LINE
8
BLACK
6
CONTINUOUS
10
0.6761593307086614
20
1.3183406692913386
11
0.6776920472440945
21
1.3193648031496064
0
LINE
8
BLACK
6
CONTINUOUS
10
0.6776920472440945
20
1.3193648031496064
11
0.6795
21
1.319724409448819
0
LINE
8
BLACK
6
CONTINUOUS
10
0.6795
20
1.319724409448819
11
0.7344999999999999
21
1.319724409448819
0
LINE
8
BLACK
6
CONTINUOUS
10
0.7344999999999999
20
1.319724409448819
11
0.7363079527559055
21
1.3193648031496064
0
LINE
8
BLACK
6
CONTINUOUS
10
0.9618079527559055
20
1.4068648031496063
11
0.9633406692913385
21
1.4058406692913386
0
LINE
8
BLACK
6
CONTINUOUS
10
0.9633406692913385
20
1.4058406692913386
11
0.9643648031496063
21
1.4043079527559055
0
LINE
8
BLACK
6
CONTINUOUS
10
0.9643648031496063
20
1.4043079527559055
11
0.9647244094488189
21
1.4024999999999999
0
LINE
8
BLACK
6
CONTINUOUS
10
0.9647244094488189
20
1.4024999999999999
11
0.9647244094488189
21
1.3474999999999999
0
LINE
8
BLACK
6
CONTINUOUS
10
0.9647244094488189
20
1.3474999999999999
11
0.9643648031496063
21
1.3456920472440945
0
LINE
8
BLACK
6
CONTINUOUS
10
0.9643648031496063
20
1.3456920472440945
11
0.9633406692913385
21
1.3441593307086614
0
LINE
8
BLACK
6
CONTINUOUS
10
0.9633406692913385
20
1.3441593307086614
11
0.9618079527559055
21
1.3431351968503937
0
LINE
8
BLACK
6
CONTINUOUS
10
0.9618079527559055
20
1.3431351968503937
11
0.96
21
1.3427755905511811
0
LINE
8
BLACK
6
CONTINUOUS
10
0.96
20
1.3427755905511811
11
0.9249999999999999
21
1.3427755905511811
0
LINE
8
BLACK
6
CONTINUOUS
10
0.9249999999999999
20
1.3427755905511811
11
0.9231920472440944
21
1.3431351968503937
0
LINE
8
BLACK
6
CONTINUOUS
10
0.9231920472440944
20
1.3431351968503937
11
0.9216593307086614
21
1.3441593307086614
0
LINE
8
BLACK
6
CONTINUOUS
10
0.9216593307086614
20
1.3441593307086614
11
0.9206351968503936
21
1.3456920472440945
0
LINE
8
BLACK
6
CONTINUOUS
10
0.9206351968503936
20
1.3456920472440945
11
0.9202755905511811
21
1.3474999999999999
0
LINE
8
BLACK
6
CONTINUOUS
10
0.9202755905511811
20
1.3474999999999999
11
0.9202755905511811
21
1.4024999999999999
0
LINE
8
BLACK
6
CONTINUOUS
10
0.9202755905511811
20
1.4024999999999999
11
0.9206351968503936
21
1.4043079527559055
0
LINE
8
BLACK
6
CONTINUOUS
10
0.9206351968503936
20
1.4043079527559055
11
0.9216593307086614
21
1.4058406692913386
0
LINE
8
BLACK
6
CONTINUOUS
10
0.9216593307086614
20
1.4058406692913386
11
0.9231920472440944
21
1.4068648031496063
0
LINE
8
BLACK
6
CONTINUOUS
10
0.9231920472440944
20
1.4068648031496063
11
0.9249999999999999
21
1.4072244094488189
0
LINE
8
BLACK
6
CONTINUOUS
10
0.9249999999999999
20
1.4072244094488189
11
0.96
21
1.4072244094488189
0
LINE
8
BLACK
6
CONTINUOUS
10
0.96
20
1.4072244094488189
11
0.9618079527559055
21
1.4068648031496063
0
LINE
8
BLACK
6
CONTINUOUS
10
1.0368079527559055
20
1.4068648031496063
11
1.0383406692913386
21
1.4058406692913386
0
LINE
8
BLACK
6
CONTINUOUS
10
1.0383406692913386
20
1.4058406692913386
11
1.0393648031496063
21
1.4043079527559055
0
LINE
8
BLACK
6
CONTINUOUS
10
1.0393648031496063
20
1.4043079527559055
11
1.0397244094488189
21
1.4024999999999999
0
LINE
8
BLACK
6
CONTINUOUS
10
1.0397244094488189
20
1.4024999999999999
11
1.0397244094488189
21
1.3474999999999999
0
LINE
8
BLACK
6
CONTINUOUS
10
1.0397244094488189
20
1.3474999999999999
11
1.0393648031496063
21
1.3456920472440945
0
LINE
8
BLACK
6
CONTINUOUS
10
1.0393648031496063
20
1.3456920472440945
11
1.0383406692913386
21
1.3441593307086614
0
LINE
8
BLACK
6
CONTINUOUS
10
1.0383406692913386
20
1.3441593307086614
11
1.0368079527559055
21
1.3431351968503937
0
LINE
8
BLACK
6
CONTINUOUS
10
1.0368079527559055
20
1.3431351968503937
11
1.0349999999999999
21
1.3427755905511811
0
LINE
8
BLACK
6
CONTINUOUS
10
1.0349999999999999
20
1.3427755905511811
11
1.
21
1.3427755905511811
0
LINE
8
BLACK
6
CONTINUOUS
10
1.
20
1.3427755905511811
11
0.9981920472440945
21
1.3431351968503937
0
LINE
8
BLACK
6
CONTINUOUS
10
0.9981920472440945
20
1.3431351968503937
11
0.9966593307086614
21
1.3441593307086614
0
LINE
8
BLACK
6
CONTINUOUS
10
0.9966593307086614
20
1.3441593307086614
11
0.9956351968503937
21
1.3456920472440945
0
LINE
8
BLACK
6
CONTINUOUS
10
0.9956351968503937
20
1.3456920472440945
11
0.9952755905511811
21
1.3474999999999999
0
LINE
8
BLACK
6
CONTINUOUS
10
0.9952755905511811
20
1.3474999999999999
11
0.9952755905511811
21
1.4024999999999999
0
LINE
8
BLACK
6
CONTINUOUS
10
0.9952755905511811
20
1.4024999999999999
11
0.9956351968503937
21
1.4043079527559055
0
LINE
8
BLACK
6
CONTINUOUS
10
0.9956351968503937
20
1.4043079527559055
11
0.9966593307086614
21
1.4058406692913386
0
LINE
8
BLACK
6
CONTINUOUS
10
0.9966593307086614
20
1.4058406692913386
11
0.9981920472440945
21
1.4068648031496063
0
LINE
8
BLACK
6
CONTINUOUS
10
0.9981920472440945
20
1.4068648031496063
11
1.
21
1.4072244094488189
0
LINE
8
BLACK
6
CONTINUOUS
10
1.
20
1.4072244094488189
11
1.0349999999999999
21
1.4072244094488189
0
LINE
8
BLACK
6
CONTINUOUS
10
1.0349999999999999
20
1.4072244094488189
11
1.0368079527559055
21
1.4068648031496063
0
LINE
8
BLACK
6
CONTINUOUS
10
1.4168079527559054
20
1.4193648031496062
11
1.4183406692913385
21
1.4183406692913385
0
LINE
8
BLACK
6
CONTINUOUS
10
1.4183406692913385
20
1.4183406692913385
11
1.4193648031496062
21
1.4168079527559054
0
LINE
8
BLACK
6
CONTINUOUS
10
1.4193648031496062
20
1.4168079527559054
11
1.4197244094488188
21
1.415
0
LINE
8
BLACK
6
CONTINUOUS
10
1.4197244094488188
20
1.415
11
1.4197244094488188
21
1.355
0
LINE
8
BLACK
6
CONTINUOUS
10
1.4197244094488188
20
1.355
11
1.4193648031496062
21
1.3531920472440944
0
LINE
8
BLACK
6
CONTINUOUS
10
1.4193648031496062
20
1.3531920472440944
11
1.4183406692913385
21
1.3516593307086613
0
LINE
8
BLACK
6
CONTINUOUS
10
1.4183406692913385
20
1.3516593307086613
11
1.4168079527559054
21
1.3506351968503936
0
LINE
8
BLACK
6
CONTINUOUS
10
1.4168079527559054
20
1.3506351968503936
11
1.415
21
1.3502755905511812
0
LINE
8
BLACK
6
CONTINUOUS
10
1.415
20
1.3502755905511812
11
1.355
21
1.3502755905511812
0
LINE
8
BLACK
6
CONTINUOUS
10
1.355
20
1.3502755905511812
11
1.3531920472440944
21
1.3506351968503936
0
LINE
8
BLACK
6
CONTINUOUS
10
1.3531920472440944
20
1.3506351968503936
11
1.3516593307086613
21
1.3516593307086613
0
LINE
8
BLACK
6
CONTINUOUS
10
1.3516593307086613
20
1.3516593307086613
11
1.3506351968503936
21
1.3531920472440944
0
LINE
8
BLACK
6
CONTINUOUS
10
1.3506351968503936
20
1.3531920472440944
11
1.3502755905511812
21
1.355
0
LINE
8
BLACK
6
CONTINUOUS
10
1.3502755905511812
20
1.355
11
1.3502755905511812
21
1.415
0
LINE
8
BLACK
6
CONTINUOUS
10
1.3502755905511812
20
1.415
11
1.3506351968503936
21
1.4168079527559054
0
LINE
8
BLACK
6
CONTINUOUS
10
1.3506351968503936
20
1.4168079527559054
11
1.3516593307086613
21
1.4183406692913385
0
LINE
8
BLACK
6
CONTINUOUS
10
1.3516593307086613
20
1.4183406692913385
11
1.3531920472440944
21
1.4193648031496062
0
LINE
8
BLACK
6
CONTINUOUS
10
1.3531920472440944
20
1.4193648031496062
11
1.355
21
1.4197244094488188
0
LINE
8
BLACK
6
CONTINUOUS
10
1.355
20
1.4197244094488188
11
1.415
21
1.4197244094488188
0
LINE
8
BLACK
6
CONTINUOUS
10
1.415
20
1.4197244094488188
11
1.4168079527559054
21
1.4193648031496062
0
LINE
8
BLACK
6
CONTINUOUS
10
1.5168079527559055
20
1.4193648031496062
11
1.5183406692913386
21
1.4183406692913385
0
LINE
8
BLACK
6
CONTINUOUS
10
1.5183406692913386
20
1.4183406692913385
11
1.5193648031496063
21
1.4168079527559054
0
LINE
8
BLACK
6
CONTINUOUS
10
1.5193648031496063
20
1.4168079527559054
11
1.5197244094488189
21
1.415
0
LINE
8
BLACK
6
CONTINUOUS
10
1.5197244094488189
20
1.415
11
1.5197244094488189
21
1.355
0
LINE
8
BLACK
6
CONTINUOUS
10
1.5197244094488189
20
1.355
11
1.5193648031496063
21
1.3531920472440944
0
LINE
8
BLACK
6
CONTINUOUS
10
1.5193648031496063
20
1.3531920472440944
11
1.5183406692913386
21
1.3516593307086613
0
LINE
8
BLACK
6
CONTINUOUS
10
1.5183406692913386
20
1.3516593307086613
11
1.5168079527559055
21
1.3506351968503936
0
LINE
8
BLACK
6
CONTINUOUS
10
1.5168079527559055
20
1.3506351968503936
11
1.5149999999999999
21
1.3502755905511812
0
LINE
8
BLACK
6
CONTINUOUS
10
1.5149999999999999
20
1.3502755905511812
11
1.4550000000000001
21
1.3502755905511812
0
LINE
8
BLACK
6
CONTINUOUS
10
1.4550000000000001
20
1.3502755905511812
11
1.4531920472440945
21
1.3506351968503936
0
LINE
8
BLACK
6
CONTINUOUS
10
1.4531920472440945
20
1.3506351968503936
11
1.4516593307086614
21
1.3516593307086613
0
LINE
8
BLACK
6
CONTINUOUS
10
1.4516593307086614
20
1.3516593307086613
11
1.4506351968503937
21
1.3531920472440944
0
LINE
8
BLACK
6
CONTINUOUS
10
1.4506351968503937
20
1.3531920472440944
11
1.450275590551181
21
1.355
0
LINE
8
BLACK
6
CONTINUOUS
10
1.450275590551181
20
1.355
11
1.450275590551181
21
1.415
0
LINE
8
BLACK
6
CONTINUOUS
10
1.450275590551181
20
1.415
11
1.4506351968503937
21
1.4168079527559054
0
LINE
8
BLACK
6
CONTINUOUS
10
1.4506351968503937
20
1.4168079527559054
11
1.4516593307086614
21
1.4183406692913385
0
LINE
8
BLACK
6
CONTINUOUS
10
1.4516593307086614
20
1.4183406692913385
11
1.4531920472440945
21
1.4193648031496062
0
LINE
8
BLACK
6
CONTINUOUS
10
1.4531920472440945
20
1.4193648031496062
11
1.4550000000000001
21
1.4197244094488188
0
LINE
8
BLACK
6
CONTINUOUS
10
1.4550000000000001
20
1.4197244094488188
11
1.5149999999999999
21
1.4197244094488188
0
LINE
8
BLACK
6
CONTINUOUS
10
1.5149999999999999
20
1.4197244094488188
11
1.5168079527559055
21
1.4193648031496062
0
LINE
8
BLACK
6
CONTINUOUS
10
0.1793079527559055
20
1.4268648031496063
11
0.1808406692913386
21
1.4258406692913386
0
LINE
8
BLACK
6
CONTINUOUS
10
0.1808406692913386
20
1.4258406692913386
11
0.1818648031496063
21
1.4243079527559055
0
LINE
8
BLACK
6
CONTINUOUS
10
0.1818648031496063
20
1.4243079527559055
11
0.1822244094488189
21
1.4224999999999999
0
LINE
8
BLACK
6
CONTINUOUS
10
0.1822244094488189
20
1.4224999999999999
11
0.1822244094488189
21
1.3625
0
LINE
8
BLACK
6
CONTINUOUS
10
0.1822244094488189
20
1.3625
11
0.1818648031496063
21
1.3606920472440944
0
LINE
8
BLACK
6
CONTINUOUS
10
0.1818648031496063
20
1.3606920472440944
11
0.1808406692913386
21
1.3591593307086614
0
LINE
8
BLACK
6
CONTINUOUS
10
0.1808406692913386
20
1.3591593307086614
11
0.1793079527559055
21
1.3581351968503936
0
LINE
8
BLACK
6
CONTINUOUS
10
0.1793079527559055
20
1.3581351968503936
11
0.1775
21
1.357775590551181
0
LINE
8
BLACK
6
CONTINUOUS
10
0.1775
20
1.357775590551181
11
0.1175
21
1.357775590551181
0
LINE
8
BLACK
6
CONTINUOUS
10
0.1175
20
1.357775590551181
11
0.1156920472440945
21
1.3581351968503936
0
LINE
8
BLACK
6
CONTINUOUS
10
0.1156920472440945
20
1.3581351968503936
11
0.1141593307086614
21
1.3591593307086614
0
LINE
8
BLACK
6
CONTINUOUS
10
0.1141593307086614
20
1.3591593307086614
11
0.1131351968503937
21
1.3606920472440944
0
LINE
8
BLACK
6
CONTINUOUS
10
0.1131351968503937
20
1.3606920472440944
11
0.1127755905511811
21
1.3625
0
LINE
8
BLACK
6
CONTINUOUS
10
0.1127755905511811
20
1.3625
11
0.1127755905511811
21
1.4224999999999999
0
LINE
8
BLACK
6
CONTINUOUS
10
0.1127755905511811
20
1.4224999999999999
11
0.1131351968503937
21
1.4243079527559055
0
LINE
8
BLACK
6
CONTINUOUS
10
0.1131351968503937
20
1.4243079527559055
11
0.1141593307086614
21
1.4258406692913386
0
LINE
8
BLACK
6
CONTINUOUS
10
0.1141593307086614
20
1.4258406692913386
11
0.1156920472440945
21
1.4268648031496063
0
LINE
8
BLACK
6
CONTINUOUS
10
0.1156920472440945
20
1.4268648031496063
11
0.1175
21
1.4272244094488189
0
LINE
8
BLACK
6
CONTINUOUS
10
0.1175
20
1.4272244094488189
11
0.1775
21
1.4272244094488189
0
LINE
8
BLACK
6
CONTINUOUS
10
0.1775
20
1.4272244094488189
11
0.1793079527559055
21
1.4268648031496063
0
LINE
8
BLACK
6
CONTINUOUS
10
0.2793079527559055
20
1.4268648031496063
11
0.2808406692913386
21
1.4258406692913386
0
LINE
8
BLACK
6
CONTINUOUS
10
0.2808406692913386
20
1.4258406692913386
11
0.2818648031496063
21
1.4243079527559055
0
LINE
8
BLACK
6
CONTINUOUS
10
0.2818648031496063
20
1.4243079527559055
11
0.2822244094488189
21
1.4224999999999999
0
LINE
8
BLACK
6
CONTINUOUS
10
0.2822244094488189
20
1.4224999999999999
11
0.2822244094488189
21
1.3625
0
LINE
8
BLACK
6
CONTINUOUS
10
0.2822244094488189
20
1.3625
11
0.2818648031496063
21
1.3606920472440944
0
LINE
8
BLACK
6
CONTINUOUS
10
0.2818648031496063
20
1.3606920472440944
11
0.2808406692913386
21
1.3591593307086614
0
LINE
8
BLACK
6
CONTINUOUS
10
0.2808406692913386
20
1.3591593307086614
11
0.2793079527559055
21
1.3581351968503936
0
LINE
8
BLACK
6
CONTINUOUS
10
0.2793079527559055
20
1.3581351968503936
11
0.2775
21
1.357775590551181
0
LINE
8
BLACK
6
CONTINUOUS
10
0.2775
20
1.357775590551181
11
0.2175
21
1.357775590551181
0
LINE
8
BLACK
6
CONTINUOUS
10
0.2175
20
1.357775590551181
11
0.2156920472440945
21
1.3581351968503936
0
LINE
8
BLACK
6
CONTINUOUS
10
0.2156920472440945
20
1.3581351968503936
11
0.2141593307086614
21
1.3591593307086614
0
LINE
8
BLACK
6
CONTINUOUS
10
0.2141593307086614
20
1.3591593307086614
11
0.2131351968503937
21
1.3606920472440944
0
LINE
8
BLACK
6
CONTINUOUS
10
0.2131351968503937
20
1.3606920472440944
11
0.2127755905511811
21
1.3625
0
LINE
8
BLACK
6
CONTINUOUS
10
0.2127755905511811
20
1.3625
11
0.2127755905511811
21
1.4224999999999999
0
LINE
8
BLACK
6
CONTINUOUS
10
0.2127755905511811
20
1.4224999999999999
11
0.2131351968503937
21
1.4243079527559055
0
LINE
8
BLACK
6
CONTINUOUS
10
0.2131351968503937
20
1.4243079527559055
11
0.2141593307086614
21
1.4258406692913386
0
LINE
8
BLACK
6
CONTINUOUS
10
0.2141593307086614
20
1.4258406692913386
11
0.2156920472440945
21
1.4268648031496063
0
LINE
8
BLACK
6
CONTINUOUS
10
0.2156920472440945
20
1.4268648031496063
11
0.2175
21
1.4272244094488189
0
LINE
8
BLACK
6
CONTINUOUS
10
0.2175
20
1.4272244094488189
11
0.2775
21
1.4272244094488189
0
LINE
8
BLACK
6
CONTINUOUS
10
0.2775
20
1.4272244094488189
11
0.2793079527559055
21
1.4268648031496063
0
LINE
8
BLACK
6
CONTINUOUS
10
1.2843079527559056
20
1.4143648031496063
11
1.2858406692913384
21
1.4133406692913386
0
LINE
8
BLACK
6
CONTINUOUS
10
1.2858406692913384
20
1.4133406692913386
11
1.2868648031496062
21
1.4118079527559055
0
LINE
8
BLACK
6
CONTINUOUS
10
1.2868648031496062
20
1.4118079527559055
11
1.2872244094488188
21
1.4099999999999999
0
LINE
8
BLACK
6
CONTINUOUS
10
1.2872244094488188
20
1.4099999999999999
11
1.2872244094488188
21
1.375
0
LINE
8
BLACK
6
CONTINUOUS
10
1.2872244094488188
20
1.375
11
1.2868648031496062
21
1.3731920472440944
0
LINE
8
BLACK
6
CONTINUOUS
10
1.2868648031496062
20
1.3731920472440944
11
1.2858406692913384
21
1.3716593307086613
0
LINE
8
BLACK
6
CONTINUOUS
10
1.2858406692913384
20
1.3716593307086613
11
1.2843079527559056
21
1.3706351968503936
0
LINE
8
BLACK
6
CONTINUOUS
10
1.2843079527559056
20
1.3706351968503936
11
1.2825
21
1.370275590551181
0
LINE
8
BLACK
6
CONTINUOUS
10
1.2825
20
1.370275590551181
11
1.2275
21
1.370275590551181
0
LINE
8
BLACK
6
CONTINUOUS
10
1.2275
20
1.370275590551181
11
1.2256920472440944
21
1.3706351968503936
0
LINE
8
BLACK
6
CONTINUOUS
10
1.2256920472440944
20
1.3706351968503936
11
1.2241593307086613
21
1.3716593307086613
0
LINE
8
BLACK
6
CONTINUOUS
10
1.2241593307086613
20
1.3716593307086613
11
1.2231351968503936
21
1.3731920472440944
0
LINE
8
BLACK
6
CONTINUOUS
10
1.2231351968503936
20
1.3731920472440944
11
1.222775590551181
21
1.375
0
LINE
8
BLACK
6
CONTINUOUS
10
1.222775590551181
20
1.375
11
1.222775590551181
21
1.4099999999999999
0
LINE
8
BLACK
6
CONTINUOUS
10
1.222775590551181
20
1.4099999999999999
11
1.2231351968503936
21
1.4118079527559055
0
LINE
8
BLACK
6
CONTINUOUS
10
1.2231351968503936
20
1.4118079527559055
11
1.2241593307086613
21
1.4133406692913386
0
LINE
8
BLACK
6
CONTINUOUS
10
1.2241593307086613
20
1.4133406692913386
11
1.2256920472440944
21
1.4143648031496063
0
LINE
8
BLACK
6
CONTINUOUS
10
1.2256920472440944
20
1.4143648031496063
11
1.2275
21
1.4147244094488189
0
LINE
8
BLACK
6
CONTINUOUS
10
1.2275
20
1.4147244094488189
11
1.2825
21
1.4147244094488189
0
LINE
8
BLACK
6
CONTINUOUS
10
1.2825
20
1.4147244094488189
11
1.2843079527559056
21
1.4143648031496063
0
LINE
8
BLACK
6
CONTINUOUS
10
1.1618079527559055
20
1.4693648031496063
11
1.1633406692913386
21
1.4683406692913386
0
LINE
8
BLACK
6
CONTINUOUS
10
1.1633406692913386
20
1.4683406692913386
11
1.1643648031496063
21
1.4668079527559055
0
LINE
8
BLACK
6
CONTINUOUS
10
1.1643648031496063
20
1.4668079527559055
11
1.1647244094488189
21
1.4649999999999999
0
LINE
8
BLACK
6
CONTINUOUS
10
1.1647244094488189
20
1.4649999999999999
11
1.1647244094488189
21
1.405
0
LINE
8
BLACK
6
CONTINUOUS
10
1.1647244094488189
20
1.405
11
1.1643648031496063
21
1.4031920472440944
0
LINE
8
BLACK
6
CONTINUOUS
10
1.1643648031496063
20
1.4031920472440944
11
1.1633406692913386
21
1.4016593307086613
0
LINE
8
BLACK
6
CONTINUOUS
10
1.1633406692913386
20
1.4016593307086613
11
1.1618079527559055
21
1.4006351968503936
0
LINE
8
BLACK
6
CONTINUOUS
10
1.1618079527559055
20
1.4006351968503936
11
1.1599999999999999
21
1.400275590551181
0
LINE
8
BLACK
6
CONTINUOUS
10
1.1599999999999999
20
1.400275590551181
11
1.0999999999999999
21
1.400275590551181
0
LINE
8
BLACK
6
CONTINUOUS
10
1.0999999999999999
20
1.400275590551181
11
1.0981920472440945
21
1.4006351968503936
0
LINE
8
BLACK
6
CONTINUOUS
10
1.0981920472440945
20
1.4006351968503936
11
1.0966593307086614
21
1.4016593307086613
0
LINE
8
BLACK
6
CONTINUOUS
10
1.0966593307086614
20
1.4016593307086613
11
1.0956351968503937
21
1.4031920472440944
0
LINE
8
BLACK
6
CONTINUOUS
10
1.0956351968503937
20
1.4031920472440944
11
1.0952755905511811
21
1.405
0
LINE
8
BLACK
6
CONTINUOUS
10
1.0952755905511811
20
1.405
11
1.0952755905511811
21
1.4649999999999999
0
LINE
8
BLACK
6
CONTINUOUS
10
1.0952755905511811
20
1.4649999999999999
11
1.0956351968503937
21
1.4668079527559055
0
LINE
8
BLACK
6
CONTINUOUS
10
1.0956351968503937
20
1.4668079527559055
11
1.0966593307086614
21
1.4683406692913386
0
LINE
8
BLACK
6
CONTINUOUS
10
1.0966593307086614
20
1.4683406692913386
11
1.0981920472440945
21
1.4693648031496063
0
LINE
8
BLACK
6
CONTINUOUS
10
1.0981920472440945
20
1.4693648031496063
11
1.0999999999999999
21
1.4697244094488189
0
LINE
8
BLACK
6
CONTINUOUS
10
1.0999999999999999
20
1.4697244094488189
11
1.1599999999999999
21
1.4697244094488189
0
LINE
8
BLACK
6
CONTINUOUS
10
1.1599999999999999
20
1.4697244094488189
11
1.1618079527559055
21
1.4693648031496063
0
LINE
8
BLACK
6
CONTINUOUS
10
0.5218079527559055
20
1.4943648031496062
11
0.5233406692913386
21
1.4933406692913385
0
LINE
8
BLACK
6
CONTINUOUS
10
0.5233406692913386
20
1.4933406692913385
11
0.5243648031496063
21
1.4918079527559054
0
LINE
8
BLACK
6
CONTINUOUS
10
0.5243648031496063
20
1.4918079527559054
11
0.5247244094488189
21
1.49
0
LINE
8
BLACK
6
CONTINUOUS
10
0.5247244094488189
20
1.49
11
0.5247244094488189
21
1.4299999999999999
0
LINE
8
BLACK
6
CONTINUOUS
10
0.5247244094488189
20
1.4299999999999999
11
0.5243648031496063
21
1.4281920472440945
0
LINE
8
BLACK
6
CONTINUOUS
10
0.5243648031496063
20
1.4281920472440945
11
0.5233406692913386
21
1.4266593307086615
0
LINE
8
BLACK
6
CONTINUOUS
10
0.5233406692913386
20
1.4266593307086615
11
0.5218079527559055
21
1.4256351968503937
0
LINE
8
BLACK
6
CONTINUOUS
10
0.5218079527559055
20
1.4256351968503937
11
0.52
21
1.4252755905511811
0
LINE
8
BLACK
6
CONTINUOUS
10
0.52
20
1.4252755905511811
11
0.46
21
1.4252755905511811
0
LINE
8
BLACK
6
CONTINUOUS
10
0.46
20
1.4252755905511811
11
0.4581920472440945
21
1.4256351968503937
0
LINE
8
BLACK
6
CONTINUOUS
10
0.4581920472440945
20
1.4256351968503937
11
0.4566593307086614
21
1.4266593307086615
0
LINE
8
BLACK
6
CONTINUOUS
10
0.4566593307086614
20
1.4266593307086615
11
0.4556351968503937
21
1.4281920472440945
0
LINE
8
BLACK
6
CONTINUOUS
10
0.4556351968503937
20
1.4281920472440945
11
0.4552755905511811
21
1.4299999999999999
0
LINE
8
BLACK
6
CONTINUOUS
10
0.4552755905511811
20
1.4299999999999999
11
0.4552755905511811
21
1.49
0
LINE
8
BLACK
6
CONTINUOUS
10
0.4552755905511811
20
1.49
11
0.4556351968503937
21
1.4918079527559054
0
LINE
8
BLACK
6
CONTINUOUS
10
0.4556351968503937
20
1.4918079527559054
11
0.4566593307086614
21
1.4933406692913385
0
LINE
8
BLACK
6
CONTINUOUS
10
0.4566593307086614
20
1.4933406692913385
11
0.4581920472440945
21
1.4943648031496062
0
LINE
8
BLACK
6
CONTINUOUS
10
0.4581920472440945
20
1.4943648031496062
11
0.46
21
1.4947244094488188
0
LINE
8
BLACK
6
CONTINUOUS
10
0.46
20
1.4947244094488188
11
0.52
21
1.4947244094488188
0
LINE
8
BLACK
6
CONTINUOUS
10
0.52
20
1.4947244094488188
11
0.5218079527559055
21
1.4943648031496062
0
LINE
8
BLACK
6
CONTINUOUS
10
0.6218079527559055
20
1.4943648031496062
11
0.6233406692913386
21
1.4933406692913385
0
LINE
8
BLACK
6
CONTINUOUS
10
0.6233406692913386
20
1.4933406692913385
11
0.6243648031496063
21
1.4918079527559054
0
LINE
8
BLACK
6
CONTINUOUS
10
0.6243648031496063
20
1.4918079527559054
11
0.6247244094488189
21
1.49
0
LINE
8
BLACK
6
CONTINUOUS
10
0.6247244094488189
20
1.49
11
0.6247244094488189
21
1.4299999999999999
0
LINE
8
BLACK
6
CONTINUOUS
10
0.6247244094488189
20
1.4299999999999999
11
0.6243648031496063
21
1.4281920472440945
0
LINE
8
BLACK
6
CONTINUOUS
10
0.6243648031496063
20
1.4281920472440945
11
0.6233406692913386
21
1.4266593307086615
0
LINE
8
BLACK
6
CONTINUOUS
10
0.6233406692913386
20
1.4266593307086615
11
0.6218079527559055
21
1.4256351968503937
0
LINE
8
BLACK
6
CONTINUOUS
10
0.6218079527559055
20
1.4256351968503937
11
0.62
21
1.4252755905511811
0
LINE
8
BLACK
6
CONTINUOUS
10
0.62
20
1.4252755905511811
11
0.5599999999999999
21
1.4252755905511811
0
LINE
8
BLACK
6
CONTINUOUS
10
0.5599999999999999
20
1.4252755905511811
11
0.5581920472440944
21
1.4256351968503937
0
LINE
8
BLACK
6
CONTINUOUS
10
0.5581920472440944
20
1.4256351968503937
11
0.5566593307086614
21
1.4266593307086615
0
LINE
8
BLACK
6
CONTINUOUS
10
0.5566593307086614
20
1.4266593307086615
11
0.5556351968503936
21
1.4281920472440945
0
LINE
8
BLACK
6
CONTINUOUS
10
0.5556351968503936
20
1.4281920472440945
11
0.5552755905511811
21
1.4299999999999999
0
LINE
8
BLACK
6
CONTINUOUS
10
0.5552755905511811
20
1.4299999999999999
11
0.5552755905511811
21
1.49
0
LINE
8
BLACK
6
CONTINUOUS
10
0.5552755905511811
20
1.49
11
0.5556351968503936
21
1.4918079527559054
0
LINE
8
BLACK
6
CONTINUOUS
10
0.5556351968503936
20
1.4918079527559054
11
0.5566593307086614
21
1.4933406692913385
0
LINE
8
BLACK
6
CONTINUOUS
10
0.5566593307086614
20
1.4933406692913385
11
0.5581920472440944
21
1.4943648031496062
0
LINE
8
BLACK
6
CONTINUOUS
10
0.5581920472440944
20
1.4943648031496062
11
0.5599999999999999
21
1.4947244094488188
0
LINE
8
BLACK
6
CONTINUOUS
10
0.5599999999999999
20
1.4947244094488188
11
0.62
21
1.4947244094488188
0
LINE
8
BLACK
6
CONTINUOUS
10
0.62
20
1.4947244094488188
11
0.6218079527559055
21
1.4943648031496062
0
LINE
8
BLACK
6
CONTINUOUS
10
1.2843079527559056
20
1.4893648031496063
11
1.2858406692913384
21
1.4883406692913386
0
LINE
8
BLACK
6
CONTINUOUS
10
1.2858406692913384
20
1.4883406692913386
11
1.2868648031496062
21
1.4868079527559055
0
LINE
8
BLACK
6
CONTINUOUS
10
1.2868648031496062
20
1.4868079527559055
11
1.2872244094488188
21
1.4849999999999999
0
LINE
8
BLACK
6
CONTINUOUS
10
1.2872244094488188
20
1.4849999999999999
11
1.2872244094488188
21
1.45
0
LINE
8
BLACK
6
CONTINUOUS
10
1.2872244094488188
20
1.45
11
1.2868648031496062
21
1.4481920472440946
0
LINE
8
BLACK
6
CONTINUOUS
10
1.2868648031496062
20
1.4481920472440946
11
1.2858406692913384
21
1.4466593307086615
0
LINE
8
BLACK
6
CONTINUOUS
10
1.2858406692913384
20
1.4466593307086615
11
1.2843079527559056
21
1.4456351968503938
0
LINE
8
BLACK
6
CONTINUOUS
10
1.2843079527559056
20
1.4456351968503938
11
1.2825
21
1.4452755905511812
0
LINE
8
BLACK
6
CONTINUOUS
10
1.2825
20
1.4452755905511812
11
1.2275
21
1.4452755905511812
0
LINE
8
BLACK
6
CONTINUOUS
10
1.2275
20
1.4452755905511812
11
1.2256920472440944
21
1.4456351968503938
0
LINE
8
BLACK
6
CONTINUOUS
10
1.2256920472440944
20
1.4456351968503938
11
1.2241593307086613
21
1.4466593307086615
0
LINE
8
BLACK
6
CONTINUOUS
10
1.2241593307086613
20
1.4466593307086615
11
1.2231351968503936
21
1.4481920472440946
0
LINE
8
BLACK
6
CONTINUOUS
10
1.2231351968503936
20
1.4481920472440946
11
1.222775590551181
21
1.45
0
LINE
8
BLACK
6
CONTINUOUS
10
1.222775590551181
20
1.45
11
1.222775590551181
21
1.4849999999999999
0
LINE
8
BLACK
6
CONTINUOUS
10
1.222775590551181
20
1.4849999999999999
11
1.2231351968503936
21
1.4868079527559055
0
LINE
8
BLACK
6
CONTINUOUS
10
1.2231351968503936
20
1.4868079527559055
11
1.2241593307086613
21
1.4883406692913386
0
LINE
8
BLACK
6
CONTINUOUS
10
1.2241593307086613
20
1.4883406692913386
11
1.2256920472440944
21
1.4893648031496063
0
LINE
8
BLACK
6
CONTINUOUS
10
1.2256920472440944
20
1.4893648031496063
11
1.2275
21
1.4897244094488189
0
LINE
8
BLACK
6
CONTINUOUS
10
1.2275
20
1.4897244094488189
11
1.2825
21
1.4897244094488189
0
LINE
8
BLACK
6
CONTINUOUS
10
1.2825
20
1.4897244094488189
11
1.2843079527559056
21
1.4893648031496063
0
LINE
8
BLACK
6
CONTINUOUS
10
1.0518079527559054
20
1.4993648031496063
11
1.0533406692913385
21
1.4983406692913386
0
LINE
8
BLACK
6
CONTINUOUS
10
1.0533406692913385
20
1.4983406692913386
11
1.0543648031496062
21
1.4968079527559055
0
LINE
8
BLACK
6
CONTINUOUS
10
1.0543648031496062
20
1.4968079527559055
11
1.0547244094488188
21
1.4949999999999999
0
LINE
8
BLACK
6
CONTINUOUS
10
1.0547244094488188
20
1.4949999999999999
11
1.0547244094488188
21
1.4550000000000001
0
LINE
8
BLACK
6
CONTINUOUS
10
1.0547244094488188
20
1.4550000000000001
11
1.0543648031496062
21
1.4531920472440945
0
LINE
8
BLACK
6
CONTINUOUS
10
1.0543648031496062
20
1.4531920472440945
11
1.0533406692913385
21
1.4516593307086614
0
LINE
8
BLACK
6
CONTINUOUS
10
1.0533406692913385
20
1.4516593307086614
11
1.0518079527559054
21
1.4506351968503937
0
LINE
8
BLACK
6
CONTINUOUS
10
1.0518079527559054
20
1.4506351968503937
11
1.05
21
1.450275590551181
0
LINE
8
BLACK
6
CONTINUOUS
10
1.05
20
1.450275590551181
11
0.97
21
1.450275590551181
0
LINE
8
BLACK
6
CONTINUOUS
10
0.97
20
1.450275590551181
11
0.9681920472440945
21
1.4506351968503937
0
LINE
8
BLACK
6
CONTINUOUS
10
0.9681920472440945
20
1.4506351968503937
11
0.9666593307086614
21
1.4516593307086614
0
LINE
8
BLACK
6
CONTINUOUS
10
0.9666593307086614
20
1.4516593307086614
11
0.9656351968503937
21
1.4531920472440945
0
LINE
8
BLACK
6
CONTINUOUS
10
0.9656351968503937
20
1.4531920472440945
11
0.9652755905511811
21
1.4550000000000001
0
LINE
8
BLACK
6
CONTINUOUS
10
0.9652755905511811
20
1.4550000000000001
11
0.9652755905511811
21
1.4949999999999999
0
LINE
8
BLACK
6
CONTINUOUS
10
0.9652755905511811
20
1.4949999999999999
11
0.9656351968503937
21
1.4968079527559055
0
LINE
8
BLACK
6
CONTINUOUS
10
0.9656351968503937
20
1.4968079527559055
11
0.9666593307086614
21
1.4983406692913386
0
LINE
8
BLACK
6
CONTINUOUS
10
0.9666593307086614
20
1.4983406692913386
11
0.9681920472440945
21
1.4993648031496063
0
LINE
8
BLACK
6
CONTINUOUS
10
0.9681920472440945
20
1.4993648031496063
11
0.97
21
1.4997244094488189
0
LINE
8
BLACK
6
CONTINUOUS
10
0.97
20
1.4997244094488189
11
1.05
21
1.4997244094488189
0
LINE
8
BLACK
6
CONTINUOUS
10
1.05
20
1.4997244094488189
11
1.0518079527559054
21
1.4993648031496063
0
LINE
8
BLACK
6
CONTINUOUS
10
1.4168079527559054
20
1.5193648031496063
11
1.4183406692913385
21
1.5183406692913386
0
LINE
8
BLACK
6
CONTINUOUS
10
1.4183406692913385
20
1.5183406692913386
11
1.4193648031496062
21
1.5168079527559055
0
LINE
8
BLACK
6
CONTINUOUS
10
1.4193648031496062
20
1.5168079527559055
11
1.4197244094488188
21
1.5149999999999999
0
LINE
8
BLACK
6
CONTINUOUS
10
1.4197244094488188
20
1.5149999999999999
11
1.4197244094488188
21
1.4550000000000001
0
LINE
8
BLACK
6
CONTINUOUS
10
1.4197244094488188
20
1.4550000000000001
11
1.4193648031496062
21
1.4531920472440945
0
LINE
8
BLACK
6
CONTINUOUS
10
1.4193648031496062
20
1.4531920472440945
11
1.4183406692913385
21
1.4516593307086614
0
LINE
8
BLACK
6
CONTINUOUS
10
1.4183406692913385
20
1.4516593307086614
11
1.4168079527559054
21
1.4506351968503937
0
LINE
8
BLACK
6
CONTINUOUS
10
1.4168079527559054
20
1.4506351968503937
11
1.415
21
1.450275590551181
0
LINE
8
BLACK
6
CONTINUOUS
10
1.415
20
1.450275590551181
11
1.355
21
1.450275590551181
0
LINE
8
BLACK
6
CONTINUOUS
10
1.355
20
1.450275590551181
11
1.3531920472440944
21
1.4506351968503937
0
LINE
8
BLACK
6
CONTINUOUS
10
1.3531920472440944
20
1.4506351968503937
11
1.3516593307086613
21
1.4516593307086614
0
LINE
8
BLACK
6
CONTINUOUS
10
1.3516593307086613
20
1.4516593307086614
11
1.3506351968503936
21
1.4531920472440945
0
LINE
8
BLACK
6
CONTINUOUS
10
1.3506351968503936
20
1.4531920472440945
11
1.3502755905511812
21
1.4550000000000001
0
LINE
8
BLACK
6
CONTINUOUS
10
1.3502755905511812
20
1.4550000000000001
11
1.3502755905511812
21
1.5149999999999999
0
LINE
8
BLACK
6
CONTINUOUS
10
1.3502755905511812
20
1.5149999999999999
11
1.3506351968503936
21
1.5168079527559055
0
LINE
8
BLACK
6
CONTINUOUS
10
1.3506351968503936
20
1.5168079527559055
11
1.3516593307086613
21
1.5183406692913386
0
LINE
8
BLACK
6
CONTINUOUS
10
1.3516593307086613
20
1.5183406692913386
11
1.3531920472440944
21
1.5193648031496063
0
LINE
8
BLACK
6
CONTINUOUS
10
1.3531920472440944
20
1.5193648031496063
11
1.355
21
1.5197244094488189
0
LINE
8
BLACK
6
CONTINUOUS
10
1.355
20
1.5197244094488189
11
1.415
21
1.5197244094488189
0
LINE
8
BLACK
6
CONTINUOUS
10
1.415
20
1.5197244094488189
11
1.4168079527559054
21
1.5193648031496063
0
LINE
8
BLACK
6
CONTINUOUS
10
1.5168079527559055
20
1.5193648031496063
11
1.5183406692913386
21
1.5183406692913386
0
LINE
8
BLACK
6
CONTINUOUS
10
1.5183406692913386
20
1.5183406692913386
11
1.5193648031496063
21
1.5168079527559055
0
LINE
8
BLACK
6
CONTINUOUS
10
1.5193648031496063
20
1.5168079527559055
11
1.5197244094488189
21
1.5149999999999999
0
LINE
8
BLACK
6
CONTINUOUS
10
1.5197244094488189
20
1.5149999999999999
11
1.5197244094488189
21
1.4550000000000001
0
LINE
8
BLACK
6
CONTINUOUS
10
1.5197244094488189
20
1.4550000000000001
11
1.5193648031496063
21
1.4531920472440945
0
LINE
8
BLACK
6
CONTINUOUS
10
1.5193648031496063
20
1.4531920472440945
11
1.5183406692913386
21
1.4516593307086614
0
LINE
8
BLACK
6
CONTINUOUS
10
1.5183406692913386
20
1.4516593307086614
11
1.5168079527559055
21
1.4506351968503937
0
LINE
8
BLACK
6
CONTINUOUS
10
1.5168079527559055
20
1.4506351968503937
11
1.5149999999999999
21
1.450275590551181
0
LINE
8
BLACK
6
CONTINUOUS
10
1.5149999999999999
20
1.450275590551181
11
1.4550000000000001
21
1.450275590551181
0
LINE
8
BLACK
6
CONTINUOUS
10
1.4550000000000001
20
1.450275590551181
11
1.4531920472440945
21
1.4506351968503937
0
LINE
8
BLACK
6
CONTINUOUS
10
1.4531920472440945
20
1.4506351968503937
11
1.4516593307086614
21
1.4516593307086614
0
LINE
8
BLACK
6
CONTINUOUS
10
1.4516593307086614
20
1.4516593307086614
11
1.4506351968503937
21
1.4531920472440945
0
LINE
8
BLACK
6
CONTINUOUS
10
1.4506351968503937
20
1.4531920472440945
11
1.450275590551181
21
1.4550000000000001
0
LINE
8
BLACK
6
CONTINUOUS
10
1.450275590551181
20
1.4550000000000001
11
1.450275590551181
21
1.5149999999999999
0
LINE
8
BLACK
6
CONTINUOUS
10
1.450275590551181
20
1.5149999999999999
11
1.4506351968503937
21
1.5168079527559055
0
LINE
8
BLACK
6
CONTINUOUS
10
1.4506351968503937
20
1.5168079527559055
11
1.4516593307086614
21
1.5183406692913386
0
LINE
8
BLACK
6
CONTINUOUS
10
1.4516593307086614
20
1.5183406692913386
11
1.4531920472440945
21
1.5193648031496063
0
LINE
8
BLACK
6
CONTINUOUS
10
1.4531920472440945
20
1.5193648031496063
11
1.4550000000000001
21
1.5197244094488189
0
LINE
8
BLACK
6
CONTINUOUS
10
1.4550000000000001
20
1.5197244094488189
11
1.5149999999999999
21
1.5197244094488189
0
LINE
8
BLACK
6
CONTINUOUS
10
1.5149999999999999
20
1.5197244094488189
11
1.5168079527559055
21
1.5193648031496063
0
LINE
8
BLACK
6
CONTINUOUS
10
0.1793079527559055
20
1.5268648031496062
11
0.1808406692913386
21
1.5258406692913387
0
LINE
8
BLACK
6
CONTINUOUS
10
0.1808406692913386
20
1.5258406692913387
11
0.1818648031496063
21
1.5243079527559056
0
LINE
8
BLACK
6
CONTINUOUS
10
0.1818648031496063
20
1.5243079527559056
11
0.1822244094488189
21
1.5225
0
LINE
8
BLACK
6
CONTINUOUS
10
0.1822244094488189
20
1.5225
11
0.1822244094488189
21
1.4624999999999999
0
LINE
8
BLACK
6
CONTINUOUS
10
0.1822244094488189
20
1.4624999999999999
11
0.1818648031496063
21
1.4606920472440945
0
LINE
8
BLACK
6
CONTINUOUS
10
0.1818648031496063
20
1.4606920472440945
11
0.1808406692913386
21
1.4591593307086614
0
LINE
8
BLACK
6
CONTINUOUS
10
0.1808406692913386
20
1.4591593307086614
11
0.1793079527559055
21
1.4581351968503937
0
LINE
8
BLACK
6
CONTINUOUS
10
0.1793079527559055
20
1.4581351968503937
11
0.1775
21
1.4577755905511811
0
LINE
8
BLACK
6
CONTINUOUS
10
0.1775
20
1.4577755905511811
11
0.1175
21
1.4577755905511811
0
LINE
8
BLACK
6
CONTINUOUS
10
0.1175
20
1.4577755905511811
11
0.1156920472440945
21
1.4581351968503937
0
LINE
8
BLACK
6
CONTINUOUS
10
0.1156920472440945
20
1.4581351968503937
11
0.1141593307086614
21
1.4591593307086614
0
LINE
8
BLACK
6
CONTINUOUS
10
0.1141593307086614
20
1.4591593307086614
11
0.1131351968503937
21
1.4606920472440945
0
LINE
8
BLACK
6
CONTINUOUS
10
0.1131351968503937
20
1.4606920472440945
11
0.1127755905511811
21
1.4624999999999999
0
LINE
8
BLACK
6
CONTINUOUS
10
0.1127755905511811
20
1.4624999999999999
11
0.1127755905511811
21
1.5225
0
LINE
8
BLACK
6
CONTINUOUS
10
0.1127755905511811
20
1.5225
11
0.1131351968503937
21
1.5243079527559056
0
LINE
8
BLACK
6
CONTINUOUS
10
0.1131351968503937
20
1.5243079527559056
11
0.1141593307086614
21
1.5258406692913387
0
LINE
8
BLACK
6
CONTINUOUS
10
0.1141593307086614
20
1.5258406692913387
11
0.1156920472440945
21
1.5268648031496062
0
LINE
8
BLACK
6
CONTINUOUS
10
0.1156920472440945
20
1.5268648031496062
11
0.1175
21
1.5272244094488188
0
LINE
8
BLACK
6
CONTINUOUS
10
0.1175
20
1.5272244094488188
11
0.1775
21
1.5272244094488188
0
LINE
8
BLACK
6
CONTINUOUS
10
0.1775
20
1.5272244094488188
11
0.1793079527559055
21
1.5268648031496062
0
LINE
8
BLACK
6
CONTINUOUS
10
0.2793079527559055
20
1.5268648031496062
11
0.2808406692913386
21
1.5258406692913387
0
LINE
8
BLACK
6
CONTINUOUS
10
0.2808406692913386
20
1.5258406692913387
11
0.2818648031496063
21
1.5243079527559056
0
LINE
8
BLACK
6
CONTINUOUS
10
0.2818648031496063
20
1.5243079527559056
11
0.2822244094488189
21
1.5225
0
LINE
8
BLACK
6
CONTINUOUS
10
0.2822244094488189
20
1.5225
11
0.2822244094488189
21
1.4624999999999999
0
LINE
8
BLACK
6
CONTINUOUS
10
0.2822244094488189
20
1.4624999999999999
11
0.2818648031496063
21
1.4606920472440945
0
LINE
8
BLACK
6
CONTINUOUS
10
0.2818648031496063
20
1.4606920472440945
11
0.2808406692913386
21
1.4591593307086614
0
LINE
8
BLACK
6
CONTINUOUS
10
0.2808406692913386
20
1.4591593307086614
11
0.2793079527559055
21
1.4581351968503937
0
LINE
8
BLACK
6
CONTINUOUS
10
0.2793079527559055
20
1.4581351968503937
11
0.2775
21
1.4577755905511811
0
LINE
8
BLACK
6
CONTINUOUS
10
0.2775
20
1.4577755905511811
11
0.2175
21
1.4577755905511811
0
LINE
8
BLACK
6
CONTINUOUS
10
0.2175
20
1.4577755905511811
11
0.2156920472440945
21
1.4581351968503937
0
LINE
8
BLACK
6
CONTINUOUS
10
0.2156920472440945
20
1.4581351968503937
11
0.2141593307086614
21
1.4591593307086614
0
LINE
8
BLACK
6
CONTINUOUS
10
0.2141593307086614
20
1.4591593307086614
11
0.2131351968503937
21
1.4606920472440945
0
LINE
8
BLACK
6
CONTINUOUS
10
0.2131351968503937
20
1.4606920472440945
11
0.2127755905511811
21
1.4624999999999999
0
LINE
8
BLACK
6
CONTINUOUS
10
0.2127755905511811
20
1.4624999999999999
11
0.2127755905511811
21
1.5225
0
LINE
8
BLACK
6
CONTINUOUS
10
0.2127755905511811
20
1.5225
11
0.2131351968503937
21
1.5243079527559056
0
LINE
8
BLACK
6
CONTINUOUS
10
0.2131351968503937
20
1.5243079527559056
11
0.2141593307086614
21
1.5258406692913387
0
LINE
8
BLACK
6
CONTINUOUS
10
0.2141593307086614
20
1.5258406692913387
11
0.2156920472440945
21
1.5268648031496062
0
LINE
8
BLACK
6
CONTINUOUS
10
0.2156920472440945
20
1.5268648031496062
11
0.2175
21
1.5272244094488188
0
LINE
8
BLACK
6
CONTINUOUS
10
0.2175
20
1.5272244094488188
11
0.2775
21
1.5272244094488188
0
LINE
8
BLACK
6
CONTINUOUS
10
0.2775
20
1.5272244094488188
11
0.2793079527559055
21
1.5268648031496062
0
LINE
8
BLACK
6
CONTINUOUS
10
0.7918079527559055
20
1.6413648031496062
11
0.7933406692913386
21
1.6403406692913385
0
LINE
8
BLACK
6
CONTINUOUS
10
0.7933406692913386
20
1.6403406692913385
11
0.7943648031496063
21
1.6388079527559054
0
LINE
8
BLACK
6
CONTINUOUS
10
0.7943648031496063
20
1.6388079527559054
11
0.7947244094488188
21
1.637
0
LINE
8
BLACK
6
CONTINUOUS
10
0.7947244094488188
20
1.637
11
0.7947244094488188
21
1.4929999999999999
0
LINE
8
BLACK
6
CONTINUOUS
10
0.7947244094488188
20
1.4929999999999999
11
0.7943648031496063
21
1.4911920472440945
0
LINE
8
BLACK
6
CONTINUOUS
10
0.7943648031496063
20
1.4911920472440945
11
0.7933406692913386
21
1.4896593307086614
0
LINE
8
BLACK
6
CONTINUOUS
10
0.7933406692913386
20
1.4896593307086614
11
0.7918079527559055
21
1.4886351968503937
0
LINE
8
BLACK
6
CONTINUOUS
10
0.7918079527559055
20
1.4886351968503937
11
0.79
21
1.4882755905511811
0
LINE
8
BLACK
6
CONTINUOUS
10
0.79
20
1.4882755905511811
11
0.71
21
1.4882755905511811
0
LINE
8
BLACK
6
CONTINUOUS
10
0.71
20
1.4882755905511811
11
0.7081920472440945
21
1.4886351968503937
0
LINE
8
BLACK
6
CONTINUOUS
10
0.7081920472440945
20
1.4886351968503937
11
0.7066593307086614
21
1.4896593307086614
0
LINE
8
BLACK
6
CONTINUOUS
10
0.7066593307086614
20
1.4896593307086614
11
0.7056351968503937
21
1.4911920472440945
0
LINE
8
BLACK
6
CONTINUOUS
10
0.7056351968503937
20
1.4911920472440945
11
0.7052755905511811
21
1.4929999999999999
0
LINE
8
BLACK
6
CONTINUOUS
10
0.7052755905511811
20
1.4929999999999999
11
0.7052755905511811
21
1.637
0
LINE
8
BLACK
6
CONTINUOUS
10
0.7052755905511811
20
1.637
11
0.7056351968503937
21
1.6388079527559054
0
LINE
8
BLACK
6
CONTINUOUS
10
0.7056351968503937
20
1.6388079527559054
11
0.7066593307086614
21
1.6403406692913385
0
LINE
8
BLACK
6
CONTINUOUS
10
0.7066593307086614
20
1.6403406692913385
11
0.7081920472440945
21
1.6413648031496062
0
LINE
8
BLACK
6
CONTINUOUS
10
0.7081920472440945
20
1.6413648031496062
11
0.71
21
1.6417244094488188
0
LINE
8
BLACK
6
CONTINUOUS
10
0.71
20
1.6417244094488188
11
0.79
21
1.6417244094488188
0
LINE
8
BLACK
6
CONTINUOUS
10
0.79
20
1.6417244094488188
11
0.7918079527559055
21
1.6413648031496062
0
LINE
8
BLACK
6
CONTINUOUS
10
1.1618079527559055
20
1.5693648031496064
11
1.1633406692913386
21
1.5683406692913386
0
LINE
8
BLACK
6
CONTINUOUS
10
1.1633406692913386
20
1.5683406692913386
11
1.1643648031496063
21
1.5668079527559056
0
LINE
8
BLACK
6
CONTINUOUS
10
1.1643648031496063
20
1.5668079527559056
11
1.1647244094488189
21
1.5649999999999999
0
LINE
8
BLACK
6
CONTINUOUS
10
1.1647244094488189
20
1.5649999999999999
11
1.1647244094488189
21
1.5049999999999999
0
LINE
8
BLACK
6
CONTINUOUS
10
1.1647244094488189
20
1.5049999999999999
11
1.1643648031496063
21
1.5031920472440945
0
LINE
8
BLACK
6
CONTINUOUS
10
1.1643648031496063
20
1.5031920472440945
11
1.1633406692913386
21
1.5016593307086614
0
LINE
8
BLACK
6
CONTINUOUS
10
1.1633406692913386
20
1.5016593307086614
11
1.1618079527559055
21
1.5006351968503937
0
LINE
8
BLACK
6
CONTINUOUS
10
1.1618079527559055
20
1.5006351968503937
11
1.1599999999999999
21
1.5002755905511811
0
LINE
8
BLACK
6
CONTINUOUS
10
1.1599999999999999
20
1.5002755905511811
11
1.0999999999999999
21
1.5002755905511811
0
LINE
8
BLACK
6
CONTINUOUS
10
1.0999999999999999
20
1.5002755905511811
11
1.0981920472440945
21
1.5006351968503937
0
LINE
8
BLACK
6
CONTINUOUS
10
1.0981920472440945
20
1.5006351968503937
11
1.0966593307086614
21
1.5016593307086614
0
LINE
8
BLACK
6
CONTINUOUS
10
1.0966593307086614
20
1.5016593307086614
11
1.0956351968503937
21
1.5031920472440945
0
LINE
8
BLACK
6
CONTINUOUS
10
1.0956351968503937
20
1.5031920472440945
11
1.0952755905511811
21
1.5049999999999999
0
LINE
8
BLACK
6
CONTINUOUS
10
1.0952755905511811
20
1.5049999999999999
11
1.0952755905511811
21
1.5649999999999999
0
LINE
8
BLACK
6
CONTINUOUS
10
1.0952755905511811
20
1.5649999999999999
11
1.0956351968503937
21
1.5668079527559056
0
LINE
8
BLACK
6
CONTINUOUS
10
1.0956351968503937
20
1.5668079527559056
11
1.0966593307086614
21
1.5683406692913386
0
LINE
8
BLACK
6
CONTINUOUS
10
1.0966593307086614
20
1.5683406692913386
11
1.0981920472440945
21
1.5693648031496064
0
LINE
8
BLACK
6
CONTINUOUS
10
1.0981920472440945
20
1.5693648031496064
11
1.0999999999999999
21
1.569724409448819
0
LINE
8
BLACK
6
CONTINUOUS
10
1.0999999999999999
20
1.569724409448819
11
1.1599999999999999
21
1.569724409448819
0
LINE
8
BLACK
6
CONTINUOUS
10
1.1599999999999999
20
1.569724409448819
11
1.1618079527559055
21
1.5693648031496064
0
LINE
8
BLACK
6
CONTINUOUS
10
0.5218079527559055
20
1.5943648031496063
11
0.5233406692913386
21
1.5933406692913386
0
LINE
8
BLACK
6
CONTINUOUS
10
0.5233406692913386
20
1.5933406692913386
11
0.5243648031496063
21
1.5918079527559055
0
LINE
8
BLACK
6
CONTINUOUS
10
0.5243648031496063
20
1.5918079527559055
11
0.5247244094488189
21
1.5899999999999999
0
LINE
8
BLACK
6
CONTINUOUS
10
0.5247244094488189
20
1.5899999999999999
11
0.5247244094488189
21
1.53
0
LINE
8
BLACK
6
CONTINUOUS
10
0.5247244094488189
20
1.53
11
0.5243648031496063
21
1.5281920472440944
0
LINE
8
BLACK
6
CONTINUOUS
10
0.5243648031496063
20
1.5281920472440944
11
0.5233406692913386
21
1.5266593307086613
0
LINE
8
BLACK
6
CONTINUOUS
10
0.5233406692913386
20
1.5266593307086613
11
0.5218079527559055
21
1.5256351968503936
0
LINE
8
BLACK
6
CONTINUOUS
10
0.5218079527559055
20
1.5256351968503936
11
0.52
21
1.525275590551181
0
LINE
8
BLACK
6
CONTINUOUS
10
0.52
20
1.525275590551181
11
0.46
21
1.525275590551181
0
LINE
8
BLACK
6
CONTINUOUS
10
0.46
20
1.525275590551181
11
0.4581920472440945
21
1.5256351968503936
0
LINE
8
BLACK
6
CONTINUOUS
10
0.4581920472440945
20
1.5256351968503936
11
0.4566593307086614
21
1.5266593307086613
0
LINE
8
BLACK
6
CONTINUOUS
10
0.4566593307086614
20
1.5266593307086613
11
0.4556351968503937
21
1.5281920472440944
0
LINE
8
BLACK
6
CONTINUOUS
10
0.4556351968503937
20
1.5281920472440944
11
0.4552755905511811
21
1.53
0
LINE
8
BLACK
6
CONTINUOUS
10
0.4552755905511811
20
1.53
11
0.4552755905511811
21
1.5899999999999999
0
LINE
8
BLACK
6
CONTINUOUS
10
0.4552755905511811
20
1.5899999999999999
11
0.4556351968503937
21
1.5918079527559055
0
LINE
8
BLACK
6
CONTINUOUS
10
0.4556351968503937
20
1.5918079527559055
11
0.4566593307086614
21
1.5933406692913386
0
LINE
8
BLACK
6
CONTINUOUS
10
0.4566593307086614
20
1.5933406692913386
11
0.4581920472440945
21
1.5943648031496063
0
LINE
8
BLACK
6
CONTINUOUS
10
0.4581920472440945
20
1.5943648031496063
11
0.46
21
1.5947244094488189
0
LINE
8
BLACK
6
CONTINUOUS
10
0.46
20
1.5947244094488189
11
0.52
21
1.5947244094488189
0
LINE
8
BLACK
6
CONTINUOUS
10
0.52
20
1.5947244094488189
11
0.5218079527559055
21
1.5943648031496063
0
LINE
8
BLACK
6
CONTINUOUS
10
0.6218079527559055
20
1.5943648031496063
11
0.6233406692913386
21
1.5933406692913386
0
LINE
8
BLACK
6
CONTINUOUS
10
0.6233406692913386
20
1.5933406692913386
11
0.6243648031496063
21
1.5918079527559055
0
LINE
8
BLACK
6
CONTINUOUS
10
0.6243648031496063
20
1.5918079527559055
11
0.6247244094488189
21
1.5899999999999999
0
LINE
8
BLACK
6
CONTINUOUS
10
0.6247244094488189
20
1.5899999999999999
11
0.6247244094488189
21
1.53
0
LINE
8
BLACK
6
CONTINUOUS
10
0.6247244094488189
20
1.53
11
0.6243648031496063
21
1.5281920472440944
0
LINE
8
BLACK
6
CONTINUOUS
10
0.6243648031496063
20
1.5281920472440944
11
0.6233406692913386
21
1.5266593307086613
0
LINE
8
BLACK
6
CONTINUOUS
10
0.6233406692913386
20
1.5266593307086613
11
0.6218079527559055
21
1.5256351968503936
0
LINE
8
BLACK
6
CONTINUOUS
10
0.6218079527559055
20
1.5256351968503936
11
0.62
21
1.525275590551181
0
LINE
8
BLACK
6
CONTINUOUS
10
0.62
20
1.525275590551181
11
0.5599999999999999
21
1.525275590551181
0
LINE
8
BLACK
6
CONTINUOUS
10
0.5599999999999999
20
1.525275590551181
11
0.5581920472440944
21
1.5256351968503936
0
LINE
8
BLACK
6
CONTINUOUS
10
0.5581920472440944
20
1.5256351968503936
11
0.5566593307086614
21
1.5266593307086613
0
LINE
8
BLACK
6
CONTINUOUS
10
0.5566593307086614
20
1.5266593307086613
11
0.5556351968503936
21
1.5281920472440944
0
LINE
8
BLACK
6
CONTINUOUS
10
0.5556351968503936
20
1.5281920472440944
11
0.5552755905511811
21
1.53
0
LINE
8
BLACK
6
CONTINUOUS
10
0.5552755905511811
20
1.53
11
0.5552755905511811
21
1.5899999999999999
0
LINE
8
BLACK
6
CONTINUOUS
10
0.5552755905511811
20
1.5899999999999999
11
0.5556351968503936
21
1.5918079527559055
0
LINE
8
BLACK
6
CONTINUOUS
10
0.5556351968503936
20
1.5918079527559055
11
0.5566593307086614
21
1.5933406692913386
0
LINE
8
BLACK
6
CONTINUOUS
10
0.5566593307086614
20
1.5933406692913386
11
0.5581920472440944
21
1.5943648031496063
0
LINE
8
BLACK
6
CONTINUOUS
10
0.5581920472440944
20
1.5943648031496063
11
0.5599999999999999
21
1.5947244094488189
0
LINE
8
BLACK
6
CONTINUOUS
10
0.5599999999999999
20
1.5947244094488189
11
0.62
21
1.5947244094488189
0
LINE
8
BLACK
6
CONTINUOUS
10
0.62
20
1.5947244094488189
11
0.6218079527559055
21
1.5943648031496063
0
LINE
8
BLACK
6
CONTINUOUS
10
1.0518079527559054
20
1.5893648031496062
11
1.0533406692913385
21
1.5883406692913384
0
LINE
8
BLACK
6
CONTINUOUS
10
1.0533406692913385
20
1.5883406692913384
11
1.0543648031496062
21
1.5868079527559056
0
LINE
8
BLACK
6
CONTINUOUS
10
1.0543648031496062
20
1.5868079527559056
11
1.0547244094488188
21
1.585
0
LINE
8
BLACK
6
CONTINUOUS
10
1.0547244094488188
20
1.585
11
1.0547244094488188
21
1.5449999999999999
0
LINE
8
BLACK
6
CONTINUOUS
10
1.0547244094488188
20
1.5449999999999999
11
1.0543648031496062
21
1.5431920472440945
0
LINE
8
BLACK
6
CONTINUOUS
10
1.0543648031496062
20
1.5431920472440945
11
1.0533406692913385
21
1.5416593307086615
0
LINE
8
BLACK
6
CONTINUOUS
10
1.0533406692913385
20
1.5416593307086615
11
1.0518079527559054
21
1.5406351968503937
0
LINE
8
BLACK
6
CONTINUOUS
10
1.0518079527559054
20
1.5406351968503937
11
1.05
21
1.5402755905511811
0
LINE
8
BLACK
6
CONTINUOUS
10
1.05
20
1.5402755905511811
11
0.97
21
1.5402755905511811
0
LINE
8
BLACK
6
CONTINUOUS
10
0.97
20
1.5402755905511811
11
0.9681920472440945
21
1.5406351968503937
0
LINE
8
BLACK
6
CONTINUOUS
10
0.9681920472440945
20
1.5406351968503937
11
0.9666593307086614
21
1.5416593307086615
0
LINE
8
BLACK
6
CONTINUOUS
10
0.9666593307086614
20
1.5416593307086615
11
0.9656351968503937
21
1.5431920472440945
0
LINE
8
BLACK
6
CONTINUOUS
10
0.9656351968503937
20
1.5431920472440945
11
0.9652755905511811
21
1.5449999999999999
0
LINE
8
BLACK
6
CONTINUOUS
10
0.9652755905511811
20
1.5449999999999999
11
0.9652755905511811
21
1.585
0
LINE
8
BLACK
6
CONTINUOUS
10
0.9652755905511811
20
1.585
11
0.9656351968503937
21
1.5868079527559056
0
LINE
8
BLACK
6
CONTINUOUS
10
0.9656351968503937
20
1.5868079527559056
11
0.9666593307086614
21
1.5883406692913384
0
LINE
8
BLACK
6
CONTINUOUS
10
0.9666593307086614
20
1.5883406692913384
11
0.9681920472440945
21
1.5893648031496062
0
LINE
8
BLACK
6
CONTINUOUS
10
0.9681920472440945
20
1.5893648031496062
11
0.97
21
1.5897244094488188
0
LINE
8
BLACK
6
CONTINUOUS
10
0.97
20
1.5897244094488188
11
1.05
21
1.5897244094488188
0
LINE
8
BLACK
6
CONTINUOUS
10
1.05
20
1.5897244094488188
11
1.0518079527559054
21
1.5893648031496062
0
LINE
8
BLACK
6
CONTINUOUS
10
1.4168079527559054
20
1.6193648031496062
11
1.4183406692913385
21
1.6183406692913385
0
LINE
8
BLACK
6
CONTINUOUS
10
1.4183406692913385
20
1.6183406692913385
11
1.4193648031496062
21
1.6168079527559054
0
LINE
8
BLACK
6
CONTINUOUS
10
1.4193648031496062
20
1.6168079527559054
11
1.4197244094488188
21
1.615
0
LINE
8
BLACK
6
CONTINUOUS
10
1.4197244094488188
20
1.615
11
1.4197244094488188
21
1.5549999999999999
0
LINE
8
BLACK
6
CONTINUOUS
10
1.4197244094488188
20
1.5549999999999999
11
1.4193648031496062
21
1.5531920472440945
0
LINE
8
BLACK
6
CONTINUOUS
10
1.4193648031496062
20
1.5531920472440945
11
1.4183406692913385
21
1.5516593307086615
0
LINE
8
BLACK
6
CONTINUOUS
10
1.4183406692913385
20
1.5516593307086615
11
1.4168079527559054
21
1.5506351968503937
0
LINE
8
BLACK
6
CONTINUOUS
10
1.4168079527559054
20
1.5506351968503937
11
1.415
21
1.5502755905511811
0
LINE
8
BLACK
6
CONTINUOUS
10
1.415
20
1.5502755905511811
11
1.355
21
1.5502755905511811
0
LINE
8
BLACK
6
CONTINUOUS
10
1.355
20
1.5502755905511811
11
1.3531920472440944
21
1.5506351968503937
0
LINE
8
BLACK
6
CONTINUOUS
10
1.3531920472440944
20
1.5506351968503937
11
1.3516593307086613
21
1.5516593307086615
0
LINE
8
BLACK
6
CONTINUOUS
10
1.3516593307086613
20
1.5516593307086615
11
1.3506351968503936
21
1.5531920472440945
0
LINE
8
BLACK
6
CONTINUOUS
10
1.3506351968503936
20
1.5531920472440945
11
1.3502755905511812
21
1.5549999999999999
0
LINE
8
BLACK
6
CONTINUOUS
10
1.3502755905511812
20
1.5549999999999999
11
1.3502755905511812
21
1.615
0
LINE
8
BLACK
6
CONTINUOUS
10
1.3502755905511812
20
1.615
11
1.3506351968503936
21
1.6168079527559054
0
LINE
8
BLACK
6
CONTINUOUS
10
1.3506351968503936
20
1.6168079527559054
11
1.3516593307086613
21
1.6183406692913385
0
LINE
8
BLACK
6
CONTINUOUS
10
1.3516593307086613
20
1.6183406692913385
11
1.3531920472440944
21
1.6193648031496062
0
LINE
8
BLACK
6
CONTINUOUS
10
1.3531920472440944
20
1.6193648031496062
11
1.355
21
1.6197244094488188
0
LINE
8
BLACK
6
CONTINUOUS
10
1.355
20
1.6197244094488188
11
1.415
21
1.6197244094488188
0
LINE
8
BLACK
6
CONTINUOUS
10
1.415
20
1.6197244094488188
11
1.4168079527559054
21
1.6193648031496062
0
LINE
8
BLACK
6
CONTINUOUS
10
1.5168079527559055
20
1.6193648031496062
11
1.5183406692913386
21
1.6183406692913385
0
LINE
8
BLACK
6
CONTINUOUS
10
1.5183406692913386
20
1.6183406692913385
11
1.5193648031496063
21
1.6168079527559054
0
LINE
8
BLACK
6
CONTINUOUS
10
1.5193648031496063
20
1.6168079527559054
11
1.5197244094488189
21
1.615
0
LINE
8
BLACK
6
CONTINUOUS
10
1.5197244094488189
20
1.615
11
1.5197244094488189
21
1.5549999999999999
0
LINE
8
BLACK
6
CONTINUOUS
10
1.5197244094488189
20
1.5549999999999999
11
1.5193648031496063
21
1.5531920472440945
0
LINE
8
BLACK
6
CONTINUOUS
10
1.5193648031496063
20
1.5531920472440945
11
1.5183406692913386
21
1.5516593307086615
0
LINE
8
BLACK
6
CONTINUOUS
10
1.5183406692913386
20
1.5516593307086615
11
1.5168079527559055
21
1.5506351968503937
0
LINE
8
BLACK
6
CONTINUOUS
10
1.5168079527559055
20
1.5506351968503937
11
1.5149999999999999
21
1.5502755905511811
0
LINE
8
BLACK
6
CONTINUOUS
10
1.5149999999999999
20
1.5502755905511811
11
1.4550000000000001
21
1.5502755905511811
0
LINE
8
BLACK
6
CONTINUOUS
10
1.4550000000000001
20
1.5502755905511811
11
1.4531920472440945
21
1.5506351968503937
0
LINE
8
BLACK
6
CONTINUOUS
10
1.4531920472440945
20
1.5506351968503937
11
1.4516593307086614
21
1.5516593307086615
0
LINE
8
BLACK
6
CONTINUOUS
10
1.4516593307086614
20
1.5516593307086615
11
1.4506351968503937
21
1.5531920472440945
0
LINE
8
BLACK
6
CONTINUOUS
10
1.4506351968503937
20
1.5531920472440945
11
1.450275590551181
21
1.5549999999999999
0
LINE
8
BLACK
6
CONTINUOUS
10
1.450275590551181
20
1.5549999999999999
11
1.450275590551181
21
1.615
0
LINE
8
BLACK
6
CONTINUOUS
10
1.450275590551181
20
1.615
11
1.4506351968503937
21
1.6168079527559054
0
LINE
8
BLACK
6
CONTINUOUS
10
1.4506351968503937
20
1.6168079527559054
11
1.4516593307086614
21
1.6183406692913385
0
LINE
8
BLACK
6
CONTINUOUS
10
1.4516593307086614
20
1.6183406692913385
11
1.4531920472440945
21
1.6193648031496062
0
LINE
8
BLACK
6
CONTINUOUS
10
1.4531920472440945
20
1.6193648031496062
11
1.4550000000000001
21
1.6197244094488188
0
LINE
8
BLACK
6
CONTINUOUS
10
1.4550000000000001
20
1.6197244094488188
11
1.5149999999999999
21
1.6197244094488188
0
LINE
8
BLACK
6
CONTINUOUS
10
1.5149999999999999
20
1.6197244094488188
11
1.5168079527559055
21
1.6193648031496062
0
LINE
8
BLACK
6
CONTINUOUS
10
0.1798079527559055
20
1.6263648031496063
11
0.1813406692913386
21
1.6253406692913386
0
LINE
8
BLACK
6
CONTINUOUS
10
0.1813406692913386
20
1.6253406692913386
11
0.1823648031496063
21
1.6238079527559055
0
LINE
8
BLACK
6
CONTINUOUS
10
0.1823648031496063
20
1.6238079527559055
11
0.1827244094488189
21
1.6219999999999999
0
LINE
8
BLACK
6
CONTINUOUS
10
0.1827244094488189
20
1.6219999999999999
11
0.1827244094488189
21
1.5620000000000001
0
LINE
8
BLACK
6
CONTINUOUS
10
0.1827244094488189
20
1.5620000000000001
11
0.1823648031496063
21
1.5601920472440944
0
LINE
8
BLACK
6
CONTINUOUS
10
0.1823648031496063
20
1.5601920472440944
11
0.1813406692913386
21
1.5586593307086614
0
LINE
8
BLACK
6
CONTINUOUS
10
0.1813406692913386
20
1.5586593307086614
11
0.1798079527559055
21
1.5576351968503936
0
LINE
8
BLACK
6
CONTINUOUS
10
0.1798079527559055
20
1.5576351968503936
11
0.178
21
1.557275590551181
0
LINE
8
BLACK
6
CONTINUOUS
10
0.178
20
1.557275590551181
11
0.118
21
1.557275590551181
0
LINE
8
BLACK
6
CONTINUOUS
10
0.118
20
1.557275590551181
11
0.1161920472440945
21
1.5576351968503936
0
LINE
8
BLACK
6
CONTINUOUS
10
0.1161920472440945
20
1.5576351968503936
11
0.1146593307086614
21
1.5586593307086614
0
LINE
8
BLACK
6
CONTINUOUS
10
0.1146593307086614
20
1.5586593307086614
11
0.1136351968503937
21
1.5601920472440944
0
LINE
8
BLACK
6
CONTINUOUS
10
0.1136351968503937
20
1.5601920472440944
11
0.1132755905511811
21
1.5620000000000001
0
LINE
8
BLACK
6
CONTINUOUS
10
0.1132755905511811
20
1.5620000000000001
11
0.1132755905511811
21
1.6219999999999999
0
LINE
8
BLACK
6
CONTINUOUS
10
0.1132755905511811
20
1.6219999999999999
11
0.1136351968503937
21
1.6238079527559055
0
LINE
8
BLACK
6
CONTINUOUS
10
0.1136351968503937
20
1.6238079527559055
11
0.1146593307086614
21
1.6253406692913386
0
LINE
8
BLACK
6
CONTINUOUS
10
0.1146593307086614
20
1.6253406692913386
11
0.1161920472440945
21
1.6263648031496063
0
LINE
8
BLACK
6
CONTINUOUS
10
0.1161920472440945
20
1.6263648031496063
11
0.118
21
1.6267244094488189
0
LINE
8
BLACK
6
CONTINUOUS
10
0.118
20
1.6267244094488189
11
0.178
21
1.6267244094488189
0
LINE
8
BLACK
6
CONTINUOUS
10
0.178
20
1.6267244094488189
11
0.1798079527559055
21
1.6263648031496063
0
LINE
8
BLACK
6
CONTINUOUS
10
0.2798079527559055
20
1.6263648031496063
11
0.2813406692913386
21
1.6253406692913386
0
LINE
8
BLACK
6
CONTINUOUS
10
0.2813406692913386
20
1.6253406692913386
11
0.2823648031496063
21
1.6238079527559055
0
LINE
8
BLACK
6
CONTINUOUS
10
0.2823648031496063
20
1.6238079527559055
11
0.2827244094488189
21
1.6219999999999999
0
LINE
8
BLACK
6
CONTINUOUS
10
0.2827244094488189
20
1.6219999999999999
11
0.2827244094488189
21
1.5620000000000001
0
LINE
8
BLACK
6
CONTINUOUS
10
0.2827244094488189
20
1.5620000000000001
11
0.2823648031496063
21
1.5601920472440944
0
LINE
8
BLACK
6
CONTINUOUS
10
0.2823648031496063
20
1.5601920472440944
11
0.2813406692913386
21
1.5586593307086614
0
LINE
8
BLACK
6
CONTINUOUS
10
0.2813406692913386
20
1.5586593307086614
11
0.2798079527559055
21
1.5576351968503936
0
LINE
8
BLACK
6
CONTINUOUS
10
0.2798079527559055
20
1.5576351968503936
11
0.278
21
1.557275590551181
0
LINE
8
BLACK
6
CONTINUOUS
10
0.278
20
1.557275590551181
11
0.218
21
1.557275590551181
0
LINE
8
BLACK
6
CONTINUOUS
10
0.218
20
1.557275590551181
11
0.2161920472440945
21
1.5576351968503936
0
LINE
8
BLACK
6
CONTINUOUS
10
0.2161920472440945
20
1.5576351968503936
11
0.2146593307086614
21
1.5586593307086614
0
LINE
8
BLACK
6
CONTINUOUS
10
0.2146593307086614
20
1.5586593307086614
11
0.2136351968503937
21
1.5601920472440944
0
LINE
8
BLACK
6
CONTINUOUS
10
0.2136351968503937
20
1.5601920472440944
11
0.2132755905511811
21
1.5620000000000001
0
LINE
8
BLACK
6
CONTINUOUS
10
0.2132755905511811
20
1.5620000000000001
11
0.2132755905511811
21
1.6219999999999999
0
LINE
8
BLACK
6
CONTINUOUS
10
0.2132755905511811
20
1.6219999999999999
11
0.2136351968503937
21
1.6238079527559055
0
LINE
8
BLACK
6
CONTINUOUS
10
0.2136351968503937
20
1.6238079527559055
11
0.2146593307086614
21
1.6253406692913386
0
LINE
8
BLACK
6
CONTINUOUS
10
0.2146593307086614
20
1.6253406692913386
11
0.2161920472440945
21
1.6263648031496063
0
LINE
8
BLACK
6
CONTINUOUS
10
0.2161920472440945
20
1.6263648031496063
11
0.218
21
1.6267244094488189
0
LINE
8
BLACK
6
CONTINUOUS
10
0.218
20
1.6267244094488189
11
0.278
21
1.6267244094488189
0
LINE
8
BLACK
6
CONTINUOUS
10
0.278
20
1.6267244094488189
11
0.2798079527559055
21
1.6263648031496063
0
LINE
8
BLACK
6
CONTINUOUS
10
1.1593079527559056
20
1.6393648031496062
11
1.1608406692913387
21
1.6383406692913385
0
LINE
8
BLACK
6
CONTINUOUS
10
1.1608406692913387
20
1.6383406692913385
11
1.1618648031496062
21
1.6368079527559054
0
LINE
8
BLACK
6
CONTINUOUS
10
1.1618648031496062
20
1.6368079527559054
11
1.1622244094488188
21
1.635
0
LINE
8
BLACK
6
CONTINUOUS
10
1.1622244094488188
20
1.635
11
1.1622244094488188
21
1.5999999999999999
0
LINE
8
BLACK
6
CONTINUOUS
10
1.1622244094488188
20
1.5999999999999999
11
1.1618648031496062
21
1.5981920472440945
0
LINE
8
BLACK
6
CONTINUOUS
10
1.1618648031496062
20
1.5981920472440945
11
1.1608406692913387
21
1.5966593307086614
0
LINE
8
BLACK
6
CONTINUOUS
10
1.1608406692913387
20
1.5966593307086614
11
1.1593079527559056
21
1.5956351968503937
0
LINE
8
BLACK
6
CONTINUOUS
10
1.1593079527559056
20
1.5956351968503937
11
1.1575
21
1.5952755905511811
0
LINE
8
BLACK
6
CONTINUOUS
10
1.1575
20
1.5952755905511811
11
1.1025
21
1.5952755905511811
0
LINE
8
BLACK
6
CONTINUOUS
10
1.1025
20
1.5952755905511811
11
1.1006920472440944
21
1.5956351968503937
0
LINE
8
BLACK
6
CONTINUOUS
10
1.1006920472440944
20
1.5956351968503937
11
1.0991593307086613
21
1.5966593307086614
0
LINE
8
BLACK
6
CONTINUOUS
10
1.0991593307086613
20
1.5966593307086614
11
1.0981351968503936
21
1.5981920472440945
0
LINE
8
BLACK
6
CONTINUOUS
10
1.0981351968503936
20
1.5981920472440945
11
1.097775590551181
21
1.5999999999999999
0
LINE
8
BLACK
6
CONTINUOUS
10
1.097775590551181
20
1.5999999999999999
11
1.097775590551181
21
1.635
0
LINE
8
BLACK
6
CONTINUOUS
10
1.097775590551181
20
1.635
11
1.0981351968503936
21
1.6368079527559054
0
LINE
8
BLACK
6
CONTINUOUS
10
1.0981351968503936
20
1.6368079527559054
11
1.0991593307086613
21
1.6383406692913385
0
LINE
8
BLACK
6
CONTINUOUS
10
1.0991593307086613
20
1.6383406692913385
11
1.1006920472440944
21
1.6393648031496062
0
LINE
8
BLACK
6
CONTINUOUS
10
1.1006920472440944
20
1.6393648031496062
11
1.1025
21
1.6397244094488188
0
LINE
8
BLACK
6
CONTINUOUS
10
1.1025
20
1.6397244094488188
11
1.1575
21
1.6397244094488188
0
LINE
8
BLACK
6
CONTINUOUS
10
1.1575
20
1.6397244094488188
11
1.1593079527559056
21
1.6393648031496062
0
LINE
8
BLACK
6
CONTINUOUS
10
0.5218079527559055
20
1.6943648031496064
11
0.5233406692913386
21
1.6933406692913386
0
LINE
8
BLACK
6
CONTINUOUS
10
0.5233406692913386
20
1.6933406692913386
11
0.5243648031496063
21
1.6918079527559056
0
LINE
8
BLACK
6
CONTINUOUS
10
0.5243648031496063
20
1.6918079527559056
11
0.5247244094488189
21
1.6899999999999999
0
LINE
8
BLACK
6
CONTINUOUS
10
0.5247244094488189
20
1.6899999999999999
11
0.5247244094488189
21
1.6299999999999999
0
LINE
8
BLACK
6
CONTINUOUS
10
0.5247244094488189
20
1.6299999999999999
11
0.5243648031496063
21
1.6281920472440945
0
LINE
8
BLACK
6
CONTINUOUS
10
0.5243648031496063
20
1.6281920472440945
11
0.5233406692913386
21
1.6266593307086614
0
LINE
8
BLACK
6
CONTINUOUS
10
0.5233406692913386
20
1.6266593307086614
11
0.5218079527559055
21
1.6256351968503937
0
LINE
8
BLACK
6
CONTINUOUS
10
0.5218079527559055
20
1.6256351968503937
11
0.52
21
1.6252755905511811
0
LINE
8
BLACK
6
CONTINUOUS
10
0.52
20
1.6252755905511811
11
0.46
21
1.6252755905511811
0
LINE
8
BLACK
6
CONTINUOUS
10
0.46
20
1.6252755905511811
11
0.4581920472440945
21
1.6256351968503937
0
LINE
8
BLACK
6
CONTINUOUS
10
0.4581920472440945
20
1.6256351968503937
11
0.4566593307086614
21
1.6266593307086614
0
LINE
8
BLACK
6
CONTINUOUS
10
0.4566593307086614
20
1.6266593307086614
11
0.4556351968503937
21
1.6281920472440945
0
LINE
8
BLACK
6
CONTINUOUS
10
0.4556351968503937
20
1.6281920472440945
11
0.4552755905511811
21
1.6299999999999999
0
LINE
8
BLACK
6
CONTINUOUS
10
0.4552755905511811
20
1.6299999999999999
11
0.4552755905511811
21
1.6899999999999999
0
LINE
8
BLACK
6
CONTINUOUS
10
0.4552755905511811
20
1.6899999999999999
11
0.4556351968503937
21
1.6918079527559056
0
LINE
8
BLACK
6
CONTINUOUS
10
0.4556351968503937
20
1.6918079527559056
11
0.4566593307086614
21
1.6933406692913386
0
LINE
8
BLACK
6
CONTINUOUS
10
0.4566593307086614
20
1.6933406692913386
11
0.4581920472440945
21
1.6943648031496064
0
LINE
8
BLACK
6
CONTINUOUS
10
0.4581920472440945
20
1.6943648031496064
11
0.46
21
1.694724409448819
0
LINE
8
BLACK
6
CONTINUOUS
10
0.46
20
1.694724409448819
11
0.52
21
1.694724409448819
0
LINE
8
BLACK
6
CONTINUOUS
10
0.52
20
1.694724409448819
11
0.5218079527559055
21
1.6943648031496064
0
LINE
8
BLACK
6
CONTINUOUS
10
0.6218079527559055
20
1.6943648031496064
11
0.6233406692913386
21
1.6933406692913386
0
LINE
8
BLACK
6
CONTINUOUS
10
0.6233406692913386
20
1.6933406692913386
11
0.6243648031496063
21
1.6918079527559056
0
LINE
8
BLACK
6
CONTINUOUS
10
0.6243648031496063
20
1.6918079527559056
11
0.6247244094488189
21
1.6899999999999999
0
LINE
8
BLACK
6
CONTINUOUS
10
0.6247244094488189
20
1.6899999999999999
11
0.6247244094488189
21
1.6299999999999999
0
LINE
8
BLACK
6
CONTINUOUS
10
0.6247244094488189
20
1.6299999999999999
11
0.6243648031496063
21
1.6281920472440945
0
LINE
8
BLACK
6
CONTINUOUS
10
0.6243648031496063
20
1.6281920472440945
11
0.6233406692913386
21
1.6266593307086614
0
LINE
8
BLACK
6
CONTINUOUS
10
0.6233406692913386
20
1.6266593307086614
11
0.6218079527559055
21
1.6256351968503937
0
LINE
8
BLACK
6
CONTINUOUS
10
0.6218079527559055
20
1.6256351968503937
11
0.62
21
1.6252755905511811
0
LINE
8
BLACK
6
CONTINUOUS
10
0.62
20
1.6252755905511811
11
0.5599999999999999
21
1.6252755905511811
0
LINE
8
BLACK
6
CONTINUOUS
10
0.5599999999999999
20
1.6252755905511811
11
0.5581920472440944
21
1.6256351968503937
0
LINE
8
BLACK
6
CONTINUOUS
10
0.5581920472440944
20
1.6256351968503937
11
0.5566593307086614
21
1.6266593307086614
0
LINE
8
BLACK
6
CONTINUOUS
10
0.5566593307086614
20
1.6266593307086614
11
0.5556351968503936
21
1.6281920472440945
0
LINE
8
BLACK
6
CONTINUOUS
10
0.5556351968503936
20
1.6281920472440945
11
0.5552755905511811
21
1.6299999999999999
0
LINE
8
BLACK
6
CONTINUOUS
10
0.5552755905511811
20
1.6299999999999999
11
0.5552755905511811
21
1.6899999999999999
0
LINE
8
BLACK
6
CONTINUOUS
10
0.5552755905511811
20
1.6899999999999999
11
0.5556351968503936
21
1.6918079527559056
0
LINE
8
BLACK
6
CONTINUOUS
10
0.5556351968503936
20
1.6918079527559056
11
0.5566593307086614
21
1.6933406692913386
0
LINE
8
BLACK
6
CONTINUOUS
10
0.5566593307086614
20
1.6933406692913386
11
0.5581920472440944
21
1.6943648031496064
0
LINE
8
BLACK
6
CONTINUOUS
10
0.5581920472440944
20
1.6943648031496064
11
0.5599999999999999
21
1.694724409448819
0
LINE
8
BLACK
6
CONTINUOUS
10
0.5599999999999999
20
1.694724409448819
11
0.62
21
1.694724409448819
0
LINE
8
BLACK
6
CONTINUOUS
10
0.62
20
1.694724409448819
11
0.6218079527559055
21
1.6943648031496064
0
LINE
8
BLACK
6
CONTINUOUS
10
1.0518079527559054
20
1.6793648031496062
11
1.0533406692913385
21
1.6783406692913385
0
LINE
8
BLACK
6
CONTINUOUS
10
1.0533406692913385
20
1.6783406692913385
11
1.0543648031496062
21
1.6768079527559054
0
LINE
8
BLACK
6
CONTINUOUS
10
1.0543648031496062
20
1.6768079527559054
11
1.0547244094488188
21
1.675
0
LINE
8
BLACK
6
CONTINUOUS
10
1.0547244094488188
20
1.675
11
1.0547244094488188
21
1.635
0
LINE
8
BLACK
6
CONTINUOUS
10
1.0547244094488188
20
1.635
11
1.0543648031496062
21
1.6331920472440944
0
LINE
8
BLACK
6
CONTINUOUS
10
1.0543648031496062
20
1.6331920472440944
11
1.0533406692913385
21
1.6316593307086613
0
LINE
8
BLACK
6
CONTINUOUS
10
1.0533406692913385
20
1.6316593307086613
11
1.0518079527559054
21
1.6306351968503936
0
LINE
8
BLACK
6
CONTINUOUS
10
1.0518079527559054
20
1.6306351968503936
11
1.05
21
1.630275590551181
0
LINE
8
BLACK
6
CONTINUOUS
10
1.05
20
1.630275590551181
11
0.97
21
1.630275590551181
0
LINE
8
BLACK
6
CONTINUOUS
10
0.97
20
1.630275590551181
11
0.9681920472440945
21
1.6306351968503936
0
LINE
8
BLACK
6
CONTINUOUS
10
0.9681920472440945
20
1.6306351968503936
11
0.9666593307086614
21
1.6316593307086613
0
LINE
8
BLACK
6
CONTINUOUS
10
0.9666593307086614
20
1.6316593307086613
11
0.9656351968503937
21
1.6331920472440944
0
LINE
8
BLACK
6
CONTINUOUS
10
0.9656351968503937
20
1.6331920472440944
11
0.9652755905511811
21
1.635
0
LINE
8
BLACK
6
CONTINUOUS
10
0.9652755905511811
20
1.635
11
0.9652755905511811
21
1.675
0
LINE
8
BLACK
6
CONTINUOUS
10
0.9652755905511811
20
1.675
11
0.9656351968503937
21
1.6768079527559054
0
LINE
8
BLACK
6
CONTINUOUS
10
0.9656351968503937
20
1.6768079527559054
11
0.9666593307086614
21
1.6783406692913385
0
LINE
8
BLACK
6
CONTINUOUS
10
0.9666593307086614
20
1.6783406692913385
11
0.9681920472440945
21
1.6793648031496062
0
LINE
8
BLACK
6
CONTINUOUS
10
0.9681920472440945
20
1.6793648031496062
11
0.97
21
1.6797244094488188
0
LINE
8
BLACK
6
CONTINUOUS
10
0.97
20
1.6797244094488188
11
1.05
21
1.6797244094488188
0
LINE
8
BLACK
6
CONTINUOUS
10
1.05
20
1.6797244094488188
11
1.0518079527559054
21
1.6793648031496062
0
LINE
8
BLACK
6
CONTINUOUS
10
1.1593079527559056
20
1.7143648031496062
11
1.1608406692913387
21
1.7133406692913384
0
LINE
8
BLACK
6
CONTINUOUS
10
1.1608406692913387
20
1.7133406692913384
11
1.1618648031496062
21
1.7118079527559056
0
LINE
8
BLACK
6
CONTINUOUS
10
1.1618648031496062
20
1.7118079527559056
11
1.1622244094488188
21
1.71
0
LINE
8
BLACK
6
CONTINUOUS
10
1.1622244094488188
20
1.71
11
1.1622244094488188
21
1.675
0
LINE
8
BLACK
6
CONTINUOUS
10
1.1622244094488188
20
1.675
11
1.1618648031496062
21
1.6731920472440944
0
LINE
8
BLACK
6
CONTINUOUS
10
1.1618648031496062
20
1.6731920472440944
11
1.1608406692913387
21
1.6716593307086614
0
LINE
8
BLACK
6
CONTINUOUS
10
1.1608406692913387
20
1.6716593307086614
11
1.1593079527559056
21
1.6706351968503936
0
LINE
8
BLACK
6
CONTINUOUS
10
1.1593079527559056
20
1.6706351968503936
11
1.1575
21
1.670275590551181
0
LINE
8
BLACK
6
CONTINUOUS
10
1.1575
20
1.670275590551181
11
1.1025
21
1.670275590551181
0
LINE
8
BLACK
6
CONTINUOUS
10
1.1025
20
1.670275590551181
11
1.1006920472440944
21
1.6706351968503936
0
LINE
8
BLACK
6
CONTINUOUS
10
1.1006920472440944
20
1.6706351968503936
11
1.0991593307086613
21
1.6716593307086614
0
LINE
8
BLACK
6
CONTINUOUS
10
1.0991593307086613
20
1.6716593307086614
11
1.0981351968503936
21
1.6731920472440944
0
LINE
8
BLACK
6
CONTINUOUS
10
1.0981351968503936
20
1.6731920472440944
11
1.097775590551181
21
1.675
0
LINE
8
BLACK
6
CONTINUOUS
10
1.097775590551181
20
1.675
11
1.097775590551181
21
1.71
0
LINE
8
BLACK
6
CONTINUOUS
10
1.097775590551181
20
1.71
11
1.0981351968503936
21
1.7118079527559056
0
LINE
8
BLACK
6
CONTINUOUS
10
1.0981351968503936
20
1.7118079527559056
11
1.0991593307086613
21
1.7133406692913384
0
LINE
8
BLACK
6
CONTINUOUS
10
1.0991593307086613
20
1.7133406692913384
11
1.1006920472440944
21
1.7143648031496062
0
LINE
8
BLACK
6
CONTINUOUS
10
1.1006920472440944
20
1.7143648031496062
11
1.1025
21
1.7147244094488188
0
LINE
8
BLACK
6
CONTINUOUS
10
1.1025
20
1.7147244094488188
11
1.1575
21
1.7147244094488188
0
LINE
8
BLACK
6
CONTINUOUS
10
1.1575
20
1.7147244094488188
11
1.1593079527559056
21
1.7143648031496062
0
LINE
8
BLACK
6
CONTINUOUS
10
0.2205755511811024
20
1.9210991338582677
11
0.234005
21
1.9180339370078741
0
LINE
8
BLACK
6
CONTINUOUS
10
0.234005
20
1.9180339370078741
11
0.2470067716535433
21
1.9134844094488188
0
LINE
8
BLACK
6
CONTINUOUS
10
0.2470067716535433
20
1.9134844094488188
11
0.2594174409448819
21
1.9075077559055118
0
LINE
8
BLACK
6
CONTINUOUS
10
0.2594174409448819
20
1.9075077559055118
11
0.2710808661417323
21
1.9001791338582676
0
LINE
8
BLACK
6
CONTINUOUS
10
0.2710808661417323
20
1.9001791338582676
11
0.2818504330708662
21
1.8915907086614172
0
LINE
8
BLACK
6
CONTINUOUS
10
0.2818504330708662
20
1.8915907086614172
11
0.2915907086614173
21
1.8818504330708661
0
LINE
8
BLACK
6
CONTINUOUS
10
0.2915907086614173
20
1.8818504330708661
11
0.3001791338582677
21
1.8710808661417322
0
LINE
8
BLACK
6
CONTINUOUS
10
0.3001791338582677
20
1.8710808661417322
11
0.3075077559055118
21
1.8594174409448818
0
LINE
8
BLACK
6
CONTINUOUS
10
0.3075077559055118
20
1.8594174409448818
11
0.3134844094488189
21
1.8470067716535432
0
LINE
8
BLACK
6
CONTINUOUS
10
0.3134844094488189
20
1.8470067716535432
11
0.318033937007874
21
1.8340049999999999
0
LINE
8
BLACK
6
CONTINUOUS
10
0.318033937007874
20
1.8340049999999999
11
0.3210991338582677
21
1.8205755511811024
0
LINE
8
BLACK
6
CONTINUOUS
10
0.3210991338582677
20
1.8205755511811024
11
0.3226414173228346
21
1.8068874015748031
0
LINE
8
BLACK
6
CONTINUOUS
10
0.3226414173228346
20
1.8068874015748031
11
0.3226414173228346
21
1.7931125984251968
0
LINE
8
BLACK
6
CONTINUOUS
10
0.3226414173228346
20
1.7931125984251968
11
0.3210991338582677
21
1.7794244488188975
0
LINE
8
BLACK
6
CONTINUOUS
10
0.3210991338582677
20
1.7794244488188975
11
0.318033937007874
21
1.765995
0
LINE
8
BLACK
6
CONTINUOUS
10
0.318033937007874
20
1.765995
11
0.3134844094488189
21
1.7529932283464567
0
LINE
8
BLACK
6
CONTINUOUS
10
0.3134844094488189
20
1.7529932283464567
11
0.3075077559055118
21
1.7405825590551181
0
LINE
8
BLACK
6
CONTINUOUS
10
0.3075077559055118
20
1.7405825590551181
11
0.3001791338582677
21
1.7289191338582677
0
LINE
8
BLACK
6
CONTINUOUS
10
0.3001791338582677
20
1.7289191338582677
11
0.2915907086614173
21
1.7181495669291338
0
LINE
8
BLACK
6
CONTINUOUS
10
0.2915907086614173
20
1.7181495669291338
11
0.2818504330708662
21
1.7084092913385827
0
LINE
8
BLACK
6
CONTINUOUS
10
0.2818504330708662
20
1.7084092913385827
11
0.2710808661417323
21
1.6998208661417322
0
LINE
8
BLACK
6
CONTINUOUS
10
0.2710808661417323
20
1.6998208661417322
11
0.2594174409448819
21
1.6924922440944881
0
LINE
8
BLACK
6
CONTINUOUS
10
0.2594174409448819
20
1.6924922440944881
11
0.2470067716535433
21
1.6865155905511811
0
LINE
8
BLACK
6
CONTINUOUS
10
0.2470067716535433
20
1.6865155905511811
11
0.234005
21
1.681966062992126
0
LINE
8
BLACK
6
CONTINUOUS
10
0.234005
20
1.681966062992126
11
0.2205755511811024
21
1.6789008661417322
0
LINE
8
BLACK
6
CONTINUOUS
10
0.2205755511811024
20
1.6789008661417322
11
0.2068874015748031
21
1.6773585826771653
0
LINE
8
BLACK
6
CONTINUOUS
10
0.2068874015748031
20
1.6773585826771653
11
0.1931125984251968
21
1.6773585826771653
0
LINE
8
BLACK
6
CONTINUOUS
10
0.1931125984251968
20
1.6773585826771653
11
0.1794244488188976
21
1.6789008661417322
0
LINE
8
BLACK
6
CONTINUOUS
10
0.1794244488188976
20
1.6789008661417322
11
0.165995
21
1.681966062992126
0
LINE
8
BLACK
6
CONTINUOUS
10
0.165995
20
1.681966062992126
11
0.1529932283464567
21
1.6865155905511811
0
LINE
8
BLACK
6
CONTINUOUS
10
0.1529932283464567
20
1.6865155905511811
11
0.1405825590551181
21
1.6924922440944881
0
LINE
8
BLACK
6
CONTINUOUS
10
0.1405825590551181
20
1.6924922440944881
11
0.1289191338582677
21
1.6998208661417322
0
LINE
8
BLACK
6
CONTINUOUS
10
0.1289191338582677
20
1.6998208661417322
11
0.1181495669291339
21
1.7084092913385827
0
LINE
8
BLACK
6
CONTINUOUS
10
0.1181495669291339
20
1.7084092913385827
11
0.1084092913385827
21
1.7181495669291338
0
LINE
8
BLACK
6
CONTINUOUS
10
0.1084092913385827
20
1.7181495669291338
11
0.0998208661417323
21
1.7289191338582677
0
LINE
8
BLACK
6
CONTINUOUS
10
0.0998208661417323
20
1.7289191338582677
11
0.0924922440944882
21
1.7405825590551181
0
LINE
8
BLACK
6
CONTINUOUS
10
0.0924922440944882
20
1.7405825590551181
11
0.0865155905511811
21
1.7529932283464567
0
LINE
8
BLACK
6
CONTINUOUS
10
0.0865155905511811
20
1.7529932283464567
11
0.081966062992126
21
1.765995
0
LINE
8
BLACK
6
CONTINUOUS
10
0.081966062992126
20
1.765995
11
0.0789008661417323
21
1.7794244488188975
0
LINE
8
BLACK
6
CONTINUOUS
10
0.0789008661417323
20
1.7794244488188975
11
0.0773585826771653
21
1.7931125984251968
0
LINE
8
BLACK
6
CONTINUOUS
10
0.0773585826771653
20
1.7931125984251968
11
0.0773585826771653
21
1.8068874015748031
0
LINE
8
BLACK
6
CONTINUOUS
10
0.0773585826771653
20
1.8068874015748031
11
0.0789008661417323
21
1.8205755511811024
0
LINE
8
BLACK
6
CONTINUOUS
10
0.0789008661417323
20
1.8205755511811024
11
0.081966062992126
21
1.8340049999999999
0
LINE
8
BLACK
6
CONTINUOUS
10
0.081966062992126
20
1.8340049999999999
11
0.0865155905511811
21
1.8470067716535432
0
LINE
8
BLACK
6
CONTINUOUS
10
0.0865155905511811
20
1.8470067716535432
11
0.0924922440944882
21
1.8594174409448818
0
LINE
8
BLACK
6
CONTINUOUS
10
0.0924922440944882
20
1.8594174409448818
11
0.0998208661417323
21
1.8710808661417322
0
LINE
8
BLACK
6
CONTINUOUS
10
0.0998208661417323
20
1.8710808661417322
11
0.1084092913385827
21
1.8818504330708661
0
LINE
8
BLACK
6
CONTINUOUS
10
0.1084092913385827
20
1.8818504330708661
11
0.1181495669291339
21
1.8915907086614172
0
LINE
8
BLACK
6
CONTINUOUS
10
0.1181495669291339
20
1.8915907086614172
11
0.1289191338582677
21
1.9001791338582676
0
LINE
8
BLACK
6
CONTINUOUS
10
0.1289191338582677
20
1.9001791338582676
11
0.1405825590551181
21
1.9075077559055118
0
LINE
8
BLACK
6
CONTINUOUS
10
0.1405825590551181
20
1.9075077559055118
11
0.1529932283464567
21
1.9134844094488188
0
LINE
8
BLACK
6
CONTINUOUS
10
0.1529932283464567
20
1.9134844094488188
11
0.165995
21
1.9180339370078741
0
LINE
8
BLACK
6
CONTINUOUS
10
0.165995
20
1.9180339370078741
11
0.1794244488188976
21
1.9210991338582677
0
LINE
8
BLACK
6
CONTINUOUS
10
0.1794244488188976
20
1.9210991338582677
11
0.1931125984251968
21
1.9226414173228346
0
LINE
8
BLACK
6
CONTINUOUS
10
0.1931125984251968
20
1.9226414173228346
11
0.2068874015748031
21
1.9226414173228346
0
LINE
8
BLACK
6
CONTINUOUS
10
0.2068874015748031
20
1.9226414173228346
11
0.2205755511811024
21
1.9210991338582677
0
LINE
8
BLACK
6
CONTINUOUS
10
1.4205755511811022
20
1.9210991338582677
11
1.434005
21
1.9180339370078741
0
LINE
8
BLACK
6
CONTINUOUS
10
1.434005
20
1.9180339370078741
11
1.4470067716535433
21
1.9134844094488188
0
LINE
8
BLACK
6
CONTINUOUS
10
1.4470067716535433
20
1.9134844094488188
11
1.4594174409448819
21
1.9075077559055118
0
LINE
8
BLACK
6
CONTINUOUS
10
1.4594174409448819
20
1.9075077559055118
11
1.4710808661417323
21
1.9001791338582676
0
LINE
8
BLACK
6
CONTINUOUS
10
1.4710808661417323
20
1.9001791338582676
11
1.4818504330708662
21
1.8915907086614172
0
LINE
8
BLACK
6
CONTINUOUS
10
1.4818504330708662
20
1.8915907086614172
11
1.4915907086614173
21
1.8818504330708661
0
LINE
8
BLACK
6
CONTINUOUS
10
1.4915907086614173
20
1.8818504330708661
11
1.5001791338582677
21
1.8710808661417322
0
LINE
8
BLACK
6
CONTINUOUS
10
1.5001791338582677
20
1.8710808661417322
11
1.5075077559055117
21
1.8594174409448818
0
LINE
8
BLACK
6
CONTINUOUS
10
1.5075077559055117
20
1.8594174409448818
11
1.5134844094488189
21
1.8470067716535432
0
LINE
8
BLACK
6
CONTINUOUS
10
1.5134844094488189
20
1.8470067716535432
11
1.5180339370078739
21
1.8340049999999999
0
LINE
8
BLACK
6
CONTINUOUS
10
1.5180339370078739
20
1.8340049999999999
11
1.5210991338582678
21
1.8205755511811024
0
LINE
8
BLACK
6
CONTINUOUS
10
1.5210991338582678
20
1.8205755511811024
11
1.5226414173228346
21
1.8068874015748031
0
LINE
8
BLACK
6
CONTINUOUS
10
1.5226414173228346
20
1.8068874015748031
11
1.5226414173228346
21
1.7931125984251968
0
LINE
8
BLACK
6
CONTINUOUS
10
1.5226414173228346
20
1.7931125984251968
11
1.5210991338582678
21
1.7794244488188975
0
LINE
8
BLACK
6
CONTINUOUS
10
1.5210991338582678
20
1.7794244488188975
11
1.5180339370078739
21
1.765995
0
LINE
8
BLACK
6
CONTINUOUS
10
1.5180339370078739
20
1.765995
11
1.5134844094488189
21
1.7529932283464567
0
LINE
8
BLACK
6
CONTINUOUS
10
1.5134844094488189
20
1.7529932283464567
11
1.5075077559055117
21
1.7405825590551181
0
LINE
8
BLACK
6
CONTINUOUS
10
1.5075077559055117
20
1.7405825590551181
11
1.5001791338582677
21
1.7289191338582677
0
LINE
8
BLACK
6
CONTINUOUS
10
1.5001791338582677
20
1.7289191338582677
11
1.4915907086614173
21
1.7181495669291338
0
LINE
8
BLACK
6
CONTINUOUS
10
1.4915907086614173
20
1.7181495669291338
11
1.4818504330708662
21
1.7084092913385827
0
LINE
8
BLACK
6
CONTINUOUS
10
1.4818504330708662
20
1.7084092913385827
11
1.4710808661417323
21
1.6998208661417322
0
LINE
8
BLACK
6
CONTINUOUS
10
1.4710808661417323
20
1.6998208661417322
11
1.4594174409448819
21
1.6924922440944881
0
LINE
8
BLACK
6
CONTINUOUS
10
1.4594174409448819
20
1.6924922440944881
11
1.4470067716535433
21
1.6865155905511811
0
LINE
8
BLACK
6
CONTINUOUS
10
1.4470067716535433
20
1.6865155905511811
11
1.434005
21
1.681966062992126
0
LINE
8
BLACK
6
CONTINUOUS
10
1.434005
20
1.681966062992126
11
1.4205755511811022
21
1.6789008661417322
0
LINE
8
BLACK
6
CONTINUOUS
10
1.4205755511811022
20
1.6789008661417322
11
1.4068874015748032
21
1.6773585826771653
0
LINE
8
BLACK
6
CONTINUOUS
10
1.4068874015748032
20
1.6773585826771653
11
1.3931125984251969
21
1.6773585826771653
0
LINE
8
BLACK
6
CONTINUOUS
10
1.3931125984251969
20
1.6773585826771653
11
1.3794244488188976
21
1.6789008661417322
0
LINE
8
BLACK
6
CONTINUOUS
10
1.3794244488188976
20
1.6789008661417322
11
1.3659950000000001
21
1.681966062992126
0
LINE
8
BLACK
6
CONTINUOUS
10
1.3659950000000001
20
1.681966062992126
11
1.3529932283464567
21
1.6865155905511811
0
LINE
8
BLACK
6
CONTINUOUS
10
1.3529932283464567
20
1.6865155905511811
11
1.3405825590551181
21
1.6924922440944881
0
LINE
8
BLACK
6
CONTINUOUS
10
1.3405825590551181
20
1.6924922440944881
11
1.3289191338582678
21
1.6998208661417322
0
LINE
8
BLACK
6
CONTINUOUS
10
1.3289191338582678
20
1.6998208661417322
11
1.3181495669291339
21
1.7084092913385827
0
LINE
8
BLACK
6
CONTINUOUS
10
1.3181495669291339
20
1.7084092913385827
11
1.3084092913385827
21
1.7181495669291338
0
LINE
8
BLACK
6
CONTINUOUS
10
1.3084092913385827
20
1.7181495669291338
11
1.2998208661417323
21
1.7289191338582677
0
LINE
8
BLACK
6
CONTINUOUS
10
1.2998208661417323
20
1.7289191338582677
11
1.2924922440944882
21
1.7405825590551181
0
LINE
8
BLACK
6
CONTINUOUS
10
1.2924922440944882
20
1.7405825590551181
11
1.2865155905511811
21
1.7529932283464567
0
LINE
8
BLACK
6
CONTINUOUS
10
1.2865155905511811
20
1.7529932283464567
11
1.2819660629921259
21
1.765995
0
LINE
8
BLACK
6
CONTINUOUS
10
1.2819660629921259
20
1.765995
11
1.2789008661417323
21
1.7794244488188975
0
LINE
8
BLACK
6
CONTINUOUS
10
1.2789008661417323
20
1.7794244488188975
11
1.2773585826771654
21
1.7931125984251968
0
LINE
8
BLACK
6
CONTINUOUS
10
1.2773585826771654
20
1.7931125984251968
11
1.2773585826771654
21
1.8068874015748031
0
LINE
8
BLACK
6
CONTINUOUS
10
1.2773585826771654
20
1.8068874015748031
11
1.2789008661417323
21
1.8205755511811024
0
LINE
8
BLACK
6
CONTINUOUS
10
1.2789008661417323
20
1.8205755511811024
11
1.2819660629921259
21
1.8340049999999999
0
LINE
8
BLACK
6
CONTINUOUS
10
1.2819660629921259
20
1.8340049999999999
11
1.2865155905511811
21
1.8470067716535432
0
LINE
8
BLACK
6
CONTINUOUS
10
1.2865155905511811
20
1.8470067716535432
11
1.2924922440944882
21
1.8594174409448818
0
LINE
8
BLACK
6
CONTINUOUS
10
1.2924922440944882
20
1.8594174409448818
11
1.2998208661417323
21
1.8710808661417322
0
LINE
8
BLACK
6
CONTINUOUS
10
1.2998208661417323
20
1.8710808661417322
11
1.3084092913385827
21
1.8818504330708661
0
LINE
8
BLACK
6
CONTINUOUS
10
1.3084092913385827
20
1.8818504330708661
11
1.3181495669291339
21
1.8915907086614172
0
LINE
8
BLACK
6
CONTINUOUS
10
1.3181495669291339
20
1.8915907086614172
11
1.3289191338582678
21
1.9001791338582676
0
LINE
8
BLACK
6
CONTINUOUS
10
1.3289191338582678
20
1.9001791338582676
11
1.3405825590551181
21
1.9075077559055118
0
LINE
8
BLACK
6
CONTINUOUS
10
1.3405825590551181
20
1.9075077559055118
11
1.3529932283464567
21
1.9134844094488188
0
LINE
8
BLACK
6
CONTINUOUS
10
1.3529932283464567
20
1.9134844094488188
11
1.3659950000000001
21
1.9180339370078741
0
LINE
8
BLACK
6
CONTINUOUS
10
1.3659950000000001
20
1.9180339370078741
11
1.3794244488188976
21
1.9210991338582677
0
LINE
8
BLACK
6
CONTINUOUS
10
1.3794244488188976
20
1.9210991338582677
11
1.3931125984251969
21
1.9226414173228346
0
LINE
8
BLACK
6
CONTINUOUS
10
1.3931125984251969
20
1.9226414173228346
11
1.4068874015748032
21
1.9226414173228346
0
LINE
8
BLACK
6
CONTINUOUS
10
1.4068874015748032
20
1.9226414173228346
11
1.4205755511811022
21
1.9210991338582677
0
LINE
8
BLACK
6
CONTINUOUS
10
0.8518079527559055
20
1.8293648031496064
11
0.8533406692913386
21
1.8283406692913386
0
LINE
8
BLACK
6
CONTINUOUS
10
0.8533406692913386
20
1.8283406692913386
11
0.8543648031496063
21
1.8268079527559056
0
LINE
8
BLACK
6
CONTINUOUS
10
0.8543648031496063
20
1.8268079527559056
11
0.8547244094488189
21
1.825
0
LINE
8
BLACK
6
CONTINUOUS
10
0.8547244094488189
20
1.825
11
0.8547244094488189
21
1.7649999999999999
0
LINE
8
BLACK
6
CONTINUOUS
10
0.8547244094488189
20
1.7649999999999999
11
0.8543648031496063
21
1.7631920472440945
0
LINE
8
BLACK
6
CONTINUOUS
10
0.8543648031496063
20
1.7631920472440945
11
0.8533406692913386
21
1.7616593307086614
0
LINE
8
BLACK
6
CONTINUOUS
10
0.8533406692913386
20
1.7616593307086614
11
0.8518079527559055
21
1.7606351968503937
0
LINE
8
BLACK
6
CONTINUOUS
10
0.8518079527559055
20
1.7606351968503937
11
0.85
21
1.7602755905511811
0
LINE
8
BLACK
6
CONTINUOUS
10
0.85
20
1.7602755905511811
11
0.79
21
1.7602755905511811
0
LINE
8
BLACK
6
CONTINUOUS
10
0.79
20
1.7602755905511811
11
0.7881920472440944
21
1.7606351968503937
0
LINE
8
BLACK
6
CONTINUOUS
10
0.7881920472440944
20
1.7606351968503937
11
0.7866593307086615
21
1.7616593307086614
0
LINE
8
BLACK
6
CONTINUOUS
10
0.7866593307086615
20
1.7616593307086614
11
0.7856351968503937
21
1.7631920472440945
0
LINE
8
BLACK
6
CONTINUOUS
10
0.7856351968503937
20
1.7631920472440945
11
0.7852755905511811
21
1.7649999999999999
0
LINE
8
BLACK
6
CONTINUOUS
10
0.7852755905511811
20
1.7649999999999999
11
0.7852755905511811
21
1.825
0
LINE
8
BLACK
6
CONTINUOUS
10
0.7852755905511811
20
1.825
11
0.7856351968503937
21
1.8268079527559056
0
LINE
8
BLACK
6
CONTINUOUS
10
0.7856351968503937
20
1.8268079527559056
11
0.7866593307086615
21
1.8283406692913386
0
LINE
8
BLACK
6
CONTINUOUS
10
0.7866593307086615
20
1.8283406692913386
11
0.7881920472440944
21
1.8293648031496064
0
LINE
8
BLACK
6
CONTINUOUS
10
0.7881920472440944
20
1.8293648031496064
11
0.79
21
1.8297244094488188
0
LINE
8
BLACK
6
CONTINUOUS
10
0.79
20
1.8297244094488188
11
0.85
21
1.8297244094488188
0
LINE
8
BLACK
6
CONTINUOUS
10
0.85
20
1.8297244094488188
11
0.8518079527559055
21
1.8293648031496064
0
LINE
8
BLACK
6
CONTINUOUS
10
0.9518079527559055
20
1.8293648031496064
11
0.9533406692913385
21
1.8283406692913386
0
LINE
8
BLACK
6
CONTINUOUS
10
0.9533406692913385
20
1.8283406692913386
11
0.9543648031496063
21
1.8268079527559056
0
LINE
8
BLACK
6
CONTINUOUS
10
0.9543648031496063
20
1.8268079527559056
11
0.9547244094488189
21
1.825
0
LINE
8
BLACK
6
CONTINUOUS
10
0.9547244094488189
20
1.825
11
0.9547244094488189
21
1.7649999999999999
0
LINE
8
BLACK
6
CONTINUOUS
10
0.9547244094488189
20
1.7649999999999999
11
0.9543648031496063
21
1.7631920472440945
0
LINE
8
BLACK
6
CONTINUOUS
10
0.9543648031496063
20
1.7631920472440945
11
0.9533406692913385
21
1.7616593307086614
0
LINE
8
BLACK
6
CONTINUOUS
10
0.9533406692913385
20
1.7616593307086614
11
0.9518079527559055
21
1.7606351968503937
0
LINE
8
BLACK
6
CONTINUOUS
10
0.9518079527559055
20
1.7606351968503937
11
0.95
21
1.7602755905511811
0
LINE
8
BLACK
6
CONTINUOUS
10
0.95
20
1.7602755905511811
11
0.89
21
1.7602755905511811
0
LINE
8
BLACK
6
CONTINUOUS
10
0.89
20
1.7602755905511811
11
0.8881920472440945
21
1.7606351968503937
0
LINE
8
BLACK
6
CONTINUOUS
10
0.8881920472440945
20
1.7606351968503937
11
0.8866593307086614
21
1.7616593307086614
0
LINE
8
BLACK
6
CONTINUOUS
10
0.8866593307086614
20
1.7616593307086614
11
0.8856351968503937
21
1.7631920472440945
0
LINE
8
BLACK
6
CONTINUOUS
10
0.8856351968503937
20
1.7631920472440945
11
0.8852755905511811
21
1.7649999999999999
0
LINE
8
BLACK
6
CONTINUOUS
10
0.8852755905511811
20
1.7649999999999999
11
0.8852755905511811
21
1.825
0
LINE
8
BLACK
6
CONTINUOUS
10
0.8852755905511811
20
1.825
11
0.8856351968503937
21
1.8268079527559056
0
LINE
8
BLACK
6
CONTINUOUS
10
0.8856351968503937
20
1.8268079527559056
11
0.8866593307086614
21
1.8283406692913386
0
LINE
8
BLACK
6
CONTINUOUS
10
0.8866593307086614
20
1.8283406692913386
11
0.8881920472440945
21
1.8293648031496064
0
LINE
8
BLACK
6
CONTINUOUS
10
0.8881920472440945
20
1.8293648031496064
11
0.89
21
1.8297244094488188
0
LINE
8
BLACK
6
CONTINUOUS
10
0.89
20
1.8297244094488188
11
0.95
21
1.8297244094488188
0
LINE
8
BLACK
6
CONTINUOUS
10
0.95
20
1.8297244094488188
11
0.9518079527559055
21
1.8293648031496064
0
LINE
8
BLACK
6
CONTINUOUS
10
1.0518079527559054
20
1.8293648031496064
11
1.0533406692913385
21
1.8283406692913386
0
LINE
8
BLACK
6
CONTINUOUS
10
1.0533406692913385
20
1.8283406692913386
11
1.0543648031496062
21
1.8268079527559056
0
LINE
8
BLACK
6
CONTINUOUS
10
1.0543648031496062
20
1.8268079527559056
11
1.0547244094488188
21
1.825
0
LINE
8
BLACK
6
CONTINUOUS
10
1.0547244094488188
20
1.825
11
1.0547244094488188
21
1.7649999999999999
0
LINE
8
BLACK
6
CONTINUOUS
10
1.0547244094488188
20
1.7649999999999999
11
1.0543648031496062
21
1.7631920472440945
0
LINE
8
BLACK
6
CONTINUOUS
10
1.0543648031496062
20
1.7631920472440945
11
1.0533406692913385
21
1.7616593307086614
0
LINE
8
BLACK
6
CONTINUOUS
10
1.0533406692913385
20
1.7616593307086614
11
1.0518079527559054
21
1.7606351968503937
0
LINE
8
BLACK
6
CONTINUOUS
10
1.0518079527559054
20
1.7606351968503937
11
1.05
21
1.7602755905511811
0
LINE
8
BLACK
6
CONTINUOUS
10
1.05
20
1.7602755905511811
11
0.99
21
1.7602755905511811
0
LINE
8
BLACK
6
CONTINUOUS
10
0.99
20
1.7602755905511811
11
0.9881920472440945
21
1.7606351968503937
0
LINE
8
BLACK
6
CONTINUOUS
10
0.9881920472440945
20
1.7606351968503937
11
0.9866593307086614
21
1.7616593307086614
0
LINE
8
BLACK
6
CONTINUOUS
10
0.9866593307086614
20
1.7616593307086614
11
0.9856351968503937
21
1.7631920472440945
0
LINE
8
BLACK
6
CONTINUOUS
10
0.9856351968503937
20
1.7631920472440945
11
0.9852755905511811
21
1.7649999999999999
0
LINE
8
BLACK
6
CONTINUOUS
10
0.9852755905511811
20
1.7649999999999999
11
0.9852755905511811
21
1.825
0
LINE
8
BLACK
6
CONTINUOUS
10
0.9852755905511811
20
1.825
11
0.9856351968503937
21
1.8268079527559056
0
LINE
8
BLACK
6
CONTINUOUS
10
0.9856351968503937
20
1.8268079527559056
11
0.9866593307086614
21
1.8283406692913386
0
LINE
8
BLACK
6
CONTINUOUS
10
0.9866593307086614
20
1.8283406692913386
11
0.9881920472440945
21
1.8293648031496064
0
LINE
8
BLACK
6
CONTINUOUS
10
0.9881920472440945
20
1.8293648031496064
11
0.99
21
1.8297244094488188
0
LINE
8
BLACK
6
CONTINUOUS
10
0.99
20
1.8297244094488188
11
1.05
21
1.8297244094488188
0
LINE
8
BLACK
6
CONTINUOUS
10
1.05
20
1.8297244094488188
11
1.0518079527559054
21
1.8293648031496064
0
LINE
8
BLACK
6
CONTINUOUS
10
0.8518079527559055
20
1.9293648031496062
11
0.8533406692913386
21
1.9283406692913385
0
LINE
8
BLACK
6
CONTINUOUS
10
0.8533406692913386
20
1.9283406692913385
11
0.8543648031496063
21
1.9268079527559054
0
LINE
8
BLACK
6
CONTINUOUS
10
0.8543648031496063
20
1.9268079527559054
11
0.8547244094488189
21
1.925
0
LINE
8
BLACK
6
CONTINUOUS
10
0.8547244094488189
20
1.925
11
0.8547244094488189
21
1.865
0
LINE
8
BLACK
6
CONTINUOUS
10
0.8547244094488189
20
1.865
11
0.8543648031496063
21
1.8631920472440944
0
LINE
8
BLACK
6
CONTINUOUS
10
0.8543648031496063
20
1.8631920472440944
11
0.8533406692913386
21
1.8616593307086613
0
LINE
8
BLACK
6
CONTINUOUS
10
0.8533406692913386
20
1.8616593307086613
11
0.8518079527559055
21
1.8606351968503936
0
LINE
8
BLACK
6
CONTINUOUS
10
0.8518079527559055
20
1.8606351968503936
11
0.85
21
1.860275590551181
0
LINE
8
BLACK
6
CONTINUOUS
10
0.85
20
1.860275590551181
11
0.79
21
1.860275590551181
0
LINE
8
BLACK
6
CONTINUOUS
10
0.79
20
1.860275590551181
11
0.7881920472440944
21
1.8606351968503936
0
LINE
8
BLACK
6
CONTINUOUS
10
0.7881920472440944
20
1.8606351968503936
11
0.7866593307086615
21
1.8616593307086613
0
LINE
8
BLACK
6
CONTINUOUS
10
0.7866593307086615
20
1.8616593307086613
11
0.7856351968503937
21
1.8631920472440944
0
LINE
8
BLACK
6
CONTINUOUS
10
0.7856351968503937
20
1.8631920472440944
11
0.7852755905511811
21
1.865
0
LINE
8
BLACK
6
CONTINUOUS
10
0.7852755905511811
20
1.865
11
0.7852755905511811
21
1.925
0
LINE
8
BLACK
6
CONTINUOUS
10
0.7852755905511811
20
1.925
11
0.7856351968503937
21
1.9268079527559054
0
LINE
8
BLACK
6
CONTINUOUS
10
0.7856351968503937
20
1.9268079527559054
11
0.7866593307086615
21
1.9283406692913385
0
LINE
8
BLACK
6
CONTINUOUS
10
0.7866593307086615
20
1.9283406692913385
11
0.7881920472440944
21
1.9293648031496062
0
LINE
8
BLACK
6
CONTINUOUS
10
0.7881920472440944
20
1.9293648031496062
11
0.79
21
1.9297244094488188
0
LINE
8
BLACK
6
CONTINUOUS
10
0.79
20
1.9297244094488188
11
0.85
21
1.9297244094488188
0
LINE
8
BLACK
6
CONTINUOUS
10
0.85
20
1.9297244094488188
11
0.8518079527559055
21
1.9293648031496062
0
LINE
8
BLACK
6
CONTINUOUS
10
0.9518079527559055
20
1.9293648031496062
11
0.9533406692913385
21
1.9283406692913385
0
LINE
8
BLACK
6
CONTINUOUS
10
0.9533406692913385
20
1.9283406692913385
11
0.9543648031496063
21
1.9268079527559054
0
LINE
8
BLACK
6
CONTINUOUS
10
0.9543648031496063
20
1.9268079527559054
11
0.9547244094488189
21
1.925
0
LINE
8
BLACK
6
CONTINUOUS
10
0.9547244094488189
20
1.925
11
0.9547244094488189
21
1.865
0
LINE
8
BLACK
6
CONTINUOUS
10
0.9547244094488189
20
1.865
11
0.9543648031496063
21
1.8631920472440944
0
LINE
8
BLACK
6
CONTINUOUS
10
0.9543648031496063
20
1.8631920472440944
11
0.9533406692913385
21
1.8616593307086613
0
LINE
8
BLACK
6
CONTINUOUS
10
0.9533406692913385
20
1.8616593307086613
11
0.9518079527559055
21
1.8606351968503936
0
LINE
8
BLACK
6
CONTINUOUS
10
0.9518079527559055
20
1.8606351968503936
11
0.95
21
1.860275590551181
0
LINE
8
BLACK
6
CONTINUOUS
10
0.95
20
1.860275590551181
11
0.89
21
1.860275590551181
0
LINE
8
BLACK
6
CONTINUOUS
10
0.89
20
1.860275590551181
11
0.8881920472440945
21
1.8606351968503936
0
LINE
8
BLACK
6
CONTINUOUS
10
0.8881920472440945
20
1.8606351968503936
11
0.8866593307086614
21
1.8616593307086613
0
LINE
8
BLACK
6
CONTINUOUS
10
0.8866593307086614
20
1.8616593307086613
11
0.8856351968503937
21
1.8631920472440944
0
LINE
8
BLACK
6
CONTINUOUS
10
0.8856351968503937
20
1.8631920472440944
11
0.8852755905511811
21
1.865
0
LINE
8
BLACK
6
CONTINUOUS
10
0.8852755905511811
20
1.865
11
0.8852755905511811
21
1.925
0
LINE
8
BLACK
6
CONTINUOUS
10
0.8852755905511811
20
1.925
11
0.8856351968503937
21
1.9268079527559054
0
LINE
8
BLACK
6
CONTINUOUS
10
0.8856351968503937
20
1.9268079527559054
11
0.8866593307086614
21
1.9283406692913385
0
LINE
8
BLACK
6
CONTINUOUS
10
0.8866593307086614
20
1.9283406692913385
11
0.8881920472440945
21
1.9293648031496062
0
LINE
8
BLACK
6
CONTINUOUS
10
0.8881920472440945
20
1.9293648031496062
11
0.89
21
1.9297244094488188
0
LINE
8
BLACK
6
CONTINUOUS
10
0.89
20
1.9297244094488188
11
0.95
21
1.9297244094488188
0
LINE
8
BLACK
6
CONTINUOUS
10
0.95
20
1.9297244094488188
11
0.9518079527559055
21
1.9293648031496062
0
LINE
8
BLACK
6
CONTINUOUS
10
1.0518079527559054
20
1.9293648031496062
11
1.0533406692913385
21
1.9283406692913385
0
LINE
8
BLACK
6
CONTINUOUS
10
1.0533406692913385
20
1.9283406692913385
11
1.0543648031496062
21
1.9268079527559054
0
LINE
8
BLACK
6
CONTINUOUS
10
1.0543648031496062
20
1.9268079527559054
11
1.0547244094488188
21
1.925
0
LINE
8
BLACK
6
CONTINUOUS
10
1.0547244094488188
20
1.925
11
1.0547244094488188
21
1.865
0
LINE
8
BLACK
6
CONTINUOUS
10
1.0547244094488188
20
1.865
11
1.0543648031496062
21
1.8631920472440944
0
LINE
8
BLACK
6
CONTINUOUS
10
1.0543648031496062
20
1.8631920472440944
11
1.0533406692913385
21
1.8616593307086613
0
LINE
8
BLACK
6
CONTINUOUS
10
1.0533406692913385
20
1.8616593307086613
11
1.0518079527559054
21
1.8606351968503936
0
LINE
8
BLACK
6
CONTINUOUS
10
1.0518079527559054
20
1.8606351968503936
11
1.05
21
1.860275590551181
0
LINE
8
BLACK
6
CONTINUOUS
10
1.05
20
1.860275590551181
11
0.99
21
1.860275590551181
0
LINE
8
BLACK
6
CONTINUOUS
10
0.99
20
1.860275590551181
11
0.9881920472440945
21
1.8606351968503936
0
LINE
8
BLACK
6
CONTINUOUS
10
0.9881920472440945
20
1.8606351968503936
11
0.9866593307086614
21
1.8616593307086613
0
LINE
8
BLACK
6
CONTINUOUS
10
0.9866593307086614
20
1.8616593307086613
11
0.9856351968503937
21
1.8631920472440944
0
LINE
8
BLACK
6
CONTINUOUS
10
0.9856351968503937
20
1.8631920472440944
11
0.9852755905511811
21
1.865
0
LINE
8
BLACK
6
CONTINUOUS
10
0.9852755905511811
20
1.865
11
0.9852755905511811
21
1.925
0
LINE
8
BLACK
6
CONTINUOUS
10
0.9852755905511811
20
1.925
11
0.9856351968503937
21
1.9268079527559054
0
LINE
8
BLACK
6
CONTINUOUS
10
0.9856351968503937
20
1.9268079527559054
11
0.9866593307086614
21
1.9283406692913385
0
LINE
8
BLACK
6
CONTINUOUS
10
0.9866593307086614
20
1.9283406692913385
11
0.9881920472440945
21
1.9293648031496062
0
LINE
8
BLACK
6
CONTINUOUS
10
0.9881920472440945
20
1.9293648031496062
11
0.99
21
1.9297244094488188
0
LINE
8
BLACK
6
CONTINUOUS
10
0.99
20
1.9297244094488188
11
1.05
21
1.9297244094488188
0
LINE
8
BLACK
6
CONTINUOUS
10
1.05
20
1.9297244094488188
11
1.0518079527559054
21
1.9293648031496062
  0
ENDSEC
  0
EOF
